invoice_id,merchant_id,customer_id,invoice_number,invoice_amount,currency,due_date,invoice_status,created_at,paid_at
INV0000001,MER000015,CUS000007,INV-2024-000001,26050,INR,2024-08-26,Paid,2024-08-16 04:47:00,2024-08-24 04:47:00
INV0000002,MER000012,CUS000152,INV-2024-000002,1489,INR,2024-04-28,Paid,2024-04-05 06:14:00,2024-04-22 06:14:00
INV0000003,MER000026,CUS000184,INV-2024-000003,9929,INR,2025-03-30,Paid,2025-03-05 07:28:00,2025-03-05 07:28:00
INV0000004,MER000021,CUS000179,INV-2024-000004,5553,INR,2024-06-25,Paid,2024-06-08 06:48:00,2024-06-20 06:48:00
INV0000005,MER000013,CUS000092,INV-2024-000005,49566,INR,2024-10-18,Paid,2024-09-27 01:46:00,2024-10-09 01:46:00
INV0000006,MER000011,CUS000142,INV-2024-000006,6926,INR,2025-08-23,Paid,2025-08-14 06:45:00,2025-08-17 06:45:00
INV0000007,MER000038,CUS000021,INV-2024-000007,16620,INR,2025-02-20,Pending,2025-01-24 08:29:00,
INV0000008,MER000021,CUS000095,INV-2024-000008,5375,INR,2025-12-26,Paid,2025-11-30 20:04:00,2025-12-17 20:04:00
INV0000009,MER000032,CUS000042,INV-2024-000009,5423,INR,2025-10-31,Paid,2025-10-17 22:35:00,2025-10-30 22:35:00
INV0000010,MER000008,CUS000059,INV-2024-000010,30674,INR,2025-02-27,Partially Paid,2025-02-14 08:04:00,2025-02-23 08:04:00
INV0000011,MER000041,CUS000055,INV-2024-000011,7483,INR,2025-11-04,Paid,2025-10-20 14:09:00,2025-10-28 14:09:00
INV0000012,MER000055,CUS000230,INV-2024-000012,6931,INR,2024-09-03,Paid,2024-08-12 04:32:00,2024-08-13 04:32:00
INV0000013,MER000015,CUS000040,INV-2024-000013,7917,INR,2025-09-21,Paid,2025-09-02 02:24:00,2025-09-16 02:24:00
INV0000014,MER000068,CUS000065,INV-2024-000014,53010,INR,2025-12-25,Partially Paid,2025-11-27 23:07:00,2025-12-21 23:07:00
INV0000015,MER000035,CUS000197,INV-2024-000015,2828,INR,2024-11-17,Paid,2024-10-27 13:10:00,2024-11-04 13:10:00
INV0000016,MER000065,CUS000196,INV-2024-000016,208,INR,2025-10-29,Paid,2025-10-02 09:53:00,2025-10-08 09:53:00
INV0000017,MER000020,CUS000096,INV-2024-000017,45349,INR,2025-07-14,Paid,2025-06-27 00:38:00,2025-06-30 00:38:00
INV0000018,MER000047,CUS000225,INV-2024-000018,130613,INR,2024-09-27,Overdue,2024-09-02 01:15:00,
INV0000019,MER000011,CUS000188,INV-2024-000019,2134,INR,2025-07-27,Paid,2025-06-29 04:08:00,2025-07-16 04:08:00
INV0000020,MER000022,CUS000068,INV-2024-000020,7933,INR,2024-09-03,Paid,2024-08-04 17:48:00,2024-08-26 17:48:00
INV0000021,MER000040,CUS000103,INV-2024-000021,220362,INR,2025-02-09,Paid,2025-01-17 14:57:00,2025-01-24 14:57:00
INV0000022,MER000029,CUS000017,INV-2024-000022,4771,INR,2025-09-03,Pending,2025-08-25 07:00:00,
INV0000023,MER000008,CUS000059,INV-2024-000023,132,INR,2024-12-18,Paid,2024-12-04 02:32:00,2024-12-11 02:32:00
INV0000024,MER000028,CUS000139,INV-2024-000024,684,INR,2025-09-04,Pending,2025-08-13 15:15:00,
INV0000025,MER000025,CUS000025,INV-2024-000025,541,INR,2025-01-18,Partially Paid,2024-12-28 13:26:00,2024-12-29 13:26:00
INV0000026,MER000013,CUS000016,INV-2024-000026,6560,INR,2024-05-04,Paid,2024-04-21 07:12:00,2024-04-23 07:12:00
INV0000027,MER000055,CUS000047,INV-2024-000027,5093,INR,2024-04-11,Paid,2024-03-18 14:51:00,2024-04-07 14:51:00
INV0000028,MER000070,CUS000215,INV-2024-000028,195,INR,2024-09-21,Paid,2024-08-30 05:26:00,2024-09-11 05:26:00
INV0000029,MER000008,CUS000043,INV-2024-000029,7397,INR,2024-10-18,Paid,2024-09-28 14:18:00,2024-10-15 14:18:00
INV0000030,MER000063,CUS000040,INV-2024-000030,322,INR,2024-03-24,Paid,2024-02-29 18:47:00,2024-03-10 18:47:00
INV0000031,MER000008,CUS000013,INV-2024-000031,9239,INR,2025-07-20,Paid,2025-06-27 05:03:00,2025-07-02 05:03:00
INV0000032,MER000009,CUS000153,INV-2024-000032,982,INR,2024-09-22,Paid,2024-08-28 12:07:00,2024-09-16 12:07:00
INV0000033,MER000006,CUS000159,INV-2024-000033,773,INR,2025-09-06,Overdue,2025-08-20 18:33:00,
INV0000034,MER000027,CUS000172,INV-2024-000034,25643,INR,2024-10-26,Paid,2024-09-28 12:08:00,2024-10-12 12:08:00
INV0000035,MER000041,CUS000238,INV-2024-000035,14755,INR,2024-02-04,Cancelled,2024-01-10 14:39:00,
INV0000036,MER000010,CUS000138,INV-2024-000036,5346,INR,2024-05-24,Partially Paid,2024-05-15 11:56:00,2024-05-20 11:56:00
INV0000037,MER000037,CUS000041,INV-2024-000037,9901,INR,2024-12-02,Paid,2024-11-05 19:51:00,2024-11-26 19:51:00
INV0000038,MER000039,CUS000239,INV-2024-000038,3201,INR,2024-10-07,Pending,2024-09-27 03:56:00,
INV0000039,MER000020,CUS000070,INV-2024-000039,4451,INR,2025-01-13,Partially Paid,2024-12-17 06:43:00,2025-01-02 06:43:00
INV0000040,MER000063,CUS000065,INV-2024-000040,13330,INR,2024-04-19,Paid,2024-04-04 20:27:00,2024-04-14 20:27:00
INV0000041,MER000017,CUS000164,INV-2024-000041,92358,INR,2025-04-17,Paid,2025-03-28 17:45:00,2025-03-31 17:45:00
INV0000042,MER000010,CUS000242,INV-2024-000042,19769,INR,2025-07-30,Paid,2025-07-12 01:53:00,2025-07-16 01:53:00
INV0000043,MER000056,CUS000033,INV-2024-000043,473,INR,2024-03-09,Paid,2024-02-10 11:13:00,2024-02-13 11:13:00
INV0000044,MER000046,CUS000200,INV-2024-000044,7659,INR,2025-10-11,Partially Paid,2025-09-27 23:09:00,2025-10-09 23:09:00
INV0000045,MER000023,CUS000226,INV-2024-000045,3939,INR,2025-01-03,Partially Paid,2024-12-06 13:51:00,2024-12-31 13:51:00
INV0000046,MER000032,CUS000069,INV-2024-000046,818,INR,2024-04-28,Partially Paid,2024-04-20 12:55:00,2024-04-23 12:55:00
INV0000047,MER000026,CUS000210,INV-2024-000047,32916,INR,2024-11-15,Paid,2024-11-08 07:14:00,2024-11-14 07:14:00
INV0000048,MER000043,CUS000072,INV-2024-000048,28293,INR,2025-01-13,Paid,2024-12-25 20:32:00,2025-01-11 20:32:00
INV0000049,MER000043,CUS000241,INV-2024-000049,998,INR,2024-10-09,Paid,2024-09-24 05:37:00,2024-10-07 05:37:00
INV0000050,MER000045,CUS000187,INV-2024-000050,38600,INR,2025-10-01,Partially Paid,2025-09-12 16:07:00,2025-09-18 16:07:00
INV0000051,MER000033,CUS000012,INV-2024-000051,10111,INR,2025-07-16,Overdue,2025-06-16 17:43:00,
INV0000052,MER000026,CUS000094,INV-2024-000052,6410,INR,2025-10-10,Pending,2025-09-30 10:42:00,
INV0000053,MER000039,CUS000130,INV-2024-000053,7692,INR,2024-12-16,Paid,2024-11-30 12:44:00,2024-12-06 12:44:00
INV0000054,MER000054,CUS000171,INV-2024-000054,21406,INR,2025-10-11,Paid,2025-09-22 18:19:00,2025-09-22 18:19:00
INV0000055,MER000039,CUS000074,INV-2024-000055,6280,INR,2025-05-19,Paid,2025-04-21 14:28:00,2025-05-06 14:28:00
INV0000056,MER000022,CUS000169,INV-2024-000056,627,INR,2025-11-27,Paid,2025-11-10 20:39:00,2025-11-17 20:39:00
INV0000057,MER000040,CUS000058,INV-2024-000057,19657,INR,2024-02-17,Paid,2024-01-26 01:15:00,2024-01-28 01:15:00
INV0000058,MER000059,CUS000107,INV-2024-000058,47728,INR,2024-08-06,Paid,2024-07-18 22:44:00,2024-07-25 22:44:00
INV0000059,MER000019,CUS000168,INV-2024-000059,2747,INR,2025-04-09,Paid,2025-03-11 07:11:00,2025-03-12 07:11:00
INV0000060,MER000032,CUS000235,INV-2024-000060,39915,INR,2024-06-08,Cancelled,2024-05-16 14:42:00,
INV0000061,MER000041,CUS000244,INV-2024-000061,39005,INR,2025-10-12,Paid,2025-09-19 23:57:00,2025-10-06 23:57:00
INV0000062,MER000058,CUS000230,INV-2024-000062,982,INR,2025-05-15,Pending,2025-05-01 14:16:00,
INV0000063,MER000036,CUS000197,INV-2024-000063,41759,INR,2025-10-24,Paid,2025-10-03 07:17:00,2025-10-12 07:17:00
INV0000064,MER000031,CUS000070,INV-2024-000064,9850,INR,2024-04-06,Paid,2024-03-23 04:09:00,2024-03-25 04:09:00
INV0000065,MER000028,CUS000017,INV-2024-000065,6422,INR,2025-07-17,Paid,2025-07-09 14:26:00,2025-07-15 14:26:00
INV0000066,MER000050,CUS000232,INV-2024-000066,11281,INR,2025-08-19,Overdue,2025-08-12 12:30:00,
INV0000067,MER000039,CUS000193,INV-2024-000067,7866,INR,2025-07-29,Pending,2025-07-05 23:47:00,
INV0000068,MER000029,CUS000125,INV-2024-000068,8141,INR,2025-05-29,Paid,2025-05-12 00:24:00,2025-05-24 00:24:00
INV0000069,MER000022,CUS000216,INV-2024-000069,3092,INR,2025-10-18,Paid,2025-09-29 17:01:00,2025-09-29 17:01:00
INV0000070,MER000011,CUS000165,INV-2024-000070,8565,INR,2024-07-24,Paid,2024-07-05 01:16:00,2024-07-19 01:16:00
INV0000071,MER000042,CUS000087,INV-2024-000071,34847,INR,2024-10-20,Paid,2024-10-11 13:16:00,2024-10-19 13:16:00
INV0000072,MER000007,CUS000244,INV-2024-000072,2125,INR,2025-11-05,Overdue,2025-10-29 01:48:00,
INV0000073,MER000026,CUS000215,INV-2024-000073,256,INR,2024-09-29,Paid,2024-09-01 04:30:00,2024-09-07 04:30:00
INV0000074,MER000060,CUS000180,INV-2024-000074,7044,INR,2024-07-20,Pending,2024-06-20 19:38:00,
INV0000075,MER000021,CUS000247,INV-2024-000075,1421,INR,2024-12-04,Paid,2024-11-15 18:43:00,2024-11-21 18:43:00
INV0000076,MER000010,CUS000152,INV-2024-000076,4979,INR,2024-04-30,Partially Paid,2024-04-14 22:49:00,2024-04-17 22:49:00
INV0000077,MER000006,CUS000089,INV-2024-000077,7072,INR,2024-03-28,Paid,2024-03-11 16:41:00,2024-03-24 16:41:00
INV0000078,MER000063,CUS000028,INV-2024-000078,6935,INR,2025-10-23,Paid,2025-10-12 14:45:00,2025-10-23 14:45:00
INV0000079,MER000067,CUS000248,INV-2024-000079,9818,INR,2025-06-09,Paid,2025-05-10 14:27:00,2025-05-20 14:27:00
INV0000080,MER000032,CUS000213,INV-2024-000080,28280,INR,2025-04-27,Paid,2025-04-06 07:48:00,2025-04-27 07:48:00
INV0000081,MER000049,CUS000087,INV-2024-000081,971,INR,2024-12-11,Paid,2024-11-28 05:31:00,2024-12-02 05:31:00
INV0000082,MER000044,CUS000072,INV-2024-000082,28106,INR,2025-08-05,Paid,2025-07-23 00:33:00,2025-08-03 00:33:00
INV0000083,MER000053,CUS000126,INV-2024-000083,4938,INR,2025-05-24,Paid,2025-05-02 20:45:00,2025-05-02 20:45:00
INV0000084,MER000012,CUS000076,INV-2024-000084,4987,INR,2024-11-27,Paid,2024-11-09 21:37:00,2024-11-25 21:37:00
INV0000085,MER000045,CUS000109,INV-2024-000085,194282,INR,2024-12-25,Paid,2024-12-04 11:44:00,2024-12-12 11:44:00
INV0000086,MER000030,CUS000031,INV-2024-000086,30680,INR,2024-05-31,Paid,2024-05-02 23:34:00,2024-05-08 23:34:00
INV0000087,MER000062,CUS000071,INV-2024-000087,44383,INR,2025-09-16,Paid,2025-09-03 09:06:00,2025-09-08 09:06:00
INV0000088,MER000023,CUS000078,INV-2024-000088,646,INR,2024-05-17,Paid,2024-05-09 08:02:00,2024-05-11 08:02:00
INV0000089,MER000063,CUS000027,INV-2024-000089,47622,INR,2024-11-08,Paid,2024-10-18 15:30:00,2024-10-19 15:30:00
INV0000090,MER000033,CUS000241,INV-2024-000090,17477,INR,2024-03-16,Paid,2024-03-07 12:31:00,2024-03-07 12:31:00
INV0000091,MER000020,CUS000039,INV-2024-000091,29913,INR,2024-04-21,Pending,2024-03-28 07:07:00,
INV0000092,MER000029,CUS000199,INV-2024-000092,8382,INR,2025-04-23,Cancelled,2025-03-29 09:55:00,
INV0000093,MER000040,CUS000146,INV-2024-000093,2626,INR,2024-08-15,Paid,2024-07-31 20:13:00,2024-08-05 20:13:00
INV0000094,MER000031,CUS000045,INV-2024-000094,3565,INR,2024-02-01,Paid,2024-01-03 13:28:00,2024-01-12 13:28:00
INV0000095,MER000005,CUS000060,INV-2024-000095,5633,INR,2025-04-23,Partially Paid,2025-04-09 02:43:00,2025-04-21 02:43:00
INV0000096,MER000026,CUS000109,INV-2024-000096,330,INR,2025-11-09,Pending,2025-10-25 04:58:00,
INV0000097,MER000010,CUS000016,INV-2024-000097,414,INR,2025-09-26,Partially Paid,2025-09-01 23:52:00,2025-09-15 23:52:00
INV0000098,MER000016,CUS000120,INV-2024-000098,7595,INR,2024-10-27,Paid,2024-10-05 16:34:00,2024-10-24 16:34:00
INV0000099,MER000006,CUS000228,INV-2024-000099,6281,INR,2025-09-19,Paid,2025-09-10 08:01:00,2025-09-19 08:01:00
INV0000100,MER000003,CUS000196,INV-2024-000100,5416,INR,2025-08-25,Paid,2025-08-13 01:48:00,2025-08-23 01:48:00
INV0000101,MER000057,CUS000235,INV-2024-000101,8142,INR,2025-11-03,Paid,2025-10-12 15:05:00,2025-10-22 15:05:00
INV0000102,MER000042,CUS000172,INV-2024-000102,264,INR,2024-12-25,Paid,2024-12-03 13:44:00,2024-12-15 13:44:00
INV0000103,MER000005,CUS000117,INV-2024-000103,358,INR,2024-12-16,Partially Paid,2024-11-27 03:49:00,2024-11-27 03:49:00
INV0000104,MER000070,CUS000119,INV-2024-000104,4074,INR,2025-07-06,Paid,2025-06-14 11:39:00,2025-06-15 11:39:00
INV0000105,MER000027,CUS000069,INV-2024-000105,5720,INR,2025-04-03,Paid,2025-03-24 22:31:00,2025-04-03 22:31:00
INV0000106,MER000031,CUS000182,INV-2024-000106,664,INR,2024-01-24,Paid,2024-01-15 17:26:00,2024-01-16 17:26:00
INV0000107,MER000060,CUS000243,INV-2024-000107,952,INR,2024-07-05,Paid,2024-06-06 15:59:00,2024-06-28 15:59:00
INV0000108,MER000035,CUS000107,INV-2024-000108,40948,INR,2024-09-17,Paid,2024-09-06 14:35:00,2024-09-15 14:35:00
INV0000109,MER000066,CUS000192,INV-2024-000109,14576,INR,2024-11-01,Paid,2024-10-09 13:21:00,2024-10-09 13:21:00
INV0000110,MER000037,CUS000186,INV-2024-000110,9023,INR,2024-06-23,Paid,2024-06-01 14:34:00,2024-06-18 14:34:00
INV0000111,MER000070,CUS000097,INV-2024-000111,6273,INR,2024-08-06,Paid,2024-07-12 22:15:00,2024-08-05 22:15:00
INV0000112,MER000053,CUS000012,INV-2024-000112,8750,INR,2025-02-21,Cancelled,2025-01-25 12:42:00,
INV0000113,MER000064,CUS000247,INV-2024-000113,614,INR,2025-09-06,Partially Paid,2025-08-27 10:55:00,2025-09-03 10:55:00
INV0000114,MER000013,CUS000135,INV-2024-000114,11006,INR,2024-06-23,Overdue,2024-05-27 13:55:00,
INV0000115,MER000010,CUS000121,INV-2024-000115,27369,INR,2024-12-31,Paid,2024-12-12 19:44:00,2024-12-22 19:44:00
INV0000116,MER000069,CUS000098,INV-2024-000116,214312,INR,2025-06-09,Paid,2025-05-14 17:02:00,2025-06-03 17:02:00
INV0000117,MER000037,CUS000059,INV-2024-000117,38441,INR,2024-04-20,Paid,2024-04-10 20:45:00,2024-04-14 20:45:00
INV0000118,MER000004,CUS000012,INV-2024-000118,1920,INR,2024-11-16,Paid,2024-10-27 11:23:00,2024-11-12 11:23:00
INV0000119,MER000053,CUS000145,INV-2024-000119,3951,INR,2024-07-19,Partially Paid,2024-06-23 05:05:00,2024-07-12 05:05:00
INV0000120,MER000031,CUS000128,INV-2024-000120,19380,INR,2024-09-09,Paid,2024-08-25 14:40:00,2024-08-25 14:40:00
INV0000121,MER000060,CUS000231,INV-2024-000121,9956,INR,2024-06-28,Cancelled,2024-06-10 02:28:00,
INV0000122,MER000039,CUS000164,INV-2024-000122,230962,INR,2024-09-29,Paid,2024-09-13 14:54:00,2024-09-25 14:54:00
INV0000123,MER000062,CUS000028,INV-2024-000123,6882,INR,2025-08-27,Paid,2025-08-11 09:44:00,2025-08-23 09:44:00
INV0000124,MER000036,CUS000003,INV-2024-000124,1804,INR,2025-09-28,Pending,2025-09-12 23:31:00,
INV0000125,MER000030,CUS000156,INV-2024-000125,24353,INR,2025-10-28,Paid,2025-10-13 06:39:00,2025-10-17 06:39:00
INV0000126,MER000013,CUS000232,INV-2024-000126,1646,INR,2024-12-07,Paid,2024-11-12 14:02:00,2024-11-16 14:02:00
INV0000127,MER000012,CUS000233,INV-2024-000127,7808,INR,2024-07-22,Partially Paid,2024-06-28 06:08:00,2024-07-09 06:08:00
INV0000128,MER000068,CUS000129,INV-2024-000128,20784,INR,2024-10-06,Pending,2024-09-20 15:51:00,
INV0000129,MER000044,CUS000206,INV-2024-000129,177,INR,2024-06-21,Pending,2024-05-24 07:55:00,
INV0000130,MER000051,CUS000248,INV-2024-000130,46525,INR,2025-01-28,Paid,2025-01-09 02:50:00,2025-01-26 02:50:00
INV0000131,MER000016,CUS000117,INV-2024-000131,5296,INR,2025-09-17,Overdue,2025-08-21 12:52:00,
INV0000132,MER000014,CUS000173,INV-2024-000132,1411,INR,2025-10-22,Paid,2025-09-26 17:20:00,2025-09-28 17:20:00
INV0000133,MER000060,CUS000233,INV-2024-000133,36759,INR,2024-05-07,Paid,2024-04-29 04:02:00,2024-05-06 04:02:00
INV0000134,MER000015,CUS000025,INV-2024-000134,9808,INR,2024-06-05,Paid,2024-05-18 12:29:00,2024-06-04 12:29:00
INV0000135,MER000054,CUS000151,INV-2024-000135,20127,INR,2025-03-22,Paid,2025-02-28 20:06:00,2025-03-08 20:06:00
INV0000136,MER000005,CUS000177,INV-2024-000136,8265,INR,2025-04-18,Paid,2025-03-31 07:54:00,2025-04-11 07:54:00
INV0000137,MER000070,CUS000231,INV-2024-000137,144025,INR,2024-03-16,Overdue,2024-03-03 12:17:00,
INV0000138,MER000059,CUS000024,INV-2024-000138,1350,INR,2024-03-03,Pending,2024-02-21 10:15:00,
INV0000139,MER000027,CUS000018,INV-2024-000139,46321,INR,2024-08-14,Paid,2024-07-31 18:13:00,2024-08-02 18:13:00
INV0000140,MER000001,CUS000071,INV-2024-000140,19483,INR,2024-05-25,Paid,2024-05-13 17:16:00,2024-05-13 17:16:00
INV0000141,MER000017,CUS000004,INV-2024-000141,4899,INR,2025-09-06,Paid,2025-08-25 10:01:00,2025-08-27 10:01:00
INV0000142,MER000054,CUS000135,INV-2024-000142,165,INR,2025-05-20,Paid,2025-05-02 14:49:00,2025-05-05 14:49:00
INV0000143,MER000058,CUS000129,INV-2024-000143,1711,INR,2025-11-26,Paid,2025-11-05 16:19:00,2025-11-05 16:19:00
INV0000144,MER000008,CUS000123,INV-2024-000144,37937,INR,2024-05-11,Paid,2024-04-20 15:45:00,2024-04-22 15:45:00
INV0000145,MER000042,CUS000156,INV-2024-000145,229,INR,2024-11-02,Paid,2024-10-08 19:40:00,2024-10-18 19:40:00
INV0000146,MER000049,CUS000153,INV-2024-000146,8434,INR,2025-06-11,Pending,2025-06-01 19:27:00,
INV0000147,MER000015,CUS000219,INV-2024-000147,4523,INR,2025-03-30,Paid,2025-03-16 14:56:00,2025-03-29 14:56:00
INV0000148,MER000059,CUS000103,INV-2024-000148,2558,INR,2024-12-14,Paid,2024-11-16 13:20:00,2024-11-20 13:20:00
INV0000149,MER000061,CUS000018,INV-2024-000149,187,INR,2024-05-05,Pending,2024-04-05 13:06:00,
INV0000150,MER000017,CUS000143,INV-2024-000150,675,INR,2025-08-08,Paid,2025-07-29 10:42:00,2025-08-08 10:42:00
INV0000151,MER000055,CUS000223,INV-2024-000151,13372,INR,2024-11-08,Paid,2024-10-21 19:19:00,2024-11-06 19:19:00
INV0000152,MER000028,CUS000040,INV-2024-000152,4675,INR,2024-05-14,Paid,2024-04-20 11:54:00,2024-05-14 11:54:00
INV0000153,MER000036,CUS000147,INV-2024-000153,8031,INR,2025-08-25,Paid,2025-07-28 19:39:00,2025-07-28 19:39:00
INV0000154,MER000035,CUS000008,INV-2024-000154,819,INR,2024-11-19,Paid,2024-11-12 10:22:00,2024-11-14 10:22:00
INV0000155,MER000052,CUS000018,INV-2024-000155,748,INR,2024-02-24,Paid,2024-02-01 02:47:00,2024-02-14 02:47:00
INV0000156,MER000059,CUS000088,INV-2024-000156,419,INR,2024-12-07,Partially Paid,2024-11-28 18:38:00,2024-11-30 18:38:00
INV0000157,MER000021,CUS000194,INV-2024-000157,2337,INR,2024-10-25,Paid,2024-10-05 14:42:00,2024-10-19 14:42:00
INV0000158,MER000054,CUS000070,INV-2024-000158,9395,INR,2024-05-06,Paid,2024-04-26 11:27:00,2024-05-06 11:27:00
INV0000159,MER000063,CUS000135,INV-2024-000159,1745,INR,2024-08-21,Paid,2024-08-13 12:38:00,2024-08-17 12:38:00
INV0000160,MER000028,CUS000197,INV-2024-000160,361,INR,2024-10-30,Paid,2024-10-23 10:07:00,2024-10-29 10:07:00
INV0000161,MER000023,CUS000034,INV-2024-000161,4771,INR,2025-06-24,Pending,2025-05-27 17:53:00,
INV0000162,MER000010,CUS000102,INV-2024-000162,12773,INR,2025-03-31,Partially Paid,2025-03-22 00:29:00,2025-03-31 00:29:00
INV0000163,MER000055,CUS000147,INV-2024-000163,7844,INR,2024-10-30,Overdue,2024-10-23 03:25:00,
INV0000164,MER000022,CUS000206,INV-2024-000164,40153,INR,2025-01-15,Paid,2025-01-05 02:27:00,2025-01-14 02:27:00
INV0000165,MER000052,CUS000135,INV-2024-000165,991,INR,2024-11-27,Paid,2024-11-13 23:21:00,2024-11-15 23:21:00
INV0000166,MER000010,CUS000131,INV-2024-000166,9694,INR,2025-06-24,Paid,2025-06-06 06:57:00,2025-06-10 06:57:00
INV0000167,MER000031,CUS000027,INV-2024-000167,302,INR,2024-07-23,Paid,2024-06-26 19:09:00,2024-07-20 19:09:00
INV0000168,MER000064,CUS000119,INV-2024-000168,47977,INR,2025-04-29,Paid,2025-04-04 21:59:00,2025-04-23 21:59:00
INV0000169,MER000042,CUS000222,INV-2024-000169,132874,INR,2024-06-25,Paid,2024-06-03 14:04:00,2024-06-12 14:04:00
INV0000170,MER000036,CUS000152,INV-2024-000170,619,INR,2024-04-06,Paid,2024-03-16 09:29:00,2024-03-27 09:29:00
INV0000171,MER000037,CUS000020,INV-2024-000171,2480,INR,2025-10-10,Paid,2025-09-21 19:32:00,2025-10-08 19:32:00
INV0000172,MER000006,CUS000116,INV-2024-000172,47465,INR,2025-11-24,Paid,2025-10-29 06:20:00,2025-11-02 06:20:00
INV0000173,MER000008,CUS000116,INV-2024-000173,957,INR,2025-01-09,Paid,2024-12-17 22:05:00,2024-12-18 22:05:00
INV0000174,MER000032,CUS000182,INV-2024-000174,8200,INR,2025-07-02,Paid,2025-06-20 16:39:00,2025-06-24 16:39:00
INV0000175,MER000050,CUS000105,INV-2024-000175,49184,INR,2024-03-11,Paid,2024-02-23 20:41:00,2024-02-26 20:41:00
INV0000176,MER000050,CUS000073,INV-2024-000176,3464,INR,2025-01-04,Paid,2024-12-07 02:37:00,2024-12-18 02:37:00
INV0000177,MER000040,CUS000248,INV-2024-000177,7422,INR,2024-05-21,Paid,2024-05-12 19:45:00,2024-05-18 19:45:00
INV0000178,MER000043,CUS000209,INV-2024-000178,819,INR,2025-07-21,Paid,2025-06-23 02:41:00,2025-07-04 02:41:00
INV0000179,MER000003,CUS000093,INV-2024-000179,4510,INR,2024-12-29,Cancelled,2024-12-15 15:12:00,
INV0000180,MER000020,CUS000020,INV-2024-000180,2658,INR,2025-07-03,Partially Paid,2025-06-03 17:53:00,2025-06-04 17:53:00
INV0000181,MER000044,CUS000225,INV-2024-000181,18589,INR,2025-09-15,Paid,2025-09-03 12:09:00,2025-09-14 12:09:00
INV0000182,MER000022,CUS000185,INV-2024-000182,7732,INR,2025-01-22,Overdue,2025-01-08 21:46:00,
INV0000183,MER000037,CUS000193,INV-2024-000183,39421,INR,2024-09-12,Overdue,2024-08-27 17:15:00,
INV0000184,MER000061,CUS000232,INV-2024-000184,34107,INR,2025-12-16,Pending,2025-11-25 18:28:00,
INV0000185,MER000049,CUS000129,INV-2024-000185,3656,INR,2024-08-07,Paid,2024-07-23 19:08:00,2024-08-07 19:08:00
INV0000186,MER000048,CUS000142,INV-2024-000186,43811,INR,2024-05-19,Paid,2024-05-07 09:05:00,2024-05-15 09:05:00
INV0000187,MER000019,CUS000213,INV-2024-000187,4638,INR,2025-04-13,Paid,2025-04-06 11:59:00,2025-04-12 11:59:00
INV0000188,MER000065,CUS000096,INV-2024-000188,2338,INR,2025-02-04,Overdue,2025-01-18 07:01:00,
INV0000189,MER000043,CUS000203,INV-2024-000189,139,INR,2024-10-31,Pending,2024-10-20 15:44:00,
INV0000190,MER000061,CUS000115,INV-2024-000190,2299,INR,2024-01-31,Paid,2024-01-20 08:13:00,2024-01-31 08:13:00
INV0000191,MER000068,CUS000109,INV-2024-000191,395,INR,2024-09-08,Paid,2024-08-31 09:07:00,2024-09-07 09:07:00
INV0000192,MER000009,CUS000029,INV-2024-000192,42757,INR,2025-09-30,Paid,2025-09-03 17:01:00,2025-09-10 17:01:00
INV0000193,MER000019,CUS000075,INV-2024-000193,6781,INR,2024-09-15,Paid,2024-09-03 18:26:00,2024-09-04 18:26:00
INV0000194,MER000068,CUS000250,INV-2024-000194,9619,INR,2025-08-03,Paid,2025-07-11 16:50:00,2025-07-23 16:50:00
INV0000195,MER000061,CUS000012,INV-2024-000195,7117,INR,2024-10-04,Pending,2024-09-16 23:01:00,
INV0000196,MER000045,CUS000062,INV-2024-000196,16794,INR,2025-09-04,Paid,2025-08-18 23:48:00,2025-08-29 23:48:00
INV0000197,MER000070,CUS000087,INV-2024-000197,21475,INR,2025-05-17,Paid,2025-04-20 22:30:00,2025-04-24 22:30:00
INV0000198,MER000009,CUS000184,INV-2024-000198,39995,INR,2024-02-15,Pending,2024-02-07 09:12:00,
INV0000199,MER000006,CUS000081,INV-2024-000199,43777,INR,2025-02-26,Paid,2025-02-11 17:30:00,2025-02-17 17:30:00
INV0000200,MER000037,CUS000092,INV-2024-000200,13133,INR,2025-11-12,Pending,2025-11-02 10:17:00,
INV0000201,MER000056,CUS000228,INV-2024-000201,8205,INR,2025-02-21,Paid,2025-01-30 10:11:00,2025-02-10 10:11:00
INV0000202,MER000067,CUS000069,INV-2024-000202,37821,INR,2024-04-02,Paid,2024-03-21 13:38:00,2024-03-26 13:38:00
INV0000203,MER000014,CUS000021,INV-2024-000203,5844,INR,2024-12-08,Paid,2024-11-09 14:38:00,2024-12-01 14:38:00
INV0000204,MER000057,CUS000090,INV-2024-000204,6777,INR,2025-10-18,Cancelled,2025-09-21 13:17:00,
INV0000205,MER000008,CUS000020,INV-2024-000205,7656,INR,2025-02-06,Paid,2025-01-07 16:51:00,2025-02-06 16:51:00
INV0000206,MER000004,CUS000037,INV-2024-000206,38717,INR,2024-02-19,Pending,2024-02-05 04:04:00,
INV0000207,MER000047,CUS000093,INV-2024-000207,1531,INR,2025-10-02,Overdue,2025-09-11 04:43:00,
INV0000208,MER000048,CUS000114,INV-2024-000208,47613,INR,2024-06-08,Paid,2024-05-20 16:23:00,2024-05-28 16:23:00
INV0000209,MER000032,CUS000246,INV-2024-000209,853,INR,2024-07-28,Partially Paid,2024-07-09 15:33:00,2024-07-12 15:33:00
INV0000210,MER000034,CUS000199,INV-2024-000210,8312,INR,2024-09-05,Partially Paid,2024-08-07 19:18:00,2024-08-22 19:18:00
INV0000211,MER000026,CUS000032,INV-2024-000211,175,INR,2025-05-06,Paid,2025-04-07 05:57:00,2025-04-09 05:57:00
INV0000212,MER000041,CUS000171,INV-2024-000212,2064,INR,2025-08-02,Partially Paid,2025-07-17 17:18:00,2025-07-22 17:18:00
INV0000213,MER000047,CUS000131,INV-2024-000213,4293,INR,2024-06-13,Paid,2024-05-22 07:50:00,2024-06-08 07:50:00
INV0000214,MER000048,CUS000120,INV-2024-000214,46153,INR,2024-05-21,Paid,2024-05-12 19:56:00,2024-05-18 19:56:00
INV0000215,MER000062,CUS000135,INV-2024-000215,7709,INR,2025-08-28,Paid,2025-08-11 02:08:00,2025-08-25 02:08:00
INV0000216,MER000060,CUS000175,INV-2024-000216,3103,INR,2025-07-30,Pending,2025-07-18 20:37:00,
INV0000217,MER000017,CUS000111,INV-2024-000217,1908,INR,2024-05-23,Paid,2024-05-07 16:09:00,2024-05-17 16:09:00
INV0000218,MER000029,CUS000089,INV-2024-000218,44007,INR,2024-10-30,Paid,2024-10-17 02:16:00,2024-10-25 02:16:00
INV0000219,MER000036,CUS000033,INV-2024-000219,9741,INR,2024-04-17,Paid,2024-04-05 16:41:00,2024-04-14 16:41:00
INV0000220,MER000020,CUS000044,INV-2024-000220,6532,INR,2025-08-07,Paid,2025-07-31 01:52:00,2025-08-04 01:52:00
INV0000221,MER000027,CUS000197,INV-2024-000221,1497,INR,2025-06-09,Paid,2025-05-24 20:34:00,2025-06-02 20:34:00
INV0000222,MER000062,CUS000063,INV-2024-000222,36614,INR,2024-11-29,Paid,2024-10-31 14:04:00,2024-11-14 14:04:00
INV0000223,MER000054,CUS000124,INV-2024-000223,6574,INR,2025-10-12,Paid,2025-09-13 04:20:00,2025-10-10 04:20:00
INV0000224,MER000045,CUS000250,INV-2024-000224,7071,INR,2025-06-28,Paid,2025-06-11 17:06:00,2025-06-14 17:06:00
INV0000225,MER000035,CUS000116,INV-2024-000225,2587,INR,2024-03-18,Paid,2024-02-21 09:24:00,2024-02-26 09:24:00
INV0000226,MER000042,CUS000240,INV-2024-000226,6124,INR,2024-08-05,Paid,2024-07-13 05:31:00,2024-07-22 05:31:00
INV0000227,MER000064,CUS000006,INV-2024-000227,502,INR,2025-06-14,Paid,2025-06-01 14:15:00,2025-06-01 14:15:00
INV0000228,MER000007,CUS000073,INV-2024-000228,8711,INR,2024-10-29,Paid,2024-10-19 17:00:00,2024-10-23 17:00:00
INV0000229,MER000047,CUS000196,INV-2024-000229,1742,INR,2025-03-10,Paid,2025-02-14 01:36:00,2025-03-03 01:36:00
INV0000230,MER000037,CUS000019,INV-2024-000230,8379,INR,2025-08-12,Paid,2025-07-17 08:52:00,2025-07-20 08:52:00
INV0000231,MER000017,CUS000250,INV-2024-000231,482,INR,2024-12-24,Paid,2024-12-13 17:23:00,2024-12-21 17:23:00
INV0000232,MER000052,CUS000129,INV-2024-000232,139,INR,2024-06-11,Paid,2024-05-20 22:21:00,2024-05-24 22:21:00
INV0000233,MER000066,CUS000036,INV-2024-000233,6219,INR,2024-07-15,Pending,2024-06-15 12:39:00,
INV0000234,MER000044,CUS000130,INV-2024-000234,44888,INR,2025-06-01,Paid,2025-05-16 22:36:00,2025-05-16 22:36:00
INV0000235,MER000048,CUS000085,INV-2024-000235,7825,INR,2025-09-19,Partially Paid,2025-08-20 09:50:00,2025-09-09 09:50:00
INV0000236,MER000004,CUS000153,INV-2024-000236,4729,INR,2024-03-05,Paid,2024-02-22 18:30:00,2024-03-04 18:30:00
INV0000237,MER000049,CUS000038,INV-2024-000237,25873,INR,2024-02-12,Paid,2024-02-02 18:44:00,2024-02-09 18:44:00
INV0000238,MER000041,CUS000108,INV-2024-000238,807,INR,2024-08-22,Partially Paid,2024-07-27 13:32:00,2024-08-19 13:32:00
INV0000239,MER000008,CUS000181,INV-2024-000239,312,INR,2025-08-19,Paid,2025-07-28 10:42:00,2025-08-07 10:42:00
INV0000240,MER000023,CUS000118,INV-2024-000240,32435,INR,2025-08-12,Paid,2025-07-13 11:43:00,2025-08-07 11:43:00
INV0000241,MER000034,CUS000157,INV-2024-000241,5039,INR,2024-10-26,Overdue,2024-10-12 17:19:00,
INV0000242,MER000039,CUS000198,INV-2024-000242,4397,INR,2025-06-02,Paid,2025-05-15 10:30:00,2025-05-23 10:30:00
INV0000243,MER000037,CUS000032,INV-2024-000243,9900,INR,2025-02-10,Overdue,2025-01-23 12:52:00,
INV0000244,MER000019,CUS000075,INV-2024-000244,831,INR,2024-04-11,Paid,2024-03-21 11:59:00,2024-04-05 11:59:00
INV0000245,MER000028,CUS000052,INV-2024-000245,27769,INR,2025-08-09,Paid,2025-07-29 22:17:00,2025-08-09 22:17:00
INV0000246,MER000031,CUS000063,INV-2024-000246,643,INR,2024-08-27,Paid,2024-08-19 20:14:00,2024-08-24 20:14:00
INV0000247,MER000061,CUS000026,INV-2024-000247,3253,INR,2024-01-18,Paid,2024-01-06 17:59:00,2024-01-13 17:59:00
INV0000248,MER000062,CUS000167,INV-2024-000248,394,INR,2024-12-02,Partially Paid,2024-11-24 09:41:00,2024-11-25 09:41:00
INV0000249,MER000030,CUS000137,INV-2024-000249,12445,INR,2024-07-10,Overdue,2024-06-28 13:56:00,
INV0000250,MER000005,CUS000215,INV-2024-000250,9117,INR,2024-07-25,Partially Paid,2024-07-09 23:55:00,2024-07-09 23:55:00
INV0000251,MER000039,CUS000146,INV-2024-000251,6490,INR,2024-11-11,Paid,2024-10-18 14:41:00,2024-10-22 14:41:00
INV0000252,MER000065,CUS000120,INV-2024-000252,2846,INR,2024-12-25,Paid,2024-12-04 05:46:00,2024-12-09 05:46:00
INV0000253,MER000002,CUS000189,INV-2024-000253,5834,INR,2025-08-17,Paid,2025-08-04 21:48:00,2025-08-17 21:48:00
INV0000254,MER000052,CUS000212,INV-2024-000254,6373,INR,2024-04-08,Paid,2024-03-29 12:42:00,2024-03-31 12:42:00
INV0000255,MER000062,CUS000083,INV-2024-000255,10448,INR,2024-10-15,Pending,2024-09-24 12:15:00,
INV0000256,MER000043,CUS000078,INV-2024-000256,1188,INR,2024-10-23,Paid,2024-09-24 20:23:00,2024-10-15 20:23:00
INV0000257,MER000016,CUS000120,INV-2024-000257,7643,INR,2025-06-14,Paid,2025-05-29 22:49:00,2025-06-07 22:49:00
INV0000258,MER000048,CUS000158,INV-2024-000258,3189,INR,2025-06-03,Cancelled,2025-05-04 04:29:00,
INV0000259,MER000048,CUS000107,INV-2024-000259,40857,INR,2025-07-17,Pending,2025-07-04 21:52:00,
INV0000260,MER000011,CUS000135,INV-2024-000260,6928,INR,2024-03-28,Pending,2024-03-20 18:07:00,
INV0000261,MER000065,CUS000052,INV-2024-000261,3456,INR,2024-07-10,Paid,2024-06-17 10:54:00,2024-07-08 10:54:00
INV0000262,MER000027,CUS000184,INV-2024-000262,2490,INR,2025-06-14,Paid,2025-06-06 14:51:00,2025-06-14 14:51:00
INV0000263,MER000054,CUS000117,INV-2024-000263,8576,INR,2025-11-26,Paid,2025-11-19 09:46:00,2025-11-19 09:46:00
INV0000264,MER000028,CUS000149,INV-2024-000264,533,INR,2025-01-11,Cancelled,2024-12-18 22:04:00,
INV0000265,MER000009,CUS000240,INV-2024-000265,5704,INR,2025-03-05,Pending,2025-02-22 05:49:00,
INV0000266,MER000054,CUS000096,INV-2024-000266,150265,INR,2025-04-13,Paid,2025-04-04 12:24:00,2025-04-12 12:24:00
INV0000267,MER000018,CUS000168,INV-2024-000267,17775,INR,2024-07-24,Paid,2024-07-01 17:25:00,2024-07-08 17:25:00
INV0000268,MER000001,CUS000194,INV-2024-000268,405,INR,2025-05-13,Paid,2025-04-19 21:46:00,2025-05-01 21:46:00
INV0000269,MER000030,CUS000064,INV-2024-000269,3542,INR,2024-11-08,Pending,2024-10-09 06:59:00,
INV0000270,MER000005,CUS000208,INV-2024-000270,1257,INR,2024-09-13,Paid,2024-09-03 06:04:00,2024-09-10 06:04:00
INV0000271,MER000007,CUS000063,INV-2024-000271,36363,INR,2025-04-07,Pending,2025-03-25 07:34:00,
INV0000272,MER000008,CUS000036,INV-2024-000272,5740,INR,2024-09-13,Paid,2024-08-27 23:36:00,2024-09-06 23:36:00
INV0000273,MER000031,CUS000078,INV-2024-000273,44161,INR,2024-08-29,Paid,2024-08-14 13:19:00,2024-08-19 13:19:00
INV0000274,MER000055,CUS000143,INV-2024-000274,6643,INR,2025-11-12,Paid,2025-10-20 21:24:00,2025-11-02 21:24:00
INV0000275,MER000053,CUS000039,INV-2024-000275,4013,INR,2025-07-18,Paid,2025-07-04 15:15:00,2025-07-15 15:15:00
INV0000276,MER000019,CUS000207,INV-2024-000276,1945,INR,2025-08-22,Paid,2025-07-29 13:26:00,2025-08-10 13:26:00
INV0000277,MER000032,CUS000066,INV-2024-000277,2296,INR,2025-04-29,Pending,2025-04-05 11:05:00,
INV0000278,MER000025,CUS000014,INV-2024-000278,1648,INR,2024-04-09,Pending,2024-03-15 06:51:00,
INV0000279,MER000028,CUS000123,INV-2024-000279,6456,INR,2024-11-19,Overdue,2024-11-06 00:13:00,
INV0000280,MER000016,CUS000192,INV-2024-000280,175547,INR,2024-10-04,Paid,2024-09-05 22:38:00,2024-10-04 22:38:00
INV0000281,MER000031,CUS000142,INV-2024-000281,5638,INR,2025-02-20,Paid,2025-01-24 14:34:00,2025-02-01 14:34:00
INV0000282,MER000047,CUS000132,INV-2024-000282,40541,INR,2024-04-27,Partially Paid,2024-04-10 23:30:00,2024-04-21 23:30:00
INV0000283,MER000041,CUS000106,INV-2024-000283,984,INR,2024-08-21,Paid,2024-08-14 23:09:00,2024-08-20 23:09:00
INV0000284,MER000038,CUS000040,INV-2024-000284,335,INR,2025-02-06,Paid,2025-01-23 18:53:00,2025-02-02 18:53:00
INV0000285,MER000044,CUS000066,INV-2024-000285,42023,INR,2025-11-09,Paid,2025-10-19 23:31:00,2025-10-30 23:31:00
INV0000286,MER000022,CUS000036,INV-2024-000286,42003,INR,2024-07-15,Paid,2024-07-07 17:41:00,2024-07-08 17:41:00
INV0000287,MER000007,CUS000196,INV-2024-000287,240,INR,2025-11-05,Paid,2025-10-07 07:04:00,2025-10-13 07:04:00
INV0000288,MER000065,CUS000117,INV-2024-000288,8917,INR,2025-11-13,Paid,2025-11-06 15:01:00,2025-11-12 15:01:00
INV0000289,MER000002,CUS000005,INV-2024-000289,5502,INR,2025-07-25,Pending,2025-07-02 09:01:00,
INV0000290,MER000056,CUS000207,INV-2024-000290,21749,INR,2024-04-30,Paid,2024-04-19 03:33:00,2024-04-28 03:33:00
INV0000291,MER000068,CUS000065,INV-2024-000291,27520,INR,2025-03-01,Paid,2025-02-10 02:23:00,2025-02-17 02:23:00
INV0000292,MER000029,CUS000077,INV-2024-000292,2321,INR,2025-11-08,Paid,2025-10-31 20:48:00,2025-11-06 20:48:00
INV0000293,MER000049,CUS000142,INV-2024-000293,1155,INR,2024-07-14,Paid,2024-06-24 02:31:00,2024-07-04 02:31:00
INV0000294,MER000013,CUS000230,INV-2024-000294,1698,INR,2024-09-21,Partially Paid,2024-08-23 06:57:00,2024-09-07 06:57:00
INV0000295,MER000035,CUS000012,INV-2024-000295,28375,INR,2025-07-18,Paid,2025-07-10 18:42:00,2025-07-15 18:42:00
INV0000296,MER000003,CUS000247,INV-2024-000296,3363,INR,2025-02-23,Paid,2025-02-11 02:19:00,2025-02-20 02:19:00
INV0000297,MER000050,CUS000174,INV-2024-000297,31741,INR,2025-02-26,Pending,2025-01-28 23:08:00,
INV0000298,MER000065,CUS000191,INV-2024-000298,64077,INR,2024-04-19,Paid,2024-04-10 13:14:00,2024-04-19 13:14:00
INV0000299,MER000051,CUS000249,INV-2024-000299,11942,INR,2025-11-01,Paid,2025-10-11 08:50:00,2025-10-22 08:50:00
INV0000300,MER000049,CUS000111,INV-2024-000300,699,INR,2025-12-03,Paid,2025-11-07 12:05:00,2025-11-14 12:05:00
INV0000301,MER000010,CUS000022,INV-2024-000301,7226,INR,2025-10-30,Paid,2025-10-11 04:47:00,2025-10-14 04:47:00
INV0000302,MER000012,CUS000002,INV-2024-000302,39147,INR,2025-01-14,Paid,2025-01-03 08:06:00,2025-01-09 08:06:00
INV0000303,MER000058,CUS000143,INV-2024-000303,7686,INR,2024-05-03,Paid,2024-04-15 00:05:00,2024-04-25 00:05:00
INV0000304,MER000050,CUS000004,INV-2024-000304,7354,INR,2024-04-20,Partially Paid,2024-03-27 23:57:00,2024-04-03 23:57:00
INV0000305,MER000067,CUS000044,INV-2024-000305,3778,INR,2024-06-06,Paid,2024-05-22 08:19:00,2024-05-24 08:19:00
INV0000306,MER000022,CUS000112,INV-2024-000306,5912,INR,2025-05-25,Overdue,2025-05-10 02:23:00,
INV0000307,MER000064,CUS000153,INV-2024-000307,8502,INR,2024-04-26,Overdue,2024-04-19 04:19:00,
INV0000308,MER000043,CUS000216,INV-2024-000308,6400,INR,2025-04-22,Overdue,2025-03-26 10:27:00,
INV0000309,MER000018,CUS000077,INV-2024-000309,4291,INR,2025-05-24,Overdue,2025-05-05 10:11:00,
INV0000310,MER000038,CUS000189,INV-2024-000310,9045,INR,2025-08-31,Paid,2025-08-12 07:20:00,2025-08-24 07:20:00
INV0000311,MER000047,CUS000030,INV-2024-000311,23095,INR,2025-09-26,Pending,2025-08-29 17:11:00,
INV0000312,MER000004,CUS000244,INV-2024-000312,23740,INR,2025-04-22,Paid,2025-03-24 09:53:00,2025-04-20 09:53:00
INV0000313,MER000053,CUS000173,INV-2024-000313,5962,INR,2024-09-15,Pending,2024-09-04 08:42:00,
INV0000314,MER000049,CUS000019,INV-2024-000314,8852,INR,2025-09-11,Partially Paid,2025-08-19 12:34:00,2025-09-10 12:34:00
INV0000315,MER000054,CUS000140,INV-2024-000315,468,INR,2025-07-12,Paid,2025-07-03 19:40:00,2025-07-06 19:40:00
INV0000316,MER000046,CUS000043,INV-2024-000316,1726,INR,2025-08-26,Paid,2025-07-30 20:43:00,2025-08-23 20:43:00
INV0000317,MER000043,CUS000248,INV-2024-000317,16944,INR,2024-01-25,Paid,2024-01-11 03:16:00,2024-01-19 03:16:00
INV0000318,MER000029,CUS000115,INV-2024-000318,8587,INR,2025-12-19,Paid,2025-11-26 18:44:00,2025-11-26 18:44:00
INV0000319,MER000062,CUS000027,INV-2024-000319,2407,INR,2024-05-16,Paid,2024-04-28 23:09:00,2024-05-12 23:09:00
INV0000320,MER000027,CUS000134,INV-2024-000320,8802,INR,2024-05-08,Paid,2024-04-09 14:46:00,2024-04-11 14:46:00
INV0000321,MER000039,CUS000012,INV-2024-000321,17543,INR,2024-02-03,Paid,2024-01-24 10:41:00,2024-01-26 10:41:00
INV0000322,MER000032,CUS000133,INV-2024-000322,263,INR,2024-12-25,Paid,2024-12-04 17:27:00,2024-12-16 17:27:00
INV0000323,MER000024,CUS000048,INV-2024-000323,8081,INR,2025-03-07,Partially Paid,2025-02-09 00:47:00,2025-02-23 00:47:00
INV0000324,MER000055,CUS000100,INV-2024-000324,319,INR,2024-08-27,Pending,2024-07-29 08:48:00,
INV0000325,MER000009,CUS000148,INV-2024-000325,992,INR,2025-07-20,Paid,2025-07-03 05:23:00,2025-07-06 05:23:00
INV0000326,MER000034,CUS000172,INV-2024-000326,44585,INR,2025-11-04,Paid,2025-10-16 10:38:00,2025-11-03 10:38:00
INV0000327,MER000015,CUS000090,INV-2024-000327,8502,INR,2025-10-22,Pending,2025-09-24 05:52:00,
INV0000328,MER000039,CUS000236,INV-2024-000328,2389,INR,2025-11-29,Paid,2025-11-19 04:20:00,2025-11-20 04:20:00
INV0000329,MER000024,CUS000096,INV-2024-000329,9370,INR,2025-02-12,Paid,2025-02-01 13:38:00,2025-02-07 13:38:00
INV0000330,MER000024,CUS000125,INV-2024-000330,3839,INR,2025-08-07,Paid,2025-07-22 05:31:00,2025-08-01 05:31:00
INV0000331,MER000058,CUS000159,INV-2024-000331,467,INR,2024-01-23,Pending,2024-01-10 15:08:00,
INV0000332,MER000065,CUS000168,INV-2024-000332,9057,INR,2025-03-22,Paid,2025-03-01 22:53:00,2025-03-03 22:53:00
INV0000333,MER000004,CUS000204,INV-2024-000333,29143,INR,2024-02-27,Paid,2024-02-03 08:14:00,2024-02-27 08:14:00
INV0000334,MER000059,CUS000145,INV-2024-000334,42461,INR,2025-08-10,Paid,2025-07-16 16:07:00,2025-08-09 16:07:00
INV0000335,MER000070,CUS000211,INV-2024-000335,192094,INR,2024-03-07,Paid,2024-02-12 23:28:00,2024-02-25 23:28:00
INV0000336,MER000014,CUS000189,INV-2024-000336,26223,INR,2024-11-15,Paid,2024-10-31 01:28:00,2024-11-02 01:28:00
INV0000337,MER000057,CUS000222,INV-2024-000337,112114,INR,2024-08-31,Paid,2024-08-02 23:37:00,2024-08-24 23:37:00
INV0000338,MER000055,CUS000043,INV-2024-000338,4386,INR,2024-08-17,Paid,2024-07-30 01:36:00,2024-08-16 01:36:00
INV0000339,MER000022,CUS000083,INV-2024-000339,126713,INR,2024-11-15,Cancelled,2024-10-23 18:17:00,
INV0000340,MER000013,CUS000035,INV-2024-000340,157898,INR,2024-03-28,Paid,2024-03-01 08:55:00,2024-03-28 08:55:00
INV0000341,MER000017,CUS000064,INV-2024-000341,429,INR,2024-10-02,Paid,2024-09-10 21:25:00,2024-09-30 21:25:00
INV0000342,MER000035,CUS000161,INV-2024-000342,8406,INR,2024-03-27,Paid,2024-03-18 20:50:00,2024-03-22 20:50:00
INV0000343,MER000048,CUS000117,INV-2024-000343,135797,INR,2025-09-17,Paid,2025-08-18 00:55:00,2025-09-01 00:55:00
INV0000344,MER000046,CUS000218,INV-2024-000344,647,INR,2025-02-24,Paid,2025-02-11 06:27:00,2025-02-16 06:27:00
INV0000345,MER000037,CUS000087,INV-2024-000345,3140,INR,2025-08-19,Partially Paid,2025-08-02 15:50:00,2025-08-03 15:50:00
INV0000346,MER000006,CUS000026,INV-2024-000346,8530,INR,2024-01-29,Paid,2024-01-17 03:59:00,2024-01-17 03:59:00
INV0000347,MER000055,CUS000052,INV-2024-000347,84581,INR,2025-11-11,Paid,2025-10-27 09:10:00,2025-11-07 09:10:00
INV0000348,MER000033,CUS000022,INV-2024-000348,3712,INR,2024-03-10,Pending,2024-02-23 12:40:00,
INV0000349,MER000030,CUS000110,INV-2024-000349,2560,INR,2024-01-11,Paid,2024-01-02 06:30:00,2024-01-05 06:30:00
INV0000350,MER000067,CUS000175,INV-2024-000350,1133,INR,2025-01-06,Paid,2024-12-17 03:55:00,2025-01-01 03:55:00
INV0000351,MER000010,CUS000059,INV-2024-000351,2679,INR,2024-05-01,Paid,2024-04-15 10:23:00,2024-04-19 10:23:00
INV0000352,MER000019,CUS000018,INV-2024-000352,1139,INR,2025-10-07,Paid,2025-09-16 20:10:00,2025-09-22 20:10:00
INV0000353,MER000020,CUS000236,INV-2024-000353,8249,INR,2024-08-20,Paid,2024-08-10 02:57:00,2024-08-11 02:57:00
INV0000354,MER000050,CUS000090,INV-2024-000354,132446,INR,2024-06-19,Paid,2024-05-23 07:17:00,2024-06-09 07:17:00
INV0000355,MER000037,CUS000200,INV-2024-000355,11758,INR,2025-11-28,Paid,2025-11-05 09:13:00,2025-11-11 09:13:00
INV0000356,MER000051,CUS000076,INV-2024-000356,4922,INR,2025-06-04,Paid,2025-05-21 12:07:00,2025-05-30 12:07:00
INV0000357,MER000010,CUS000136,INV-2024-000357,10791,INR,2025-01-23,Partially Paid,2025-01-04 10:08:00,2025-01-22 10:08:00
INV0000358,MER000054,CUS000094,INV-2024-000358,3831,INR,2025-05-22,Paid,2025-04-27 02:01:00,2025-05-05 02:01:00
INV0000359,MER000028,CUS000011,INV-2024-000359,36082,INR,2025-07-01,Paid,2025-06-02 09:40:00,2025-06-15 09:40:00
INV0000360,MER000055,CUS000180,INV-2024-000360,9792,INR,2025-07-19,Paid,2025-07-04 19:09:00,2025-07-06 19:09:00
INV0000361,MER000066,CUS000236,INV-2024-000361,3546,INR,2025-07-28,Paid,2025-07-03 10:25:00,2025-07-23 10:25:00
INV0000362,MER000009,CUS000080,INV-2024-000362,4910,INR,2024-03-20,Paid,2024-02-29 07:05:00,2024-03-19 07:05:00
INV0000363,MER000008,CUS000080,INV-2024-000363,3878,INR,2024-05-13,Pending,2024-05-02 00:45:00,
INV0000364,MER000021,CUS000128,INV-2024-000364,187103,INR,2025-06-25,Paid,2025-06-13 23:16:00,2025-06-24 23:16:00
INV0000365,MER000035,CUS000188,INV-2024-000365,11924,INR,2025-01-01,Paid,2024-12-09 13:17:00,2024-12-31 13:17:00
INV0000366,MER000010,CUS000128,INV-2024-000366,6901,INR,2024-03-22,Paid,2024-02-26 15:54:00,2024-03-02 15:54:00
INV0000367,MER000033,CUS000198,INV-2024-000367,687,INR,2025-12-05,Pending,2025-11-21 23:07:00,
INV0000368,MER000001,CUS000012,INV-2024-000368,10806,INR,2024-09-25,Paid,2024-09-07 01:30:00,2024-09-11 01:30:00
INV0000369,MER000023,CUS000239,INV-2024-000369,59271,INR,2025-08-16,Paid,2025-07-20 22:47:00,2025-07-30 22:47:00
INV0000370,MER000032,CUS000107,INV-2024-000370,30968,INR,2024-10-22,Paid,2024-10-04 02:36:00,2024-10-05 02:36:00
INV0000371,MER000023,CUS000058,INV-2024-000371,13010,INR,2025-03-07,Partially Paid,2025-02-14 02:56:00,2025-02-23 02:56:00
INV0000372,MER000042,CUS000023,INV-2024-000372,1131,INR,2025-02-06,Pending,2025-01-12 06:18:00,
INV0000373,MER000032,CUS000119,INV-2024-000373,9084,INR,2024-08-12,Pending,2024-07-19 23:57:00,
INV0000374,MER000032,CUS000039,INV-2024-000374,519,INR,2024-02-12,Paid,2024-01-25 07:34:00,2024-01-25 07:34:00
INV0000375,MER000043,CUS000001,INV-2024-000375,34660,INR,2024-12-03,Cancelled,2024-11-10 03:13:00,
INV0000376,MER000054,CUS000126,INV-2024-000376,87323,INR,2024-10-27,Partially Paid,2024-10-13 02:02:00,2024-10-21 02:02:00
INV0000377,MER000053,CUS000180,INV-2024-000377,40046,INR,2024-04-19,Paid,2024-03-27 18:06:00,2024-04-08 18:06:00
INV0000378,MER000010,CUS000152,INV-2024-000378,8127,INR,2025-11-25,Paid,2025-11-09 04:15:00,2025-11-19 04:15:00
INV0000379,MER000051,CUS000180,INV-2024-000379,31382,INR,2024-12-05,Paid,2024-11-21 14:17:00,2024-11-24 14:17:00
INV0000380,MER000018,CUS000200,INV-2024-000380,17142,INR,2024-06-29,Paid,2024-06-08 03:10:00,2024-06-21 03:10:00
INV0000381,MER000016,CUS000138,INV-2024-000381,4402,INR,2025-04-22,Partially Paid,2025-04-07 09:29:00,2025-04-09 09:29:00
INV0000382,MER000021,CUS000207,INV-2024-000382,1661,INR,2024-08-17,Pending,2024-08-08 10:09:00,
INV0000383,MER000046,CUS000102,INV-2024-000383,5897,INR,2024-10-12,Partially Paid,2024-09-23 05:01:00,2024-10-10 05:01:00
INV0000384,MER000032,CUS000025,INV-2024-000384,3291,INR,2024-05-18,Paid,2024-05-04 00:03:00,2024-05-17 00:03:00
INV0000385,MER000052,CUS000096,INV-2024-000385,2377,INR,2025-08-28,Paid,2025-08-19 18:16:00,2025-08-20 18:16:00
INV0000386,MER000026,CUS000232,INV-2024-000386,3111,INR,2024-04-12,Overdue,2024-04-04 10:07:00,
INV0000387,MER000007,CUS000044,INV-2024-000387,38388,INR,2025-02-27,Paid,2025-02-08 15:01:00,2025-02-13 15:01:00
INV0000388,MER000046,CUS000055,INV-2024-000388,28022,INR,2024-10-24,Paid,2024-10-13 14:56:00,2024-10-22 14:56:00
INV0000389,MER000032,CUS000166,INV-2024-000389,7751,INR,2025-07-26,Paid,2025-07-17 15:03:00,2025-07-19 15:03:00
INV0000390,MER000054,CUS000052,INV-2024-000390,9615,INR,2024-10-06,Pending,2024-09-12 20:51:00,
INV0000391,MER000049,CUS000201,INV-2024-000391,41437,INR,2025-08-05,Paid,2025-07-11 15:22:00,2025-07-23 15:22:00
INV0000392,MER000035,CUS000047,INV-2024-000392,711,INR,2024-08-27,Paid,2024-08-12 00:57:00,2024-08-27 00:57:00
INV0000393,MER000068,CUS000092,INV-2024-000393,25255,INR,2024-07-10,Paid,2024-06-12 03:15:00,2024-06-29 03:15:00
INV0000394,MER000008,CUS000196,INV-2024-000394,107518,INR,2025-08-24,Paid,2025-08-12 12:22:00,2025-08-21 12:22:00
INV0000395,MER000041,CUS000207,INV-2024-000395,33514,INR,2025-09-26,Paid,2025-08-28 00:45:00,2025-09-15 00:45:00
INV0000396,MER000019,CUS000145,INV-2024-000396,42259,INR,2025-07-31,Paid,2025-07-09 09:11:00,2025-07-10 09:11:00
INV0000397,MER000030,CUS000155,INV-2024-000397,9626,INR,2025-05-30,Paid,2025-05-04 00:21:00,2025-05-08 00:21:00
INV0000398,MER000044,CUS000184,INV-2024-000398,921,INR,2024-12-08,Paid,2024-11-27 01:01:00,2024-11-29 01:01:00
INV0000399,MER000015,CUS000217,INV-2024-000399,6979,INR,2024-04-12,Paid,2024-03-15 11:45:00,2024-03-18 11:45:00
INV0000400,MER000044,CUS000078,INV-2024-000400,3581,INR,2025-04-19,Paid,2025-03-23 20:31:00,2025-04-14 20:31:00
INV0000401,MER000046,CUS000058,INV-2024-000401,3873,INR,2025-02-20,Paid,2025-01-22 09:46:00,2025-01-27 09:46:00
INV0000402,MER000001,CUS000243,INV-2024-000402,47542,INR,2025-02-16,Paid,2025-02-04 18:02:00,2025-02-16 18:02:00
INV0000403,MER000029,CUS000164,INV-2024-000403,9130,INR,2024-06-02,Paid,2024-05-24 10:47:00,2024-05-29 10:47:00
INV0000404,MER000022,CUS000163,INV-2024-000404,15815,INR,2025-12-04,Paid,2025-11-17 20:46:00,2025-11-25 20:46:00
INV0000405,MER000027,CUS000064,INV-2024-000405,6743,INR,2024-09-26,Paid,2024-09-19 03:46:00,2024-09-26 03:46:00
INV0000406,MER000054,CUS000249,INV-2024-000406,523,INR,2025-06-12,Paid,2025-05-19 12:22:00,2025-06-03 12:22:00
INV0000407,MER000029,CUS000042,INV-2024-000407,1548,INR,2024-11-12,Overdue,2024-10-28 00:20:00,
INV0000408,MER000010,CUS000088,INV-2024-000408,484,INR,2024-07-07,Overdue,2024-06-13 23:04:00,
INV0000409,MER000012,CUS000087,INV-2024-000409,8910,INR,2024-02-13,Paid,2024-02-01 13:41:00,2024-02-07 13:41:00
INV0000410,MER000021,CUS000014,INV-2024-000410,310,INR,2024-08-06,Pending,2024-07-13 13:44:00,
INV0000411,MER000070,CUS000068,INV-2024-000411,5873,INR,2024-09-19,Paid,2024-08-31 03:03:00,2024-09-15 03:03:00
INV0000412,MER000020,CUS000014,INV-2024-000412,8006,INR,2024-04-27,Paid,2024-03-30 09:52:00,2024-04-14 09:52:00
INV0000413,MER000026,CUS000025,INV-2024-000413,274,INR,2025-11-06,Pending,2025-10-15 09:05:00,
INV0000414,MER000040,CUS000201,INV-2024-000414,9014,INR,2025-12-04,Paid,2025-11-07 08:05:00,2025-11-12 08:05:00
INV0000415,MER000048,CUS000227,INV-2024-000415,4057,INR,2025-04-22,Paid,2025-04-01 01:16:00,2025-04-08 01:16:00
INV0000416,MER000035,CUS000145,INV-2024-000416,870,INR,2025-12-12,Paid,2025-11-14 03:05:00,2025-12-01 03:05:00
INV0000417,MER000053,CUS000249,INV-2024-000417,24911,INR,2025-08-08,Pending,2025-07-20 01:53:00,
INV0000418,MER000054,CUS000248,INV-2024-000418,8780,INR,2025-08-25,Paid,2025-08-09 07:30:00,2025-08-10 07:30:00
INV0000419,MER000065,CUS000147,INV-2024-000419,47453,INR,2025-12-04,Overdue,2025-11-24 19:09:00,
INV0000420,MER000058,CUS000045,INV-2024-000420,20956,INR,2024-08-12,Paid,2024-08-04 06:08:00,2024-08-10 06:08:00
INV0000421,MER000026,CUS000211,INV-2024-000421,5226,INR,2024-12-02,Paid,2024-11-23 23:58:00,2024-12-01 23:58:00
INV0000422,MER000051,CUS000142,INV-2024-000422,5526,INR,2025-06-23,Pending,2025-06-16 14:58:00,
INV0000423,MER000067,CUS000201,INV-2024-000423,7791,INR,2024-06-27,Paid,2024-06-02 04:36:00,2024-06-05 04:36:00
INV0000424,MER000014,CUS000145,INV-2024-000424,28750,INR,2025-07-22,Paid,2025-07-02 11:56:00,2025-07-22 11:56:00
INV0000425,MER000063,CUS000147,INV-2024-000425,1614,INR,2024-07-06,Paid,2024-06-25 08:25:00,2024-07-05 08:25:00
INV0000426,MER000052,CUS000010,INV-2024-000426,6432,INR,2024-09-22,Partially Paid,2024-08-31 01:47:00,2024-09-11 01:47:00
INV0000427,MER000003,CUS000087,INV-2024-000427,29862,INR,2024-12-06,Partially Paid,2024-11-14 08:53:00,2024-12-05 08:53:00
INV0000428,MER000013,CUS000249,INV-2024-000428,18808,INR,2024-11-20,Paid,2024-11-03 23:28:00,2024-11-16 23:28:00
INV0000429,MER000012,CUS000049,INV-2024-000429,7672,INR,2025-05-29,Pending,2025-05-11 16:55:00,
INV0000430,MER000066,CUS000203,INV-2024-000430,418,INR,2025-06-25,Partially Paid,2025-06-02 12:08:00,2025-06-02 12:08:00
INV0000431,MER000023,CUS000050,INV-2024-000431,23155,INR,2024-03-21,Paid,2024-02-29 07:02:00,2024-03-11 07:02:00
INV0000432,MER000026,CUS000071,INV-2024-000432,8606,INR,2025-06-11,Paid,2025-06-01 12:40:00,2025-06-04 12:40:00
INV0000433,MER000048,CUS000126,INV-2024-000433,3910,INR,2025-05-18,Paid,2025-04-30 18:35:00,2025-05-08 18:35:00
INV0000434,MER000012,CUS000073,INV-2024-000434,150,INR,2024-06-28,Partially Paid,2024-06-15 18:49:00,2024-06-25 18:49:00
INV0000435,MER000029,CUS000174,INV-2024-000435,7710,INR,2025-07-07,Paid,2025-06-09 00:55:00,2025-06-13 00:55:00
INV0000436,MER000023,CUS000154,INV-2024-000436,24665,INR,2024-10-01,Pending,2024-09-15 19:51:00,
INV0000437,MER000036,CUS000109,INV-2024-000437,32854,INR,2025-05-06,Paid,2025-04-15 08:13:00,2025-05-01 08:13:00
INV0000438,MER000051,CUS000150,INV-2024-000438,623,INR,2025-12-06,Paid,2025-11-09 11:35:00,2025-11-18 11:35:00
INV0000439,MER000039,CUS000176,INV-2024-000439,165,INR,2024-12-27,Partially Paid,2024-12-10 08:40:00,2024-12-18 08:40:00
INV0000440,MER000039,CUS000049,INV-2024-000440,883,INR,2024-09-29,Paid,2024-09-03 01:51:00,2024-09-13 01:51:00
INV0000441,MER000018,CUS000185,INV-2024-000441,609,INR,2024-11-18,Paid,2024-10-29 08:58:00,2024-10-30 08:58:00
INV0000442,MER000025,CUS000088,INV-2024-000442,24573,INR,2025-07-23,Partially Paid,2025-07-01 20:50:00,2025-07-22 20:50:00
INV0000443,MER000046,CUS000130,INV-2024-000443,3786,INR,2025-11-20,Paid,2025-11-04 17:11:00,2025-11-08 17:11:00
INV0000444,MER000034,CUS000186,INV-2024-000444,21998,INR,2025-12-06,Paid,2025-11-27 10:41:00,2025-11-30 10:41:00
INV0000445,MER000040,CUS000108,INV-2024-000445,31714,INR,2025-01-31,Paid,2025-01-15 08:37:00,2025-01-18 08:37:00
INV0000446,MER000061,CUS000014,INV-2024-000446,48246,INR,2025-09-08,Partially Paid,2025-08-17 19:04:00,2025-09-02 19:04:00
INV0000447,MER000016,CUS000223,INV-2024-000447,9681,INR,2024-11-12,Paid,2024-11-01 13:03:00,2024-11-04 13:03:00
INV0000448,MER000044,CUS000105,INV-2024-000448,169950,INR,2024-06-24,Paid,2024-05-26 10:55:00,2024-05-28 10:55:00
INV0000449,MER000063,CUS000086,INV-2024-000449,3898,INR,2024-11-23,Paid,2024-11-16 20:03:00,2024-11-19 20:03:00
INV0000450,MER000022,CUS000148,INV-2024-000450,42085,INR,2024-04-20,Paid,2024-03-31 04:39:00,2024-04-12 04:39:00
INV0000451,MER000055,CUS000248,INV-2024-000451,1077,INR,2024-03-09,Paid,2024-02-08 17:12:00,2024-02-08 17:12:00
INV0000452,MER000042,CUS000194,INV-2024-000452,22490,INR,2024-02-15,Pending,2024-01-19 21:00:00,
INV0000453,MER000029,CUS000178,INV-2024-000453,30454,INR,2024-06-04,Paid,2024-05-12 03:24:00,2024-05-17 03:24:00
INV0000454,MER000009,CUS000211,INV-2024-000454,397,INR,2025-05-07,Paid,2025-04-11 23:33:00,2025-04-24 23:33:00
INV0000455,MER000018,CUS000088,INV-2024-000455,178498,INR,2025-01-21,Paid,2025-01-02 06:10:00,2025-01-09 06:10:00
INV0000456,MER000017,CUS000055,INV-2024-000456,48647,INR,2025-06-18,Pending,2025-05-31 05:07:00,
INV0000457,MER000005,CUS000097,INV-2024-000457,26764,INR,2025-07-27,Cancelled,2025-07-01 19:03:00,
INV0000458,MER000014,CUS000168,INV-2024-000458,13162,INR,2024-05-17,Paid,2024-04-28 13:28:00,2024-05-06 13:28:00
INV0000459,MER000061,CUS000180,INV-2024-000459,811,INR,2025-10-27,Paid,2025-10-07 00:19:00,2025-10-23 00:19:00
INV0000460,MER000035,CUS000160,INV-2024-000460,3248,INR,2025-04-03,Paid,2025-03-04 03:32:00,2025-03-13 03:32:00
INV0000461,MER000015,CUS000201,INV-2024-000461,303,INR,2025-09-30,Pending,2025-09-15 06:49:00,
INV0000462,MER000026,CUS000092,INV-2024-000462,29357,INR,2024-07-05,Partially Paid,2024-06-13 01:35:00,2024-07-05 01:35:00
INV0000463,MER000062,CUS000085,INV-2024-000463,1209,INR,2025-11-28,Pending,2025-11-18 02:58:00,
INV0000464,MER000064,CUS000039,INV-2024-000464,43536,INR,2024-03-27,Partially Paid,2024-03-17 23:46:00,2024-03-27 23:46:00
INV0000465,MER000030,CUS000117,INV-2024-000465,127601,INR,2024-10-07,Pending,2024-09-27 14:03:00,
INV0000466,MER000006,CUS000219,INV-2024-000466,6124,INR,2025-03-22,Partially Paid,2025-03-12 23:07:00,2025-03-12 23:07:00
INV0000467,MER000002,CUS000219,INV-2024-000467,762,INR,2024-07-14,Overdue,2024-06-23 10:22:00,
INV0000468,MER000035,CUS000225,INV-2024-000468,34421,INR,2025-01-04,Paid,2024-12-16 05:07:00,2024-12-30 05:07:00
INV0000469,MER000035,CUS000214,INV-2024-000469,8836,INR,2025-03-19,Paid,2025-03-07 20:56:00,2025-03-18 20:56:00
INV0000470,MER000008,CUS000242,INV-2024-000470,16797,INR,2025-03-27,Paid,2025-03-02 18:30:00,2025-03-07 18:30:00
INV0000471,MER000049,CUS000200,INV-2024-000471,1473,INR,2025-12-12,Paid,2025-12-01 23:57:00,2025-12-08 23:57:00
INV0000472,MER000015,CUS000228,INV-2024-000472,1754,INR,2024-03-22,Paid,2024-03-05 08:41:00,2024-03-21 08:41:00
INV0000473,MER000029,CUS000245,INV-2024-000473,6543,INR,2025-07-14,Paid,2025-06-15 16:44:00,2025-06-28 16:44:00
INV0000474,MER000032,CUS000124,INV-2024-000474,7306,INR,2024-06-27,Paid,2024-06-01 17:57:00,2024-06-21 17:57:00
INV0000475,MER000021,CUS000130,INV-2024-000475,42496,INR,2024-07-10,Paid,2024-06-18 02:48:00,2024-06-28 02:48:00
INV0000476,MER000036,CUS000013,INV-2024-000476,7204,INR,2025-03-09,Paid,2025-02-16 07:05:00,2025-03-06 07:05:00
INV0000477,MER000058,CUS000023,INV-2024-000477,39300,INR,2024-12-19,Paid,2024-11-19 03:31:00,2024-11-22 03:31:00
INV0000478,MER000052,CUS000106,INV-2024-000478,662,INR,2024-01-27,Overdue,2024-01-01 02:50:00,
INV0000479,MER000039,CUS000228,INV-2024-000479,4390,INR,2025-11-18,Paid,2025-11-01 21:29:00,2025-11-02 21:29:00
INV0000480,MER000029,CUS000217,INV-2024-000480,8752,INR,2025-11-24,Paid,2025-11-03 11:45:00,2025-11-24 11:45:00
INV0000481,MER000029,CUS000001,INV-2024-000481,5784,INR,2025-08-12,Paid,2025-07-14 16:23:00,2025-08-11 16:23:00
INV0000482,MER000022,CUS000127,INV-2024-000482,834,INR,2025-03-21,Paid,2025-02-23 03:16:00,2025-02-26 03:16:00
INV0000483,MER000051,CUS000056,INV-2024-000483,4123,INR,2025-01-01,Paid,2024-12-12 03:48:00,2025-01-01 03:48:00
INV0000484,MER000016,CUS000198,INV-2024-000484,39976,INR,2025-11-16,Overdue,2025-11-05 18:32:00,
INV0000485,MER000001,CUS000136,INV-2024-000485,46257,INR,2025-04-11,Pending,2025-03-19 18:30:00,
INV0000486,MER000023,CUS000178,INV-2024-000486,3104,INR,2024-05-12,Paid,2024-04-16 12:42:00,2024-04-26 12:42:00
INV0000487,MER000065,CUS000226,INV-2024-000487,5068,INR,2024-10-23,Paid,2024-10-07 12:21:00,2024-10-11 12:21:00
INV0000488,MER000018,CUS000106,INV-2024-000488,9394,INR,2024-11-19,Pending,2024-11-02 22:35:00,
INV0000489,MER000028,CUS000052,INV-2024-000489,5761,INR,2025-01-17,Paid,2024-12-19 21:08:00,2024-12-24 21:08:00
INV0000490,MER000065,CUS000139,INV-2024-000490,6282,INR,2024-05-20,Paid,2024-04-28 11:35:00,2024-05-19 11:35:00
INV0000491,MER000054,CUS000173,INV-2024-000491,44990,INR,2024-10-26,Paid,2024-10-19 13:51:00,2024-10-19 13:51:00
INV0000492,MER000049,CUS000038,INV-2024-000492,157,INR,2024-08-04,Cancelled,2024-07-23 08:48:00,
INV0000493,MER000033,CUS000038,INV-2024-000493,29343,INR,2024-08-14,Pending,2024-07-27 17:02:00,
INV0000494,MER000014,CUS000158,INV-2024-000494,46824,INR,2024-09-10,Paid,2024-08-17 23:41:00,2024-09-02 23:41:00
INV0000495,MER000037,CUS000178,INV-2024-000495,7252,INR,2025-02-28,Paid,2025-01-31 13:50:00,2025-02-17 13:50:00
INV0000496,MER000007,CUS000004,INV-2024-000496,23310,INR,2025-10-11,Partially Paid,2025-09-27 14:53:00,2025-10-08 14:53:00
INV0000497,MER000048,CUS000194,INV-2024-000497,4219,INR,2024-07-29,Cancelled,2024-07-17 09:28:00,
INV0000498,MER000010,CUS000048,INV-2024-000498,242697,INR,2025-06-18,Paid,2025-06-10 03:24:00,2025-06-18 03:24:00
INV0000499,MER000034,CUS000034,INV-2024-000499,966,INR,2024-10-09,Pending,2024-09-18 00:21:00,
INV0000500,MER000020,CUS000011,INV-2024-000500,430,INR,2025-09-30,Paid,2025-09-03 01:49:00,2025-09-24 01:49:00
INV0000501,MER000039,CUS000126,INV-2024-000501,46056,INR,2025-01-30,Paid,2025-01-01 02:50:00,2025-01-08 02:50:00
INV0000502,MER000024,CUS000134,INV-2024-000502,617,INR,2024-07-06,Paid,2024-06-12 13:34:00,2024-06-23 13:34:00
INV0000503,MER000029,CUS000227,INV-2024-000503,6438,INR,2024-12-18,Overdue,2024-12-05 11:18:00,
INV0000504,MER000068,CUS000122,INV-2024-000504,247168,INR,2025-11-23,Paid,2025-10-26 00:07:00,2025-11-02 00:07:00
INV0000505,MER000032,CUS000246,INV-2024-000505,428,INR,2025-02-09,Paid,2025-01-25 03:24:00,2025-02-03 03:24:00
INV0000506,MER000004,CUS000234,INV-2024-000506,7144,INR,2025-07-02,Paid,2025-06-10 16:28:00,2025-06-30 16:28:00
INV0000507,MER000025,CUS000083,INV-2024-000507,2573,INR,2024-06-27,Paid,2024-06-20 17:34:00,2024-06-23 17:34:00
INV0000508,MER000028,CUS000222,INV-2024-000508,2703,INR,2024-08-27,Partially Paid,2024-07-29 17:53:00,2024-08-21 17:53:00
INV0000509,MER000056,CUS000166,INV-2024-000509,14727,INR,2024-07-05,Paid,2024-06-06 00:29:00,2024-06-08 00:29:00
INV0000510,MER000010,CUS000014,INV-2024-000510,357,INR,2025-08-08,Partially Paid,2025-07-25 02:36:00,2025-07-31 02:36:00
INV0000511,MER000050,CUS000116,INV-2024-000511,8095,INR,2024-12-17,Paid,2024-11-19 00:24:00,2024-11-19 00:24:00
INV0000512,MER000009,CUS000194,INV-2024-000512,12983,INR,2024-04-07,Paid,2024-03-15 11:59:00,2024-04-05 11:59:00
INV0000513,MER000039,CUS000156,INV-2024-000513,883,INR,2025-04-21,Paid,2025-03-24 12:25:00,2025-03-29 12:25:00
INV0000514,MER000069,CUS000057,INV-2024-000514,500,INR,2025-07-23,Paid,2025-07-12 09:40:00,2025-07-23 09:40:00
INV0000515,MER000048,CUS000246,INV-2024-000515,46276,INR,2025-07-30,Paid,2025-07-22 04:07:00,2025-07-28 04:07:00
INV0000516,MER000069,CUS000141,INV-2024-000516,29969,INR,2024-09-02,Paid,2024-08-03 23:47:00,2024-08-16 23:47:00
INV0000517,MER000066,CUS000037,INV-2024-000517,326,INR,2025-10-03,Paid,2025-09-23 08:12:00,2025-10-02 08:12:00
INV0000518,MER000007,CUS000218,INV-2024-000518,45970,INR,2025-04-26,Paid,2025-04-17 20:35:00,2025-04-18 20:35:00
INV0000519,MER000033,CUS000026,INV-2024-000519,694,INR,2025-05-24,Paid,2025-05-13 10:22:00,2025-05-16 10:22:00
INV0000520,MER000013,CUS000073,INV-2024-000520,4171,INR,2024-12-08,Paid,2024-11-21 15:28:00,2024-11-30 15:28:00
INV0000521,MER000020,CUS000145,INV-2024-000521,6183,INR,2025-03-31,Paid,2025-03-14 05:00:00,2025-03-21 05:00:00
INV0000522,MER000056,CUS000071,INV-2024-000522,18802,INR,2025-12-18,Paid,2025-11-26 23:21:00,2025-12-07 23:21:00
INV0000523,MER000040,CUS000125,INV-2024-000523,3880,INR,2025-11-07,Partially Paid,2025-10-23 19:05:00,2025-10-27 19:05:00
INV0000524,MER000069,CUS000051,INV-2024-000524,2253,INR,2024-04-10,Paid,2024-03-18 00:54:00,2024-04-05 00:54:00
INV0000525,MER000052,CUS000197,INV-2024-000525,1601,INR,2025-08-11,Paid,2025-07-18 08:34:00,2025-08-11 08:34:00
INV0000526,MER000020,CUS000094,INV-2024-000526,5768,INR,2024-06-09,Paid,2024-05-17 14:32:00,2024-05-28 14:32:00
INV0000527,MER000065,CUS000003,INV-2024-000527,3718,INR,2025-06-22,Paid,2025-06-10 04:28:00,2025-06-19 04:28:00
INV0000528,MER000019,CUS000189,INV-2024-000528,33515,INR,2024-03-04,Paid,2024-02-11 07:48:00,2024-02-19 07:48:00
INV0000529,MER000048,CUS000060,INV-2024-000529,311,INR,2025-07-06,Partially Paid,2025-06-14 11:24:00,2025-06-15 11:24:00
INV0000530,MER000006,CUS000167,INV-2024-000530,9543,INR,2025-11-09,Paid,2025-10-10 08:53:00,2025-10-27 08:53:00
INV0000531,MER000023,CUS000097,INV-2024-000531,6986,INR,2025-09-02,Paid,2025-08-24 20:57:00,2025-08-30 20:57:00
INV0000532,MER000029,CUS000133,INV-2024-000532,6654,INR,2025-06-08,Paid,2025-05-13 15:56:00,2025-05-17 15:56:00
INV0000533,MER000057,CUS000043,INV-2024-000533,9431,INR,2025-10-31,Paid,2025-10-20 08:13:00,2025-10-25 08:13:00
INV0000534,MER000016,CUS000170,INV-2024-000534,6411,INR,2024-05-18,Paid,2024-04-26 15:43:00,2024-05-14 15:43:00
INV0000535,MER000021,CUS000166,INV-2024-000535,11472,INR,2024-10-01,Paid,2024-09-06 01:08:00,2024-09-10 01:08:00
INV0000536,MER000066,CUS000011,INV-2024-000536,19625,INR,2024-03-10,Paid,2024-02-27 05:16:00,2024-03-04 05:16:00
INV0000537,MER000003,CUS000225,INV-2024-000537,28577,INR,2024-04-23,Cancelled,2024-03-28 06:28:00,
INV0000538,MER000062,CUS000044,INV-2024-000538,7731,INR,2025-10-02,Pending,2025-09-07 04:50:00,
INV0000539,MER000024,CUS000160,INV-2024-000539,5334,INR,2024-07-07,Partially Paid,2024-06-20 23:43:00,2024-06-22 23:43:00
INV0000540,MER000030,CUS000097,INV-2024-000540,2779,INR,2024-02-09,Paid,2024-01-17 06:33:00,2024-01-21 06:33:00
INV0000541,MER000013,CUS000046,INV-2024-000541,1640,INR,2025-07-08,Paid,2025-06-28 16:48:00,2025-07-08 16:48:00
INV0000542,MER000017,CUS000231,INV-2024-000542,1020,INR,2025-12-18,Paid,2025-11-25 20:27:00,2025-11-26 20:27:00
INV0000543,MER000068,CUS000110,INV-2024-000543,8900,INR,2025-02-24,Partially Paid,2025-01-25 11:37:00,2025-02-20 11:37:00
INV0000544,MER000013,CUS000109,INV-2024-000544,588,INR,2024-09-21,Partially Paid,2024-08-26 02:18:00,2024-09-08 02:18:00
INV0000545,MER000033,CUS000049,INV-2024-000545,861,INR,2024-01-18,Paid,2024-01-08 18:33:00,2024-01-14 18:33:00
INV0000546,MER000027,CUS000177,INV-2024-000546,36795,INR,2025-01-25,Paid,2025-01-05 03:09:00,2025-01-13 03:09:00
INV0000547,MER000034,CUS000219,INV-2024-000547,6991,INR,2025-10-07,Pending,2025-09-18 08:43:00,
INV0000548,MER000053,CUS000142,INV-2024-000548,41620,INR,2024-07-26,Paid,2024-07-02 11:35:00,2024-07-11 11:35:00
INV0000549,MER000045,CUS000199,INV-2024-000549,19049,INR,2025-11-20,Paid,2025-11-06 03:47:00,2025-11-17 03:47:00
INV0000550,MER000021,CUS000026,INV-2024-000550,7563,INR,2025-01-10,Paid,2024-12-12 17:39:00,2024-12-13 17:39:00
INV0000551,MER000021,CUS000100,INV-2024-000551,51387,INR,2024-04-29,Paid,2024-04-03 04:30:00,2024-04-05 04:30:00
INV0000552,MER000034,CUS000057,INV-2024-000552,1619,INR,2025-02-24,Paid,2025-01-28 12:39:00,2025-02-19 12:39:00
INV0000553,MER000008,CUS000243,INV-2024-000553,21487,INR,2025-10-24,Paid,2025-10-17 15:28:00,2025-10-21 15:28:00
INV0000554,MER000025,CUS000009,INV-2024-000554,43460,INR,2025-07-08,Paid,2025-06-12 22:14:00,2025-06-13 22:14:00
INV0000555,MER000047,CUS000062,INV-2024-000555,3580,INR,2024-04-17,Paid,2024-03-29 08:49:00,2024-04-10 08:49:00
INV0000556,MER000052,CUS000151,INV-2024-000556,1252,INR,2024-03-27,Pending,2024-03-11 02:35:00,
INV0000557,MER000045,CUS000089,INV-2024-000557,122485,INR,2024-09-09,Partially Paid,2024-08-19 19:12:00,2024-09-06 19:12:00
INV0000558,MER000001,CUS000067,INV-2024-000558,618,INR,2024-05-12,Paid,2024-04-19 17:04:00,2024-04-22 17:04:00
INV0000559,MER000066,CUS000245,INV-2024-000559,9814,INR,2025-09-01,Overdue,2025-08-11 08:44:00,
INV0000560,MER000062,CUS000198,INV-2024-000560,6566,INR,2025-05-09,Partially Paid,2025-04-14 21:29:00,2025-04-29 21:29:00
INV0000561,MER000015,CUS000067,INV-2024-000561,748,INR,2024-08-27,Pending,2024-08-13 21:44:00,
INV0000562,MER000053,CUS000245,INV-2024-000562,9777,INR,2024-01-25,Paid,2024-01-10 22:53:00,2024-01-12 22:53:00
INV0000563,MER000052,CUS000173,INV-2024-000563,32413,INR,2024-03-30,Paid,2024-03-18 17:59:00,2024-03-23 17:59:00
INV0000564,MER000028,CUS000229,INV-2024-000564,3995,INR,2025-12-30,Paid,2025-11-30 06:31:00,2025-12-23 06:31:00
INV0000565,MER000031,CUS000224,INV-2024-000565,4756,INR,2024-08-21,Paid,2024-07-26 07:53:00,2024-08-19 07:53:00
INV0000566,MER000014,CUS000031,INV-2024-000566,42288,INR,2025-10-14,Overdue,2025-09-20 00:48:00,
INV0000567,MER000062,CUS000096,INV-2024-000567,9067,INR,2025-08-23,Cancelled,2025-08-11 08:31:00,
INV0000568,MER000066,CUS000072,INV-2024-000568,3102,INR,2024-03-16,Paid,2024-02-25 16:51:00,2024-03-13 16:51:00
INV0000569,MER000005,CUS000129,INV-2024-000569,3864,INR,2025-05-06,Paid,2025-04-13 03:44:00,2025-05-05 03:44:00
INV0000570,MER000002,CUS000004,INV-2024-000570,7217,INR,2025-09-04,Paid,2025-08-17 03:20:00,2025-08-25 03:20:00
INV0000571,MER000024,CUS000141,INV-2024-000571,5414,INR,2025-05-15,Paid,2025-04-27 19:21:00,2025-05-10 19:21:00
INV0000572,MER000027,CUS000108,INV-2024-000572,34400,INR,2025-01-29,Paid,2025-01-08 12:17:00,2025-01-12 12:17:00
INV0000573,MER000030,CUS000209,INV-2024-000573,376,INR,2024-09-17,Paid,2024-08-29 17:27:00,2024-09-02 17:27:00
INV0000574,MER000061,CUS000207,INV-2024-000574,531,INR,2025-06-22,Paid,2025-05-26 04:57:00,2025-06-18 04:57:00
INV0000575,MER000041,CUS000202,INV-2024-000575,5112,INR,2025-08-17,Paid,2025-07-29 18:03:00,2025-08-03 18:03:00
INV0000576,MER000008,CUS000056,INV-2024-000576,41231,INR,2025-11-05,Paid,2025-10-06 03:28:00,2025-10-17 03:28:00
INV0000577,MER000047,CUS000144,INV-2024-000577,5223,INR,2024-12-28,Paid,2024-12-18 00:26:00,2024-12-28 00:26:00
INV0000578,MER000026,CUS000148,INV-2024-000578,9822,INR,2024-07-14,Paid,2024-06-27 09:22:00,2024-07-12 09:22:00
INV0000579,MER000058,CUS000228,INV-2024-000579,728,INR,2024-10-31,Partially Paid,2024-10-20 14:40:00,2024-10-30 14:40:00
INV0000580,MER000044,CUS000108,INV-2024-000580,7632,INR,2024-03-31,Paid,2024-03-14 02:10:00,2024-03-24 02:10:00
INV0000581,MER000038,CUS000182,INV-2024-000581,7480,INR,2024-10-22,Pending,2024-10-04 14:49:00,
INV0000582,MER000067,CUS000248,INV-2024-000582,3742,INR,2024-08-06,Paid,2024-07-07 00:08:00,2024-07-15 00:08:00
INV0000583,MER000011,CUS000054,INV-2024-000583,205,INR,2024-04-29,Paid,2024-04-07 02:59:00,2024-04-07 02:59:00
INV0000584,MER000051,CUS000135,INV-2024-000584,15456,INR,2024-04-27,Paid,2024-04-16 08:39:00,2024-04-22 08:39:00
INV0000585,MER000040,CUS000059,INV-2024-000585,5656,INR,2025-04-09,Paid,2025-03-29 20:08:00,2025-03-31 20:08:00
INV0000586,MER000004,CUS000009,INV-2024-000586,6329,INR,2025-05-26,Overdue,2025-05-02 14:55:00,
INV0000587,MER000057,CUS000035,INV-2024-000587,232878,INR,2025-08-01,Paid,2025-07-06 05:37:00,2025-07-29 05:37:00
INV0000588,MER000056,CUS000135,INV-2024-000588,9746,INR,2024-12-07,Paid,2024-11-13 11:30:00,2024-11-15 11:30:00
INV0000589,MER000057,CUS000079,INV-2024-000589,5257,INR,2024-06-15,Paid,2024-06-08 09:00:00,2024-06-10 09:00:00
INV0000590,MER000045,CUS000074,INV-2024-000590,1137,INR,2025-05-25,Pending,2025-05-18 15:19:00,
INV0000591,MER000038,CUS000153,INV-2024-000591,1119,INR,2025-08-04,Partially Paid,2025-07-15 11:12:00,2025-07-28 11:12:00
INV0000592,MER000051,CUS000064,INV-2024-000592,854,INR,2025-11-11,Paid,2025-10-23 12:53:00,2025-10-25 12:53:00
INV0000593,MER000055,CUS000161,INV-2024-000593,5455,INR,2024-11-11,Pending,2024-10-18 20:47:00,
INV0000594,MER000053,CUS000049,INV-2024-000594,21955,INR,2024-06-15,Paid,2024-05-19 09:07:00,2024-06-02 09:07:00
INV0000595,MER000035,CUS000180,INV-2024-000595,4077,INR,2024-12-02,Overdue,2024-11-24 00:09:00,
INV0000596,MER000003,CUS000048,INV-2024-000596,123955,INR,2024-10-23,Pending,2024-10-02 04:45:00,
INV0000597,MER000030,CUS000024,INV-2024-000597,605,INR,2024-08-26,Pending,2024-08-10 10:26:00,
INV0000598,MER000064,CUS000096,INV-2024-000598,1520,INR,2024-12-15,Paid,2024-12-04 02:53:00,2024-12-10 02:53:00
INV0000599,MER000010,CUS000140,INV-2024-000599,4149,INR,2024-09-20,Paid,2024-09-13 12:53:00,2024-09-16 12:53:00
INV0000600,MER000050,CUS000198,INV-2024-000600,114793,INR,2024-03-05,Pending,2024-02-04 06:29:00,
INV0000601,MER000067,CUS000171,INV-2024-000601,173949,INR,2025-02-19,Paid,2025-02-02 21:19:00,2025-02-03 21:19:00
INV0000602,MER000067,CUS000032,INV-2024-000602,5896,INR,2024-07-30,Partially Paid,2024-07-22 11:56:00,2024-07-25 11:56:00
INV0000603,MER000015,CUS000061,INV-2024-000603,6317,INR,2024-01-31,Paid,2024-01-16 05:50:00,2024-01-28 05:50:00
INV0000604,MER000032,CUS000003,INV-2024-000604,202326,INR,2025-05-12,Paid,2025-05-01 22:38:00,2025-05-02 22:38:00
INV0000605,MER000032,CUS000041,INV-2024-000605,6545,INR,2025-10-20,Paid,2025-10-02 01:03:00,2025-10-19 01:03:00
INV0000606,MER000014,CUS000033,INV-2024-000606,6190,INR,2025-08-12,Pending,2025-07-25 20:48:00,
INV0000607,MER000057,CUS000188,INV-2024-000607,805,INR,2025-02-01,Paid,2025-01-21 11:46:00,2025-01-21 11:46:00
INV0000608,MER000063,CUS000181,INV-2024-000608,5829,INR,2025-07-22,Paid,2025-07-09 22:31:00,2025-07-17 22:31:00
INV0000609,MER000045,CUS000083,INV-2024-000609,28044,INR,2025-09-14,Paid,2025-09-05 17:10:00,2025-09-12 17:10:00
INV0000610,MER000038,CUS000210,INV-2024-000610,7015,INR,2025-05-06,Paid,2025-04-09 00:49:00,2025-05-02 00:49:00
INV0000611,MER000024,CUS000227,INV-2024-000611,977,INR,2025-01-24,Pending,2025-01-07 19:15:00,
INV0000612,MER000069,CUS000210,INV-2024-000612,9587,INR,2025-12-24,Paid,2025-11-30 15:49:00,2025-12-09 15:49:00
INV0000613,MER000042,CUS000105,INV-2024-000613,2810,INR,2024-04-17,Paid,2024-04-08 16:42:00,2024-04-10 16:42:00
INV0000614,MER000023,CUS000224,INV-2024-000614,209,INR,2025-05-20,Paid,2025-05-12 06:06:00,2025-05-18 06:06:00
INV0000615,MER000063,CUS000135,INV-2024-000615,5194,INR,2024-03-17,Pending,2024-02-20 11:14:00,
INV0000616,MER000002,CUS000239,INV-2024-000616,42205,INR,2024-04-18,Paid,2024-03-22 14:51:00,2024-04-08 14:51:00
INV0000617,MER000054,CUS000211,INV-2024-000617,1956,INR,2025-10-01,Pending,2025-09-23 08:33:00,
INV0000618,MER000039,CUS000020,INV-2024-000618,44045,INR,2024-04-23,Paid,2024-04-09 03:46:00,2024-04-12 03:46:00
INV0000619,MER000025,CUS000135,INV-2024-000619,3932,INR,2025-08-14,Pending,2025-07-25 23:35:00,
INV0000620,MER000046,CUS000173,INV-2024-000620,7998,INR,2024-04-28,Paid,2024-04-16 05:50:00,2024-04-24 05:50:00
INV0000621,MER000044,CUS000169,INV-2024-000621,714,INR,2025-04-15,Paid,2025-03-29 11:57:00,2025-04-08 11:57:00
INV0000622,MER000048,CUS000106,INV-2024-000622,38220,INR,2024-12-22,Paid,2024-11-27 19:15:00,2024-12-09 19:15:00
INV0000623,MER000033,CUS000093,INV-2024-000623,167310,INR,2025-02-18,Cancelled,2025-02-10 00:46:00,
INV0000624,MER000003,CUS000133,INV-2024-000624,409,INR,2024-01-20,Partially Paid,2024-01-07 09:14:00,2024-01-07 09:14:00
INV0000625,MER000036,CUS000236,INV-2024-000625,3535,INR,2024-04-24,Paid,2024-04-06 01:29:00,2024-04-14 01:29:00
INV0000626,MER000047,CUS000228,INV-2024-000626,4818,INR,2024-10-14,Paid,2024-09-19 09:05:00,2024-09-25 09:05:00
INV0000627,MER000010,CUS000186,INV-2024-000627,8906,INR,2024-07-25,Pending,2024-06-26 15:52:00,
INV0000628,MER000013,CUS000153,INV-2024-000628,1613,INR,2025-08-21,Partially Paid,2025-08-13 12:05:00,2025-08-18 12:05:00
INV0000629,MER000045,CUS000226,INV-2024-000629,37298,INR,2024-05-30,Pending,2024-05-03 07:47:00,
INV0000630,MER000002,CUS000163,INV-2024-000630,35067,INR,2024-03-04,Paid,2024-02-25 09:33:00,2024-02-27 09:33:00
INV0000631,MER000042,CUS000129,INV-2024-000631,3510,INR,2024-03-11,Overdue,2024-02-21 21:46:00,
INV0000632,MER000065,CUS000024,INV-2024-000632,5748,INR,2025-02-24,Paid,2025-02-07 04:08:00,2025-02-08 04:08:00
INV0000633,MER000052,CUS000068,INV-2024-000633,613,INR,2025-03-31,Paid,2025-03-20 22:08:00,2025-03-23 22:08:00
INV0000634,MER000063,CUS000102,INV-2024-000634,4213,INR,2025-08-20,Paid,2025-07-28 19:47:00,2025-07-30 19:47:00
INV0000635,MER000035,CUS000199,INV-2024-000635,2468,INR,2024-05-15,Paid,2024-04-25 21:26:00,2024-05-01 21:26:00
INV0000636,MER000042,CUS000089,INV-2024-000636,1397,INR,2024-12-04,Pending,2024-11-08 05:22:00,
INV0000637,MER000057,CUS000160,INV-2024-000637,145,INR,2024-09-14,Paid,2024-08-27 06:43:00,2024-08-29 06:43:00
INV0000638,MER000015,CUS000190,INV-2024-000638,735,INR,2024-06-17,Paid,2024-05-31 09:00:00,2024-06-03 09:00:00
INV0000639,MER000040,CUS000116,INV-2024-000639,6438,INR,2024-08-15,Paid,2024-08-02 23:34:00,2024-08-10 23:34:00
INV0000640,MER000034,CUS000141,INV-2024-000640,3316,INR,2025-12-10,Partially Paid,2025-11-15 00:24:00,2025-12-01 00:24:00
INV0000641,MER000006,CUS000066,INV-2024-000641,390,INR,2024-08-08,Paid,2024-07-24 22:39:00,2024-07-24 22:39:00
INV0000642,MER000009,CUS000100,INV-2024-000642,6902,INR,2024-05-17,Paid,2024-04-20 00:18:00,2024-05-02 00:18:00
INV0000643,MER000066,CUS000182,INV-2024-000643,423,INR,2025-05-20,Paid,2025-05-11 19:34:00,2025-05-19 19:34:00
INV0000644,MER000059,CUS000144,INV-2024-000644,11409,INR,2024-03-04,Paid,2024-02-10 07:59:00,2024-02-25 07:59:00
INV0000645,MER000051,CUS000191,INV-2024-000645,455,INR,2025-12-28,Paid,2025-12-01 11:22:00,2025-12-17 11:22:00
INV0000646,MER000036,CUS000208,INV-2024-000646,363,INR,2025-02-15,Paid,2025-01-31 00:35:00,2025-02-10 00:35:00
INV0000647,MER000051,CUS000169,INV-2024-000647,847,INR,2025-02-21,Partially Paid,2025-01-26 16:43:00,2025-02-16 16:43:00
INV0000648,MER000030,CUS000107,INV-2024-000648,3503,INR,2025-04-07,Paid,2025-03-12 09:58:00,2025-03-29 09:58:00
INV0000649,MER000017,CUS000053,INV-2024-000649,9870,INR,2025-12-12,Paid,2025-12-01 06:55:00,2025-12-12 06:55:00
INV0000650,MER000068,CUS000233,INV-2024-000650,888,INR,2024-06-22,Partially Paid,2024-05-28 20:59:00,2024-06-07 20:59:00
INV0000651,MER000009,CUS000143,INV-2024-000651,2940,INR,2024-07-18,Pending,2024-07-07 10:53:00,
INV0000652,MER000041,CUS000226,INV-2024-000652,157808,INR,2024-12-03,Overdue,2024-11-06 14:47:00,
INV0000653,MER000036,CUS000039,INV-2024-000653,16998,INR,2024-06-09,Paid,2024-05-14 05:01:00,2024-06-02 05:01:00
INV0000654,MER000030,CUS000153,INV-2024-000654,1428,INR,2025-01-24,Paid,2025-01-02 02:44:00,2025-01-21 02:44:00
INV0000655,MER000061,CUS000183,INV-2024-000655,4015,INR,2025-02-11,Paid,2025-01-31 15:30:00,2025-02-03 15:30:00
INV0000656,MER000005,CUS000105,INV-2024-000656,10984,INR,2024-11-02,Paid,2024-10-03 13:14:00,2024-10-09 13:14:00
INV0000657,MER000027,CUS000017,INV-2024-000657,549,INR,2025-10-10,Partially Paid,2025-09-23 15:44:00,2025-09-30 15:44:00
INV0000658,MER000055,CUS000104,INV-2024-000658,49842,INR,2025-02-12,Paid,2025-01-24 23:20:00,2025-02-11 23:20:00
INV0000659,MER000069,CUS000135,INV-2024-000659,1631,INR,2025-07-08,Pending,2025-06-17 03:28:00,
INV0000660,MER000006,CUS000225,INV-2024-000660,185975,INR,2025-07-12,Paid,2025-07-04 12:47:00,2025-07-12 12:47:00
INV0000661,MER000007,CUS000049,INV-2024-000661,7522,INR,2024-11-19,Paid,2024-11-07 09:29:00,2024-11-16 09:29:00
INV0000662,MER000007,CUS000177,INV-2024-000662,3331,INR,2025-04-28,Pending,2025-04-19 20:28:00,
INV0000663,MER000015,CUS000047,INV-2024-000663,45810,INR,2024-06-04,Paid,2024-05-18 12:26:00,2024-05-23 12:26:00
INV0000664,MER000059,CUS000152,INV-2024-000664,23234,INR,2025-04-27,Paid,2025-04-10 02:16:00,2025-04-15 02:16:00
INV0000665,MER000016,CUS000024,INV-2024-000665,560,INR,2025-11-03,Pending,2025-10-11 11:05:00,
INV0000666,MER000066,CUS000157,INV-2024-000666,34818,INR,2025-07-29,Partially Paid,2025-07-17 12:02:00,2025-07-26 12:02:00
INV0000667,MER000020,CUS000042,INV-2024-000667,21723,INR,2024-03-09,Pending,2024-02-22 13:19:00,
INV0000668,MER000058,CUS000074,INV-2024-000668,2927,INR,2024-06-09,Pending,2024-05-14 06:00:00,
INV0000669,MER000002,CUS000118,INV-2024-000669,9170,INR,2025-08-01,Paid,2025-07-10 00:38:00,2025-07-28 00:38:00
INV0000670,MER000061,CUS000117,INV-2024-000670,2301,INR,2025-09-21,Partially Paid,2025-09-07 19:00:00,2025-09-11 19:00:00
INV0000671,MER000027,CUS000013,INV-2024-000671,156,INR,2025-11-10,Partially Paid,2025-10-30 11:02:00,2025-11-09 11:02:00
INV0000672,MER000039,CUS000085,INV-2024-000672,13214,INR,2024-05-03,Paid,2024-04-21 13:11:00,2024-04-30 13:11:00
INV0000673,MER000023,CUS000248,INV-2024-000673,6902,INR,2024-02-22,Paid,2024-02-06 02:49:00,2024-02-18 02:49:00
INV0000674,MER000009,CUS000195,INV-2024-000674,2064,INR,2024-11-05,Paid,2024-10-26 15:08:00,2024-10-30 15:08:00
INV0000675,MER000043,CUS000135,INV-2024-000675,4439,INR,2024-08-12,Paid,2024-08-02 19:03:00,2024-08-12 19:03:00
INV0000676,MER000068,CUS000023,INV-2024-000676,5706,INR,2025-03-30,Paid,2025-03-13 19:54:00,2025-03-24 19:54:00
INV0000677,MER000017,CUS000158,INV-2024-000677,9515,INR,2025-10-21,Partially Paid,2025-10-09 15:31:00,2025-10-12 15:31:00
INV0000678,MER000038,CUS000050,INV-2024-000678,124,INR,2025-05-01,Pending,2025-04-21 20:50:00,
INV0000679,MER000027,CUS000205,INV-2024-000679,7794,INR,2025-03-17,Paid,2025-02-27 01:21:00,2025-03-05 01:21:00
INV0000680,MER000002,CUS000164,INV-2024-000680,5615,INR,2024-10-03,Paid,2024-09-17 02:19:00,2024-09-27 02:19:00
INV0000681,MER000001,CUS000030,INV-2024-000681,6593,INR,2025-03-07,Overdue,2025-02-09 23:36:00,
INV0000682,MER000023,CUS000050,INV-2024-000682,6537,INR,2025-12-11,Pending,2025-11-19 15:58:00,
INV0000683,MER000018,CUS000124,INV-2024-000683,571,INR,2025-07-23,Partially Paid,2025-07-03 10:29:00,2025-07-04 10:29:00
INV0000684,MER000067,CUS000077,INV-2024-000684,6170,INR,2025-08-04,Paid,2025-07-22 17:01:00,2025-07-27 17:01:00
INV0000685,MER000046,CUS000017,INV-2024-000685,123521,INR,2024-02-28,Paid,2024-02-01 10:24:00,2024-02-06 10:24:00
INV0000686,MER000050,CUS000048,INV-2024-000686,6051,INR,2024-12-03,Paid,2024-11-18 22:02:00,2024-12-03 22:02:00
INV0000687,MER000031,CUS000096,INV-2024-000687,5959,INR,2024-08-21,Paid,2024-08-09 16:19:00,2024-08-21 16:19:00
INV0000688,MER000005,CUS000200,INV-2024-000688,2518,INR,2025-04-21,Partially Paid,2025-03-30 16:01:00,2025-04-03 16:01:00
INV0000689,MER000025,CUS000088,INV-2024-000689,44317,INR,2024-11-23,Pending,2024-11-13 10:09:00,
INV0000690,MER000067,CUS000174,INV-2024-000690,103789,INR,2024-03-07,Partially Paid,2024-02-07 14:24:00,2024-02-10 14:24:00
INV0000691,MER000001,CUS000080,INV-2024-000691,48948,INR,2024-04-07,Paid,2024-03-30 10:29:00,2024-04-03 10:29:00
INV0000692,MER000003,CUS000148,INV-2024-000692,23753,INR,2024-12-10,Paid,2024-11-24 06:12:00,2024-12-04 06:12:00
INV0000693,MER000057,CUS000172,INV-2024-000693,252,INR,2024-06-17,Overdue,2024-06-10 08:07:00,
INV0000694,MER000066,CUS000027,INV-2024-000694,6740,INR,2025-07-27,Overdue,2025-07-16 10:17:00,
INV0000695,MER000037,CUS000147,INV-2024-000695,2168,INR,2024-12-01,Paid,2024-11-14 19:57:00,2024-11-15 19:57:00
INV0000696,MER000017,CUS000008,INV-2024-000696,1827,INR,2024-04-27,Paid,2024-04-18 12:03:00,2024-04-20 12:03:00
INV0000697,MER000058,CUS000158,INV-2024-000697,6445,INR,2024-08-18,Pending,2024-07-21 22:48:00,
INV0000698,MER000011,CUS000250,INV-2024-000698,40520,INR,2025-09-02,Paid,2025-08-04 04:05:00,2025-08-18 04:05:00
INV0000699,MER000040,CUS000176,INV-2024-000699,8626,INR,2025-05-07,Partially Paid,2025-04-26 07:14:00,2025-05-05 07:14:00
INV0000700,MER000034,CUS000234,INV-2024-000700,4005,INR,2025-11-29,Paid,2025-11-12 10:50:00,2025-11-12 10:50:00
INV0000701,MER000009,CUS000122,INV-2024-000701,590,INR,2025-05-05,Paid,2025-04-17 05:18:00,2025-04-21 05:18:00
INV0000702,MER000066,CUS000027,INV-2024-000702,2753,INR,2024-12-08,Pending,2024-11-29 17:41:00,
INV0000703,MER000069,CUS000119,INV-2024-000703,7774,INR,2024-09-25,Paid,2024-09-01 19:15:00,2024-09-16 19:15:00
INV0000704,MER000050,CUS000017,INV-2024-000704,8064,INR,2025-04-07,Paid,2025-03-21 18:50:00,2025-03-28 18:50:00
INV0000705,MER000023,CUS000170,INV-2024-000705,8973,INR,2024-05-18,Paid,2024-04-27 18:38:00,2024-04-30 18:38:00
INV0000706,MER000057,CUS000046,INV-2024-000706,7649,INR,2024-04-09,Pending,2024-03-12 19:06:00,
INV0000707,MER000049,CUS000084,INV-2024-000707,2008,INR,2024-04-13,Partially Paid,2024-04-02 06:52:00,2024-04-12 06:52:00
INV0000708,MER000001,CUS000194,INV-2024-000708,252,INR,2025-04-27,Paid,2025-04-08 17:18:00,2025-04-22 17:18:00
INV0000709,MER000026,CUS000053,INV-2024-000709,6188,INR,2024-11-30,Paid,2024-11-02 18:50:00,2024-11-15 18:50:00
INV0000710,MER000045,CUS000023,INV-2024-000710,9363,INR,2025-03-05,Paid,2025-02-17 04:54:00,2025-02-18 04:54:00
INV0000711,MER000001,CUS000181,INV-2024-000711,6886,INR,2024-04-29,Paid,2024-04-22 09:55:00,2024-04-28 09:55:00
INV0000712,MER000041,CUS000183,INV-2024-000712,7252,INR,2025-04-18,Paid,2025-03-21 17:13:00,2025-03-25 17:13:00
INV0000713,MER000025,CUS000143,INV-2024-000713,6903,INR,2025-03-31,Paid,2025-03-03 04:18:00,2025-03-03 04:18:00
INV0000714,MER000010,CUS000166,INV-2024-000714,838,INR,2025-05-24,Paid,2025-05-13 21:27:00,2025-05-23 21:27:00
INV0000715,MER000054,CUS000221,INV-2024-000715,7975,INR,2025-10-23,Paid,2025-09-30 05:29:00,2025-10-14 05:29:00
INV0000716,MER000050,CUS000091,INV-2024-000716,7960,INR,2025-10-03,Pending,2025-09-11 00:36:00,
INV0000717,MER000031,CUS000183,INV-2024-000717,7732,INR,2025-07-21,Overdue,2025-07-13 18:23:00,
INV0000718,MER000062,CUS000181,INV-2024-000718,8890,INR,2024-04-21,Paid,2024-03-22 04:46:00,2024-04-18 04:46:00
INV0000719,MER000036,CUS000120,INV-2024-000719,9575,INR,2025-10-08,Paid,2025-09-16 02:15:00,2025-10-07 02:15:00
INV0000720,MER000010,CUS000176,INV-2024-000720,6120,INR,2025-10-06,Paid,2025-09-19 01:57:00,2025-09-19 01:57:00
INV0000721,MER000061,CUS000117,INV-2024-000721,8688,INR,2025-08-30,Paid,2025-08-10 23:21:00,2025-08-19 23:21:00
INV0000722,MER000038,CUS000043,INV-2024-000722,711,INR,2024-12-02,Paid,2024-11-07 23:50:00,2024-11-27 23:50:00
INV0000723,MER000061,CUS000149,INV-2024-000723,152,INR,2025-12-03,Paid,2025-11-03 09:51:00,2025-11-12 09:51:00
INV0000724,MER000063,CUS000022,INV-2024-000724,178,INR,2024-11-06,Paid,2024-10-11 08:08:00,2024-10-19 08:08:00
INV0000725,MER000002,CUS000190,INV-2024-000725,278,INR,2025-09-25,Paid,2025-08-28 23:09:00,2025-09-22 23:09:00
INV0000726,MER000023,CUS000067,INV-2024-000726,25480,INR,2025-06-03,Partially Paid,2025-05-11 05:51:00,2025-05-21 05:51:00
INV0000727,MER000011,CUS000248,INV-2024-000727,941,INR,2024-06-26,Pending,2024-06-06 15:48:00,
INV0000728,MER000031,CUS000170,INV-2024-000728,3741,INR,2024-08-21,Paid,2024-08-03 18:46:00,2024-08-11 18:46:00
INV0000729,MER000015,CUS000014,INV-2024-000729,508,INR,2025-06-01,Overdue,2025-05-02 09:30:00,
INV0000730,MER000069,CUS000060,INV-2024-000730,7391,INR,2025-05-23,Partially Paid,2025-04-30 08:09:00,2025-04-30 08:09:00
INV0000731,MER000037,CUS000238,INV-2024-000731,35036,INR,2025-12-23,Overdue,2025-11-25 10:33:00,
INV0000732,MER000013,CUS000235,INV-2024-000732,6798,INR,2025-04-14,Partially Paid,2025-03-18 19:58:00,2025-03-28 19:58:00
INV0000733,MER000035,CUS000069,INV-2024-000733,26735,INR,2025-11-22,Pending,2025-11-01 18:25:00,
INV0000734,MER000031,CUS000188,INV-2024-000734,4194,INR,2025-07-15,Cancelled,2025-06-16 10:43:00,
INV0000735,MER000041,CUS000141,INV-2024-000735,108,INR,2024-03-20,Paid,2024-03-10 00:26:00,2024-03-20 00:26:00
INV0000736,MER000058,CUS000090,INV-2024-000736,5642,INR,2024-09-21,Paid,2024-09-14 06:02:00,2024-09-14 06:02:00
INV0000737,MER000028,CUS000244,INV-2024-000737,2996,INR,2024-05-28,Paid,2024-05-02 02:54:00,2024-05-23 02:54:00
INV0000738,MER000024,CUS000230,INV-2024-000738,288,INR,2024-10-14,Overdue,2024-09-16 09:29:00,
INV0000739,MER000059,CUS000237,INV-2024-000739,161932,INR,2025-11-26,Pending,2025-11-14 10:16:00,
INV0000740,MER000036,CUS000199,INV-2024-000740,497,INR,2024-12-21,Paid,2024-12-06 01:16:00,2024-12-08 01:16:00
INV0000741,MER000063,CUS000238,INV-2024-000741,7433,INR,2024-07-11,Paid,2024-07-01 20:31:00,2024-07-07 20:31:00
INV0000742,MER000028,CUS000158,INV-2024-000742,8235,INR,2024-10-01,Paid,2024-09-22 03:02:00,2024-09-26 03:02:00
INV0000743,MER000058,CUS000005,INV-2024-000743,19756,INR,2025-11-07,Paid,2025-10-30 20:00:00,2025-11-03 20:00:00
INV0000744,MER000020,CUS000180,INV-2024-000744,7412,INR,2025-09-09,Overdue,2025-08-11 00:32:00,
INV0000745,MER000063,CUS000123,INV-2024-000745,2149,INR,2025-07-26,Overdue,2025-07-07 07:00:00,
INV0000746,MER000062,CUS000032,INV-2024-000746,6881,INR,2024-12-26,Paid,2024-12-07 21:19:00,2024-12-09 21:19:00
INV0000747,MER000047,CUS000137,INV-2024-000747,32287,INR,2024-04-08,Paid,2024-03-23 14:48:00,2024-03-28 14:48:00
INV0000748,MER000006,CUS000248,INV-2024-000748,4130,INR,2024-11-12,Paid,2024-11-02 22:24:00,2024-11-07 22:24:00
INV0000749,MER000063,CUS000022,INV-2024-000749,38704,INR,2024-07-26,Paid,2024-07-13 04:02:00,2024-07-22 04:02:00
INV0000750,MER000031,CUS000126,INV-2024-000750,9857,INR,2025-11-13,Overdue,2025-10-20 09:31:00,
INV0000751,MER000058,CUS000248,INV-2024-000751,59711,INR,2025-01-12,Paid,2024-12-13 01:21:00,2024-12-16 01:21:00
INV0000752,MER000028,CUS000207,INV-2024-000752,9571,INR,2025-05-08,Paid,2025-04-14 21:55:00,2025-05-02 21:55:00
INV0000753,MER000030,CUS000237,INV-2024-000753,853,INR,2024-05-31,Paid,2024-05-24 15:41:00,2024-05-24 15:41:00
INV0000754,MER000032,CUS000180,INV-2024-000754,1236,INR,2024-07-11,Pending,2024-06-25 20:03:00,
INV0000755,MER000013,CUS000117,INV-2024-000755,2048,INR,2024-05-14,Pending,2024-04-18 03:31:00,
INV0000756,MER000029,CUS000017,INV-2024-000756,37933,INR,2024-12-30,Paid,2024-12-11 23:43:00,2024-12-29 23:43:00
INV0000757,MER000070,CUS000036,INV-2024-000757,4494,INR,2024-03-04,Paid,2024-02-16 18:11:00,2024-02-24 18:11:00
INV0000758,MER000019,CUS000194,INV-2024-000758,7061,INR,2025-08-03,Partially Paid,2025-07-20 05:28:00,2025-07-20 05:28:00
INV0000759,MER000018,CUS000026,INV-2024-000759,34651,INR,2024-07-02,Paid,2024-06-10 00:56:00,2024-06-10 00:56:00
INV0000760,MER000023,CUS000238,INV-2024-000760,767,INR,2025-09-28,Pending,2025-08-30 09:26:00,
INV0000761,MER000061,CUS000178,INV-2024-000761,246,INR,2025-11-07,Paid,2025-10-17 08:33:00,2025-10-22 08:33:00
INV0000762,MER000005,CUS000153,INV-2024-000762,611,INR,2025-10-04,Paid,2025-09-18 02:40:00,2025-09-18 02:40:00
INV0000763,MER000031,CUS000050,INV-2024-000763,642,INR,2024-05-01,Paid,2024-04-07 19:23:00,2024-04-21 19:23:00
INV0000764,MER000027,CUS000071,INV-2024-000764,215,INR,2024-06-23,Paid,2024-06-01 21:54:00,2024-06-06 21:54:00
INV0000765,MER000006,CUS000014,INV-2024-000765,5671,INR,2024-08-19,Paid,2024-08-02 13:16:00,2024-08-16 13:16:00
INV0000766,MER000006,CUS000027,INV-2024-000766,45217,INR,2024-07-06,Paid,2024-06-29 05:50:00,2024-06-30 05:50:00
INV0000767,MER000010,CUS000230,INV-2024-000767,8288,INR,2025-09-18,Paid,2025-08-29 18:20:00,2025-09-08 18:20:00
INV0000768,MER000030,CUS000200,INV-2024-000768,333,INR,2024-04-30,Partially Paid,2024-04-10 07:47:00,2024-04-22 07:47:00
INV0000769,MER000029,CUS000019,INV-2024-000769,8937,INR,2024-03-09,Partially Paid,2024-02-25 13:09:00,2024-03-03 13:09:00
INV0000770,MER000023,CUS000100,INV-2024-000770,8500,INR,2024-08-01,Paid,2024-07-17 20:22:00,2024-07-21 20:22:00
INV0000771,MER000005,CUS000178,INV-2024-000771,5598,INR,2024-06-09,Paid,2024-05-19 03:54:00,2024-05-24 03:54:00
INV0000772,MER000044,CUS000057,INV-2024-000772,49560,INR,2024-06-21,Paid,2024-06-09 20:39:00,2024-06-17 20:39:00
INV0000773,MER000030,CUS000023,INV-2024-000773,9549,INR,2025-06-06,Pending,2025-05-15 06:37:00,
INV0000774,MER000036,CUS000004,INV-2024-000774,26165,INR,2024-10-05,Paid,2024-09-10 10:27:00,2024-09-28 10:27:00
INV0000775,MER000020,CUS000234,INV-2024-000775,1084,INR,2025-03-25,Pending,2025-03-03 01:02:00,
INV0000776,MER000065,CUS000009,INV-2024-000776,7461,INR,2025-05-15,Paid,2025-05-05 22:52:00,2025-05-08 22:52:00
INV0000777,MER000011,CUS000143,INV-2024-000777,36649,INR,2024-08-27,Paid,2024-08-11 04:22:00,2024-08-13 04:22:00
INV0000778,MER000003,CUS000123,INV-2024-000778,3651,INR,2025-05-10,Paid,2025-04-15 18:47:00,2025-04-29 18:47:00
INV0000779,MER000060,CUS000198,INV-2024-000779,820,INR,2025-03-09,Paid,2025-02-19 05:50:00,2025-02-19 05:50:00
INV0000780,MER000010,CUS000099,INV-2024-000780,31818,INR,2025-07-17,Pending,2025-06-27 01:18:00,
INV0000781,MER000070,CUS000148,INV-2024-000781,15306,INR,2025-10-05,Paid,2025-09-27 10:47:00,2025-10-02 10:47:00
INV0000782,MER000007,CUS000029,INV-2024-000782,8625,INR,2025-10-13,Paid,2025-09-25 01:23:00,2025-10-12 01:23:00
INV0000783,MER000009,CUS000144,INV-2024-000783,23417,INR,2024-06-14,Paid,2024-05-21 10:15:00,2024-06-05 10:15:00
INV0000784,MER000027,CUS000193,INV-2024-000784,24775,INR,2024-12-09,Paid,2024-11-24 11:57:00,2024-12-07 11:57:00
INV0000785,MER000036,CUS000014,INV-2024-000785,453,INR,2025-05-01,Pending,2025-04-08 15:32:00,
INV0000786,MER000061,CUS000182,INV-2024-000786,9731,INR,2024-11-13,Pending,2024-10-26 14:39:00,
INV0000787,MER000009,CUS000049,INV-2024-000787,40008,INR,2024-04-11,Paid,2024-03-30 02:25:00,2024-03-31 02:25:00
INV0000788,MER000014,CUS000043,INV-2024-000788,3425,INR,2025-06-05,Paid,2025-05-23 04:55:00,2025-06-02 04:55:00
INV0000789,MER000003,CUS000076,INV-2024-000789,9871,INR,2024-06-04,Paid,2024-05-15 15:22:00,2024-06-04 15:22:00
INV0000790,MER000003,CUS000075,INV-2024-000790,122,INR,2024-09-11,Paid,2024-08-25 16:41:00,2024-09-04 16:41:00
INV0000791,MER000042,CUS000125,INV-2024-000791,9687,INR,2025-07-31,Paid,2025-07-15 14:29:00,2025-07-24 14:29:00
INV0000792,MER000022,CUS000203,INV-2024-000792,8934,INR,2025-01-23,Paid,2025-01-15 09:49:00,2025-01-19 09:49:00
INV0000793,MER000059,CUS000245,INV-2024-000793,264,INR,2025-07-14,Pending,2025-07-02 09:11:00,
INV0000794,MER000020,CUS000042,INV-2024-000794,1675,INR,2024-12-11,Paid,2024-11-20 18:08:00,2024-11-25 18:08:00
INV0000795,MER000027,CUS000144,INV-2024-000795,30772,INR,2025-01-08,Paid,2024-12-18 04:23:00,2024-12-23 04:23:00
INV0000796,MER000069,CUS000078,INV-2024-000796,125,INR,2025-03-01,Overdue,2025-02-18 15:49:00,
INV0000797,MER000041,CUS000040,INV-2024-000797,856,INR,2025-08-09,Pending,2025-07-13 16:21:00,
INV0000798,MER000061,CUS000230,INV-2024-000798,3410,INR,2025-08-22,Paid,2025-08-01 23:58:00,2025-08-04 23:58:00
INV0000799,MER000062,CUS000231,INV-2024-000799,794,INR,2025-07-25,Paid,2025-07-18 03:19:00,2025-07-21 03:19:00
INV0000800,MER000058,CUS000092,INV-2024-000800,156,INR,2025-10-09,Paid,2025-09-14 20:12:00,2025-10-09 20:12:00
INV0000801,MER000036,CUS000051,INV-2024-000801,651,INR,2025-04-10,Overdue,2025-04-01 21:42:00,
INV0000802,MER000051,CUS000050,INV-2024-000802,9382,INR,2024-03-17,Paid,2024-02-27 21:23:00,2024-03-11 21:23:00
INV0000803,MER000048,CUS000099,INV-2024-000803,5664,INR,2025-01-09,Partially Paid,2024-12-19 11:19:00,2024-12-21 11:19:00
INV0000804,MER000028,CUS000187,INV-2024-000804,37238,INR,2025-04-28,Overdue,2025-03-29 09:10:00,
INV0000805,MER000055,CUS000187,INV-2024-000805,19147,INR,2025-09-04,Paid,2025-08-24 19:05:00,2025-08-31 19:05:00
INV0000806,MER000068,CUS000086,INV-2024-000806,704,INR,2025-02-08,Paid,2025-01-19 02:00:00,2025-01-27 02:00:00
INV0000807,MER000054,CUS000045,INV-2024-000807,3244,INR,2024-08-11,Paid,2024-07-23 05:53:00,2024-08-07 05:53:00
INV0000808,MER000006,CUS000211,INV-2024-000808,48353,INR,2024-12-07,Paid,2024-11-07 15:35:00,2024-11-07 15:35:00
INV0000809,MER000001,CUS000040,INV-2024-000809,8743,INR,2024-05-23,Paid,2024-05-07 20:42:00,2024-05-22 20:42:00
INV0000810,MER000032,CUS000008,INV-2024-000810,383,INR,2025-06-18,Paid,2025-05-19 02:38:00,2025-06-03 02:38:00
INV0000811,MER000056,CUS000223,INV-2024-000811,8800,INR,2024-06-01,Paid,2024-05-02 11:32:00,2024-05-29 11:32:00
INV0000812,MER000034,CUS000042,INV-2024-000812,3395,INR,2024-12-22,Paid,2024-11-23 14:56:00,2024-11-28 14:56:00
INV0000813,MER000007,CUS000070,INV-2024-000813,6833,INR,2024-03-13,Paid,2024-02-19 09:18:00,2024-02-21 09:18:00
INV0000814,MER000066,CUS000050,INV-2024-000814,22010,INR,2024-04-18,Paid,2024-04-06 19:48:00,2024-04-11 19:48:00
INV0000815,MER000039,CUS000070,INV-2024-000815,6940,INR,2024-04-26,Pending,2024-04-08 17:37:00,
INV0000816,MER000002,CUS000036,INV-2024-000816,7112,INR,2025-05-23,Paid,2025-05-11 13:21:00,2025-05-13 13:21:00
INV0000817,MER000065,CUS000057,INV-2024-000817,46613,INR,2025-10-13,Pending,2025-09-20 22:53:00,
INV0000818,MER000015,CUS000107,INV-2024-000818,2252,INR,2024-05-06,Paid,2024-04-29 04:59:00,2024-05-03 04:59:00
INV0000819,MER000047,CUS000036,INV-2024-000819,49168,INR,2025-07-18,Paid,2025-06-19 10:11:00,2025-07-12 10:11:00
INV0000820,MER000016,CUS000057,INV-2024-000820,810,INR,2024-06-10,Paid,2024-05-25 22:14:00,2024-05-29 22:14:00
INV0000821,MER000011,CUS000109,INV-2024-000821,2831,INR,2024-04-11,Pending,2024-03-20 00:49:00,
INV0000822,MER000006,CUS000051,INV-2024-000822,912,INR,2025-11-14,Paid,2025-11-06 16:37:00,2025-11-10 16:37:00
INV0000823,MER000006,CUS000017,INV-2024-000823,1169,INR,2024-05-04,Paid,2024-04-08 03:58:00,2024-04-14 03:58:00
INV0000824,MER000024,CUS000172,INV-2024-000824,2488,INR,2024-06-23,Paid,2024-05-29 23:17:00,2024-06-03 23:17:00
INV0000825,MER000065,CUS000200,INV-2024-000825,25849,INR,2025-06-11,Pending,2025-06-01 18:04:00,
INV0000826,MER000002,CUS000136,INV-2024-000826,4139,INR,2024-11-08,Paid,2024-10-15 05:57:00,2024-11-07 05:57:00
INV0000827,MER000013,CUS000237,INV-2024-000827,9261,INR,2025-05-26,Paid,2025-05-01 11:44:00,2025-05-22 11:44:00
INV0000828,MER000014,CUS000047,INV-2024-000828,34879,INR,2025-03-24,Paid,2025-03-10 06:32:00,2025-03-22 06:32:00
INV0000829,MER000041,CUS000032,INV-2024-000829,9516,INR,2024-06-06,Pending,2024-05-19 15:48:00,
INV0000830,MER000006,CUS000022,INV-2024-000830,2896,INR,2025-02-24,Pending,2025-01-29 09:29:00,
INV0000831,MER000057,CUS000058,INV-2024-000831,5762,INR,2025-03-23,Partially Paid,2025-03-14 06:54:00,2025-03-21 06:54:00
INV0000832,MER000048,CUS000046,INV-2024-000832,790,INR,2025-06-06,Paid,2025-05-18 21:06:00,2025-05-20 21:06:00
INV0000833,MER000016,CUS000037,INV-2024-000833,2667,INR,2024-07-04,Paid,2024-06-21 02:23:00,2024-06-30 02:23:00
INV0000834,MER000052,CUS000032,INV-2024-000834,7959,INR,2025-06-24,Pending,2025-05-26 08:48:00,
INV0000835,MER000035,CUS000194,INV-2024-000835,36230,INR,2025-01-25,Overdue,2024-12-30 15:42:00,
INV0000836,MER000063,CUS000131,INV-2024-000836,8449,INR,2024-05-12,Paid,2024-04-20 03:16:00,2024-05-10 03:16:00
INV0000837,MER000018,CUS000008,INV-2024-000837,154,INR,2024-03-17,Overdue,2024-03-10 15:43:00,
INV0000838,MER000049,CUS000155,INV-2024-000838,3503,INR,2024-11-16,Pending,2024-11-06 19:39:00,
INV0000839,MER000067,CUS000197,INV-2024-000839,8636,INR,2024-08-16,Paid,2024-07-25 09:42:00,2024-08-02 09:42:00
INV0000840,MER000070,CUS000088,INV-2024-000840,45425,INR,2025-07-21,Cancelled,2025-07-13 00:48:00,
INV0000841,MER000016,CUS000099,INV-2024-000841,7166,INR,2025-04-06,Paid,2025-03-29 14:02:00,2025-04-02 14:02:00
INV0000842,MER000022,CUS000126,INV-2024-000842,6120,INR,2025-02-12,Paid,2025-02-02 15:48:00,2025-02-09 15:48:00
INV0000843,MER000070,CUS000147,INV-2024-000843,3561,INR,2025-06-17,Paid,2025-06-02 01:25:00,2025-06-14 01:25:00
INV0000844,MER000046,CUS000197,INV-2024-000844,134013,INR,2024-03-11,Paid,2024-03-03 00:37:00,2024-03-08 00:37:00
INV0000845,MER000045,CUS000208,INV-2024-000845,11763,INR,2025-10-12,Paid,2025-10-02 10:24:00,2025-10-07 10:24:00
INV0000846,MER000053,CUS000090,INV-2024-000846,350,INR,2024-09-26,Paid,2024-09-10 07:41:00,2024-09-12 07:41:00
INV0000847,MER000040,CUS000030,INV-2024-000847,1323,INR,2025-07-26,Paid,2025-07-05 10:02:00,2025-07-18 10:02:00
INV0000848,MER000066,CUS000231,INV-2024-000848,1335,INR,2025-05-12,Paid,2025-04-25 18:01:00,2025-05-07 18:01:00
INV0000849,MER000042,CUS000147,INV-2024-000849,600,INR,2024-04-25,Paid,2024-04-12 22:43:00,2024-04-20 22:43:00
INV0000850,MER000044,CUS000043,INV-2024-000850,6953,INR,2025-04-18,Pending,2025-03-22 06:31:00,
INV0000851,MER000010,CUS000216,INV-2024-000851,24030,INR,2024-11-06,Cancelled,2024-10-21 08:03:00,
INV0000852,MER000052,CUS000206,INV-2024-000852,2507,INR,2025-09-01,Paid,2025-08-15 03:37:00,2025-08-31 03:37:00
INV0000853,MER000061,CUS000110,INV-2024-000853,2257,INR,2025-11-14,Paid,2025-10-29 09:32:00,2025-11-08 09:32:00
INV0000854,MER000026,CUS000107,INV-2024-000854,9444,INR,2025-05-03,Paid,2025-04-09 21:48:00,2025-04-09 21:48:00
INV0000855,MER000067,CUS000221,INV-2024-000855,611,INR,2024-09-05,Overdue,2024-08-06 21:52:00,
INV0000856,MER000035,CUS000240,INV-2024-000856,8107,INR,2025-08-10,Paid,2025-08-02 23:40:00,2025-08-07 23:40:00
INV0000857,MER000060,CUS000038,INV-2024-000857,5920,INR,2025-03-30,Paid,2025-03-21 13:20:00,2025-03-27 13:20:00
INV0000858,MER000035,CUS000211,INV-2024-000858,3632,INR,2024-10-03,Paid,2024-09-19 21:38:00,2024-09-20 21:38:00
INV0000859,MER000020,CUS000050,INV-2024-000859,916,INR,2024-12-07,Cancelled,2024-11-13 14:31:00,
INV0000860,MER000055,CUS000166,INV-2024-000860,23238,INR,2024-06-19,Paid,2024-06-12 08:08:00,2024-06-16 08:08:00
INV0000861,MER000023,CUS000165,INV-2024-000861,41841,INR,2024-01-30,Paid,2024-01-21 01:55:00,2024-01-25 01:55:00
INV0000862,MER000009,CUS000231,INV-2024-000862,145273,INR,2025-11-27,Paid,2025-11-18 21:56:00,2025-11-20 21:56:00
INV0000863,MER000031,CUS000029,INV-2024-000863,9197,INR,2024-05-28,Overdue,2024-05-03 16:42:00,
INV0000864,MER000068,CUS000065,INV-2024-000864,2479,INR,2024-09-17,Paid,2024-08-31 19:07:00,2024-09-12 19:07:00
INV0000865,MER000031,CUS000240,INV-2024-000865,3364,INR,2024-05-04,Paid,2024-04-19 05:13:00,2024-04-27 05:13:00
INV0000866,MER000008,CUS000126,INV-2024-000866,2851,INR,2024-12-12,Paid,2024-11-20 17:27:00,2024-11-28 17:27:00
INV0000867,MER000019,CUS000093,INV-2024-000867,7026,INR,2024-12-07,Paid,2024-11-11 00:41:00,2024-12-04 00:41:00
INV0000868,MER000007,CUS000177,INV-2024-000868,25708,INR,2024-10-02,Paid,2024-09-16 17:24:00,2024-09-27 17:24:00
INV0000869,MER000016,CUS000137,INV-2024-000869,38994,INR,2025-02-20,Partially Paid,2025-02-01 00:58:00,2025-02-09 00:58:00
INV0000870,MER000039,CUS000024,INV-2024-000870,25432,INR,2024-11-12,Partially Paid,2024-10-31 06:55:00,2024-11-10 06:55:00
INV0000871,MER000041,CUS000226,INV-2024-000871,36627,INR,2024-02-13,Pending,2024-02-04 08:55:00,
INV0000872,MER000063,CUS000121,INV-2024-000872,31806,INR,2025-03-20,Paid,2025-03-08 03:52:00,2025-03-16 03:52:00
INV0000873,MER000009,CUS000091,INV-2024-000873,9974,INR,2024-12-07,Pending,2024-11-30 14:44:00,
INV0000874,MER000024,CUS000162,INV-2024-000874,3230,INR,2024-01-31,Paid,2024-01-04 12:12:00,2024-01-22 12:12:00
INV0000875,MER000011,CUS000029,INV-2024-000875,628,INR,2025-11-21,Paid,2025-10-26 04:54:00,2025-11-20 04:54:00
INV0000876,MER000041,CUS000116,INV-2024-000876,3188,INR,2024-10-18,Pending,2024-09-23 05:43:00,
INV0000877,MER000037,CUS000051,INV-2024-000877,476,INR,2024-07-24,Overdue,2024-07-05 12:56:00,
INV0000878,MER000029,CUS000006,INV-2024-000878,46604,INR,2025-11-07,Partially Paid,2025-10-24 19:40:00,2025-10-31 19:40:00
INV0000879,MER000026,CUS000068,INV-2024-000879,21060,INR,2024-03-11,Paid,2024-02-20 12:39:00,2024-02-24 12:39:00
INV0000880,MER000012,CUS000246,INV-2024-000880,2923,INR,2024-02-04,Pending,2024-01-15 22:33:00,
INV0000881,MER000059,CUS000212,INV-2024-000881,2942,INR,2024-08-30,Overdue,2024-08-17 22:13:00,
INV0000882,MER000035,CUS000074,INV-2024-000882,35040,INR,2024-05-26,Paid,2024-05-13 13:54:00,2024-05-26 13:54:00
INV0000883,MER000037,CUS000187,INV-2024-000883,7854,INR,2024-07-14,Paid,2024-07-03 13:50:00,2024-07-07 13:50:00
INV0000884,MER000031,CUS000159,INV-2024-000884,5069,INR,2025-02-09,Paid,2025-01-13 18:43:00,2025-01-13 18:43:00
INV0000885,MER000061,CUS000035,INV-2024-000885,36055,INR,2024-09-03,Paid,2024-08-05 22:24:00,2024-08-24 22:24:00
INV0000886,MER000033,CUS000019,INV-2024-000886,160,INR,2024-03-08,Paid,2024-02-23 10:59:00,2024-02-28 10:59:00
INV0000887,MER000006,CUS000002,INV-2024-000887,7242,INR,2024-11-23,Paid,2024-11-05 12:42:00,2024-11-22 12:42:00
INV0000888,MER000006,CUS000149,INV-2024-000888,273,INR,2025-06-16,Partially Paid,2025-05-30 15:59:00,2025-06-03 15:59:00
INV0000889,MER000012,CUS000082,INV-2024-000889,38373,INR,2024-06-11,Paid,2024-05-25 08:07:00,2024-05-29 08:07:00
INV0000890,MER000064,CUS000224,INV-2024-000890,123663,INR,2025-01-19,Paid,2025-01-04 13:18:00,2025-01-12 13:18:00
INV0000891,MER000067,CUS000081,INV-2024-000891,3704,INR,2024-11-30,Paid,2024-11-19 23:31:00,2024-11-29 23:31:00
INV0000892,MER000057,CUS000014,INV-2024-000892,155,INR,2024-09-14,Paid,2024-08-23 05:02:00,2024-09-14 05:02:00
INV0000893,MER000060,CUS000112,INV-2024-000893,606,INR,2024-03-11,Paid,2024-02-11 14:22:00,2024-02-25 14:22:00
INV0000894,MER000064,CUS000029,INV-2024-000894,19703,INR,2024-05-19,Partially Paid,2024-05-06 11:05:00,2024-05-08 11:05:00
INV0000895,MER000022,CUS000192,INV-2024-000895,5470,INR,2025-08-12,Paid,2025-07-30 21:37:00,2025-07-30 21:37:00
INV0000896,MER000068,CUS000197,INV-2024-000896,7823,INR,2024-04-10,Paid,2024-03-19 07:49:00,2024-03-29 07:49:00
INV0000897,MER000004,CUS000073,INV-2024-000897,2999,INR,2025-02-17,Pending,2025-02-07 11:37:00,
INV0000898,MER000020,CUS000008,INV-2024-000898,950,INR,2025-12-03,Overdue,2025-11-06 15:29:00,
INV0000899,MER000001,CUS000085,INV-2024-000899,222012,INR,2025-10-29,Cancelled,2025-09-29 14:20:00,
INV0000900,MER000017,CUS000055,INV-2024-000900,28544,INR,2024-12-05,Paid,2024-11-26 01:47:00,2024-12-05 01:47:00
INV0000901,MER000049,CUS000024,INV-2024-000901,3917,INR,2024-09-09,Partially Paid,2024-09-02 12:05:00,2024-09-04 12:05:00
INV0000902,MER000050,CUS000200,INV-2024-000902,3526,INR,2024-05-23,Pending,2024-05-03 09:31:00,
INV0000903,MER000040,CUS000232,INV-2024-000903,3152,INR,2025-01-20,Paid,2025-01-02 21:06:00,2025-01-17 21:06:00
INV0000904,MER000058,CUS000227,INV-2024-000904,5399,INR,2025-08-08,Pending,2025-07-30 19:27:00,
INV0000905,MER000048,CUS000158,INV-2024-000905,745,INR,2025-04-04,Paid,2025-03-12 02:02:00,2025-03-26 02:02:00
INV0000906,MER000029,CUS000166,INV-2024-000906,3541,INR,2025-06-18,Paid,2025-05-22 16:40:00,2025-05-31 16:40:00
INV0000907,MER000060,CUS000112,INV-2024-000907,920,INR,2025-05-15,Paid,2025-05-04 09:09:00,2025-05-08 09:09:00
INV0000908,MER000032,CUS000134,INV-2024-000908,1782,INR,2025-07-26,Paid,2025-07-18 02:58:00,2025-07-26 02:58:00
INV0000909,MER000055,CUS000106,INV-2024-000909,776,INR,2025-08-20,Paid,2025-08-05 08:22:00,2025-08-05 08:22:00
INV0000910,MER000015,CUS000190,INV-2024-000910,3942,INR,2024-07-14,Paid,2024-07-05 12:02:00,2024-07-09 12:02:00
INV0000911,MER000041,CUS000151,INV-2024-000911,39488,INR,2025-10-12,Paid,2025-09-30 08:21:00,2025-10-01 08:21:00
INV0000912,MER000034,CUS000224,INV-2024-000912,8108,INR,2025-07-20,Paid,2025-07-01 00:00:00,2025-07-06 00:00:00
INV0000913,MER000062,CUS000118,INV-2024-000913,8975,INR,2024-12-02,Paid,2024-11-06 19:52:00,2024-11-27 19:52:00
INV0000914,MER000051,CUS000206,INV-2024-000914,3050,INR,2024-05-28,Pending,2024-05-18 00:12:00,
INV0000915,MER000025,CUS000220,INV-2024-000915,592,INR,2025-11-09,Paid,2025-10-26 04:41:00,2025-11-05 04:41:00
INV0000916,MER000069,CUS000049,INV-2024-000916,888,INR,2025-05-09,Paid,2025-04-19 04:30:00,2025-04-24 04:30:00
INV0000917,MER000020,CUS000190,INV-2024-000917,41789,INR,2025-05-18,Paid,2025-04-27 00:55:00,2025-05-03 00:55:00
INV0000918,MER000038,CUS000146,INV-2024-000918,35673,INR,2024-03-03,Paid,2024-02-22 10:00:00,2024-02-28 10:00:00
INV0000919,MER000054,CUS000218,INV-2024-000919,5765,INR,2024-02-29,Paid,2024-02-07 15:25:00,2024-02-26 15:25:00
INV0000920,MER000063,CUS000060,INV-2024-000920,44624,INR,2024-02-06,Paid,2024-01-20 13:36:00,2024-01-28 13:36:00
INV0000921,MER000054,CUS000228,INV-2024-000921,9107,INR,2025-10-20,Paid,2025-09-29 20:22:00,2025-09-29 20:22:00
INV0000922,MER000021,CUS000074,INV-2024-000922,40753,INR,2025-01-10,Paid,2024-12-18 14:14:00,2025-01-08 14:14:00
INV0000923,MER000044,CUS000236,INV-2024-000923,8676,INR,2024-06-12,Paid,2024-05-14 09:46:00,2024-05-27 09:46:00
INV0000924,MER000047,CUS000204,INV-2024-000924,3655,INR,2025-10-27,Pending,2025-09-28 06:18:00,
INV0000925,MER000062,CUS000034,INV-2024-000925,260,INR,2025-10-02,Overdue,2025-09-12 15:06:00,
INV0000926,MER000064,CUS000078,INV-2024-000926,1771,INR,2024-02-03,Paid,2024-01-19 11:56:00,2024-01-24 11:56:00
INV0000927,MER000023,CUS000212,INV-2024-000927,42996,INR,2024-02-22,Paid,2024-02-02 02:21:00,2024-02-09 02:21:00
INV0000928,MER000016,CUS000144,INV-2024-000928,5225,INR,2024-12-22,Pending,2024-12-14 11:49:00,
INV0000929,MER000035,CUS000230,INV-2024-000929,806,INR,2025-06-21,Pending,2025-06-11 19:42:00,
INV0000930,MER000057,CUS000205,INV-2024-000930,2818,INR,2024-04-28,Pending,2024-04-18 19:39:00,
INV0000931,MER000006,CUS000130,INV-2024-000931,745,INR,2024-05-18,Paid,2024-04-30 06:58:00,2024-05-09 06:58:00
INV0000932,MER000057,CUS000196,INV-2024-000932,2627,INR,2024-06-23,Pending,2024-06-06 20:23:00,
INV0000933,MER000016,CUS000218,INV-2024-000933,7812,INR,2024-01-29,Paid,2024-01-07 07:53:00,2024-01-23 07:53:00
INV0000934,MER000022,CUS000022,INV-2024-000934,7800,INR,2025-01-18,Paid,2025-01-04 20:42:00,2025-01-16 20:42:00
INV0000935,MER000068,CUS000108,INV-2024-000935,19044,INR,2025-04-04,Partially Paid,2025-03-15 13:58:00,2025-03-31 13:58:00
INV0000936,MER000047,CUS000242,INV-2024-000936,249,INR,2024-02-03,Overdue,2024-01-11 22:51:00,
INV0000937,MER000011,CUS000087,INV-2024-000937,3693,INR,2025-03-28,Paid,2025-03-20 01:25:00,2025-03-22 01:25:00
INV0000938,MER000008,CUS000162,INV-2024-000938,223110,INR,2025-07-05,Partially Paid,2025-06-16 09:26:00,2025-07-03 09:26:00
INV0000939,MER000039,CUS000185,INV-2024-000939,32555,INR,2024-02-01,Paid,2024-01-09 08:57:00,2024-01-13 08:57:00
INV0000940,MER000052,CUS000115,INV-2024-000940,9920,INR,2025-10-22,Paid,2025-10-01 19:41:00,2025-10-21 19:41:00
INV0000941,MER000052,CUS000199,INV-2024-000941,408,INR,2024-04-13,Paid,2024-03-27 01:34:00,2024-03-31 01:34:00
INV0000942,MER000067,CUS000139,INV-2024-000942,2521,INR,2025-06-30,Paid,2025-06-07 17:19:00,2025-06-27 17:19:00
INV0000943,MER000021,CUS000006,INV-2024-000943,915,INR,2025-07-20,Pending,2025-07-06 18:16:00,
INV0000944,MER000039,CUS000186,INV-2024-000944,9279,INR,2024-05-11,Paid,2024-04-23 23:03:00,2024-05-09 23:03:00
INV0000945,MER000046,CUS000032,INV-2024-000945,766,INR,2024-06-01,Pending,2024-05-07 14:19:00,
INV0000946,MER000059,CUS000087,INV-2024-000946,245497,INR,2025-09-14,Paid,2025-08-18 18:45:00,2025-09-14 18:45:00
INV0000947,MER000030,CUS000090,INV-2024-000947,3294,INR,2025-02-04,Paid,2025-01-21 16:47:00,2025-01-29 16:47:00
INV0000948,MER000025,CUS000211,INV-2024-000948,39774,INR,2024-04-30,Pending,2024-04-10 04:45:00,
INV0000949,MER000011,CUS000024,INV-2024-000949,233,INR,2025-05-11,Paid,2025-05-02 06:28:00,2025-05-10 06:28:00
INV0000950,MER000052,CUS000151,INV-2024-000950,7469,INR,2024-10-24,Paid,2024-09-27 18:31:00,2024-10-11 18:31:00
INV0000951,MER000063,CUS000188,INV-2024-000951,92689,INR,2024-06-18,Pending,2024-05-27 16:08:00,
INV0000952,MER000017,CUS000248,INV-2024-000952,44678,INR,2024-05-21,Paid,2024-04-30 22:13:00,2024-05-05 22:13:00
INV0000953,MER000048,CUS000236,INV-2024-000953,207706,INR,2025-03-12,Paid,2025-02-22 03:07:00,2025-02-23 03:07:00
INV0000954,MER000067,CUS000040,INV-2024-000954,412,INR,2025-02-09,Paid,2025-01-18 09:18:00,2025-01-22 09:18:00
INV0000955,MER000019,CUS000201,INV-2024-000955,1798,INR,2024-11-20,Pending,2024-11-08 09:13:00,
INV0000956,MER000063,CUS000001,INV-2024-000956,457,INR,2024-04-01,Paid,2024-03-10 01:26:00,2024-03-28 01:26:00
INV0000957,MER000058,CUS000231,INV-2024-000957,7182,INR,2025-05-27,Paid,2025-05-01 23:53:00,2025-05-05 23:53:00
INV0000958,MER000065,CUS000163,INV-2024-000958,8372,INR,2025-12-14,Paid,2025-11-14 14:09:00,2025-12-09 14:09:00
INV0000959,MER000053,CUS000100,INV-2024-000959,7479,INR,2025-01-10,Partially Paid,2024-12-13 17:02:00,2025-01-05 17:02:00
INV0000960,MER000036,CUS000166,INV-2024-000960,269,INR,2024-02-24,Paid,2024-01-26 18:40:00,2024-02-15 18:40:00
INV0000961,MER000016,CUS000165,INV-2024-000961,4153,INR,2025-10-03,Overdue,2025-09-25 17:36:00,
INV0000962,MER000067,CUS000049,INV-2024-000962,42941,INR,2024-02-13,Paid,2024-01-20 03:42:00,2024-01-20 03:42:00
INV0000963,MER000036,CUS000202,INV-2024-000963,8279,INR,2024-04-13,Paid,2024-03-27 17:38:00,2024-03-28 17:38:00
INV0000964,MER000063,CUS000221,INV-2024-000964,32280,INR,2025-03-30,Partially Paid,2025-03-23 05:26:00,2025-03-28 05:26:00
INV0000965,MER000049,CUS000066,INV-2024-000965,201,INR,2025-07-19,Paid,2025-07-08 05:18:00,2025-07-09 05:18:00
INV0000966,MER000020,CUS000079,INV-2024-000966,227894,INR,2024-07-09,Paid,2024-06-22 01:39:00,2024-06-23 01:39:00
INV0000967,MER000039,CUS000100,INV-2024-000967,245,INR,2025-03-17,Overdue,2025-02-26 10:16:00,
INV0000968,MER000016,CUS000014,INV-2024-000968,4875,INR,2025-06-11,Paid,2025-05-19 16:48:00,2025-05-22 16:48:00
INV0000969,MER000035,CUS000016,INV-2024-000969,7670,INR,2024-03-28,Paid,2024-03-08 15:01:00,2024-03-08 15:01:00
INV0000970,MER000035,CUS000142,INV-2024-000970,226973,INR,2024-05-07,Paid,2024-04-13 07:48:00,2024-04-17 07:48:00
INV0000971,MER000039,CUS000146,INV-2024-000971,2375,INR,2025-10-24,Paid,2025-10-13 16:13:00,2025-10-15 16:13:00
INV0000972,MER000032,CUS000138,INV-2024-000972,195530,INR,2025-04-28,Overdue,2025-04-07 01:00:00,
INV0000973,MER000038,CUS000168,INV-2024-000973,50143,INR,2024-03-28,Paid,2024-03-02 15:17:00,2024-03-23 15:17:00
INV0000974,MER000049,CUS000090,INV-2024-000974,23944,INR,2025-08-30,Paid,2025-08-22 16:18:00,2025-08-30 16:18:00
INV0000975,MER000009,CUS000077,INV-2024-000975,815,INR,2024-05-29,Cancelled,2024-05-05 04:46:00,
INV0000976,MER000056,CUS000054,INV-2024-000976,6216,INR,2025-12-14,Overdue,2025-11-29 10:40:00,
INV0000977,MER000058,CUS000070,INV-2024-000977,6270,INR,2025-01-10,Paid,2024-12-15 06:29:00,2025-01-06 06:29:00
INV0000978,MER000018,CUS000166,INV-2024-000978,49898,INR,2025-05-09,Paid,2025-05-02 00:57:00,2025-05-08 00:57:00
INV0000979,MER000063,CUS000196,INV-2024-000979,2330,INR,2025-11-19,Paid,2025-10-26 20:04:00,2025-11-16 20:04:00
INV0000980,MER000057,CUS000173,INV-2024-000980,932,INR,2025-02-08,Paid,2025-01-20 19:22:00,2025-01-20 19:22:00
INV0000981,MER000016,CUS000119,INV-2024-000981,4162,INR,2025-04-30,Paid,2025-03-31 00:14:00,2025-04-08 00:14:00
INV0000982,MER000046,CUS000050,INV-2024-000982,728,INR,2025-10-31,Paid,2025-10-02 09:51:00,2025-10-17 09:51:00
INV0000983,MER000047,CUS000010,INV-2024-000983,4426,INR,2024-02-04,Paid,2024-01-08 06:52:00,2024-02-04 06:52:00
INV0000984,MER000036,CUS000146,INV-2024-000984,3794,INR,2025-08-18,Paid,2025-07-19 06:42:00,2025-08-09 06:42:00
INV0000985,MER000023,CUS000017,INV-2024-000985,2066,INR,2024-06-04,Partially Paid,2024-05-10 08:59:00,2024-05-26 08:59:00
INV0000986,MER000036,CUS000050,INV-2024-000986,11516,INR,2025-12-10,Paid,2025-11-25 17:39:00,2025-12-09 17:39:00
INV0000987,MER000001,CUS000241,INV-2024-000987,1850,INR,2024-12-16,Paid,2024-11-26 13:54:00,2024-12-12 13:54:00
INV0000988,MER000060,CUS000127,INV-2024-000988,1713,INR,2024-09-06,Paid,2024-08-17 01:17:00,2024-08-27 01:17:00
INV0000989,MER000001,CUS000101,INV-2024-000989,183,INR,2025-08-22,Overdue,2025-08-08 00:47:00,
INV0000990,MER000055,CUS000246,INV-2024-000990,355,INR,2024-08-05,Paid,2024-07-20 05:21:00,2024-07-23 05:21:00
INV0000991,MER000004,CUS000123,INV-2024-000991,1394,INR,2025-09-15,Pending,2025-08-29 20:59:00,
INV0000992,MER000032,CUS000028,INV-2024-000992,6584,INR,2024-03-10,Overdue,2024-02-25 10:33:00,
INV0000993,MER000057,CUS000196,INV-2024-000993,557,INR,2025-08-23,Partially Paid,2025-08-15 03:05:00,2025-08-21 03:05:00
INV0000994,MER000041,CUS000228,INV-2024-000994,14262,INR,2024-05-31,Paid,2024-05-10 01:58:00,2024-05-29 01:58:00
INV0000995,MER000056,CUS000017,INV-2024-000995,157,INR,2025-08-14,Paid,2025-07-26 01:18:00,2025-08-14 01:18:00
INV0000996,MER000053,CUS000060,INV-2024-000996,10696,INR,2025-04-29,Partially Paid,2025-04-09 12:29:00,2025-04-28 12:29:00
INV0000997,MER000013,CUS000087,INV-2024-000997,1426,INR,2025-05-04,Paid,2025-04-09 16:21:00,2025-04-12 16:21:00
INV0000998,MER000002,CUS000153,INV-2024-000998,48856,INR,2024-08-13,Paid,2024-07-17 18:08:00,2024-07-28 18:08:00
INV0000999,MER000054,CUS000124,INV-2024-000999,39139,INR,2024-07-17,Paid,2024-07-09 07:08:00,2024-07-13 07:08:00
INV0001000,MER000056,CUS000132,INV-2024-001000,247755,INR,2025-01-25,Pending,2025-01-01 09:37:00,
