event_id,payment_id,event_type,previous_status,current_status,event_timestamp,gateway_response_code,gateway_message,retry_count
EVT00000001,PAY0000001,PaymentCreated,NULL,Created,2025-10-16 03:01:00,100,Payment initiated,0
EVT00000002,PAY0000001,PaymentAuthorized,Created,Authorized,2025-10-16 03:03:00,200,Authorization successful,1
EVT00000003,PAY0000001,PaymentCaptured,Authorized,Captured,2025-10-16 03:05:00,201,Payment captured,2
EVT00000004,PAY0000001,PaymentSettled,Captured,Settled,2025-10-16 03:07:00,202,Settlement completed,3
EVT00000005,PAY0000002,PaymentCreated,NULL,Created,2024-09-07 07:08:00,100,Payment initiated,0
EVT00000006,PAY0000002,PaymentAuthorized,Created,Authorized,2024-09-07 07:10:00,200,Authorization successful,1
EVT00000007,PAY0000002,PaymentCaptured,Authorized,Captured,2024-09-07 07:12:00,201,Payment captured,2
EVT00000008,PAY0000002,PaymentSettled,Captured,Settled,2024-09-07 07:14:00,202,Settlement completed,3
EVT00000009,PAY0000003,PaymentCreated,NULL,Created,2025-11-23 23:57:00,100,Payment initiated,0
EVT00000010,PAY0000003,PaymentAuthorized,Created,Authorized,2025-11-23 23:59:00,200,Authorization successful,1
EVT00000011,PAY0000003,PaymentCaptured,Authorized,Captured,2025-11-24 00:01:00,201,Payment captured,2
EVT00000012,PAY0000003,PaymentSettled,Captured,Settled,2025-11-24 00:03:00,202,Settlement completed,3
EVT00000013,PAY0000004,PaymentCreated,NULL,Created,2025-08-27 13:02:00,100,Payment initiated,0
EVT00000014,PAY0000004,PaymentAuthorized,Created,Authorized,2025-08-27 13:04:00,200,Authorization successful,1
EVT00000015,PAY0000004,PaymentFailed,Authorized,Failed,2025-08-27 13:06:00,500,Transaction failed,2
EVT00000016,PAY0000005,PaymentCreated,NULL,Created,2024-08-11 07:32:00,100,Payment initiated,0
EVT00000017,PAY0000005,PaymentAuthorized,Created,Authorized,2024-08-11 07:34:00,200,Authorization successful,1
EVT00000018,PAY0000005,PaymentCaptured,Authorized,Captured,2024-08-11 07:36:00,201,Payment captured,2
EVT00000019,PAY0000005,PaymentSettled,Captured,Settled,2024-08-11 07:38:00,202,Settlement completed,3
EVT00000020,PAY0000006,PaymentCreated,NULL,Created,2025-07-28 06:45:00,100,Payment initiated,0
EVT00000021,PAY0000006,PaymentAuthorized,Created,Authorized,2025-07-28 06:47:00,200,Authorization successful,1
EVT00000022,PAY0000006,PaymentCaptured,Authorized,Captured,2025-07-28 06:49:00,201,Payment captured,2
EVT00000023,PAY0000006,PaymentSettled,Captured,Settled,2025-07-28 06:51:00,202,Settlement completed,3
EVT00000024,PAY0000007,PaymentCreated,NULL,Created,2025-07-12 13:14:00,100,Payment initiated,0
EVT00000025,PAY0000007,PaymentAuthorized,Created,Authorized,2025-07-12 13:16:00,200,Authorization successful,1
EVT00000026,PAY0000007,PaymentCaptured,Authorized,Captured,2025-07-12 13:18:00,201,Payment captured,2
EVT00000027,PAY0000007,PaymentSettled,Captured,Settled,2025-07-12 13:20:00,202,Settlement completed,3
EVT00000028,PAY0000008,PaymentCreated,NULL,Created,2024-10-11 00:48:00,100,Payment initiated,0
EVT00000029,PAY0000008,PaymentAuthorized,Created,Authorized,2024-10-11 00:50:00,200,Authorization successful,1
EVT00000030,PAY0000008,PaymentCaptured,Authorized,Captured,2024-10-11 00:52:00,201,Payment captured,2
EVT00000031,PAY0000008,PaymentSettled,Captured,Settled,2024-10-11 00:54:00,202,Settlement completed,3
EVT00000032,PAY0000009,PaymentCreated,NULL,Created,2025-03-08 10:17:00,100,Payment initiated,0
EVT00000033,PAY0000009,PaymentAuthorized,Created,Authorized,2025-03-08 10:19:00,200,Authorization successful,1
EVT00000034,PAY0000009,PaymentCaptured,Authorized,Captured,2025-03-08 10:21:00,201,Payment captured,2
EVT00000035,PAY0000009,PaymentSettled,Captured,Settled,2025-03-08 10:23:00,202,Settlement completed,3
EVT00000036,PAY0000010,PaymentCreated,NULL,Created,2024-12-10 03:05:00,100,Payment initiated,0
EVT00000037,PAY0000010,PaymentAuthorized,Created,Authorized,2024-12-10 03:07:00,200,Authorization successful,1
EVT00000038,PAY0000010,PaymentCaptured,Authorized,Captured,2024-12-10 03:09:00,201,Payment captured,2
EVT00000039,PAY0000010,PaymentSettled,Captured,Settled,2024-12-10 03:11:00,202,Settlement completed,3
EVT00000040,PAY0000011,PaymentCreated,NULL,Created,2025-01-02 11:38:00,100,Payment initiated,0
EVT00000041,PAY0000011,PaymentAuthorized,Created,Authorized,2025-01-02 11:40:00,200,Authorization successful,1
EVT00000042,PAY0000011,PaymentCaptured,Authorized,Captured,2025-01-02 11:42:00,201,Payment captured,2
EVT00000043,PAY0000011,PaymentSettled,Captured,Settled,2025-01-02 11:44:00,202,Settlement completed,3
EVT00000044,PAY0000012,PaymentCreated,NULL,Created,2024-02-14 23:29:00,100,Payment initiated,0
EVT00000045,PAY0000012,PaymentAuthorized,Created,Authorized,2024-02-14 23:31:00,200,Authorization successful,1
EVT00000046,PAY0000012,PaymentCaptured,Authorized,Captured,2024-02-14 23:33:00,201,Payment captured,2
EVT00000047,PAY0000012,PaymentSettled,Captured,Settled,2024-02-14 23:35:00,202,Settlement completed,3
EVT00000048,PAY0000013,PaymentCreated,NULL,Created,2025-01-22 02:35:00,100,Payment initiated,0
EVT00000049,PAY0000013,PaymentAuthorized,Created,Authorized,2025-01-22 02:37:00,200,Authorization successful,1
EVT00000050,PAY0000013,PaymentCaptured,Authorized,Captured,2025-01-22 02:39:00,201,Payment captured,2
EVT00000051,PAY0000013,PaymentSettled,Captured,Settled,2025-01-22 02:41:00,202,Settlement completed,3
EVT00000052,PAY0000014,PaymentCreated,NULL,Created,2025-10-05 19:56:00,100,Payment initiated,0
EVT00000053,PAY0000014,PaymentAuthorized,Created,Authorized,2025-10-05 19:58:00,200,Authorization successful,1
EVT00000054,PAY0000014,PaymentCaptured,Authorized,Captured,2025-10-05 20:00:00,201,Payment captured,2
EVT00000055,PAY0000014,PaymentSettled,Captured,Settled,2025-10-05 20:02:00,202,Settlement completed,3
EVT00000056,PAY0000015,PaymentCreated,NULL,Created,2025-08-14 06:45:00,100,Payment initiated,0
EVT00000057,PAY0000015,PaymentAuthorized,Created,Authorized,2025-08-14 06:47:00,200,Authorization successful,1
EVT00000058,PAY0000015,PaymentFailed,Authorized,Failed,2025-08-14 06:49:00,500,Transaction failed,2
EVT00000059,PAY0000016,PaymentCreated,NULL,Created,2025-11-08 07:49:00,100,Payment initiated,0
EVT00000060,PAY0000016,PaymentAuthorized,Created,Authorized,2025-11-08 07:51:00,200,Authorization successful,1
EVT00000061,PAY0000016,PaymentCaptured,Authorized,Captured,2025-11-08 07:53:00,201,Payment captured,2
EVT00000062,PAY0000016,PaymentSettled,Captured,Settled,2025-11-08 07:55:00,202,Settlement completed,3
EVT00000063,PAY0000017,PaymentCreated,NULL,Created,2024-03-22 07:55:00,100,Payment initiated,0
EVT00000064,PAY0000017,PaymentAuthorized,Created,Authorized,2024-03-22 07:57:00,200,Authorization successful,1
EVT00000065,PAY0000017,PaymentFailed,Authorized,Failed,2024-03-22 07:59:00,500,Transaction failed,2
EVT00000066,PAY0000018,PaymentCreated,NULL,Created,2024-10-11 14:40:00,100,Payment initiated,0
EVT00000067,PAY0000018,PaymentAuthorized,Created,Authorized,2024-10-11 14:42:00,200,Authorization successful,1
EVT00000068,PAY0000018,PaymentCaptured,Authorized,Captured,2024-10-11 14:44:00,201,Payment captured,2
EVT00000069,PAY0000018,PaymentSettled,Captured,Settled,2024-10-11 14:46:00,202,Settlement completed,3
EVT00000070,PAY0000019,PaymentCreated,NULL,Created,2024-06-15 11:22:00,100,Payment initiated,0
EVT00000071,PAY0000019,PaymentAuthorized,Created,Authorized,2024-06-15 11:24:00,200,Authorization successful,1
EVT00000072,PAY0000019,PaymentCaptured,Authorized,Captured,2024-06-15 11:26:00,201,Payment captured,2
EVT00000073,PAY0000019,PaymentSettled,Captured,Settled,2024-06-15 11:28:00,202,Settlement completed,3
EVT00000074,PAY0000020,PaymentCreated,NULL,Created,2024-09-30 22:59:00,100,Payment initiated,0
EVT00000075,PAY0000020,PaymentAuthorized,Created,Authorized,2024-09-30 23:01:00,200,Authorization successful,1
EVT00000076,PAY0000020,PaymentCaptured,Authorized,Captured,2024-09-30 23:03:00,201,Payment captured,2
EVT00000077,PAY0000020,PaymentSettled,Captured,Settled,2024-09-30 23:05:00,202,Settlement completed,3
EVT00000078,PAY0000021,PaymentCreated,NULL,Created,2024-03-14 19:40:00,100,Payment initiated,0
EVT00000079,PAY0000021,PaymentAuthorized,Created,Authorized,2024-03-14 19:42:00,200,Authorization successful,1
EVT00000080,PAY0000021,PaymentCaptured,Authorized,Captured,2024-03-14 19:44:00,201,Payment captured,2
EVT00000081,PAY0000021,PaymentSettled,Captured,Settled,2024-03-14 19:46:00,202,Settlement completed,3
EVT00000082,PAY0000022,PaymentCreated,NULL,Created,2024-09-07 05:29:00,100,Payment initiated,0
EVT00000083,PAY0000022,PaymentAuthorized,Created,Authorized,2024-09-07 05:31:00,200,Authorization successful,1
EVT00000084,PAY0000022,PaymentCaptured,Authorized,Captured,2024-09-07 05:33:00,201,Payment captured,2
EVT00000085,PAY0000022,PaymentSettled,Captured,Settled,2024-09-07 05:35:00,202,Settlement completed,3
EVT00000086,PAY0000023,PaymentCreated,NULL,Created,2025-10-17 22:35:00,100,Payment initiated,0
EVT00000087,PAY0000023,PaymentAuthorized,Created,Authorized,2025-10-17 22:37:00,200,Authorization successful,1
EVT00000088,PAY0000023,PaymentCaptured,Authorized,Captured,2025-10-17 22:39:00,201,Payment captured,2
EVT00000089,PAY0000023,PaymentSettled,Captured,Settled,2025-10-17 22:41:00,202,Settlement completed,3
EVT00000090,PAY0000024,PaymentCreated,NULL,Created,2024-11-28 01:14:00,100,Payment initiated,0
EVT00000091,PAY0000024,PaymentAuthorized,Created,Authorized,2024-11-28 01:16:00,200,Authorization successful,1
EVT00000092,PAY0000024,PaymentCaptured,Authorized,Captured,2024-11-28 01:18:00,201,Payment captured,2
EVT00000093,PAY0000024,PaymentSettled,Captured,Settled,2024-11-28 01:20:00,202,Settlement completed,3
EVT00000094,PAY0000025,PaymentCreated,NULL,Created,2024-11-19 12:17:00,100,Payment initiated,0
EVT00000095,PAY0000025,PaymentAuthorized,Created,Authorized,2024-11-19 12:19:00,200,Authorization successful,1
EVT00000096,PAY0000025,PaymentFailed,Authorized,Failed,2024-11-19 12:21:00,500,Transaction failed,2
EVT00000097,PAY0000026,PaymentCreated,NULL,Created,2025-08-03 22:20:00,100,Payment initiated,0
EVT00000098,PAY0000026,PaymentAuthorized,Created,Authorized,2025-08-03 22:22:00,200,Authorization successful,1
EVT00000099,PAY0000026,PaymentCaptured,Authorized,Captured,2025-08-03 22:24:00,201,Payment captured,2
EVT00000100,PAY0000026,PaymentSettled,Captured,Settled,2025-08-03 22:26:00,202,Settlement completed,3
EVT00000101,PAY0000027,PaymentCreated,NULL,Created,2025-05-26 12:56:00,100,Payment initiated,0
EVT00000102,PAY0000027,PaymentAuthorized,Created,Authorized,2025-05-26 12:58:00,200,Authorization successful,1
EVT00000103,PAY0000027,PaymentCaptured,Authorized,Captured,2025-05-26 13:00:00,201,Payment captured,2
EVT00000104,PAY0000027,PaymentSettled,Captured,Settled,2025-05-26 13:02:00,202,Settlement completed,3
EVT00000105,PAY0000028,PaymentCreated,NULL,Created,2025-04-14 04:16:00,100,Payment initiated,0
EVT00000106,PAY0000028,PaymentAuthorized,Created,Authorized,2025-04-14 04:18:00,200,Authorization successful,1
EVT00000107,PAY0000028,PaymentCaptured,Authorized,Captured,2025-04-14 04:20:00,201,Payment captured,2
EVT00000108,PAY0000028,PaymentSettled,Captured,Settled,2025-04-14 04:22:00,202,Settlement completed,3
EVT00000109,PAY0000029,PaymentCreated,NULL,Created,2025-07-28 17:16:00,100,Payment initiated,0
EVT00000110,PAY0000029,PaymentAuthorized,Created,Authorized,2025-07-28 17:18:00,200,Authorization successful,1
EVT00000111,PAY0000029,PaymentCaptured,Authorized,Captured,2025-07-28 17:20:00,201,Payment captured,2
EVT00000112,PAY0000029,PaymentSettled,Captured,Settled,2025-07-28 17:22:00,202,Settlement completed,3
EVT00000113,PAY0000030,PaymentCreated,NULL,Created,2025-03-14 18:25:00,100,Payment initiated,0
EVT00000114,PAY0000030,PaymentAuthorized,Created,Authorized,2025-03-14 18:27:00,200,Authorization successful,1
EVT00000115,PAY0000030,PaymentCaptured,Authorized,Captured,2025-03-14 18:29:00,201,Payment captured,2
EVT00000116,PAY0000030,PaymentSettled,Captured,Settled,2025-03-14 18:31:00,202,Settlement completed,3
EVT00000117,PAY0000031,PaymentCreated,NULL,Created,2024-05-21 16:31:00,100,Payment initiated,0
EVT00000118,PAY0000031,PaymentAuthorized,Created,Authorized,2024-05-21 16:33:00,200,Authorization successful,1
EVT00000119,PAY0000031,PaymentFailed,Authorized,Failed,2024-05-21 16:35:00,500,Transaction failed,2
EVT00000120,PAY0000032,PaymentCreated,NULL,Created,2024-02-18 03:09:00,100,Payment initiated,0
EVT00000121,PAY0000032,PaymentAuthorized,Created,Authorized,2024-02-18 03:11:00,200,Authorization successful,1
EVT00000122,PAY0000032,PaymentCaptured,Authorized,Captured,2024-02-18 03:13:00,201,Payment captured,2
EVT00000123,PAY0000032,PaymentSettled,Captured,Settled,2024-02-18 03:15:00,202,Settlement completed,3
EVT00000124,PAY0000033,PaymentCreated,NULL,Created,2025-11-27 13:38:00,100,Payment initiated,0
EVT00000125,PAY0000033,PaymentAuthorized,Created,Authorized,2025-11-27 13:40:00,200,Authorization successful,1
EVT00000126,PAY0000033,PaymentFailed,Authorized,Failed,2025-11-27 13:42:00,500,Transaction failed,2
EVT00000127,PAY0000034,PaymentCreated,NULL,Created,2025-01-25 19:29:00,100,Payment initiated,0
EVT00000128,PAY0000034,PaymentAuthorized,Created,Authorized,2025-01-25 19:31:00,200,Authorization successful,1
EVT00000129,PAY0000034,PaymentCaptured,Authorized,Captured,2025-01-25 19:33:00,201,Payment captured,2
EVT00000130,PAY0000034,PaymentSettled,Captured,Settled,2025-01-25 19:35:00,202,Settlement completed,3
EVT00000131,PAY0000035,PaymentCreated,NULL,Created,2025-07-20 00:43:00,100,Payment initiated,0
EVT00000132,PAY0000035,PaymentAuthorized,Created,Authorized,2025-07-20 00:45:00,200,Authorization successful,1
EVT00000133,PAY0000035,PaymentCaptured,Authorized,Captured,2025-07-20 00:47:00,201,Payment captured,2
EVT00000134,PAY0000035,PaymentSettled,Captured,Settled,2025-07-20 00:49:00,202,Settlement completed,3
EVT00000135,PAY0000036,PaymentCreated,NULL,Created,2025-11-29 17:48:00,100,Payment initiated,0
EVT00000136,PAY0000036,PaymentAuthorized,Created,Authorized,2025-11-29 17:50:00,200,Authorization successful,1
EVT00000137,PAY0000036,PaymentCaptured,Authorized,Captured,2025-11-29 17:52:00,201,Payment captured,2
EVT00000138,PAY0000036,PaymentSettled,Captured,Settled,2025-11-29 17:54:00,202,Settlement completed,3
EVT00000139,PAY0000037,PaymentCreated,NULL,Created,2025-10-18 10:07:00,100,Payment initiated,0
EVT00000140,PAY0000037,PaymentAuthorized,Created,Authorized,2025-10-18 10:09:00,200,Authorization successful,1
EVT00000141,PAY0000037,PaymentCaptured,Authorized,Captured,2025-10-18 10:11:00,201,Payment captured,2
EVT00000142,PAY0000037,PaymentSettled,Captured,Settled,2025-10-18 10:13:00,202,Settlement completed,3
EVT00000143,PAY0000038,PaymentCreated,NULL,Created,2024-06-10 14:00:00,100,Payment initiated,0
EVT00000144,PAY0000038,PaymentAuthorized,Created,Authorized,2024-06-10 14:02:00,200,Authorization successful,1
EVT00000145,PAY0000038,PaymentCaptured,Authorized,Captured,2024-06-10 14:04:00,201,Payment captured,2
EVT00000146,PAY0000038,PaymentSettled,Captured,Settled,2024-06-10 14:06:00,202,Settlement completed,3
EVT00000147,PAY0000039,PaymentCreated,NULL,Created,2024-09-26 16:48:00,100,Payment initiated,0
EVT00000148,PAY0000039,PaymentAuthorized,Created,Authorized,2024-09-26 16:50:00,200,Authorization successful,1
EVT00000149,PAY0000039,PaymentCaptured,Authorized,Captured,2024-09-26 16:52:00,201,Payment captured,2
EVT00000150,PAY0000039,PaymentSettled,Captured,Settled,2024-09-26 16:54:00,202,Settlement completed,3
EVT00000151,PAY0000040,PaymentCreated,NULL,Created,2024-04-18 20:19:00,100,Payment initiated,0
EVT00000152,PAY0000040,PaymentAuthorized,Created,Authorized,2024-04-18 20:21:00,200,Authorization successful,1
EVT00000153,PAY0000040,PaymentCaptured,Authorized,Captured,2024-04-18 20:23:00,201,Payment captured,2
EVT00000154,PAY0000040,PaymentSettled,Captured,Settled,2024-04-18 20:25:00,202,Settlement completed,3
EVT00000155,PAY0000041,PaymentCreated,NULL,Created,2025-06-03 19:12:00,100,Payment initiated,0
EVT00000156,PAY0000041,PaymentAuthorized,Created,Authorized,2025-06-03 19:14:00,200,Authorization successful,1
EVT00000157,PAY0000041,PaymentCaptured,Authorized,Captured,2025-06-03 19:16:00,201,Payment captured,2
EVT00000158,PAY0000041,PaymentSettled,Captured,Settled,2025-06-03 19:18:00,202,Settlement completed,3
EVT00000159,PAY0000042,PaymentCreated,NULL,Created,2024-06-14 17:49:00,100,Payment initiated,0
EVT00000160,PAY0000042,PaymentAuthorized,Created,Authorized,2024-06-14 17:51:00,200,Authorization successful,1
EVT00000161,PAY0000042,PaymentCaptured,Authorized,Captured,2024-06-14 17:53:00,201,Payment captured,2
EVT00000162,PAY0000042,PaymentSettled,Captured,Settled,2024-06-14 17:55:00,202,Settlement completed,3
EVT00000163,PAY0000043,PaymentCreated,NULL,Created,2024-01-01 19:20:00,100,Payment initiated,0
EVT00000164,PAY0000043,PaymentAuthorized,Created,Authorized,2024-01-01 19:22:00,200,Authorization successful,1
EVT00000165,PAY0000043,PaymentCaptured,Authorized,Captured,2024-01-01 19:24:00,201,Payment captured,2
EVT00000166,PAY0000043,PaymentSettled,Captured,Settled,2024-01-01 19:26:00,202,Settlement completed,3
EVT00000167,PAY0000044,PaymentCreated,NULL,Created,2024-04-24 11:56:00,100,Payment initiated,0
EVT00000168,PAY0000044,PaymentAuthorized,Created,Authorized,2024-04-24 11:58:00,200,Authorization successful,1
EVT00000169,PAY0000044,PaymentCaptured,Authorized,Captured,2024-04-24 12:00:00,201,Payment captured,2
EVT00000170,PAY0000044,PaymentSettled,Captured,Settled,2024-04-24 12:02:00,202,Settlement completed,3
EVT00000171,PAY0000045,PaymentCreated,NULL,Created,2024-11-10 07:03:00,100,Payment initiated,0
EVT00000172,PAY0000045,PaymentAuthorized,Created,Authorized,2024-11-10 07:05:00,200,Authorization successful,1
EVT00000173,PAY0000045,PaymentCaptured,Authorized,Captured,2024-11-10 07:07:00,201,Payment captured,2
EVT00000174,PAY0000045,PaymentSettled,Captured,Settled,2024-11-10 07:09:00,202,Settlement completed,3
EVT00000175,PAY0000046,PaymentCreated,NULL,Created,2025-08-03 02:05:00,100,Payment initiated,0
EVT00000176,PAY0000046,PaymentAuthorized,Created,Authorized,2025-08-03 02:07:00,200,Authorization successful,1
EVT00000177,PAY0000046,PaymentCaptured,Authorized,Captured,2025-08-03 02:09:00,201,Payment captured,2
EVT00000178,PAY0000046,PaymentSettled,Captured,Settled,2025-08-03 02:11:00,202,Settlement completed,3
EVT00000179,PAY0000047,PaymentCreated,NULL,Created,2024-03-11 17:49:00,100,Payment initiated,0
EVT00000180,PAY0000047,PaymentAuthorized,Created,Authorized,2024-03-11 17:51:00,200,Authorization successful,1
EVT00000181,PAY0000047,PaymentCaptured,Authorized,Captured,2024-03-11 17:53:00,201,Payment captured,2
EVT00000182,PAY0000047,PaymentSettled,Captured,Settled,2024-03-11 17:55:00,202,Settlement completed,3
EVT00000183,PAY0000048,PaymentCreated,NULL,Created,2025-11-06 15:35:00,100,Payment initiated,0
EVT00000184,PAY0000048,PaymentAuthorized,Created,Authorized,2025-11-06 15:37:00,200,Authorization successful,1
EVT00000185,PAY0000048,PaymentCaptured,Authorized,Captured,2025-11-06 15:39:00,201,Payment captured,2
EVT00000186,PAY0000048,PaymentSettled,Captured,Settled,2025-11-06 15:41:00,202,Settlement completed,3
EVT00000187,PAY0000049,PaymentCreated,NULL,Created,2025-06-24 19:27:00,100,Payment initiated,0
EVT00000188,PAY0000049,PaymentAuthorized,Created,Authorized,2025-06-24 19:29:00,200,Authorization successful,1
EVT00000189,PAY0000049,PaymentCaptured,Authorized,Captured,2025-06-24 19:31:00,201,Payment captured,2
EVT00000190,PAY0000049,PaymentSettled,Captured,Settled,2025-06-24 19:33:00,202,Settlement completed,3
EVT00000191,PAY0000050,PaymentCreated,NULL,Created,2025-07-06 23:44:00,100,Payment initiated,0
EVT00000192,PAY0000050,PaymentAuthorized,Created,Authorized,2025-07-06 23:46:00,200,Authorization successful,1
EVT00000193,PAY0000050,PaymentCaptured,Authorized,Captured,2025-07-06 23:48:00,201,Payment captured,2
EVT00000194,PAY0000050,PaymentSettled,Captured,Settled,2025-07-06 23:50:00,202,Settlement completed,3
EVT00000195,PAY0000051,PaymentCreated,NULL,Created,2024-11-15 12:42:00,100,Payment initiated,0
EVT00000196,PAY0000051,PaymentAuthorized,Created,Authorized,2024-11-15 12:44:00,200,Authorization successful,1
EVT00000197,PAY0000051,PaymentCaptured,Authorized,Captured,2024-11-15 12:46:00,201,Payment captured,2
EVT00000198,PAY0000051,PaymentSettled,Captured,Settled,2024-11-15 12:48:00,202,Settlement completed,3
EVT00000199,PAY0000052,PaymentCreated,NULL,Created,2025-03-24 16:28:00,100,Payment initiated,0
EVT00000200,PAY0000052,PaymentAuthorized,Created,Authorized,2025-03-24 16:30:00,200,Authorization successful,1
EVT00000201,PAY0000052,PaymentCaptured,Authorized,Captured,2025-03-24 16:32:00,201,Payment captured,2
EVT00000202,PAY0000052,PaymentSettled,Captured,Settled,2025-03-24 16:34:00,202,Settlement completed,3
EVT00000203,PAY0000053,PaymentCreated,NULL,Created,2024-08-18 02:21:00,100,Payment initiated,0
EVT00000204,PAY0000053,PaymentAuthorized,Created,Authorized,2024-08-18 02:23:00,200,Authorization successful,1
EVT00000205,PAY0000053,PaymentFailed,Authorized,Failed,2024-08-18 02:25:00,500,Transaction failed,2
EVT00000206,PAY0000054,PaymentCreated,NULL,Created,2025-07-21 07:37:00,100,Payment initiated,0
EVT00000207,PAY0000054,PaymentAuthorized,Created,Authorized,2025-07-21 07:39:00,200,Authorization successful,1
EVT00000208,PAY0000054,PaymentCaptured,Authorized,Captured,2025-07-21 07:41:00,201,Payment captured,2
EVT00000209,PAY0000054,PaymentSettled,Captured,Settled,2025-07-21 07:43:00,202,Settlement completed,3
EVT00000210,PAY0000055,PaymentCreated,NULL,Created,2024-03-13 22:40:00,100,Payment initiated,0
EVT00000211,PAY0000055,PaymentAuthorized,Created,Authorized,2024-03-13 22:42:00,200,Authorization successful,1
EVT00000212,PAY0000055,PaymentFailed,Authorized,Failed,2024-03-13 22:44:00,500,Transaction failed,2
EVT00000213,PAY0000056,PaymentCreated,NULL,Created,2024-03-10 01:55:00,100,Payment initiated,0
EVT00000214,PAY0000056,PaymentAuthorized,Created,Authorized,2024-03-10 01:57:00,200,Authorization successful,1
EVT00000215,PAY0000056,PaymentCaptured,Authorized,Captured,2024-03-10 01:59:00,201,Payment captured,2
EVT00000216,PAY0000056,PaymentSettled,Captured,Settled,2024-03-10 02:01:00,202,Settlement completed,3
EVT00000217,PAY0000057,PaymentCreated,NULL,Created,2025-06-10 07:17:00,100,Payment initiated,0
EVT00000218,PAY0000057,PaymentAuthorized,Created,Authorized,2025-06-10 07:19:00,200,Authorization successful,1
EVT00000219,PAY0000057,PaymentCaptured,Authorized,Captured,2025-06-10 07:21:00,201,Payment captured,2
EVT00000220,PAY0000057,PaymentSettled,Captured,Settled,2025-06-10 07:23:00,202,Settlement completed,3
EVT00000221,PAY0000058,PaymentCreated,NULL,Created,2024-08-07 17:08:00,100,Payment initiated,0
EVT00000222,PAY0000058,PaymentAuthorized,Created,Authorized,2024-08-07 17:10:00,200,Authorization successful,1
EVT00000223,PAY0000058,PaymentCaptured,Authorized,Captured,2024-08-07 17:12:00,201,Payment captured,2
EVT00000224,PAY0000058,PaymentSettled,Captured,Settled,2024-08-07 17:14:00,202,Settlement completed,3
EVT00000225,PAY0000059,PaymentCreated,NULL,Created,2025-08-07 18:30:00,100,Payment initiated,0
EVT00000226,PAY0000059,PaymentAuthorized,Created,Authorized,2025-08-07 18:32:00,200,Authorization successful,1
EVT00000227,PAY0000059,PaymentCaptured,Authorized,Captured,2025-08-07 18:34:00,201,Payment captured,2
EVT00000228,PAY0000059,PaymentSettled,Captured,Settled,2025-08-07 18:36:00,202,Settlement completed,3
EVT00000229,PAY0000060,PaymentCreated,NULL,Created,2025-04-29 13:12:00,100,Payment initiated,0
EVT00000230,PAY0000060,PaymentAuthorized,Created,Authorized,2025-04-29 13:14:00,200,Authorization successful,1
EVT00000231,PAY0000060,PaymentFailed,Authorized,Failed,2025-04-29 13:16:00,500,Transaction failed,2
EVT00000232,PAY0000061,PaymentCreated,NULL,Created,2025-11-05 13:22:00,100,Payment initiated,0
EVT00000233,PAY0000061,PaymentAuthorized,Created,Authorized,2025-11-05 13:24:00,200,Authorization successful,1
EVT00000234,PAY0000061,PaymentCaptured,Authorized,Captured,2025-11-05 13:26:00,201,Payment captured,2
EVT00000235,PAY0000061,PaymentSettled,Captured,Settled,2025-11-05 13:28:00,202,Settlement completed,3
EVT00000236,PAY0000062,PaymentCreated,NULL,Created,2025-04-23 23:03:00,100,Payment initiated,0
EVT00000237,PAY0000062,PaymentAuthorized,Created,Authorized,2025-04-23 23:05:00,200,Authorization successful,1
EVT00000238,PAY0000062,PaymentCaptured,Authorized,Captured,2025-04-23 23:07:00,201,Payment captured,2
EVT00000239,PAY0000062,PaymentSettled,Captured,Settled,2025-04-23 23:09:00,202,Settlement completed,3
EVT00000240,PAY0000063,PaymentCreated,NULL,Created,2025-10-23 03:03:00,100,Payment initiated,0
EVT00000241,PAY0000063,PaymentAuthorized,Created,Authorized,2025-10-23 03:05:00,200,Authorization successful,1
EVT00000242,PAY0000063,PaymentCaptured,Authorized,Captured,2025-10-23 03:07:00,201,Payment captured,2
EVT00000243,PAY0000063,PaymentSettled,Captured,Settled,2025-10-23 03:09:00,202,Settlement completed,3
EVT00000244,PAY0000064,PaymentCreated,NULL,Created,2024-12-13 03:15:00,100,Payment initiated,0
EVT00000245,PAY0000064,PaymentAuthorized,Created,Authorized,2024-12-13 03:17:00,200,Authorization successful,1
EVT00000246,PAY0000064,PaymentCaptured,Authorized,Captured,2024-12-13 03:19:00,201,Payment captured,2
EVT00000247,PAY0000064,PaymentSettled,Captured,Settled,2024-12-13 03:21:00,202,Settlement completed,3
EVT00000248,PAY0000065,PaymentCreated,NULL,Created,2025-07-03 14:08:00,100,Payment initiated,0
EVT00000249,PAY0000065,PaymentAuthorized,Created,Authorized,2025-07-03 14:10:00,200,Authorization successful,1
EVT00000250,PAY0000065,PaymentCaptured,Authorized,Captured,2025-07-03 14:12:00,201,Payment captured,2
EVT00000251,PAY0000065,PaymentSettled,Captured,Settled,2025-07-03 14:14:00,202,Settlement completed,3
EVT00000252,PAY0000066,PaymentCreated,NULL,Created,2024-10-12 14:15:00,100,Payment initiated,0
EVT00000253,PAY0000066,PaymentAuthorized,Created,Authorized,2024-10-12 14:17:00,200,Authorization successful,1
EVT00000254,PAY0000066,PaymentCaptured,Authorized,Captured,2024-10-12 14:19:00,201,Payment captured,2
EVT00000255,PAY0000066,PaymentSettled,Captured,Settled,2024-10-12 14:21:00,202,Settlement completed,3
EVT00000256,PAY0000067,PaymentCreated,NULL,Created,2024-03-18 14:51:00,100,Payment initiated,0
EVT00000257,PAY0000067,PaymentAuthorized,Created,Authorized,2024-03-18 14:53:00,200,Authorization successful,1
EVT00000258,PAY0000067,PaymentCaptured,Authorized,Captured,2024-03-18 14:55:00,201,Payment captured,2
EVT00000259,PAY0000067,PaymentSettled,Captured,Settled,2024-03-18 14:57:00,202,Settlement completed,3
EVT00000260,PAY0000068,PaymentCreated,NULL,Created,2025-07-17 03:03:00,100,Payment initiated,0
EVT00000261,PAY0000068,PaymentAuthorized,Created,Authorized,2025-07-17 03:05:00,200,Authorization successful,1
EVT00000262,PAY0000068,PaymentCaptured,Authorized,Captured,2025-07-17 03:07:00,201,Payment captured,2
EVT00000263,PAY0000068,PaymentSettled,Captured,Settled,2025-07-17 03:09:00,202,Settlement completed,3
EVT00000264,PAY0000069,PaymentCreated,NULL,Created,2025-07-07 00:05:00,100,Payment initiated,0
EVT00000265,PAY0000069,PaymentAuthorized,Created,Authorized,2025-07-07 00:07:00,200,Authorization successful,1
EVT00000266,PAY0000069,PaymentCaptured,Authorized,Captured,2025-07-07 00:09:00,201,Payment captured,2
EVT00000267,PAY0000069,PaymentSettled,Captured,Settled,2025-07-07 00:11:00,202,Settlement completed,3
EVT00000268,PAY0000070,PaymentCreated,NULL,Created,2024-08-30 05:26:00,100,Payment initiated,0
EVT00000269,PAY0000070,PaymentAuthorized,Created,Authorized,2024-08-30 05:28:00,200,Authorization successful,1
EVT00000270,PAY0000070,PaymentCaptured,Authorized,Captured,2024-08-30 05:30:00,201,Payment captured,2
EVT00000271,PAY0000070,PaymentSettled,Captured,Settled,2024-08-30 05:32:00,202,Settlement completed,3
EVT00000272,PAY0000071,PaymentCreated,NULL,Created,2024-08-06 12:57:00,100,Payment initiated,0
EVT00000273,PAY0000071,PaymentAuthorized,Created,Authorized,2024-08-06 12:59:00,200,Authorization successful,1
EVT00000274,PAY0000071,PaymentFailed,Authorized,Failed,2024-08-06 13:01:00,500,Transaction failed,2
EVT00000275,PAY0000072,PaymentCreated,NULL,Created,2025-01-23 00:24:00,100,Payment initiated,0
EVT00000276,PAY0000072,PaymentAuthorized,Created,Authorized,2025-01-23 00:26:00,200,Authorization successful,1
EVT00000277,PAY0000072,PaymentCaptured,Authorized,Captured,2025-01-23 00:28:00,201,Payment captured,2
EVT00000278,PAY0000072,PaymentSettled,Captured,Settled,2025-01-23 00:30:00,202,Settlement completed,3
EVT00000279,PAY0000073,PaymentCreated,NULL,Created,2025-04-10 09:27:00,100,Payment initiated,0
EVT00000280,PAY0000073,PaymentAuthorized,Created,Authorized,2025-04-10 09:29:00,200,Authorization successful,1
EVT00000281,PAY0000073,PaymentCaptured,Authorized,Captured,2025-04-10 09:31:00,201,Payment captured,2
EVT00000282,PAY0000073,PaymentSettled,Captured,Settled,2025-04-10 09:33:00,202,Settlement completed,3
EVT00000283,PAY0000074,PaymentCreated,NULL,Created,2025-07-23 21:45:00,100,Payment initiated,0
EVT00000284,PAY0000074,PaymentAuthorized,Created,Authorized,2025-07-23 21:47:00,200,Authorization successful,1
EVT00000285,PAY0000074,PaymentCaptured,Authorized,Captured,2025-07-23 21:49:00,201,Payment captured,2
EVT00000286,PAY0000074,PaymentSettled,Captured,Settled,2025-07-23 21:51:00,202,Settlement completed,3
EVT00000287,PAY0000075,PaymentCreated,NULL,Created,2024-07-13 09:13:00,100,Payment initiated,0
EVT00000288,PAY0000075,PaymentAuthorized,Created,Authorized,2024-07-13 09:15:00,200,Authorization successful,1
EVT00000289,PAY0000075,PaymentCaptured,Authorized,Captured,2024-07-13 09:17:00,201,Payment captured,2
EVT00000290,PAY0000075,PaymentSettled,Captured,Settled,2024-07-13 09:19:00,202,Settlement completed,3
EVT00000291,PAY0000076,PaymentCreated,NULL,Created,2025-08-16 23:34:00,100,Payment initiated,0
EVT00000292,PAY0000076,PaymentAuthorized,Created,Authorized,2025-08-16 23:36:00,200,Authorization successful,1
EVT00000293,PAY0000076,PaymentFailed,Authorized,Failed,2025-08-16 23:38:00,500,Transaction failed,2
EVT00000294,PAY0000077,PaymentCreated,NULL,Created,2024-11-17 01:03:00,100,Payment initiated,0
EVT00000295,PAY0000077,PaymentAuthorized,Created,Authorized,2024-11-17 01:05:00,200,Authorization successful,1
EVT00000296,PAY0000077,PaymentCaptured,Authorized,Captured,2024-11-17 01:07:00,201,Payment captured,2
EVT00000297,PAY0000077,PaymentSettled,Captured,Settled,2024-11-17 01:09:00,202,Settlement completed,3
EVT00000298,PAY0000078,PaymentCreated,NULL,Created,2025-05-29 16:10:00,100,Payment initiated,0
EVT00000299,PAY0000078,PaymentAuthorized,Created,Authorized,2025-05-29 16:12:00,200,Authorization successful,1
EVT00000300,PAY0000078,PaymentFailed,Authorized,Failed,2025-05-29 16:14:00,500,Transaction failed,2
EVT00000301,PAY0000079,PaymentCreated,NULL,Created,2025-06-04 02:54:00,100,Payment initiated,0
EVT00000302,PAY0000079,PaymentAuthorized,Created,Authorized,2025-06-04 02:56:00,200,Authorization successful,1
EVT00000303,PAY0000079,PaymentCaptured,Authorized,Captured,2025-06-04 02:58:00,201,Payment captured,2
EVT00000304,PAY0000079,PaymentSettled,Captured,Settled,2025-06-04 03:00:00,202,Settlement completed,3
EVT00000305,PAY0000080,PaymentCreated,NULL,Created,2025-09-01 02:43:00,100,Payment initiated,0
EVT00000306,PAY0000080,PaymentAuthorized,Created,Authorized,2025-09-01 02:45:00,200,Authorization successful,1
EVT00000307,PAY0000080,PaymentCaptured,Authorized,Captured,2025-09-01 02:47:00,201,Payment captured,2
EVT00000308,PAY0000080,PaymentSettled,Captured,Settled,2025-09-01 02:49:00,202,Settlement completed,3
EVT00000309,PAY0000081,PaymentCreated,NULL,Created,2025-02-17 03:56:00,100,Payment initiated,0
EVT00000310,PAY0000081,PaymentAuthorized,Created,Authorized,2025-02-17 03:58:00,200,Authorization successful,1
EVT00000311,PAY0000081,PaymentCaptured,Authorized,Captured,2025-02-17 04:00:00,201,Payment captured,2
EVT00000312,PAY0000081,PaymentSettled,Captured,Settled,2025-02-17 04:02:00,202,Settlement completed,3
EVT00000313,PAY0000082,PaymentCreated,NULL,Created,2025-08-15 19:02:00,100,Payment initiated,0
EVT00000314,PAY0000082,PaymentAuthorized,Created,Authorized,2025-08-15 19:04:00,200,Authorization successful,1
EVT00000315,PAY0000082,PaymentCaptured,Authorized,Captured,2025-08-15 19:06:00,201,Payment captured,2
EVT00000316,PAY0000082,PaymentSettled,Captured,Settled,2025-08-15 19:08:00,202,Settlement completed,3
EVT00000317,PAY0000083,PaymentCreated,NULL,Created,2025-03-05 21:37:00,100,Payment initiated,0
EVT00000318,PAY0000083,PaymentAuthorized,Created,Authorized,2025-03-05 21:39:00,200,Authorization successful,1
EVT00000319,PAY0000083,PaymentCaptured,Authorized,Captured,2025-03-05 21:41:00,201,Payment captured,2
EVT00000320,PAY0000083,PaymentSettled,Captured,Settled,2025-03-05 21:43:00,202,Settlement completed,3
EVT00000321,PAY0000084,PaymentCreated,NULL,Created,2024-11-19 08:13:00,100,Payment initiated,0
EVT00000322,PAY0000084,PaymentAuthorized,Created,Authorized,2024-11-19 08:15:00,200,Authorization successful,1
EVT00000323,PAY0000084,PaymentCaptured,Authorized,Captured,2024-11-19 08:17:00,201,Payment captured,2
EVT00000324,PAY0000084,PaymentSettled,Captured,Settled,2024-11-19 08:19:00,202,Settlement completed,3
EVT00000325,PAY0000085,PaymentCreated,NULL,Created,2024-11-17 07:16:00,100,Payment initiated,0
EVT00000326,PAY0000085,PaymentAuthorized,Created,Authorized,2024-11-17 07:18:00,200,Authorization successful,1
EVT00000327,PAY0000085,PaymentCaptured,Authorized,Captured,2024-11-17 07:20:00,201,Payment captured,2
EVT00000328,PAY0000085,PaymentSettled,Captured,Settled,2024-11-17 07:22:00,202,Settlement completed,3
EVT00000329,PAY0000086,PaymentCreated,NULL,Created,2025-11-18 20:19:00,100,Payment initiated,0
EVT00000330,PAY0000086,PaymentAuthorized,Created,Authorized,2025-11-18 20:21:00,200,Authorization successful,1
EVT00000331,PAY0000086,PaymentCaptured,Authorized,Captured,2025-11-18 20:23:00,201,Payment captured,2
EVT00000332,PAY0000086,PaymentSettled,Captured,Settled,2025-11-18 20:25:00,202,Settlement completed,3
EVT00000333,PAY0000087,PaymentCreated,NULL,Created,2024-03-15 00:29:00,100,Payment initiated,0
EVT00000334,PAY0000087,PaymentAuthorized,Created,Authorized,2024-03-15 00:31:00,200,Authorization successful,1
EVT00000335,PAY0000087,PaymentCaptured,Authorized,Captured,2024-03-15 00:33:00,201,Payment captured,2
EVT00000336,PAY0000087,PaymentSettled,Captured,Settled,2024-03-15 00:35:00,202,Settlement completed,3
EVT00000337,PAY0000088,PaymentCreated,NULL,Created,2025-07-30 03:04:00,100,Payment initiated,0
EVT00000338,PAY0000088,PaymentAuthorized,Created,Authorized,2025-07-30 03:06:00,200,Authorization successful,1
EVT00000339,PAY0000088,PaymentCaptured,Authorized,Captured,2025-07-30 03:08:00,201,Payment captured,2
EVT00000340,PAY0000088,PaymentSettled,Captured,Settled,2025-07-30 03:10:00,202,Settlement completed,3
EVT00000341,PAY0000089,PaymentCreated,NULL,Created,2025-06-02 08:08:00,100,Payment initiated,0
EVT00000342,PAY0000089,PaymentAuthorized,Created,Authorized,2025-06-02 08:10:00,200,Authorization successful,1
EVT00000343,PAY0000089,PaymentCaptured,Authorized,Captured,2025-06-02 08:12:00,201,Payment captured,2
EVT00000344,PAY0000089,PaymentSettled,Captured,Settled,2025-06-02 08:14:00,202,Settlement completed,3
EVT00000345,PAY0000090,PaymentCreated,NULL,Created,2024-03-11 07:23:00,100,Payment initiated,0
EVT00000346,PAY0000090,PaymentAuthorized,Created,Authorized,2024-03-11 07:25:00,200,Authorization successful,1
EVT00000347,PAY0000090,PaymentCaptured,Authorized,Captured,2024-03-11 07:27:00,201,Payment captured,2
EVT00000348,PAY0000090,PaymentSettled,Captured,Settled,2024-03-11 07:29:00,202,Settlement completed,3
EVT00000349,PAY0000091,PaymentCreated,NULL,Created,2025-03-24 17:45:00,100,Payment initiated,0
EVT00000350,PAY0000091,PaymentAuthorized,Created,Authorized,2025-03-24 17:47:00,200,Authorization successful,1
EVT00000351,PAY0000091,PaymentCaptured,Authorized,Captured,2025-03-24 17:49:00,201,Payment captured,2
EVT00000352,PAY0000091,PaymentSettled,Captured,Settled,2025-03-24 17:51:00,202,Settlement completed,3
EVT00000353,PAY0000092,PaymentCreated,NULL,Created,2025-10-31 16:00:00,100,Payment initiated,0
EVT00000354,PAY0000092,PaymentAuthorized,Created,Authorized,2025-10-31 16:02:00,200,Authorization successful,1
EVT00000355,PAY0000092,PaymentCaptured,Authorized,Captured,2025-10-31 16:04:00,201,Payment captured,2
EVT00000356,PAY0000092,PaymentSettled,Captured,Settled,2025-10-31 16:06:00,202,Settlement completed,3
EVT00000357,PAY0000093,PaymentCreated,NULL,Created,2025-07-21 09:59:00,100,Payment initiated,0
EVT00000358,PAY0000093,PaymentAuthorized,Created,Authorized,2025-07-21 10:01:00,200,Authorization successful,1
EVT00000359,PAY0000093,PaymentCaptured,Authorized,Captured,2025-07-21 10:03:00,201,Payment captured,2
EVT00000360,PAY0000093,PaymentSettled,Captured,Settled,2025-07-21 10:05:00,202,Settlement completed,3
EVT00000361,PAY0000094,PaymentCreated,NULL,Created,2024-05-17 08:07:00,100,Payment initiated,0
EVT00000362,PAY0000094,PaymentAuthorized,Created,Authorized,2024-05-17 08:09:00,200,Authorization successful,1
EVT00000363,PAY0000094,PaymentCaptured,Authorized,Captured,2024-05-17 08:11:00,201,Payment captured,2
EVT00000364,PAY0000094,PaymentSettled,Captured,Settled,2024-05-17 08:13:00,202,Settlement completed,3
EVT00000365,PAY0000095,PaymentCreated,NULL,Created,2025-07-20 04:17:00,100,Payment initiated,0
EVT00000366,PAY0000095,PaymentAuthorized,Created,Authorized,2025-07-20 04:19:00,200,Authorization successful,1
EVT00000367,PAY0000095,PaymentCaptured,Authorized,Captured,2025-07-20 04:21:00,201,Payment captured,2
EVT00000368,PAY0000095,PaymentSettled,Captured,Settled,2025-07-20 04:23:00,202,Settlement completed,3
EVT00000369,PAY0000096,PaymentCreated,NULL,Created,2024-08-03 22:21:00,100,Payment initiated,0
EVT00000370,PAY0000096,PaymentAuthorized,Created,Authorized,2024-08-03 22:23:00,200,Authorization successful,1
EVT00000371,PAY0000096,PaymentCaptured,Authorized,Captured,2024-08-03 22:25:00,201,Payment captured,2
EVT00000372,PAY0000096,PaymentSettled,Captured,Settled,2024-08-03 22:27:00,202,Settlement completed,3
EVT00000373,PAY0000097,PaymentCreated,NULL,Created,2025-10-11 08:32:00,100,Payment initiated,0
EVT00000374,PAY0000097,PaymentAuthorized,Created,Authorized,2025-10-11 08:34:00,200,Authorization successful,1
EVT00000375,PAY0000097,PaymentCaptured,Authorized,Captured,2025-10-11 08:36:00,201,Payment captured,2
EVT00000376,PAY0000097,PaymentSettled,Captured,Settled,2025-10-11 08:38:00,202,Settlement completed,3
EVT00000377,PAY0000098,PaymentCreated,NULL,Created,2024-02-22 02:40:00,100,Payment initiated,0
EVT00000378,PAY0000098,PaymentAuthorized,Created,Authorized,2024-02-22 02:42:00,200,Authorization successful,1
EVT00000379,PAY0000098,PaymentCaptured,Authorized,Captured,2024-02-22 02:44:00,201,Payment captured,2
EVT00000380,PAY0000098,PaymentSettled,Captured,Settled,2024-02-22 02:46:00,202,Settlement completed,3
EVT00000381,PAY0000099,PaymentCreated,NULL,Created,2024-10-10 01:00:00,100,Payment initiated,0
EVT00000382,PAY0000099,PaymentAuthorized,Created,Authorized,2024-10-10 01:02:00,200,Authorization successful,1
EVT00000383,PAY0000099,PaymentCaptured,Authorized,Captured,2024-10-10 01:04:00,201,Payment captured,2
EVT00000384,PAY0000099,PaymentSettled,Captured,Settled,2024-10-10 01:06:00,202,Settlement completed,3
EVT00000385,PAY0000100,PaymentCreated,NULL,Created,2024-05-13 20:16:00,100,Payment initiated,0
EVT00000386,PAY0000100,PaymentAuthorized,Created,Authorized,2024-05-13 20:18:00,200,Authorization successful,1
EVT00000387,PAY0000100,PaymentCaptured,Authorized,Captured,2024-05-13 20:20:00,201,Payment captured,2
EVT00000388,PAY0000100,PaymentSettled,Captured,Settled,2024-05-13 20:22:00,202,Settlement completed,3
EVT00000389,PAY0000101,PaymentCreated,NULL,Created,2025-03-28 17:45:00,100,Payment initiated,0
EVT00000390,PAY0000101,PaymentAuthorized,Created,Authorized,2025-03-28 17:47:00,200,Authorization successful,1
EVT00000391,PAY0000101,PaymentCaptured,Authorized,Captured,2025-03-28 17:49:00,201,Payment captured,2
EVT00000392,PAY0000101,PaymentSettled,Captured,Settled,2025-03-28 17:51:00,202,Settlement completed,3
EVT00000393,PAY0000102,PaymentCreated,NULL,Created,2024-01-10 03:04:00,100,Payment initiated,0
EVT00000394,PAY0000102,PaymentAuthorized,Created,Authorized,2024-01-10 03:06:00,200,Authorization successful,1
EVT00000395,PAY0000102,PaymentCaptured,Authorized,Captured,2024-01-10 03:08:00,201,Payment captured,2
EVT00000396,PAY0000102,PaymentSettled,Captured,Settled,2024-01-10 03:10:00,202,Settlement completed,3
EVT00000397,PAY0000103,PaymentCreated,NULL,Created,2024-06-01 17:02:00,100,Payment initiated,0
EVT00000398,PAY0000103,PaymentAuthorized,Created,Authorized,2024-06-01 17:04:00,200,Authorization successful,1
EVT00000399,PAY0000103,PaymentCaptured,Authorized,Captured,2024-06-01 17:06:00,201,Payment captured,2
EVT00000400,PAY0000103,PaymentSettled,Captured,Settled,2024-06-01 17:08:00,202,Settlement completed,3
EVT00000401,PAY0000104,PaymentCreated,NULL,Created,2025-08-19 17:09:00,100,Payment initiated,0
EVT00000402,PAY0000104,PaymentAuthorized,Created,Authorized,2025-08-19 17:11:00,200,Authorization successful,1
EVT00000403,PAY0000104,PaymentCaptured,Authorized,Captured,2025-08-19 17:13:00,201,Payment captured,2
EVT00000404,PAY0000104,PaymentSettled,Captured,Settled,2025-08-19 17:15:00,202,Settlement completed,3
EVT00000405,PAY0000105,PaymentCreated,NULL,Created,2024-02-12 09:23:00,100,Payment initiated,0
EVT00000406,PAY0000105,PaymentAuthorized,Created,Authorized,2024-02-12 09:25:00,200,Authorization successful,1
EVT00000407,PAY0000105,PaymentCaptured,Authorized,Captured,2024-02-12 09:27:00,201,Payment captured,2
EVT00000408,PAY0000105,PaymentSettled,Captured,Settled,2024-02-12 09:29:00,202,Settlement completed,3
EVT00000409,PAY0000106,PaymentCreated,NULL,Created,2024-02-10 11:13:00,100,Payment initiated,0
EVT00000410,PAY0000106,PaymentAuthorized,Created,Authorized,2024-02-10 11:15:00,200,Authorization successful,1
EVT00000411,PAY0000106,PaymentCaptured,Authorized,Captured,2024-02-10 11:17:00,201,Payment captured,2
EVT00000412,PAY0000106,PaymentSettled,Captured,Settled,2024-02-10 11:19:00,202,Settlement completed,3
EVT00000413,PAY0000107,PaymentCreated,NULL,Created,2025-11-13 03:22:00,100,Payment initiated,0
EVT00000414,PAY0000107,PaymentAuthorized,Created,Authorized,2025-11-13 03:24:00,200,Authorization successful,1
EVT00000415,PAY0000107,PaymentCaptured,Authorized,Captured,2025-11-13 03:26:00,201,Payment captured,2
EVT00000416,PAY0000107,PaymentSettled,Captured,Settled,2025-11-13 03:28:00,202,Settlement completed,3
EVT00000417,PAY0000108,PaymentCreated,NULL,Created,2025-02-20 19:47:00,100,Payment initiated,0
EVT00000418,PAY0000108,PaymentAuthorized,Created,Authorized,2025-02-20 19:49:00,200,Authorization successful,1
EVT00000419,PAY0000108,PaymentCaptured,Authorized,Captured,2025-02-20 19:51:00,201,Payment captured,2
EVT00000420,PAY0000108,PaymentSettled,Captured,Settled,2025-02-20 19:53:00,202,Settlement completed,3
EVT00000421,PAY0000109,PaymentCreated,NULL,Created,2024-08-30 05:51:00,100,Payment initiated,0
EVT00000422,PAY0000109,PaymentAuthorized,Created,Authorized,2024-08-30 05:53:00,200,Authorization successful,1
EVT00000423,PAY0000109,PaymentCaptured,Authorized,Captured,2024-08-30 05:55:00,201,Payment captured,2
EVT00000424,PAY0000109,PaymentSettled,Captured,Settled,2024-08-30 05:57:00,202,Settlement completed,3
EVT00000425,PAY0000110,PaymentCreated,NULL,Created,2025-02-26 00:11:00,100,Payment initiated,0
EVT00000426,PAY0000110,PaymentAuthorized,Created,Authorized,2025-02-26 00:13:00,200,Authorization successful,1
EVT00000427,PAY0000110,PaymentCaptured,Authorized,Captured,2025-02-26 00:15:00,201,Payment captured,2
EVT00000428,PAY0000110,PaymentSettled,Captured,Settled,2025-02-26 00:17:00,202,Settlement completed,3
EVT00000429,PAY0000111,PaymentCreated,NULL,Created,2024-12-06 13:51:00,100,Payment initiated,0
EVT00000430,PAY0000111,PaymentAuthorized,Created,Authorized,2024-12-06 13:53:00,200,Authorization successful,1
EVT00000431,PAY0000111,PaymentCaptured,Authorized,Captured,2024-12-06 13:55:00,201,Payment captured,2
EVT00000432,PAY0000111,PaymentSettled,Captured,Settled,2024-12-06 13:57:00,202,Settlement completed,3
EVT00000433,PAY0000112,PaymentCreated,NULL,Created,2024-09-11 08:10:00,100,Payment initiated,0
EVT00000434,PAY0000112,PaymentAuthorized,Created,Authorized,2024-09-11 08:12:00,200,Authorization successful,1
EVT00000435,PAY0000112,PaymentCaptured,Authorized,Captured,2024-09-11 08:14:00,201,Payment captured,2
EVT00000436,PAY0000112,PaymentSettled,Captured,Settled,2024-09-11 08:16:00,202,Settlement completed,3
EVT00000437,PAY0000113,PaymentCreated,NULL,Created,2024-04-20 12:55:00,100,Payment initiated,0
EVT00000438,PAY0000113,PaymentAuthorized,Created,Authorized,2024-04-20 12:57:00,200,Authorization successful,1
EVT00000439,PAY0000113,PaymentFailed,Authorized,Failed,2024-04-20 12:59:00,500,Transaction failed,2
EVT00000440,PAY0000114,PaymentCreated,NULL,Created,2025-04-26 07:12:00,100,Payment initiated,0
EVT00000441,PAY0000114,PaymentAuthorized,Created,Authorized,2025-04-26 07:14:00,200,Authorization successful,1
EVT00000442,PAY0000114,PaymentCaptured,Authorized,Captured,2025-04-26 07:16:00,201,Payment captured,2
EVT00000443,PAY0000114,PaymentSettled,Captured,Settled,2025-04-26 07:18:00,202,Settlement completed,3
EVT00000444,PAY0000115,PaymentCreated,NULL,Created,2025-04-16 11:19:00,100,Payment initiated,0
EVT00000445,PAY0000115,PaymentAuthorized,Created,Authorized,2025-04-16 11:21:00,200,Authorization successful,1
EVT00000446,PAY0000115,PaymentCaptured,Authorized,Captured,2025-04-16 11:23:00,201,Payment captured,2
EVT00000447,PAY0000115,PaymentSettled,Captured,Settled,2025-04-16 11:25:00,202,Settlement completed,3
EVT00000448,PAY0000116,PaymentCreated,NULL,Created,2024-08-21 07:01:00,100,Payment initiated,0
EVT00000449,PAY0000116,PaymentAuthorized,Created,Authorized,2024-08-21 07:03:00,200,Authorization successful,1
EVT00000450,PAY0000116,PaymentCaptured,Authorized,Captured,2024-08-21 07:05:00,201,Payment captured,2
EVT00000451,PAY0000116,PaymentSettled,Captured,Settled,2024-08-21 07:07:00,202,Settlement completed,3
EVT00000452,PAY0000117,PaymentCreated,NULL,Created,2025-02-12 10:17:00,100,Payment initiated,0
EVT00000453,PAY0000117,PaymentAuthorized,Created,Authorized,2025-02-12 10:19:00,200,Authorization successful,1
EVT00000454,PAY0000117,PaymentCaptured,Authorized,Captured,2025-02-12 10:21:00,201,Payment captured,2
EVT00000455,PAY0000117,PaymentSettled,Captured,Settled,2025-02-12 10:23:00,202,Settlement completed,3
EVT00000456,PAY0000118,PaymentCreated,NULL,Created,2024-10-12 11:41:00,100,Payment initiated,0
EVT00000457,PAY0000118,PaymentAuthorized,Created,Authorized,2024-10-12 11:43:00,200,Authorization successful,1
EVT00000458,PAY0000118,PaymentCaptured,Authorized,Captured,2024-10-12 11:45:00,201,Payment captured,2
EVT00000459,PAY0000118,PaymentSettled,Captured,Settled,2024-10-12 11:47:00,202,Settlement completed,3
EVT00000460,PAY0000119,PaymentCreated,NULL,Created,2025-11-26 17:21:00,100,Payment initiated,0
EVT00000461,PAY0000119,PaymentAuthorized,Created,Authorized,2025-11-26 17:23:00,200,Authorization successful,1
EVT00000462,PAY0000119,PaymentCaptured,Authorized,Captured,2025-11-26 17:25:00,201,Payment captured,2
EVT00000463,PAY0000119,PaymentSettled,Captured,Settled,2025-11-26 17:27:00,202,Settlement completed,3
EVT00000464,PAY0000120,PaymentCreated,NULL,Created,2024-04-28 08:11:00,100,Payment initiated,0
EVT00000465,PAY0000120,PaymentAuthorized,Created,Authorized,2024-04-28 08:13:00,200,Authorization successful,1
EVT00000466,PAY0000120,PaymentCaptured,Authorized,Captured,2024-04-28 08:15:00,201,Payment captured,2
EVT00000467,PAY0000120,PaymentSettled,Captured,Settled,2024-04-28 08:17:00,202,Settlement completed,3
EVT00000468,PAY0000121,PaymentCreated,NULL,Created,2024-09-28 01:06:00,100,Payment initiated,0
EVT00000469,PAY0000121,PaymentAuthorized,Created,Authorized,2024-09-28 01:08:00,200,Authorization successful,1
EVT00000470,PAY0000121,PaymentCaptured,Authorized,Captured,2024-09-28 01:10:00,201,Payment captured,2
EVT00000471,PAY0000121,PaymentSettled,Captured,Settled,2024-09-28 01:12:00,202,Settlement completed,3
EVT00000472,PAY0000122,PaymentCreated,NULL,Created,2024-12-19 23:50:00,100,Payment initiated,0
EVT00000473,PAY0000122,PaymentAuthorized,Created,Authorized,2024-12-19 23:52:00,200,Authorization successful,1
EVT00000474,PAY0000122,PaymentCaptured,Authorized,Captured,2024-12-19 23:54:00,201,Payment captured,2
EVT00000475,PAY0000122,PaymentSettled,Captured,Settled,2024-12-19 23:56:00,202,Settlement completed,3
EVT00000476,PAY0000123,PaymentCreated,NULL,Created,2025-09-12 16:07:00,100,Payment initiated,0
EVT00000477,PAY0000123,PaymentAuthorized,Created,Authorized,2025-09-12 16:09:00,200,Authorization successful,1
EVT00000478,PAY0000123,PaymentCaptured,Authorized,Captured,2025-09-12 16:11:00,201,Payment captured,2
EVT00000479,PAY0000123,PaymentSettled,Captured,Settled,2025-09-12 16:13:00,202,Settlement completed,3
EVT00000480,PAY0000124,PaymentCreated,NULL,Created,2025-08-13 06:16:00,100,Payment initiated,0
EVT00000481,PAY0000124,PaymentAuthorized,Created,Authorized,2025-08-13 06:18:00,200,Authorization successful,1
EVT00000482,PAY0000124,PaymentFailed,Authorized,Failed,2025-08-13 06:20:00,500,Transaction failed,2
EVT00000483,PAY0000125,PaymentCreated,NULL,Created,2025-03-22 00:33:00,100,Payment initiated,0
EVT00000484,PAY0000125,PaymentAuthorized,Created,Authorized,2025-03-22 00:35:00,200,Authorization successful,1
EVT00000485,PAY0000125,PaymentCaptured,Authorized,Captured,2025-03-22 00:37:00,201,Payment captured,2
EVT00000486,PAY0000125,PaymentSettled,Captured,Settled,2025-03-22 00:39:00,202,Settlement completed,3
EVT00000487,PAY0000126,PaymentCreated,NULL,Created,2025-07-05 21:46:00,100,Payment initiated,0
EVT00000488,PAY0000126,PaymentAuthorized,Created,Authorized,2025-07-05 21:48:00,200,Authorization successful,1
EVT00000489,PAY0000126,PaymentCaptured,Authorized,Captured,2025-07-05 21:50:00,201,Payment captured,2
EVT00000490,PAY0000126,PaymentSettled,Captured,Settled,2025-07-05 21:52:00,202,Settlement completed,3
EVT00000491,PAY0000127,PaymentCreated,NULL,Created,2025-11-17 06:23:00,100,Payment initiated,0
EVT00000492,PAY0000127,PaymentAuthorized,Created,Authorized,2025-11-17 06:25:00,200,Authorization successful,1
EVT00000493,PAY0000127,PaymentCaptured,Authorized,Captured,2025-11-17 06:27:00,201,Payment captured,2
EVT00000494,PAY0000127,PaymentSettled,Captured,Settled,2025-11-17 06:29:00,202,Settlement completed,3
EVT00000495,PAY0000128,PaymentCreated,NULL,Created,2025-11-11 10:39:00,100,Payment initiated,0
EVT00000496,PAY0000128,PaymentAuthorized,Created,Authorized,2025-11-11 10:41:00,200,Authorization successful,1
EVT00000497,PAY0000128,PaymentCaptured,Authorized,Captured,2025-11-11 10:43:00,201,Payment captured,2
EVT00000498,PAY0000128,PaymentSettled,Captured,Settled,2025-11-11 10:45:00,202,Settlement completed,3
EVT00000499,PAY0000129,PaymentCreated,NULL,Created,2024-05-07 23:57:00,100,Payment initiated,0
EVT00000500,PAY0000129,PaymentAuthorized,Created,Authorized,2024-05-07 23:59:00,200,Authorization successful,1
EVT00000501,PAY0000129,PaymentCaptured,Authorized,Captured,2024-05-08 00:01:00,201,Payment captured,2
EVT00000502,PAY0000129,PaymentSettled,Captured,Settled,2024-05-08 00:03:00,202,Settlement completed,3
EVT00000503,PAY0000130,PaymentCreated,NULL,Created,2024-11-12 21:26:00,100,Payment initiated,0
EVT00000504,PAY0000130,PaymentAuthorized,Created,Authorized,2024-11-12 21:28:00,200,Authorization successful,1
EVT00000505,PAY0000130,PaymentCaptured,Authorized,Captured,2024-11-12 21:30:00,201,Payment captured,2
EVT00000506,PAY0000130,PaymentSettled,Captured,Settled,2024-11-12 21:32:00,202,Settlement completed,3
EVT00000507,PAY0000131,PaymentCreated,NULL,Created,2024-10-29 17:08:00,100,Payment initiated,0
EVT00000508,PAY0000131,PaymentAuthorized,Created,Authorized,2024-10-29 17:10:00,200,Authorization successful,1
EVT00000509,PAY0000131,PaymentCaptured,Authorized,Captured,2024-10-29 17:12:00,201,Payment captured,2
EVT00000510,PAY0000131,PaymentSettled,Captured,Settled,2024-10-29 17:14:00,202,Settlement completed,3
EVT00000511,PAY0000132,PaymentCreated,NULL,Created,2025-11-11 12:43:00,100,Payment initiated,0
EVT00000512,PAY0000132,PaymentAuthorized,Created,Authorized,2025-11-11 12:45:00,200,Authorization successful,1
EVT00000513,PAY0000132,PaymentCaptured,Authorized,Captured,2025-11-11 12:47:00,201,Payment captured,2
EVT00000514,PAY0000132,PaymentSettled,Captured,Settled,2025-11-11 12:49:00,202,Settlement completed,3
EVT00000515,PAY0000133,PaymentCreated,NULL,Created,2024-06-27 19:36:00,100,Payment initiated,0
EVT00000516,PAY0000133,PaymentAuthorized,Created,Authorized,2024-06-27 19:38:00,200,Authorization successful,1
EVT00000517,PAY0000133,PaymentCaptured,Authorized,Captured,2024-06-27 19:40:00,201,Payment captured,2
EVT00000518,PAY0000133,PaymentSettled,Captured,Settled,2024-06-27 19:42:00,202,Settlement completed,3
EVT00000519,PAY0000134,PaymentCreated,NULL,Created,2025-07-15 00:19:00,100,Payment initiated,0
EVT00000520,PAY0000134,PaymentAuthorized,Created,Authorized,2025-07-15 00:21:00,200,Authorization successful,1
EVT00000521,PAY0000134,PaymentCaptured,Authorized,Captured,2025-07-15 00:23:00,201,Payment captured,2
EVT00000522,PAY0000134,PaymentSettled,Captured,Settled,2025-07-15 00:25:00,202,Settlement completed,3
EVT00000523,PAY0000135,PaymentCreated,NULL,Created,2025-03-16 18:38:00,100,Payment initiated,0
EVT00000524,PAY0000135,PaymentAuthorized,Created,Authorized,2025-03-16 18:40:00,200,Authorization successful,1
EVT00000525,PAY0000135,PaymentCaptured,Authorized,Captured,2025-03-16 18:42:00,201,Payment captured,2
EVT00000526,PAY0000135,PaymentSettled,Captured,Settled,2025-03-16 18:44:00,202,Settlement completed,3
EVT00000527,PAY0000136,PaymentCreated,NULL,Created,2025-04-21 14:28:00,100,Payment initiated,0
EVT00000528,PAY0000136,PaymentAuthorized,Created,Authorized,2025-04-21 14:30:00,200,Authorization successful,1
EVT00000529,PAY0000136,PaymentCaptured,Authorized,Captured,2025-04-21 14:32:00,201,Payment captured,2
EVT00000530,PAY0000136,PaymentSettled,Captured,Settled,2025-04-21 14:34:00,202,Settlement completed,3
EVT00000531,PAY0000137,PaymentCreated,NULL,Created,2025-06-07 15:50:00,100,Payment initiated,0
EVT00000532,PAY0000137,PaymentAuthorized,Created,Authorized,2025-06-07 15:52:00,200,Authorization successful,1
EVT00000533,PAY0000137,PaymentCaptured,Authorized,Captured,2025-06-07 15:54:00,201,Payment captured,2
EVT00000534,PAY0000137,PaymentSettled,Captured,Settled,2025-06-07 15:56:00,202,Settlement completed,3
EVT00000535,PAY0000138,PaymentCreated,NULL,Created,2024-06-22 21:05:00,100,Payment initiated,0
EVT00000536,PAY0000138,PaymentAuthorized,Created,Authorized,2024-06-22 21:07:00,200,Authorization successful,1
EVT00000537,PAY0000138,PaymentCaptured,Authorized,Captured,2024-06-22 21:09:00,201,Payment captured,2
EVT00000538,PAY0000138,PaymentSettled,Captured,Settled,2024-06-22 21:11:00,202,Settlement completed,3
EVT00000539,PAY0000139,PaymentCreated,NULL,Created,2025-11-10 20:39:00,100,Payment initiated,0
EVT00000540,PAY0000139,PaymentAuthorized,Created,Authorized,2025-11-10 20:41:00,200,Authorization successful,1
EVT00000541,PAY0000139,PaymentCaptured,Authorized,Captured,2025-11-10 20:43:00,201,Payment captured,2
EVT00000542,PAY0000139,PaymentSettled,Captured,Settled,2025-11-10 20:45:00,202,Settlement completed,3
EVT00000543,PAY0000140,PaymentCreated,NULL,Created,2024-08-28 21:19:00,100,Payment initiated,0
EVT00000544,PAY0000140,PaymentAuthorized,Created,Authorized,2024-08-28 21:21:00,200,Authorization successful,1
EVT00000545,PAY0000140,PaymentCaptured,Authorized,Captured,2024-08-28 21:23:00,201,Payment captured,2
EVT00000546,PAY0000140,PaymentSettled,Captured,Settled,2024-08-28 21:25:00,202,Settlement completed,3
EVT00000547,PAY0000141,PaymentCreated,NULL,Created,2024-07-22 04:01:00,100,Payment initiated,0
EVT00000548,PAY0000141,PaymentAuthorized,Created,Authorized,2024-07-22 04:03:00,200,Authorization successful,1
EVT00000549,PAY0000141,PaymentFailed,Authorized,Failed,2024-07-22 04:05:00,500,Transaction failed,2
EVT00000550,PAY0000142,PaymentCreated,NULL,Created,2025-05-01 19:54:00,100,Payment initiated,0
EVT00000551,PAY0000142,PaymentAuthorized,Created,Authorized,2025-05-01 19:56:00,200,Authorization successful,1
EVT00000552,PAY0000142,PaymentCaptured,Authorized,Captured,2025-05-01 19:58:00,201,Payment captured,2
EVT00000553,PAY0000142,PaymentSettled,Captured,Settled,2025-05-01 20:00:00,202,Settlement completed,3
EVT00000554,PAY0000143,PaymentCreated,NULL,Created,2025-04-11 13:56:00,100,Payment initiated,0
EVT00000555,PAY0000143,PaymentAuthorized,Created,Authorized,2025-04-11 13:58:00,200,Authorization successful,1
EVT00000556,PAY0000143,PaymentCaptured,Authorized,Captured,2025-04-11 14:00:00,201,Payment captured,2
EVT00000557,PAY0000143,PaymentSettled,Captured,Settled,2025-04-11 14:02:00,202,Settlement completed,3
EVT00000558,PAY0000144,PaymentCreated,NULL,Created,2024-07-18 22:44:00,100,Payment initiated,0
EVT00000559,PAY0000144,PaymentAuthorized,Created,Authorized,2024-07-18 22:46:00,200,Authorization successful,1
EVT00000560,PAY0000144,PaymentCaptured,Authorized,Captured,2024-07-18 22:48:00,201,Payment captured,2
EVT00000561,PAY0000144,PaymentSettled,Captured,Settled,2024-07-18 22:50:00,202,Settlement completed,3
EVT00000562,PAY0000145,PaymentCreated,NULL,Created,2025-02-13 07:09:00,100,Payment initiated,0
EVT00000563,PAY0000145,PaymentAuthorized,Created,Authorized,2025-02-13 07:11:00,200,Authorization successful,1
EVT00000564,PAY0000145,PaymentCaptured,Authorized,Captured,2025-02-13 07:13:00,201,Payment captured,2
EVT00000565,PAY0000145,PaymentSettled,Captured,Settled,2025-02-13 07:15:00,202,Settlement completed,3
EVT00000566,PAY0000146,PaymentCreated,NULL,Created,2024-01-06 03:49:00,100,Payment initiated,0
EVT00000567,PAY0000146,PaymentAuthorized,Created,Authorized,2024-01-06 03:51:00,200,Authorization successful,1
EVT00000568,PAY0000146,PaymentCaptured,Authorized,Captured,2024-01-06 03:53:00,201,Payment captured,2
EVT00000569,PAY0000146,PaymentSettled,Captured,Settled,2024-01-06 03:55:00,202,Settlement completed,3
EVT00000570,PAY0000147,PaymentCreated,NULL,Created,2024-06-29 22:33:00,100,Payment initiated,0
EVT00000571,PAY0000147,PaymentAuthorized,Created,Authorized,2024-06-29 22:35:00,200,Authorization successful,1
EVT00000572,PAY0000147,PaymentCaptured,Authorized,Captured,2024-06-29 22:37:00,201,Payment captured,2
EVT00000573,PAY0000147,PaymentSettled,Captured,Settled,2024-06-29 22:39:00,202,Settlement completed,3
EVT00000574,PAY0000148,PaymentCreated,NULL,Created,2025-07-24 07:58:00,100,Payment initiated,0
EVT00000575,PAY0000148,PaymentAuthorized,Created,Authorized,2025-07-24 08:00:00,200,Authorization successful,1
EVT00000576,PAY0000148,PaymentCaptured,Authorized,Captured,2025-07-24 08:02:00,201,Payment captured,2
EVT00000577,PAY0000148,PaymentSettled,Captured,Settled,2025-07-24 08:04:00,202,Settlement completed,3
EVT00000578,PAY0000149,PaymentCreated,NULL,Created,2025-04-12 04:51:00,100,Payment initiated,0
EVT00000579,PAY0000149,PaymentAuthorized,Created,Authorized,2025-04-12 04:53:00,200,Authorization successful,1
EVT00000580,PAY0000149,PaymentCaptured,Authorized,Captured,2025-04-12 04:55:00,201,Payment captured,2
EVT00000581,PAY0000149,PaymentSettled,Captured,Settled,2025-04-12 04:57:00,202,Settlement completed,3
EVT00000582,PAY0000150,PaymentCreated,NULL,Created,2025-06-27 17:38:00,100,Payment initiated,0
EVT00000583,PAY0000150,PaymentAuthorized,Created,Authorized,2025-06-27 17:40:00,200,Authorization successful,1
EVT00000584,PAY0000150,PaymentCaptured,Authorized,Captured,2025-06-27 17:42:00,201,Payment captured,2
EVT00000585,PAY0000150,PaymentSettled,Captured,Settled,2025-06-27 17:44:00,202,Settlement completed,3
EVT00000586,PAY0000151,PaymentCreated,NULL,Created,2025-03-29 19:52:00,100,Payment initiated,0
EVT00000587,PAY0000151,PaymentAuthorized,Created,Authorized,2025-03-29 19:54:00,200,Authorization successful,1
EVT00000588,PAY0000151,PaymentCaptured,Authorized,Captured,2025-03-29 19:56:00,201,Payment captured,2
EVT00000589,PAY0000151,PaymentSettled,Captured,Settled,2025-03-29 19:58:00,202,Settlement completed,3
EVT00000590,PAY0000152,PaymentCreated,NULL,Created,2025-05-31 13:53:00,100,Payment initiated,0
EVT00000591,PAY0000152,PaymentAuthorized,Created,Authorized,2025-05-31 13:55:00,200,Authorization successful,1
EVT00000592,PAY0000152,PaymentCaptured,Authorized,Captured,2025-05-31 13:57:00,201,Payment captured,2
EVT00000593,PAY0000152,PaymentSettled,Captured,Settled,2025-05-31 13:59:00,202,Settlement completed,3
EVT00000594,PAY0000153,PaymentCreated,NULL,Created,2025-04-01 05:47:00,100,Payment initiated,0
EVT00000595,PAY0000153,PaymentAuthorized,Created,Authorized,2025-04-01 05:49:00,200,Authorization successful,1
EVT00000596,PAY0000153,PaymentCaptured,Authorized,Captured,2025-04-01 05:51:00,201,Payment captured,2
EVT00000597,PAY0000153,PaymentSettled,Captured,Settled,2025-04-01 05:53:00,202,Settlement completed,3
EVT00000598,PAY0000154,PaymentCreated,NULL,Created,2025-04-05 08:48:00,100,Payment initiated,0
EVT00000599,PAY0000154,PaymentAuthorized,Created,Authorized,2025-04-05 08:50:00,200,Authorization successful,1
EVT00000600,PAY0000154,PaymentCaptured,Authorized,Captured,2025-04-05 08:52:00,201,Payment captured,2
EVT00000601,PAY0000154,PaymentSettled,Captured,Settled,2025-04-05 08:54:00,202,Settlement completed,3
EVT00000602,PAY0000155,PaymentCreated,NULL,Created,2025-10-14 08:49:00,100,Payment initiated,0
EVT00000603,PAY0000155,PaymentAuthorized,Created,Authorized,2025-10-14 08:51:00,200,Authorization successful,1
EVT00000604,PAY0000155,PaymentCaptured,Authorized,Captured,2025-10-14 08:53:00,201,Payment captured,2
EVT00000605,PAY0000155,PaymentSettled,Captured,Settled,2025-10-14 08:55:00,202,Settlement completed,3
EVT00000606,PAY0000156,PaymentCreated,NULL,Created,2025-05-11 20:15:00,100,Payment initiated,0
EVT00000607,PAY0000156,PaymentAuthorized,Created,Authorized,2025-05-11 20:17:00,200,Authorization successful,1
EVT00000608,PAY0000156,PaymentCaptured,Authorized,Captured,2025-05-11 20:19:00,201,Payment captured,2
EVT00000609,PAY0000156,PaymentSettled,Captured,Settled,2025-05-11 20:21:00,202,Settlement completed,3
EVT00000610,PAY0000157,PaymentCreated,NULL,Created,2024-03-20 22:18:00,100,Payment initiated,0
EVT00000611,PAY0000157,PaymentAuthorized,Created,Authorized,2024-03-20 22:20:00,200,Authorization successful,1
EVT00000612,PAY0000157,PaymentCaptured,Authorized,Captured,2024-03-20 22:22:00,201,Payment captured,2
EVT00000613,PAY0000157,PaymentSettled,Captured,Settled,2024-03-20 22:24:00,202,Settlement completed,3
EVT00000614,PAY0000158,PaymentCreated,NULL,Created,2024-12-09 10:57:00,100,Payment initiated,0
EVT00000615,PAY0000158,PaymentAuthorized,Created,Authorized,2024-12-09 10:59:00,200,Authorization successful,1
EVT00000616,PAY0000158,PaymentCaptured,Authorized,Captured,2024-12-09 11:01:00,201,Payment captured,2
EVT00000617,PAY0000158,PaymentSettled,Captured,Settled,2024-12-09 11:03:00,202,Settlement completed,3
EVT00000618,PAY0000159,PaymentCreated,NULL,Created,2024-05-21 04:14:00,100,Payment initiated,0
EVT00000619,PAY0000159,PaymentAuthorized,Created,Authorized,2024-05-21 04:16:00,200,Authorization successful,1
EVT00000620,PAY0000159,PaymentCaptured,Authorized,Captured,2024-05-21 04:18:00,201,Payment captured,2
EVT00000621,PAY0000159,PaymentSettled,Captured,Settled,2024-05-21 04:20:00,202,Settlement completed,3
EVT00000622,PAY0000160,PaymentCreated,NULL,Created,2024-06-05 22:13:00,100,Payment initiated,0
EVT00000623,PAY0000160,PaymentAuthorized,Created,Authorized,2024-06-05 22:15:00,200,Authorization successful,1
EVT00000624,PAY0000160,PaymentFailed,Authorized,Failed,2024-06-05 22:17:00,500,Transaction failed,2
EVT00000625,PAY0000161,PaymentCreated,NULL,Created,2025-02-21 10:34:00,100,Payment initiated,0
EVT00000626,PAY0000161,PaymentAuthorized,Created,Authorized,2025-02-21 10:36:00,200,Authorization successful,1
EVT00000627,PAY0000161,PaymentCaptured,Authorized,Captured,2025-02-21 10:38:00,201,Payment captured,2
EVT00000628,PAY0000161,PaymentSettled,Captured,Settled,2025-02-21 10:40:00,202,Settlement completed,3
EVT00000629,PAY0000162,PaymentCreated,NULL,Created,2024-03-04 06:53:00,100,Payment initiated,0
EVT00000630,PAY0000162,PaymentAuthorized,Created,Authorized,2024-03-04 06:55:00,200,Authorization successful,1
EVT00000631,PAY0000162,PaymentCaptured,Authorized,Captured,2024-03-04 06:57:00,201,Payment captured,2
EVT00000632,PAY0000162,PaymentSettled,Captured,Settled,2024-03-04 06:59:00,202,Settlement completed,3
EVT00000633,PAY0000163,PaymentCreated,NULL,Created,2025-08-21 22:01:00,100,Payment initiated,0
EVT00000634,PAY0000163,PaymentAuthorized,Created,Authorized,2025-08-21 22:03:00,200,Authorization successful,1
EVT00000635,PAY0000163,PaymentCaptured,Authorized,Captured,2025-08-21 22:05:00,201,Payment captured,2
EVT00000636,PAY0000163,PaymentSettled,Captured,Settled,2025-08-21 22:07:00,202,Settlement completed,3
EVT00000637,PAY0000164,PaymentCreated,NULL,Created,2025-08-12 12:30:00,100,Payment initiated,0
EVT00000638,PAY0000164,PaymentAuthorized,Created,Authorized,2025-08-12 12:32:00,200,Authorization successful,1
EVT00000639,PAY0000164,PaymentFailed,Authorized,Failed,2025-08-12 12:34:00,500,Transaction failed,2
EVT00000640,PAY0000165,PaymentCreated,NULL,Created,2024-12-26 09:48:00,100,Payment initiated,0
EVT00000641,PAY0000165,PaymentAuthorized,Created,Authorized,2024-12-26 09:50:00,200,Authorization successful,1
EVT00000642,PAY0000165,PaymentCaptured,Authorized,Captured,2024-12-26 09:52:00,201,Payment captured,2
EVT00000643,PAY0000165,PaymentSettled,Captured,Settled,2024-12-26 09:54:00,202,Settlement completed,3
EVT00000644,PAY0000166,PaymentCreated,NULL,Created,2025-03-05 17:47:00,100,Payment initiated,0
EVT00000645,PAY0000166,PaymentAuthorized,Created,Authorized,2025-03-05 17:49:00,200,Authorization successful,1
EVT00000646,PAY0000166,PaymentCaptured,Authorized,Captured,2025-03-05 17:51:00,201,Payment captured,2
EVT00000647,PAY0000166,PaymentSettled,Captured,Settled,2025-03-05 17:53:00,202,Settlement completed,3
EVT00000648,PAY0000167,PaymentCreated,NULL,Created,2025-09-09 07:31:00,100,Payment initiated,0
EVT00000649,PAY0000167,PaymentAuthorized,Created,Authorized,2025-09-09 07:33:00,200,Authorization successful,1
EVT00000650,PAY0000167,PaymentCaptured,Authorized,Captured,2025-09-09 07:35:00,201,Payment captured,2
EVT00000651,PAY0000167,PaymentSettled,Captured,Settled,2025-09-09 07:37:00,202,Settlement completed,3
EVT00000652,PAY0000168,PaymentCreated,NULL,Created,2025-03-22 15:01:00,100,Payment initiated,0
EVT00000653,PAY0000168,PaymentAuthorized,Created,Authorized,2025-03-22 15:03:00,200,Authorization successful,1
EVT00000654,PAY0000168,PaymentCaptured,Authorized,Captured,2025-03-22 15:05:00,201,Payment captured,2
EVT00000655,PAY0000168,PaymentSettled,Captured,Settled,2025-03-22 15:07:00,202,Settlement completed,3
EVT00000656,PAY0000169,PaymentCreated,NULL,Created,2025-11-15 21:51:00,100,Payment initiated,0
EVT00000657,PAY0000169,PaymentAuthorized,Created,Authorized,2025-11-15 21:53:00,200,Authorization successful,1
EVT00000658,PAY0000169,PaymentCaptured,Authorized,Captured,2025-11-15 21:55:00,201,Payment captured,2
EVT00000659,PAY0000169,PaymentSettled,Captured,Settled,2025-11-15 21:57:00,202,Settlement completed,3
EVT00000660,PAY0000170,PaymentCreated,NULL,Created,2024-06-18 14:58:00,100,Payment initiated,0
EVT00000661,PAY0000170,PaymentAuthorized,Created,Authorized,2024-06-18 15:00:00,200,Authorization successful,1
EVT00000662,PAY0000170,PaymentCaptured,Authorized,Captured,2024-06-18 15:02:00,201,Payment captured,2
EVT00000663,PAY0000170,PaymentSettled,Captured,Settled,2024-06-18 15:04:00,202,Settlement completed,3
EVT00000664,PAY0000171,PaymentCreated,NULL,Created,2025-09-29 17:01:00,100,Payment initiated,0
EVT00000665,PAY0000171,PaymentAuthorized,Created,Authorized,2025-09-29 17:03:00,200,Authorization successful,1
EVT00000666,PAY0000171,PaymentCaptured,Authorized,Captured,2025-09-29 17:05:00,201,Payment captured,2
EVT00000667,PAY0000171,PaymentSettled,Captured,Settled,2025-09-29 17:07:00,202,Settlement completed,3
EVT00000668,PAY0000172,PaymentCreated,NULL,Created,2025-08-29 18:42:00,100,Payment initiated,0
EVT00000669,PAY0000172,PaymentAuthorized,Created,Authorized,2025-08-29 18:44:00,200,Authorization successful,1
EVT00000670,PAY0000172,PaymentFailed,Authorized,Failed,2025-08-29 18:46:00,500,Transaction failed,2
EVT00000671,PAY0000173,PaymentCreated,NULL,Created,2025-10-20 13:08:00,100,Payment initiated,0
EVT00000672,PAY0000173,PaymentAuthorized,Created,Authorized,2025-10-20 13:10:00,200,Authorization successful,1
EVT00000673,PAY0000173,PaymentCaptured,Authorized,Captured,2025-10-20 13:12:00,201,Payment captured,2
EVT00000674,PAY0000173,PaymentSettled,Captured,Settled,2025-10-20 13:14:00,202,Settlement completed,3
EVT00000675,PAY0000174,PaymentCreated,NULL,Created,2024-07-05 01:16:00,100,Payment initiated,0
EVT00000676,PAY0000174,PaymentAuthorized,Created,Authorized,2024-07-05 01:18:00,200,Authorization successful,1
EVT00000677,PAY0000174,PaymentCaptured,Authorized,Captured,2024-07-05 01:20:00,201,Payment captured,2
EVT00000678,PAY0000174,PaymentSettled,Captured,Settled,2024-07-05 01:22:00,202,Settlement completed,3
EVT00000679,PAY0000175,PaymentCreated,NULL,Created,2024-08-04 14:20:00,100,Payment initiated,0
EVT00000680,PAY0000175,PaymentAuthorized,Created,Authorized,2024-08-04 14:22:00,200,Authorization successful,1
EVT00000681,PAY0000175,PaymentCaptured,Authorized,Captured,2024-08-04 14:24:00,201,Payment captured,2
EVT00000682,PAY0000175,PaymentSettled,Captured,Settled,2024-08-04 14:26:00,202,Settlement completed,3
EVT00000683,PAY0000176,PaymentCreated,NULL,Created,2025-01-23 08:48:00,100,Payment initiated,0
EVT00000684,PAY0000176,PaymentAuthorized,Created,Authorized,2025-01-23 08:50:00,200,Authorization successful,1
EVT00000685,PAY0000176,PaymentCaptured,Authorized,Captured,2025-01-23 08:52:00,201,Payment captured,2
EVT00000686,PAY0000176,PaymentSettled,Captured,Settled,2025-01-23 08:54:00,202,Settlement completed,3
EVT00000687,PAY0000177,PaymentCreated,NULL,Created,2025-03-07 08:53:00,100,Payment initiated,0
EVT00000688,PAY0000177,PaymentAuthorized,Created,Authorized,2025-03-07 08:55:00,200,Authorization successful,1
EVT00000689,PAY0000177,PaymentFailed,Authorized,Failed,2025-03-07 08:57:00,500,Transaction failed,2
EVT00000690,PAY0000178,PaymentCreated,NULL,Created,2024-01-20 23:34:00,100,Payment initiated,0
EVT00000691,PAY0000178,PaymentAuthorized,Created,Authorized,2024-01-20 23:36:00,200,Authorization successful,1
EVT00000692,PAY0000178,PaymentFailed,Authorized,Failed,2024-01-20 23:38:00,500,Transaction failed,2
EVT00000693,PAY0000179,PaymentCreated,NULL,Created,2024-12-24 07:41:00,100,Payment initiated,0
EVT00000694,PAY0000179,PaymentAuthorized,Created,Authorized,2024-12-24 07:43:00,200,Authorization successful,1
EVT00000695,PAY0000179,PaymentFailed,Authorized,Failed,2024-12-24 07:45:00,500,Transaction failed,2
EVT00000696,PAY0000180,PaymentCreated,NULL,Created,2025-10-29 01:48:00,100,Payment initiated,0
EVT00000697,PAY0000180,PaymentAuthorized,Created,Authorized,2025-10-29 01:50:00,200,Authorization successful,1
EVT00000698,PAY0000180,PaymentFailed,Authorized,Failed,2025-10-29 01:52:00,500,Transaction failed,2
EVT00000699,PAY0000181,PaymentCreated,NULL,Created,2024-09-10 06:53:00,100,Payment initiated,0
EVT00000700,PAY0000181,PaymentAuthorized,Created,Authorized,2024-09-10 06:55:00,200,Authorization successful,1
EVT00000701,PAY0000181,PaymentFailed,Authorized,Failed,2024-09-10 06:57:00,500,Transaction failed,2
EVT00000702,PAY0000182,PaymentCreated,NULL,Created,2024-06-05 07:08:00,100,Payment initiated,0
EVT00000703,PAY0000182,PaymentAuthorized,Created,Authorized,2024-06-05 07:10:00,200,Authorization successful,1
EVT00000704,PAY0000182,PaymentCaptured,Authorized,Captured,2024-06-05 07:12:00,201,Payment captured,2
EVT00000705,PAY0000182,PaymentSettled,Captured,Settled,2024-06-05 07:14:00,202,Settlement completed,3
EVT00000706,PAY0000183,PaymentCreated,NULL,Created,2024-04-27 18:13:00,100,Payment initiated,0
EVT00000707,PAY0000183,PaymentAuthorized,Created,Authorized,2024-04-27 18:15:00,200,Authorization successful,1
EVT00000708,PAY0000183,PaymentCaptured,Authorized,Captured,2024-04-27 18:17:00,201,Payment captured,2
EVT00000709,PAY0000183,PaymentSettled,Captured,Settled,2024-04-27 18:19:00,202,Settlement completed,3
EVT00000710,PAY0000184,PaymentCreated,NULL,Created,2024-09-19 11:10:00,100,Payment initiated,0
EVT00000711,PAY0000184,PaymentAuthorized,Created,Authorized,2024-09-19 11:12:00,200,Authorization successful,1
EVT00000712,PAY0000184,PaymentCaptured,Authorized,Captured,2024-09-19 11:14:00,201,Payment captured,2
EVT00000713,PAY0000184,PaymentSettled,Captured,Settled,2024-09-19 11:16:00,202,Settlement completed,3
EVT00000714,PAY0000185,PaymentCreated,NULL,Created,2024-04-27 05:19:00,100,Payment initiated,0
EVT00000715,PAY0000185,PaymentAuthorized,Created,Authorized,2024-04-27 05:21:00,200,Authorization successful,1
EVT00000716,PAY0000185,PaymentFailed,Authorized,Failed,2024-04-27 05:23:00,500,Transaction failed,2
EVT00000717,PAY0000186,PaymentCreated,NULL,Created,2024-01-27 09:36:00,100,Payment initiated,0
EVT00000718,PAY0000186,PaymentAuthorized,Created,Authorized,2024-01-27 09:38:00,200,Authorization successful,1
EVT00000719,PAY0000186,PaymentCaptured,Authorized,Captured,2024-01-27 09:40:00,201,Payment captured,2
EVT00000720,PAY0000186,PaymentSettled,Captured,Settled,2024-01-27 09:42:00,202,Settlement completed,3
EVT00000721,PAY0000187,PaymentCreated,NULL,Created,2025-01-19 12:45:00,100,Payment initiated,0
EVT00000722,PAY0000187,PaymentAuthorized,Created,Authorized,2025-01-19 12:47:00,200,Authorization successful,1
EVT00000723,PAY0000187,PaymentCaptured,Authorized,Captured,2025-01-19 12:49:00,201,Payment captured,2
EVT00000724,PAY0000187,PaymentSettled,Captured,Settled,2025-01-19 12:51:00,202,Settlement completed,3
EVT00000725,PAY0000188,PaymentCreated,NULL,Created,2025-08-29 22:53:00,100,Payment initiated,0
EVT00000726,PAY0000188,PaymentAuthorized,Created,Authorized,2025-08-29 22:55:00,200,Authorization successful,1
EVT00000727,PAY0000188,PaymentCaptured,Authorized,Captured,2025-08-29 22:57:00,201,Payment captured,2
EVT00000728,PAY0000188,PaymentSettled,Captured,Settled,2025-08-29 22:59:00,202,Settlement completed,3
EVT00000729,PAY0000189,PaymentCreated,NULL,Created,2024-04-14 22:49:00,100,Payment initiated,0
EVT00000730,PAY0000189,PaymentAuthorized,Created,Authorized,2024-04-14 22:51:00,200,Authorization successful,1
EVT00000731,PAY0000189,PaymentCaptured,Authorized,Captured,2024-04-14 22:53:00,201,Payment captured,2
EVT00000732,PAY0000189,PaymentSettled,Captured,Settled,2024-04-14 22:55:00,202,Settlement completed,3
EVT00000733,PAY0000190,PaymentCreated,NULL,Created,2025-12-01 19:51:00,100,Payment initiated,0
EVT00000734,PAY0000190,PaymentAuthorized,Created,Authorized,2025-12-01 19:53:00,200,Authorization successful,1
EVT00000735,PAY0000190,PaymentCaptured,Authorized,Captured,2025-12-01 19:55:00,201,Payment captured,2
EVT00000736,PAY0000190,PaymentSettled,Captured,Settled,2025-12-01 19:57:00,202,Settlement completed,3
EVT00000737,PAY0000191,PaymentCreated,NULL,Created,2025-08-02 01:22:00,100,Payment initiated,0
EVT00000738,PAY0000191,PaymentAuthorized,Created,Authorized,2025-08-02 01:24:00,200,Authorization successful,1
EVT00000739,PAY0000191,PaymentCaptured,Authorized,Captured,2025-08-02 01:26:00,201,Payment captured,2
EVT00000740,PAY0000191,PaymentSettled,Captured,Settled,2025-08-02 01:28:00,202,Settlement completed,3
EVT00000741,PAY0000192,PaymentCreated,NULL,Created,2025-11-08 11:04:00,100,Payment initiated,0
EVT00000742,PAY0000192,PaymentAuthorized,Created,Authorized,2025-11-08 11:06:00,200,Authorization successful,1
EVT00000743,PAY0000192,PaymentCaptured,Authorized,Captured,2025-11-08 11:08:00,201,Payment captured,2
EVT00000744,PAY0000192,PaymentSettled,Captured,Settled,2025-11-08 11:10:00,202,Settlement completed,3
EVT00000745,PAY0000193,PaymentCreated,NULL,Created,2024-12-15 00:54:00,100,Payment initiated,0
EVT00000746,PAY0000193,PaymentAuthorized,Created,Authorized,2024-12-15 00:56:00,200,Authorization successful,1
EVT00000747,PAY0000193,PaymentCaptured,Authorized,Captured,2024-12-15 00:58:00,201,Payment captured,2
EVT00000748,PAY0000193,PaymentSettled,Captured,Settled,2024-12-15 01:00:00,202,Settlement completed,3
EVT00000749,PAY0000194,PaymentCreated,NULL,Created,2025-05-16 03:27:00,100,Payment initiated,0
EVT00000750,PAY0000194,PaymentAuthorized,Created,Authorized,2025-05-16 03:29:00,200,Authorization successful,1
EVT00000751,PAY0000194,PaymentCaptured,Authorized,Captured,2025-05-16 03:31:00,201,Payment captured,2
EVT00000752,PAY0000194,PaymentSettled,Captured,Settled,2025-05-16 03:33:00,202,Settlement completed,3
EVT00000753,PAY0000195,PaymentCreated,NULL,Created,2025-10-12 14:45:00,100,Payment initiated,0
EVT00000754,PAY0000195,PaymentAuthorized,Created,Authorized,2025-10-12 14:47:00,200,Authorization successful,1
EVT00000755,PAY0000195,PaymentCaptured,Authorized,Captured,2025-10-12 14:49:00,201,Payment captured,2
EVT00000756,PAY0000195,PaymentSettled,Captured,Settled,2025-10-12 14:51:00,202,Settlement completed,3
EVT00000757,PAY0000196,PaymentCreated,NULL,Created,2024-06-29 23:33:00,100,Payment initiated,0
EVT00000758,PAY0000196,PaymentAuthorized,Created,Authorized,2024-06-29 23:35:00,200,Authorization successful,1
EVT00000759,PAY0000196,PaymentCaptured,Authorized,Captured,2024-06-29 23:37:00,201,Payment captured,2
EVT00000760,PAY0000196,PaymentSettled,Captured,Settled,2024-06-29 23:39:00,202,Settlement completed,3
EVT00000761,PAY0000197,PaymentCreated,NULL,Created,2024-10-03 19:51:00,100,Payment initiated,0
EVT00000762,PAY0000197,PaymentAuthorized,Created,Authorized,2024-10-03 19:53:00,200,Authorization successful,1
EVT00000763,PAY0000197,PaymentCaptured,Authorized,Captured,2024-10-03 19:55:00,201,Payment captured,2
EVT00000764,PAY0000197,PaymentSettled,Captured,Settled,2024-10-03 19:57:00,202,Settlement completed,3
EVT00000765,PAY0000198,PaymentCreated,NULL,Created,2025-05-10 14:27:00,100,Payment initiated,0
EVT00000766,PAY0000198,PaymentAuthorized,Created,Authorized,2025-05-10 14:29:00,200,Authorization successful,1
EVT00000767,PAY0000198,PaymentCaptured,Authorized,Captured,2025-05-10 14:31:00,201,Payment captured,2
EVT00000768,PAY0000198,PaymentSettled,Captured,Settled,2025-05-10 14:33:00,202,Settlement completed,3
EVT00000769,PAY0000199,PaymentCreated,NULL,Created,2025-08-29 08:20:00,100,Payment initiated,0
EVT00000770,PAY0000199,PaymentAuthorized,Created,Authorized,2025-08-29 08:22:00,200,Authorization successful,1
EVT00000771,PAY0000199,PaymentCaptured,Authorized,Captured,2025-08-29 08:24:00,201,Payment captured,2
EVT00000772,PAY0000199,PaymentSettled,Captured,Settled,2025-08-29 08:26:00,202,Settlement completed,3
EVT00000773,PAY0000200,PaymentCreated,NULL,Created,2024-03-29 08:56:00,100,Payment initiated,0
EVT00000774,PAY0000200,PaymentAuthorized,Created,Authorized,2024-03-29 08:58:00,200,Authorization successful,1
EVT00000775,PAY0000200,PaymentCaptured,Authorized,Captured,2024-03-29 09:00:00,201,Payment captured,2
EVT00000776,PAY0000200,PaymentSettled,Captured,Settled,2024-03-29 09:02:00,202,Settlement completed,3
EVT00000777,PAY0000201,PaymentCreated,NULL,Created,2025-04-20 18:39:00,100,Payment initiated,0
EVT00000778,PAY0000201,PaymentAuthorized,Created,Authorized,2025-04-20 18:41:00,200,Authorization successful,1
EVT00000779,PAY0000201,PaymentCaptured,Authorized,Captured,2025-04-20 18:43:00,201,Payment captured,2
EVT00000780,PAY0000201,PaymentSettled,Captured,Settled,2025-04-20 18:45:00,202,Settlement completed,3
EVT00000781,PAY0000202,PaymentCreated,NULL,Created,2024-12-10 00:31:00,100,Payment initiated,0
EVT00000782,PAY0000202,PaymentAuthorized,Created,Authorized,2024-12-10 00:33:00,200,Authorization successful,1
EVT00000783,PAY0000202,PaymentCaptured,Authorized,Captured,2024-12-10 00:35:00,201,Payment captured,2
EVT00000784,PAY0000202,PaymentSettled,Captured,Settled,2024-12-10 00:37:00,202,Settlement completed,3
EVT00000785,PAY0000203,PaymentCreated,NULL,Created,2024-07-05 15:13:00,100,Payment initiated,0
EVT00000786,PAY0000203,PaymentAuthorized,Created,Authorized,2024-07-05 15:15:00,200,Authorization successful,1
EVT00000787,PAY0000203,PaymentCaptured,Authorized,Captured,2024-07-05 15:17:00,201,Payment captured,2
EVT00000788,PAY0000203,PaymentSettled,Captured,Settled,2024-07-05 15:19:00,202,Settlement completed,3
EVT00000789,PAY0000204,PaymentCreated,NULL,Created,2024-09-21 10:17:00,100,Payment initiated,0
EVT00000790,PAY0000204,PaymentAuthorized,Created,Authorized,2024-09-21 10:19:00,200,Authorization successful,1
EVT00000791,PAY0000204,PaymentCaptured,Authorized,Captured,2024-09-21 10:21:00,201,Payment captured,2
EVT00000792,PAY0000204,PaymentSettled,Captured,Settled,2024-09-21 10:23:00,202,Settlement completed,3
EVT00000793,PAY0000205,PaymentCreated,NULL,Created,2024-10-09 17:00:00,100,Payment initiated,0
EVT00000794,PAY0000205,PaymentAuthorized,Created,Authorized,2024-10-09 17:02:00,200,Authorization successful,1
EVT00000795,PAY0000205,PaymentCaptured,Authorized,Captured,2024-10-09 17:04:00,201,Payment captured,2
EVT00000796,PAY0000205,PaymentSettled,Captured,Settled,2024-10-09 17:06:00,202,Settlement completed,3
EVT00000797,PAY0000206,PaymentCreated,NULL,Created,2024-07-14 02:15:00,100,Payment initiated,0
EVT00000798,PAY0000206,PaymentAuthorized,Created,Authorized,2024-07-14 02:17:00,200,Authorization successful,1
EVT00000799,PAY0000206,PaymentCaptured,Authorized,Captured,2024-07-14 02:19:00,201,Payment captured,2
EVT00000800,PAY0000206,PaymentSettled,Captured,Settled,2024-07-14 02:21:00,202,Settlement completed,3
EVT00000801,PAY0000207,PaymentCreated,NULL,Created,2025-05-15 17:48:00,100,Payment initiated,0
EVT00000802,PAY0000207,PaymentAuthorized,Created,Authorized,2025-05-15 17:50:00,200,Authorization successful,1
EVT00000803,PAY0000207,PaymentCaptured,Authorized,Captured,2025-05-15 17:52:00,201,Payment captured,2
EVT00000804,PAY0000207,PaymentSettled,Captured,Settled,2025-05-15 17:54:00,202,Settlement completed,3
EVT00000805,PAY0000208,PaymentCreated,NULL,Created,2025-05-02 20:45:00,100,Payment initiated,0
EVT00000806,PAY0000208,PaymentAuthorized,Created,Authorized,2025-05-02 20:47:00,200,Authorization successful,1
EVT00000807,PAY0000208,PaymentCaptured,Authorized,Captured,2025-05-02 20:49:00,201,Payment captured,2
EVT00000808,PAY0000208,PaymentSettled,Captured,Settled,2025-05-02 20:51:00,202,Settlement completed,3
EVT00000809,PAY0000209,PaymentCreated,NULL,Created,2024-01-18 02:18:00,100,Payment initiated,0
EVT00000810,PAY0000209,PaymentAuthorized,Created,Authorized,2024-01-18 02:20:00,200,Authorization successful,1
EVT00000811,PAY0000209,PaymentCaptured,Authorized,Captured,2024-01-18 02:22:00,201,Payment captured,2
EVT00000812,PAY0000209,PaymentSettled,Captured,Settled,2024-01-18 02:24:00,202,Settlement completed,3
EVT00000813,PAY0000210,PaymentCreated,NULL,Created,2024-09-06 09:42:00,100,Payment initiated,0
EVT00000814,PAY0000210,PaymentAuthorized,Created,Authorized,2024-09-06 09:44:00,200,Authorization successful,1
EVT00000815,PAY0000210,PaymentCaptured,Authorized,Captured,2024-09-06 09:46:00,201,Payment captured,2
EVT00000816,PAY0000210,PaymentSettled,Captured,Settled,2024-09-06 09:48:00,202,Settlement completed,3
EVT00000817,PAY0000211,PaymentCreated,NULL,Created,2025-04-29 17:33:00,100,Payment initiated,0
EVT00000818,PAY0000211,PaymentAuthorized,Created,Authorized,2025-04-29 17:35:00,200,Authorization successful,1
EVT00000819,PAY0000211,PaymentCaptured,Authorized,Captured,2025-04-29 17:37:00,201,Payment captured,2
EVT00000820,PAY0000211,PaymentSettled,Captured,Settled,2025-04-29 17:39:00,202,Settlement completed,3
EVT00000821,PAY0000212,PaymentCreated,NULL,Created,2025-07-17 10:22:00,100,Payment initiated,0
EVT00000822,PAY0000212,PaymentAuthorized,Created,Authorized,2025-07-17 10:24:00,200,Authorization successful,1
EVT00000823,PAY0000212,PaymentCaptured,Authorized,Captured,2025-07-17 10:26:00,201,Payment captured,2
EVT00000824,PAY0000212,PaymentSettled,Captured,Settled,2025-07-17 10:28:00,202,Settlement completed,3
EVT00000825,PAY0000213,PaymentCreated,NULL,Created,2024-10-04 09:16:00,100,Payment initiated,0
EVT00000826,PAY0000213,PaymentAuthorized,Created,Authorized,2024-10-04 09:18:00,200,Authorization successful,1
EVT00000827,PAY0000213,PaymentCaptured,Authorized,Captured,2024-10-04 09:20:00,201,Payment captured,2
EVT00000828,PAY0000213,PaymentSettled,Captured,Settled,2024-10-04 09:22:00,202,Settlement completed,3
EVT00000829,PAY0000214,PaymentCreated,NULL,Created,2024-07-16 10:07:00,100,Payment initiated,0
EVT00000830,PAY0000214,PaymentAuthorized,Created,Authorized,2024-07-16 10:09:00,200,Authorization successful,1
EVT00000831,PAY0000214,PaymentCaptured,Authorized,Captured,2024-07-16 10:11:00,201,Payment captured,2
EVT00000832,PAY0000214,PaymentSettled,Captured,Settled,2024-07-16 10:13:00,202,Settlement completed,3
EVT00000833,PAY0000215,PaymentCreated,NULL,Created,2024-07-08 06:13:00,100,Payment initiated,0
EVT00000834,PAY0000215,PaymentAuthorized,Created,Authorized,2024-07-08 06:15:00,200,Authorization successful,1
EVT00000835,PAY0000215,PaymentCaptured,Authorized,Captured,2024-07-08 06:17:00,201,Payment captured,2
EVT00000836,PAY0000215,PaymentSettled,Captured,Settled,2024-07-08 06:19:00,202,Settlement completed,3
EVT00000837,PAY0000216,PaymentCreated,NULL,Created,2024-10-10 23:37:00,100,Payment initiated,0
EVT00000838,PAY0000216,PaymentAuthorized,Created,Authorized,2024-10-10 23:39:00,200,Authorization successful,1
EVT00000839,PAY0000216,PaymentCaptured,Authorized,Captured,2024-10-10 23:41:00,201,Payment captured,2
EVT00000840,PAY0000216,PaymentSettled,Captured,Settled,2024-10-10 23:43:00,202,Settlement completed,3
EVT00000841,PAY0000217,PaymentCreated,NULL,Created,2025-06-21 19:18:00,100,Payment initiated,0
EVT00000842,PAY0000217,PaymentAuthorized,Created,Authorized,2025-06-21 19:20:00,200,Authorization successful,1
EVT00000843,PAY0000217,PaymentCaptured,Authorized,Captured,2025-06-21 19:22:00,201,Payment captured,2
EVT00000844,PAY0000217,PaymentSettled,Captured,Settled,2025-06-21 19:24:00,202,Settlement completed,3
EVT00000845,PAY0000218,PaymentCreated,NULL,Created,2024-07-17 09:14:00,100,Payment initiated,0
EVT00000846,PAY0000218,PaymentAuthorized,Created,Authorized,2024-07-17 09:16:00,200,Authorization successful,1
EVT00000847,PAY0000218,PaymentCaptured,Authorized,Captured,2024-07-17 09:18:00,201,Payment captured,2
EVT00000848,PAY0000218,PaymentSettled,Captured,Settled,2024-07-17 09:20:00,202,Settlement completed,3
EVT00000849,PAY0000219,PaymentCreated,NULL,Created,2024-11-05 00:45:00,100,Payment initiated,0
EVT00000850,PAY0000219,PaymentAuthorized,Created,Authorized,2024-11-05 00:47:00,200,Authorization successful,1
EVT00000851,PAY0000219,PaymentCaptured,Authorized,Captured,2024-11-05 00:49:00,201,Payment captured,2
EVT00000852,PAY0000219,PaymentSettled,Captured,Settled,2024-11-05 00:51:00,202,Settlement completed,3
EVT00000853,PAY0000220,PaymentCreated,NULL,Created,2024-10-07 01:03:00,100,Payment initiated,0
EVT00000854,PAY0000220,PaymentAuthorized,Created,Authorized,2024-10-07 01:05:00,200,Authorization successful,1
EVT00000855,PAY0000220,PaymentCaptured,Authorized,Captured,2024-10-07 01:07:00,201,Payment captured,2
EVT00000856,PAY0000220,PaymentSettled,Captured,Settled,2024-10-07 01:09:00,202,Settlement completed,3
EVT00000857,PAY0000221,PaymentCreated,NULL,Created,2024-05-09 20:55:00,100,Payment initiated,0
EVT00000858,PAY0000221,PaymentAuthorized,Created,Authorized,2024-05-09 20:57:00,200,Authorization successful,1
EVT00000859,PAY0000221,PaymentCaptured,Authorized,Captured,2024-05-09 20:59:00,201,Payment captured,2
EVT00000860,PAY0000221,PaymentSettled,Captured,Settled,2024-05-09 21:01:00,202,Settlement completed,3
EVT00000861,PAY0000222,PaymentCreated,NULL,Created,2024-04-15 00:36:00,100,Payment initiated,0
EVT00000862,PAY0000222,PaymentAuthorized,Created,Authorized,2024-04-15 00:38:00,200,Authorization successful,1
EVT00000863,PAY0000222,PaymentCaptured,Authorized,Captured,2024-04-15 00:40:00,201,Payment captured,2
EVT00000864,PAY0000222,PaymentSettled,Captured,Settled,2024-04-15 00:42:00,202,Settlement completed,3
EVT00000865,PAY0000223,PaymentCreated,NULL,Created,2025-05-05 14:21:00,100,Payment initiated,0
EVT00000866,PAY0000223,PaymentAuthorized,Created,Authorized,2025-05-05 14:23:00,200,Authorization successful,1
EVT00000867,PAY0000223,PaymentCaptured,Authorized,Captured,2025-05-05 14:25:00,201,Payment captured,2
EVT00000868,PAY0000223,PaymentSettled,Captured,Settled,2025-05-05 14:27:00,202,Settlement completed,3
EVT00000869,PAY0000224,PaymentCreated,NULL,Created,2024-02-22 08:55:00,100,Payment initiated,0
EVT00000870,PAY0000224,PaymentAuthorized,Created,Authorized,2024-02-22 08:57:00,200,Authorization successful,1
EVT00000871,PAY0000224,PaymentCaptured,Authorized,Captured,2024-02-22 08:59:00,201,Payment captured,2
EVT00000872,PAY0000224,PaymentSettled,Captured,Settled,2024-02-22 09:01:00,202,Settlement completed,3
EVT00000873,PAY0000225,PaymentCreated,NULL,Created,2024-03-07 12:31:00,100,Payment initiated,0
EVT00000874,PAY0000225,PaymentAuthorized,Created,Authorized,2024-03-07 12:33:00,200,Authorization successful,1
EVT00000875,PAY0000225,PaymentFailed,Authorized,Failed,2024-03-07 12:35:00,500,Transaction failed,2
EVT00000876,PAY0000226,PaymentCreated,NULL,Created,2025-10-06 21:03:00,100,Payment initiated,0
EVT00000877,PAY0000226,PaymentAuthorized,Created,Authorized,2025-10-06 21:05:00,200,Authorization successful,1
EVT00000878,PAY0000226,PaymentCaptured,Authorized,Captured,2025-10-06 21:07:00,201,Payment captured,2
EVT00000879,PAY0000226,PaymentSettled,Captured,Settled,2025-10-06 21:09:00,202,Settlement completed,3
EVT00000880,PAY0000227,PaymentCreated,NULL,Created,2025-07-30 09:05:00,100,Payment initiated,0
EVT00000881,PAY0000227,PaymentAuthorized,Created,Authorized,2025-07-30 09:07:00,200,Authorization successful,1
EVT00000882,PAY0000227,PaymentCaptured,Authorized,Captured,2025-07-30 09:09:00,201,Payment captured,2
EVT00000883,PAY0000227,PaymentSettled,Captured,Settled,2025-07-30 09:11:00,202,Settlement completed,3
EVT00000884,PAY0000228,PaymentCreated,NULL,Created,2024-05-01 17:48:00,100,Payment initiated,0
EVT00000885,PAY0000228,PaymentAuthorized,Created,Authorized,2024-05-01 17:50:00,200,Authorization successful,1
EVT00000886,PAY0000228,PaymentCaptured,Authorized,Captured,2024-05-01 17:52:00,201,Payment captured,2
EVT00000887,PAY0000228,PaymentSettled,Captured,Settled,2024-05-01 17:54:00,202,Settlement completed,3
EVT00000888,PAY0000229,PaymentCreated,NULL,Created,2025-09-02 19:14:00,100,Payment initiated,0
EVT00000889,PAY0000229,PaymentAuthorized,Created,Authorized,2025-09-02 19:16:00,200,Authorization successful,1
EVT00000890,PAY0000229,PaymentCaptured,Authorized,Captured,2025-09-02 19:18:00,201,Payment captured,2
EVT00000891,PAY0000229,PaymentSettled,Captured,Settled,2025-09-02 19:20:00,202,Settlement completed,3
EVT00000892,PAY0000230,PaymentCreated,NULL,Created,2025-01-24 14:58:00,100,Payment initiated,0
EVT00000893,PAY0000230,PaymentAuthorized,Created,Authorized,2025-01-24 15:00:00,200,Authorization successful,1
EVT00000894,PAY0000230,PaymentCaptured,Authorized,Captured,2025-01-24 15:02:00,201,Payment captured,2
EVT00000895,PAY0000230,PaymentSettled,Captured,Settled,2025-01-24 15:04:00,202,Settlement completed,3
EVT00000896,PAY0000231,PaymentCreated,NULL,Created,2025-08-25 13:19:00,100,Payment initiated,0
EVT00000897,PAY0000231,PaymentAuthorized,Created,Authorized,2025-08-25 13:21:00,200,Authorization successful,1
EVT00000898,PAY0000231,PaymentCaptured,Authorized,Captured,2025-08-25 13:23:00,201,Payment captured,2
EVT00000899,PAY0000231,PaymentSettled,Captured,Settled,2025-08-25 13:25:00,202,Settlement completed,3
EVT00000900,PAY0000232,PaymentCreated,NULL,Created,2024-03-02 19:47:00,100,Payment initiated,0
EVT00000901,PAY0000232,PaymentAuthorized,Created,Authorized,2024-03-02 19:49:00,200,Authorization successful,1
EVT00000902,PAY0000232,PaymentFailed,Authorized,Failed,2024-03-02 19:51:00,500,Transaction failed,2
EVT00000903,PAY0000233,PaymentCreated,NULL,Created,2024-07-31 20:13:00,100,Payment initiated,0
EVT00000904,PAY0000233,PaymentAuthorized,Created,Authorized,2024-07-31 20:15:00,200,Authorization successful,1
EVT00000905,PAY0000233,PaymentCaptured,Authorized,Captured,2024-07-31 20:17:00,201,Payment captured,2
EVT00000906,PAY0000233,PaymentSettled,Captured,Settled,2024-07-31 20:19:00,202,Settlement completed,3
EVT00000907,PAY0000234,PaymentCreated,NULL,Created,2024-03-24 05:15:00,100,Payment initiated,0
EVT00000908,PAY0000234,PaymentAuthorized,Created,Authorized,2024-03-24 05:17:00,200,Authorization successful,1
EVT00000909,PAY0000234,PaymentCaptured,Authorized,Captured,2024-03-24 05:19:00,201,Payment captured,2
EVT00000910,PAY0000234,PaymentSettled,Captured,Settled,2024-03-24 05:21:00,202,Settlement completed,3
EVT00000911,PAY0000235,PaymentCreated,NULL,Created,2024-03-17 05:00:00,100,Payment initiated,0
EVT00000912,PAY0000235,PaymentAuthorized,Created,Authorized,2024-03-17 05:02:00,200,Authorization successful,1
EVT00000913,PAY0000235,PaymentCaptured,Authorized,Captured,2024-03-17 05:04:00,201,Payment captured,2
EVT00000914,PAY0000235,PaymentSettled,Captured,Settled,2024-03-17 05:06:00,202,Settlement completed,3
EVT00000915,PAY0000236,PaymentCreated,NULL,Created,2025-08-31 15:18:00,100,Payment initiated,0
EVT00000916,PAY0000236,PaymentAuthorized,Created,Authorized,2025-08-31 15:20:00,200,Authorization successful,1
EVT00000917,PAY0000236,PaymentFailed,Authorized,Failed,2025-08-31 15:22:00,500,Transaction failed,2
EVT00000918,PAY0000237,PaymentCreated,NULL,Created,2024-10-22 22:18:00,100,Payment initiated,0
EVT00000919,PAY0000237,PaymentAuthorized,Created,Authorized,2024-10-22 22:20:00,200,Authorization successful,1
EVT00000920,PAY0000237,PaymentCaptured,Authorized,Captured,2024-10-22 22:22:00,201,Payment captured,2
EVT00000921,PAY0000237,PaymentSettled,Captured,Settled,2024-10-22 22:24:00,202,Settlement completed,3
EVT00000922,PAY0000238,PaymentCreated,NULL,Created,2025-04-09 02:43:00,100,Payment initiated,0
EVT00000923,PAY0000238,PaymentAuthorized,Created,Authorized,2025-04-09 02:45:00,200,Authorization successful,1
EVT00000924,PAY0000238,PaymentCaptured,Authorized,Captured,2025-04-09 02:47:00,201,Payment captured,2
EVT00000925,PAY0000238,PaymentSettled,Captured,Settled,2025-04-09 02:49:00,202,Settlement completed,3
EVT00000926,PAY0000239,PaymentCreated,NULL,Created,2024-09-27 20:37:00,100,Payment initiated,0
EVT00000927,PAY0000239,PaymentAuthorized,Created,Authorized,2024-09-27 20:39:00,200,Authorization successful,1
EVT00000928,PAY0000239,PaymentCaptured,Authorized,Captured,2024-09-27 20:41:00,201,Payment captured,2
EVT00000929,PAY0000239,PaymentSettled,Captured,Settled,2024-09-27 20:43:00,202,Settlement completed,3
EVT00000930,PAY0000240,PaymentCreated,NULL,Created,2024-07-21 13:07:00,100,Payment initiated,0
EVT00000931,PAY0000240,PaymentAuthorized,Created,Authorized,2024-07-21 13:09:00,200,Authorization successful,1
EVT00000932,PAY0000240,PaymentCaptured,Authorized,Captured,2024-07-21 13:11:00,201,Payment captured,2
EVT00000933,PAY0000240,PaymentSettled,Captured,Settled,2024-07-21 13:13:00,202,Settlement completed,3
EVT00000934,PAY0000241,PaymentCreated,NULL,Created,2025-10-25 04:58:00,100,Payment initiated,0
EVT00000935,PAY0000241,PaymentAuthorized,Created,Authorized,2025-10-25 05:00:00,200,Authorization successful,1
EVT00000936,PAY0000241,PaymentCaptured,Authorized,Captured,2025-10-25 05:02:00,201,Payment captured,2
EVT00000937,PAY0000241,PaymentSettled,Captured,Settled,2025-10-25 05:04:00,202,Settlement completed,3
EVT00000938,PAY0000242,PaymentCreated,NULL,Created,2024-05-25 02:03:00,100,Payment initiated,0
EVT00000939,PAY0000242,PaymentAuthorized,Created,Authorized,2024-05-25 02:05:00,200,Authorization successful,1
EVT00000940,PAY0000242,PaymentCaptured,Authorized,Captured,2024-05-25 02:07:00,201,Payment captured,2
EVT00000941,PAY0000242,PaymentSettled,Captured,Settled,2024-05-25 02:09:00,202,Settlement completed,3
EVT00000942,PAY0000243,PaymentCreated,NULL,Created,2024-11-10 19:47:00,100,Payment initiated,0
EVT00000943,PAY0000243,PaymentAuthorized,Created,Authorized,2024-11-10 19:49:00,200,Authorization successful,1
EVT00000944,PAY0000243,PaymentCaptured,Authorized,Captured,2024-11-10 19:51:00,201,Payment captured,2
EVT00000945,PAY0000243,PaymentSettled,Captured,Settled,2024-11-10 19:53:00,202,Settlement completed,3
EVT00000946,PAY0000244,PaymentCreated,NULL,Created,2024-10-22 14:07:00,100,Payment initiated,0
EVT00000947,PAY0000244,PaymentAuthorized,Created,Authorized,2024-10-22 14:09:00,200,Authorization successful,1
EVT00000948,PAY0000244,PaymentCaptured,Authorized,Captured,2024-10-22 14:11:00,201,Payment captured,2
EVT00000949,PAY0000244,PaymentSettled,Captured,Settled,2024-10-22 14:13:00,202,Settlement completed,3
EVT00000950,PAY0000245,PaymentCreated,NULL,Created,2024-11-07 22:25:00,100,Payment initiated,0
EVT00000951,PAY0000245,PaymentAuthorized,Created,Authorized,2024-11-07 22:27:00,200,Authorization successful,1
EVT00000952,PAY0000245,PaymentCaptured,Authorized,Captured,2024-11-07 22:29:00,201,Payment captured,2
EVT00000953,PAY0000245,PaymentSettled,Captured,Settled,2024-11-07 22:31:00,202,Settlement completed,3
EVT00000954,PAY0000246,PaymentCreated,NULL,Created,2025-05-27 17:31:00,100,Payment initiated,0
EVT00000955,PAY0000246,PaymentAuthorized,Created,Authorized,2025-05-27 17:33:00,200,Authorization successful,1
EVT00000956,PAY0000246,PaymentCaptured,Authorized,Captured,2025-05-27 17:35:00,201,Payment captured,2
EVT00000957,PAY0000246,PaymentSettled,Captured,Settled,2025-05-27 17:37:00,202,Settlement completed,3
EVT00000958,PAY0000247,PaymentCreated,NULL,Created,2025-09-04 01:56:00,100,Payment initiated,0
EVT00000959,PAY0000247,PaymentAuthorized,Created,Authorized,2025-09-04 01:58:00,200,Authorization successful,1
EVT00000960,PAY0000247,PaymentCaptured,Authorized,Captured,2025-09-04 02:00:00,201,Payment captured,2
EVT00000961,PAY0000247,PaymentSettled,Captured,Settled,2025-09-04 02:02:00,202,Settlement completed,3
EVT00000962,PAY0000248,PaymentCreated,NULL,Created,2024-11-26 19:16:00,100,Payment initiated,0
EVT00000963,PAY0000248,PaymentAuthorized,Created,Authorized,2024-11-26 19:18:00,200,Authorization successful,1
EVT00000964,PAY0000248,PaymentFailed,Authorized,Failed,2024-11-26 19:20:00,500,Transaction failed,2
EVT00000965,PAY0000249,PaymentCreated,NULL,Created,2024-08-22 21:53:00,100,Payment initiated,0
EVT00000966,PAY0000249,PaymentAuthorized,Created,Authorized,2024-08-22 21:55:00,200,Authorization successful,1
EVT00000967,PAY0000249,PaymentCaptured,Authorized,Captured,2024-08-22 21:57:00,201,Payment captured,2
EVT00000968,PAY0000249,PaymentSettled,Captured,Settled,2024-08-22 21:59:00,202,Settlement completed,3
EVT00000969,PAY0000250,PaymentCreated,NULL,Created,2025-08-24 00:48:00,100,Payment initiated,0
EVT00000970,PAY0000250,PaymentAuthorized,Created,Authorized,2025-08-24 00:50:00,200,Authorization successful,1
EVT00000971,PAY0000250,PaymentCaptured,Authorized,Captured,2025-08-24 00:52:00,201,Payment captured,2
EVT00000972,PAY0000250,PaymentSettled,Captured,Settled,2025-08-24 00:54:00,202,Settlement completed,3
EVT00000973,PAY0000251,PaymentCreated,NULL,Created,2024-10-02 18:02:00,100,Payment initiated,0
EVT00000974,PAY0000251,PaymentAuthorized,Created,Authorized,2024-10-02 18:04:00,200,Authorization successful,1
EVT00000975,PAY0000251,PaymentCaptured,Authorized,Captured,2024-10-02 18:06:00,201,Payment captured,2
EVT00000976,PAY0000251,PaymentSettled,Captured,Settled,2024-10-02 18:08:00,202,Settlement completed,3
EVT00000977,PAY0000252,PaymentCreated,NULL,Created,2024-06-28 15:33:00,100,Payment initiated,0
EVT00000978,PAY0000252,PaymentAuthorized,Created,Authorized,2024-06-28 15:35:00,200,Authorization successful,1
EVT00000979,PAY0000252,PaymentCaptured,Authorized,Captured,2024-06-28 15:37:00,201,Payment captured,2
EVT00000980,PAY0000252,PaymentSettled,Captured,Settled,2024-06-28 15:39:00,202,Settlement completed,3
EVT00000981,PAY0000253,PaymentCreated,NULL,Created,2024-10-11 05:37:00,100,Payment initiated,0
EVT00000982,PAY0000253,PaymentAuthorized,Created,Authorized,2024-10-11 05:39:00,200,Authorization successful,1
EVT00000983,PAY0000253,PaymentCaptured,Authorized,Captured,2024-10-11 05:41:00,201,Payment captured,2
EVT00000984,PAY0000253,PaymentSettled,Captured,Settled,2024-10-11 05:43:00,202,Settlement completed,3
EVT00000985,PAY0000254,PaymentCreated,NULL,Created,2025-05-18 02:30:00,100,Payment initiated,0
EVT00000986,PAY0000254,PaymentAuthorized,Created,Authorized,2025-05-18 02:32:00,200,Authorization successful,1
EVT00000987,PAY0000254,PaymentCaptured,Authorized,Captured,2025-05-18 02:34:00,201,Payment captured,2
EVT00000988,PAY0000254,PaymentSettled,Captured,Settled,2025-05-18 02:36:00,202,Settlement completed,3
EVT00000989,PAY0000255,PaymentCreated,NULL,Created,2024-12-07 10:42:00,100,Payment initiated,0
EVT00000990,PAY0000255,PaymentAuthorized,Created,Authorized,2024-12-07 10:44:00,200,Authorization successful,1
EVT00000991,PAY0000255,PaymentFailed,Authorized,Failed,2024-12-07 10:46:00,500,Transaction failed,2
EVT00000992,PAY0000256,PaymentCreated,NULL,Created,2024-06-13 10:26:00,100,Payment initiated,0
EVT00000993,PAY0000256,PaymentAuthorized,Created,Authorized,2024-06-13 10:28:00,200,Authorization successful,1
EVT00000994,PAY0000256,PaymentCaptured,Authorized,Captured,2024-06-13 10:30:00,201,Payment captured,2
EVT00000995,PAY0000256,PaymentSettled,Captured,Settled,2024-06-13 10:32:00,202,Settlement completed,3
EVT00000996,PAY0000257,PaymentCreated,NULL,Created,2024-10-22 21:25:00,100,Payment initiated,0
EVT00000997,PAY0000257,PaymentAuthorized,Created,Authorized,2024-10-22 21:27:00,200,Authorization successful,1
EVT00000998,PAY0000257,PaymentCaptured,Authorized,Captured,2024-10-22 21:29:00,201,Payment captured,2
EVT00000999,PAY0000257,PaymentSettled,Captured,Settled,2024-10-22 21:31:00,202,Settlement completed,3
EVT00001000,PAY0000258,PaymentCreated,NULL,Created,2025-07-17 01:29:00,100,Payment initiated,0
EVT00001001,PAY0000258,PaymentAuthorized,Created,Authorized,2025-07-17 01:31:00,200,Authorization successful,1
EVT00001002,PAY0000258,PaymentFailed,Authorized,Failed,2025-07-17 01:33:00,500,Transaction failed,2
EVT00001003,PAY0000259,PaymentCreated,NULL,Created,2024-09-15 10:07:00,100,Payment initiated,0
EVT00001004,PAY0000259,PaymentAuthorized,Created,Authorized,2024-09-15 10:09:00,200,Authorization successful,1
EVT00001005,PAY0000259,PaymentCaptured,Authorized,Captured,2024-09-15 10:11:00,201,Payment captured,2
EVT00001006,PAY0000259,PaymentSettled,Captured,Settled,2024-09-15 10:13:00,202,Settlement completed,3
EVT00001007,PAY0000260,PaymentCreated,NULL,Created,2025-02-17 16:52:00,100,Payment initiated,0
EVT00001008,PAY0000260,PaymentAuthorized,Created,Authorized,2025-02-17 16:54:00,200,Authorization successful,1
EVT00001009,PAY0000260,PaymentCaptured,Authorized,Captured,2025-02-17 16:56:00,201,Payment captured,2
EVT00001010,PAY0000260,PaymentSettled,Captured,Settled,2025-02-17 16:58:00,202,Settlement completed,3
EVT00001011,PAY0000261,PaymentCreated,NULL,Created,2025-11-04 17:29:00,100,Payment initiated,0
EVT00001012,PAY0000261,PaymentAuthorized,Created,Authorized,2025-11-04 17:31:00,200,Authorization successful,1
EVT00001013,PAY0000261,PaymentCaptured,Authorized,Captured,2025-11-04 17:33:00,201,Payment captured,2
EVT00001014,PAY0000261,PaymentSettled,Captured,Settled,2025-11-04 17:35:00,202,Settlement completed,3
EVT00001015,PAY0000262,PaymentCreated,NULL,Created,2024-07-11 16:23:00,100,Payment initiated,0
EVT00001016,PAY0000262,PaymentAuthorized,Created,Authorized,2024-07-11 16:25:00,200,Authorization successful,1
EVT00001017,PAY0000262,PaymentCaptured,Authorized,Captured,2024-07-11 16:27:00,201,Payment captured,2
EVT00001018,PAY0000262,PaymentSettled,Captured,Settled,2024-07-11 16:29:00,202,Settlement completed,3
EVT00001019,PAY0000263,PaymentCreated,NULL,Created,2025-05-25 20:28:00,100,Payment initiated,0
EVT00001020,PAY0000263,PaymentAuthorized,Created,Authorized,2025-05-25 20:30:00,200,Authorization successful,1
EVT00001021,PAY0000263,PaymentCaptured,Authorized,Captured,2025-05-25 20:32:00,201,Payment captured,2
EVT00001022,PAY0000263,PaymentSettled,Captured,Settled,2025-05-25 20:34:00,202,Settlement completed,3
EVT00001023,PAY0000264,PaymentCreated,NULL,Created,2024-07-27 08:35:00,100,Payment initiated,0
EVT00001024,PAY0000264,PaymentAuthorized,Created,Authorized,2024-07-27 08:37:00,200,Authorization successful,1
EVT00001025,PAY0000264,PaymentCaptured,Authorized,Captured,2024-07-27 08:39:00,201,Payment captured,2
EVT00001026,PAY0000264,PaymentSettled,Captured,Settled,2024-07-27 08:41:00,202,Settlement completed,3
EVT00001027,PAY0000265,PaymentCreated,NULL,Created,2024-10-21 14:56:00,100,Payment initiated,0
EVT00001028,PAY0000265,PaymentAuthorized,Created,Authorized,2024-10-21 14:58:00,200,Authorization successful,1
EVT00001029,PAY0000265,PaymentCaptured,Authorized,Captured,2024-10-21 15:00:00,201,Payment captured,2
EVT00001030,PAY0000265,PaymentSettled,Captured,Settled,2024-10-21 15:02:00,202,Settlement completed,3
EVT00001031,PAY0000266,PaymentCreated,NULL,Created,2024-05-04 00:40:00,100,Payment initiated,0
EVT00001032,PAY0000266,PaymentAuthorized,Created,Authorized,2024-05-04 00:42:00,200,Authorization successful,1
EVT00001033,PAY0000266,PaymentCaptured,Authorized,Captured,2024-05-04 00:44:00,201,Payment captured,2
EVT00001034,PAY0000266,PaymentSettled,Captured,Settled,2024-05-04 00:46:00,202,Settlement completed,3
EVT00001035,PAY0000267,PaymentCreated,NULL,Created,2024-09-02 22:10:00,100,Payment initiated,0
EVT00001036,PAY0000267,PaymentAuthorized,Created,Authorized,2024-09-02 22:12:00,200,Authorization successful,1
EVT00001037,PAY0000267,PaymentCaptured,Authorized,Captured,2024-09-02 22:14:00,201,Payment captured,2
EVT00001038,PAY0000267,PaymentSettled,Captured,Settled,2024-09-02 22:16:00,202,Settlement completed,3
EVT00001039,PAY0000268,PaymentCreated,NULL,Created,2024-01-15 17:26:00,100,Payment initiated,0
EVT00001040,PAY0000268,PaymentAuthorized,Created,Authorized,2024-01-15 17:28:00,200,Authorization successful,1
EVT00001041,PAY0000268,PaymentFailed,Authorized,Failed,2024-01-15 17:30:00,500,Transaction failed,2
EVT00001042,PAY0000269,PaymentCreated,NULL,Created,2024-04-26 14:07:00,100,Payment initiated,0
EVT00001043,PAY0000269,PaymentAuthorized,Created,Authorized,2024-04-26 14:09:00,200,Authorization successful,1
EVT00001044,PAY0000269,PaymentCaptured,Authorized,Captured,2024-04-26 14:11:00,201,Payment captured,2
EVT00001045,PAY0000269,PaymentSettled,Captured,Settled,2024-04-26 14:13:00,202,Settlement completed,3
EVT00001046,PAY0000270,PaymentCreated,NULL,Created,2024-06-06 15:59:00,100,Payment initiated,0
EVT00001047,PAY0000270,PaymentAuthorized,Created,Authorized,2024-06-06 16:01:00,200,Authorization successful,1
EVT00001048,PAY0000270,PaymentCaptured,Authorized,Captured,2024-06-06 16:03:00,201,Payment captured,2
EVT00001049,PAY0000270,PaymentSettled,Captured,Settled,2024-06-06 16:05:00,202,Settlement completed,3
EVT00001050,PAY0000271,PaymentCreated,NULL,Created,2025-06-05 22:17:00,100,Payment initiated,0
EVT00001051,PAY0000271,PaymentAuthorized,Created,Authorized,2025-06-05 22:19:00,200,Authorization successful,1
EVT00001052,PAY0000271,PaymentCaptured,Authorized,Captured,2025-06-05 22:21:00,201,Payment captured,2
EVT00001053,PAY0000271,PaymentSettled,Captured,Settled,2025-06-05 22:23:00,202,Settlement completed,3
EVT00001054,PAY0000272,PaymentCreated,NULL,Created,2025-05-09 15:15:00,100,Payment initiated,0
EVT00001055,PAY0000272,PaymentAuthorized,Created,Authorized,2025-05-09 15:17:00,200,Authorization successful,1
EVT00001056,PAY0000272,PaymentCaptured,Authorized,Captured,2025-05-09 15:19:00,201,Payment captured,2
EVT00001057,PAY0000272,PaymentSettled,Captured,Settled,2025-05-09 15:21:00,202,Settlement completed,3
EVT00001058,PAY0000273,PaymentCreated,NULL,Created,2024-05-28 12:12:00,100,Payment initiated,0
EVT00001059,PAY0000273,PaymentAuthorized,Created,Authorized,2024-05-28 12:14:00,200,Authorization successful,1
EVT00001060,PAY0000273,PaymentCaptured,Authorized,Captured,2024-05-28 12:16:00,201,Payment captured,2
EVT00001061,PAY0000273,PaymentSettled,Captured,Settled,2024-05-28 12:18:00,202,Settlement completed,3
EVT00001062,PAY0000274,PaymentCreated,NULL,Created,2025-06-04 23:56:00,100,Payment initiated,0
EVT00001063,PAY0000274,PaymentAuthorized,Created,Authorized,2025-06-04 23:58:00,200,Authorization successful,1
EVT00001064,PAY0000274,PaymentCaptured,Authorized,Captured,2025-06-05 00:00:00,201,Payment captured,2
EVT00001065,PAY0000274,PaymentSettled,Captured,Settled,2025-06-05 00:02:00,202,Settlement completed,3
EVT00001066,PAY0000275,PaymentCreated,NULL,Created,2024-03-12 08:49:00,100,Payment initiated,0
EVT00001067,PAY0000275,PaymentAuthorized,Created,Authorized,2024-03-12 08:51:00,200,Authorization successful,1
EVT00001068,PAY0000275,PaymentCaptured,Authorized,Captured,2024-03-12 08:53:00,201,Payment captured,2
EVT00001069,PAY0000275,PaymentSettled,Captured,Settled,2024-03-12 08:55:00,202,Settlement completed,3
EVT00001070,PAY0000276,PaymentCreated,NULL,Created,2025-02-28 10:59:00,100,Payment initiated,0
EVT00001071,PAY0000276,PaymentAuthorized,Created,Authorized,2025-02-28 11:01:00,200,Authorization successful,1
EVT00001072,PAY0000276,PaymentCaptured,Authorized,Captured,2025-02-28 11:03:00,201,Payment captured,2
EVT00001073,PAY0000276,PaymentSettled,Captured,Settled,2025-02-28 11:05:00,202,Settlement completed,3
EVT00001074,PAY0000277,PaymentCreated,NULL,Created,2024-09-30 00:18:00,100,Payment initiated,0
EVT00001075,PAY0000277,PaymentAuthorized,Created,Authorized,2024-09-30 00:20:00,200,Authorization successful,1
EVT00001076,PAY0000277,PaymentCaptured,Authorized,Captured,2024-09-30 00:22:00,201,Payment captured,2
EVT00001077,PAY0000277,PaymentSettled,Captured,Settled,2024-09-30 00:24:00,202,Settlement completed,3
EVT00001078,PAY0000278,PaymentCreated,NULL,Created,2025-08-24 18:42:00,100,Payment initiated,0
EVT00001079,PAY0000278,PaymentAuthorized,Created,Authorized,2025-08-24 18:44:00,200,Authorization successful,1
EVT00001080,PAY0000278,PaymentCaptured,Authorized,Captured,2025-08-24 18:46:00,201,Payment captured,2
EVT00001081,PAY0000278,PaymentSettled,Captured,Settled,2025-08-24 18:48:00,202,Settlement completed,3
EVT00001082,PAY0000279,PaymentCreated,NULL,Created,2024-06-01 14:34:00,100,Payment initiated,0
EVT00001083,PAY0000279,PaymentAuthorized,Created,Authorized,2024-06-01 14:36:00,200,Authorization successful,1
EVT00001084,PAY0000279,PaymentCaptured,Authorized,Captured,2024-06-01 14:38:00,201,Payment captured,2
EVT00001085,PAY0000279,PaymentSettled,Captured,Settled,2024-06-01 14:40:00,202,Settlement completed,3
EVT00001086,PAY0000280,PaymentCreated,NULL,Created,2024-12-06 17:48:00,100,Payment initiated,0
EVT00001087,PAY0000280,PaymentAuthorized,Created,Authorized,2024-12-06 17:50:00,200,Authorization successful,1
EVT00001088,PAY0000280,PaymentCaptured,Authorized,Captured,2024-12-06 17:52:00,201,Payment captured,2
EVT00001089,PAY0000280,PaymentSettled,Captured,Settled,2024-12-06 17:54:00,202,Settlement completed,3
EVT00001090,PAY0000281,PaymentCreated,NULL,Created,2025-04-11 10:55:00,100,Payment initiated,0
EVT00001091,PAY0000281,PaymentAuthorized,Created,Authorized,2025-04-11 10:57:00,200,Authorization successful,1
EVT00001092,PAY0000281,PaymentCaptured,Authorized,Captured,2025-04-11 10:59:00,201,Payment captured,2
EVT00001093,PAY0000281,PaymentSettled,Captured,Settled,2025-04-11 11:01:00,202,Settlement completed,3
EVT00001094,PAY0000282,PaymentCreated,NULL,Created,2024-09-01 18:24:00,100,Payment initiated,0
EVT00001095,PAY0000282,PaymentAuthorized,Created,Authorized,2024-09-01 18:26:00,200,Authorization successful,1
EVT00001096,PAY0000282,PaymentCaptured,Authorized,Captured,2024-09-01 18:28:00,201,Payment captured,2
EVT00001097,PAY0000282,PaymentSettled,Captured,Settled,2024-09-01 18:30:00,202,Settlement completed,3
EVT00001098,PAY0000283,PaymentCreated,NULL,Created,2025-02-24 01:20:00,100,Payment initiated,0
EVT00001099,PAY0000283,PaymentAuthorized,Created,Authorized,2025-02-24 01:22:00,200,Authorization successful,1
EVT00001100,PAY0000283,PaymentCaptured,Authorized,Captured,2025-02-24 01:24:00,201,Payment captured,2
EVT00001101,PAY0000283,PaymentSettled,Captured,Settled,2025-02-24 01:26:00,202,Settlement completed,3
EVT00001102,PAY0000284,PaymentCreated,NULL,Created,2025-01-25 12:42:00,100,Payment initiated,0
EVT00001103,PAY0000284,PaymentAuthorized,Created,Authorized,2025-01-25 12:44:00,200,Authorization successful,1
EVT00001104,PAY0000284,PaymentCaptured,Authorized,Captured,2025-01-25 12:46:00,201,Payment captured,2
EVT00001105,PAY0000284,PaymentSettled,Captured,Settled,2025-01-25 12:48:00,202,Settlement completed,3
EVT00001106,PAY0000285,PaymentCreated,NULL,Created,2025-10-29 04:31:00,100,Payment initiated,0
EVT00001107,PAY0000285,PaymentAuthorized,Created,Authorized,2025-10-29 04:33:00,200,Authorization successful,1
EVT00001108,PAY0000285,PaymentCaptured,Authorized,Captured,2025-10-29 04:35:00,201,Payment captured,2
EVT00001109,PAY0000285,PaymentSettled,Captured,Settled,2025-10-29 04:37:00,202,Settlement completed,3
EVT00001110,PAY0000286,PaymentCreated,NULL,Created,2024-05-09 16:37:00,100,Payment initiated,0
EVT00001111,PAY0000286,PaymentAuthorized,Created,Authorized,2024-05-09 16:39:00,200,Authorization successful,1
EVT00001112,PAY0000286,PaymentCaptured,Authorized,Captured,2024-05-09 16:41:00,201,Payment captured,2
EVT00001113,PAY0000286,PaymentSettled,Captured,Settled,2024-05-09 16:43:00,202,Settlement completed,3
EVT00001114,PAY0000287,PaymentCreated,NULL,Created,2024-04-12 14:06:00,100,Payment initiated,0
EVT00001115,PAY0000287,PaymentAuthorized,Created,Authorized,2024-04-12 14:08:00,200,Authorization successful,1
EVT00001116,PAY0000287,PaymentCaptured,Authorized,Captured,2024-04-12 14:10:00,201,Payment captured,2
EVT00001117,PAY0000287,PaymentSettled,Captured,Settled,2024-04-12 14:12:00,202,Settlement completed,3
EVT00001118,PAY0000288,PaymentCreated,NULL,Created,2025-04-12 00:46:00,100,Payment initiated,0
EVT00001119,PAY0000288,PaymentAuthorized,Created,Authorized,2025-04-12 00:48:00,200,Authorization successful,1
EVT00001120,PAY0000288,PaymentCaptured,Authorized,Captured,2025-04-12 00:50:00,201,Payment captured,2
EVT00001121,PAY0000288,PaymentSettled,Captured,Settled,2025-04-12 00:52:00,202,Settlement completed,3
EVT00001122,PAY0000289,PaymentCreated,NULL,Created,2025-11-01 04:04:00,100,Payment initiated,0
EVT00001123,PAY0000289,PaymentAuthorized,Created,Authorized,2025-11-01 04:06:00,200,Authorization successful,1
EVT00001124,PAY0000289,PaymentCaptured,Authorized,Captured,2025-11-01 04:08:00,201,Payment captured,2
EVT00001125,PAY0000289,PaymentSettled,Captured,Settled,2025-11-01 04:10:00,202,Settlement completed,3
EVT00001126,PAY0000290,PaymentCreated,NULL,Created,2024-09-28 10:39:00,100,Payment initiated,0
EVT00001127,PAY0000290,PaymentAuthorized,Created,Authorized,2024-09-28 10:41:00,200,Authorization successful,1
EVT00001128,PAY0000290,PaymentCaptured,Authorized,Captured,2024-09-28 10:43:00,201,Payment captured,2
EVT00001129,PAY0000290,PaymentSettled,Captured,Settled,2024-09-28 10:45:00,202,Settlement completed,3
EVT00001130,PAY0000291,PaymentCreated,NULL,Created,2025-10-27 02:54:00,100,Payment initiated,0
EVT00001131,PAY0000291,PaymentAuthorized,Created,Authorized,2025-10-27 02:56:00,200,Authorization successful,1
EVT00001132,PAY0000291,PaymentCaptured,Authorized,Captured,2025-10-27 02:58:00,201,Payment captured,2
EVT00001133,PAY0000291,PaymentSettled,Captured,Settled,2025-10-27 03:00:00,202,Settlement completed,3
EVT00001134,PAY0000292,PaymentCreated,NULL,Created,2025-11-21 17:24:00,100,Payment initiated,0
EVT00001135,PAY0000292,PaymentAuthorized,Created,Authorized,2025-11-21 17:26:00,200,Authorization successful,1
EVT00001136,PAY0000292,PaymentCaptured,Authorized,Captured,2025-11-21 17:28:00,201,Payment captured,2
EVT00001137,PAY0000292,PaymentSettled,Captured,Settled,2025-11-21 17:30:00,202,Settlement completed,3
EVT00001138,PAY0000293,PaymentCreated,NULL,Created,2025-10-03 22:56:00,100,Payment initiated,0
EVT00001139,PAY0000293,PaymentAuthorized,Created,Authorized,2025-10-03 22:58:00,200,Authorization successful,1
EVT00001140,PAY0000293,PaymentCaptured,Authorized,Captured,2025-10-03 23:00:00,201,Payment captured,2
EVT00001141,PAY0000293,PaymentSettled,Captured,Settled,2025-10-03 23:02:00,202,Settlement completed,3
EVT00001142,PAY0000294,PaymentCreated,NULL,Created,2025-07-08 01:39:00,100,Payment initiated,0
EVT00001143,PAY0000294,PaymentAuthorized,Created,Authorized,2025-07-08 01:41:00,200,Authorization successful,1
EVT00001144,PAY0000294,PaymentFailed,Authorized,Failed,2025-07-08 01:43:00,500,Transaction failed,2
EVT00001145,PAY0000295,PaymentCreated,NULL,Created,2025-10-08 21:58:00,100,Payment initiated,0
EVT00001146,PAY0000295,PaymentAuthorized,Created,Authorized,2025-10-08 22:00:00,200,Authorization successful,1
EVT00001147,PAY0000295,PaymentCaptured,Authorized,Captured,2025-10-08 22:02:00,201,Payment captured,2
EVT00001148,PAY0000295,PaymentSettled,Captured,Settled,2025-10-08 22:04:00,202,Settlement completed,3
EVT00001149,PAY0000296,PaymentCreated,NULL,Created,2024-08-20 23:05:00,100,Payment initiated,0
EVT00001150,PAY0000296,PaymentAuthorized,Created,Authorized,2024-08-20 23:07:00,200,Authorization successful,1
EVT00001151,PAY0000296,PaymentCaptured,Authorized,Captured,2024-08-20 23:09:00,201,Payment captured,2
EVT00001152,PAY0000296,PaymentSettled,Captured,Settled,2024-08-20 23:11:00,202,Settlement completed,3
EVT00001153,PAY0000297,PaymentCreated,NULL,Created,2024-04-10 20:45:00,100,Payment initiated,0
EVT00001154,PAY0000297,PaymentAuthorized,Created,Authorized,2024-04-10 20:47:00,200,Authorization successful,1
EVT00001155,PAY0000297,PaymentCaptured,Authorized,Captured,2024-04-10 20:49:00,201,Payment captured,2
EVT00001156,PAY0000297,PaymentSettled,Captured,Settled,2024-04-10 20:51:00,202,Settlement completed,3
EVT00001157,PAY0000298,PaymentCreated,NULL,Created,2025-03-30 05:44:00,100,Payment initiated,0
EVT00001158,PAY0000298,PaymentAuthorized,Created,Authorized,2025-03-30 05:46:00,200,Authorization successful,1
EVT00001159,PAY0000298,PaymentCaptured,Authorized,Captured,2025-03-30 05:48:00,201,Payment captured,2
EVT00001160,PAY0000298,PaymentSettled,Captured,Settled,2025-03-30 05:50:00,202,Settlement completed,3
EVT00001161,PAY0000299,PaymentCreated,NULL,Created,2024-01-30 01:20:00,100,Payment initiated,0
EVT00001162,PAY0000299,PaymentAuthorized,Created,Authorized,2024-01-30 01:22:00,200,Authorization successful,1
EVT00001163,PAY0000299,PaymentCaptured,Authorized,Captured,2024-01-30 01:24:00,201,Payment captured,2
EVT00001164,PAY0000299,PaymentSettled,Captured,Settled,2024-01-30 01:26:00,202,Settlement completed,3
EVT00001165,PAY0000300,PaymentCreated,NULL,Created,2024-10-27 11:23:00,100,Payment initiated,0
EVT00001166,PAY0000300,PaymentAuthorized,Created,Authorized,2024-10-27 11:25:00,200,Authorization successful,1
EVT00001167,PAY0000300,PaymentCaptured,Authorized,Captured,2024-10-27 11:27:00,201,Payment captured,2
EVT00001168,PAY0000300,PaymentSettled,Captured,Settled,2024-10-27 11:29:00,202,Settlement completed,3
EVT00001169,PAY0000301,PaymentCreated,NULL,Created,2024-09-07 16:26:00,100,Payment initiated,0
EVT00001170,PAY0000301,PaymentAuthorized,Created,Authorized,2024-09-07 16:28:00,200,Authorization successful,1
EVT00001171,PAY0000301,PaymentCaptured,Authorized,Captured,2024-09-07 16:30:00,201,Payment captured,2
EVT00001172,PAY0000301,PaymentSettled,Captured,Settled,2024-09-07 16:32:00,202,Settlement completed,3
EVT00001173,PAY0000302,PaymentCreated,NULL,Created,2024-07-03 05:11:00,100,Payment initiated,0
EVT00001174,PAY0000302,PaymentAuthorized,Created,Authorized,2024-07-03 05:13:00,200,Authorization successful,1
EVT00001175,PAY0000302,PaymentFailed,Authorized,Failed,2024-07-03 05:15:00,500,Transaction failed,2
EVT00001176,PAY0000303,PaymentCreated,NULL,Created,2025-01-26 19:43:00,100,Payment initiated,0
EVT00001177,PAY0000303,PaymentAuthorized,Created,Authorized,2025-01-26 19:45:00,200,Authorization successful,1
EVT00001178,PAY0000303,PaymentCaptured,Authorized,Captured,2025-01-26 19:47:00,201,Payment captured,2
EVT00001179,PAY0000303,PaymentSettled,Captured,Settled,2025-01-26 19:49:00,202,Settlement completed,3
EVT00001180,PAY0000304,PaymentCreated,NULL,Created,2025-08-20 04:14:00,100,Payment initiated,0
EVT00001181,PAY0000304,PaymentAuthorized,Created,Authorized,2025-08-20 04:16:00,200,Authorization successful,1
EVT00001182,PAY0000304,PaymentCaptured,Authorized,Captured,2025-08-20 04:18:00,201,Payment captured,2
EVT00001183,PAY0000304,PaymentSettled,Captured,Settled,2025-08-20 04:20:00,202,Settlement completed,3
EVT00001184,PAY0000305,PaymentCreated,NULL,Created,2024-09-17 14:16:00,100,Payment initiated,0
EVT00001185,PAY0000305,PaymentAuthorized,Created,Authorized,2024-09-17 14:18:00,200,Authorization successful,1
EVT00001186,PAY0000305,PaymentCaptured,Authorized,Captured,2024-09-17 14:20:00,201,Payment captured,2
EVT00001187,PAY0000305,PaymentSettled,Captured,Settled,2024-09-17 14:22:00,202,Settlement completed,3
EVT00001188,PAY0000306,PaymentCreated,NULL,Created,2025-04-21 09:43:00,100,Payment initiated,0
EVT00001189,PAY0000306,PaymentAuthorized,Created,Authorized,2025-04-21 09:45:00,200,Authorization successful,1
EVT00001190,PAY0000306,PaymentCaptured,Authorized,Captured,2025-04-21 09:47:00,201,Payment captured,2
EVT00001191,PAY0000306,PaymentSettled,Captured,Settled,2025-04-21 09:49:00,202,Settlement completed,3
EVT00001192,PAY0000307,PaymentCreated,NULL,Created,2024-03-16 14:22:00,100,Payment initiated,0
EVT00001193,PAY0000307,PaymentAuthorized,Created,Authorized,2024-03-16 14:24:00,200,Authorization successful,1
EVT00001194,PAY0000307,PaymentCaptured,Authorized,Captured,2024-03-16 14:26:00,201,Payment captured,2
EVT00001195,PAY0000307,PaymentSettled,Captured,Settled,2024-03-16 14:28:00,202,Settlement completed,3
EVT00001196,PAY0000308,PaymentCreated,NULL,Created,2024-11-02 20:27:00,100,Payment initiated,0
EVT00001197,PAY0000308,PaymentAuthorized,Created,Authorized,2024-11-02 20:29:00,200,Authorization successful,1
EVT00001198,PAY0000308,PaymentCaptured,Authorized,Captured,2024-11-02 20:31:00,201,Payment captured,2
EVT00001199,PAY0000308,PaymentSettled,Captured,Settled,2024-11-02 20:33:00,202,Settlement completed,3
EVT00001200,PAY0000309,PaymentCreated,NULL,Created,2025-04-12 09:12:00,100,Payment initiated,0
EVT00001201,PAY0000309,PaymentAuthorized,Created,Authorized,2025-04-12 09:14:00,200,Authorization successful,1
EVT00001202,PAY0000309,PaymentCaptured,Authorized,Captured,2025-04-12 09:16:00,201,Payment captured,2
EVT00001203,PAY0000309,PaymentSettled,Captured,Settled,2025-04-12 09:18:00,202,Settlement completed,3
EVT00001204,PAY0000310,PaymentCreated,NULL,Created,2025-05-09 03:15:00,100,Payment initiated,0
EVT00001205,PAY0000310,PaymentAuthorized,Created,Authorized,2025-05-09 03:17:00,200,Authorization successful,1
EVT00001206,PAY0000310,PaymentCaptured,Authorized,Captured,2025-05-09 03:19:00,201,Payment captured,2
EVT00001207,PAY0000310,PaymentSettled,Captured,Settled,2025-05-09 03:21:00,202,Settlement completed,3
EVT00001208,PAY0000311,PaymentCreated,NULL,Created,2025-01-02 18:18:00,100,Payment initiated,0
EVT00001209,PAY0000311,PaymentAuthorized,Created,Authorized,2025-01-02 18:20:00,200,Authorization successful,1
EVT00001210,PAY0000311,PaymentCaptured,Authorized,Captured,2025-01-02 18:22:00,201,Payment captured,2
EVT00001211,PAY0000311,PaymentSettled,Captured,Settled,2025-01-02 18:24:00,202,Settlement completed,3
EVT00001212,PAY0000312,PaymentCreated,NULL,Created,2024-10-29 00:53:00,100,Payment initiated,0
EVT00001213,PAY0000312,PaymentAuthorized,Created,Authorized,2024-10-29 00:55:00,200,Authorization successful,1
EVT00001214,PAY0000312,PaymentCaptured,Authorized,Captured,2024-10-29 00:57:00,201,Payment captured,2
EVT00001215,PAY0000312,PaymentSettled,Captured,Settled,2024-10-29 00:59:00,202,Settlement completed,3
EVT00001216,PAY0000313,PaymentCreated,NULL,Created,2024-10-08 00:36:00,100,Payment initiated,0
EVT00001217,PAY0000313,PaymentAuthorized,Created,Authorized,2024-10-08 00:38:00,200,Authorization successful,1
EVT00001218,PAY0000313,PaymentCaptured,Authorized,Captured,2024-10-08 00:40:00,201,Payment captured,2
EVT00001219,PAY0000313,PaymentSettled,Captured,Settled,2024-10-08 00:42:00,202,Settlement completed,3
EVT00001220,PAY0000314,PaymentCreated,NULL,Created,2024-02-20 19:47:00,100,Payment initiated,0
EVT00001221,PAY0000314,PaymentAuthorized,Created,Authorized,2024-02-20 19:49:00,200,Authorization successful,1
EVT00001222,PAY0000314,PaymentCaptured,Authorized,Captured,2024-02-20 19:51:00,201,Payment captured,2
EVT00001223,PAY0000314,PaymentSettled,Captured,Settled,2024-02-20 19:53:00,202,Settlement completed,3
EVT00001224,PAY0000315,PaymentCreated,NULL,Created,2024-10-20 07:38:00,100,Payment initiated,0
EVT00001225,PAY0000315,PaymentAuthorized,Created,Authorized,2024-10-20 07:40:00,200,Authorization successful,1
EVT00001226,PAY0000315,PaymentCaptured,Authorized,Captured,2024-10-20 07:42:00,201,Payment captured,2
EVT00001227,PAY0000315,PaymentSettled,Captured,Settled,2024-10-20 07:44:00,202,Settlement completed,3
EVT00001228,PAY0000316,PaymentCreated,NULL,Created,2024-08-12 20:12:00,100,Payment initiated,0
EVT00001229,PAY0000316,PaymentAuthorized,Created,Authorized,2024-08-12 20:14:00,200,Authorization successful,1
EVT00001230,PAY0000316,PaymentCaptured,Authorized,Captured,2024-08-12 20:16:00,201,Payment captured,2
EVT00001231,PAY0000316,PaymentSettled,Captured,Settled,2024-08-12 20:18:00,202,Settlement completed,3
EVT00001232,PAY0000317,PaymentCreated,NULL,Created,2025-11-25 23:49:00,100,Payment initiated,0
EVT00001233,PAY0000317,PaymentAuthorized,Created,Authorized,2025-11-25 23:51:00,200,Authorization successful,1
EVT00001234,PAY0000317,PaymentCaptured,Authorized,Captured,2025-11-25 23:53:00,201,Payment captured,2
EVT00001235,PAY0000317,PaymentSettled,Captured,Settled,2025-11-25 23:55:00,202,Settlement completed,3
EVT00001236,PAY0000318,PaymentCreated,NULL,Created,2024-05-20 20:06:00,100,Payment initiated,0
EVT00001237,PAY0000318,PaymentAuthorized,Created,Authorized,2024-05-20 20:08:00,200,Authorization successful,1
EVT00001238,PAY0000318,PaymentCaptured,Authorized,Captured,2024-05-20 20:10:00,201,Payment captured,2
EVT00001239,PAY0000318,PaymentSettled,Captured,Settled,2024-05-20 20:12:00,202,Settlement completed,3
EVT00001240,PAY0000319,PaymentCreated,NULL,Created,2025-10-23 01:19:00,100,Payment initiated,0
EVT00001241,PAY0000319,PaymentAuthorized,Created,Authorized,2025-10-23 01:21:00,200,Authorization successful,1
EVT00001242,PAY0000319,PaymentCaptured,Authorized,Captured,2025-10-23 01:23:00,201,Payment captured,2
EVT00001243,PAY0000319,PaymentSettled,Captured,Settled,2025-10-23 01:25:00,202,Settlement completed,3
EVT00001244,PAY0000320,PaymentCreated,NULL,Created,2024-02-04 18:23:00,100,Payment initiated,0
EVT00001245,PAY0000320,PaymentAuthorized,Created,Authorized,2024-02-04 18:25:00,200,Authorization successful,1
EVT00001246,PAY0000320,PaymentCaptured,Authorized,Captured,2024-02-04 18:27:00,201,Payment captured,2
EVT00001247,PAY0000320,PaymentSettled,Captured,Settled,2024-02-04 18:29:00,202,Settlement completed,3
EVT00001248,PAY0000321,PaymentCreated,NULL,Created,2024-04-02 09:20:00,100,Payment initiated,0
EVT00001249,PAY0000321,PaymentAuthorized,Created,Authorized,2024-04-02 09:22:00,200,Authorization successful,1
EVT00001250,PAY0000321,PaymentCaptured,Authorized,Captured,2024-04-02 09:24:00,201,Payment captured,2
EVT00001251,PAY0000321,PaymentSettled,Captured,Settled,2024-04-02 09:26:00,202,Settlement completed,3
EVT00001252,PAY0000322,PaymentCreated,NULL,Created,2024-06-28 06:08:00,100,Payment initiated,0
EVT00001253,PAY0000322,PaymentAuthorized,Created,Authorized,2024-06-28 06:10:00,200,Authorization successful,1
EVT00001254,PAY0000322,PaymentCaptured,Authorized,Captured,2024-06-28 06:12:00,201,Payment captured,2
EVT00001255,PAY0000322,PaymentSettled,Captured,Settled,2024-06-28 06:14:00,202,Settlement completed,3
EVT00001256,PAY0000323,PaymentCreated,NULL,Created,2025-01-09 16:32:00,100,Payment initiated,0
EVT00001257,PAY0000323,PaymentAuthorized,Created,Authorized,2025-01-09 16:34:00,200,Authorization successful,1
EVT00001258,PAY0000323,PaymentCaptured,Authorized,Captured,2025-01-09 16:36:00,201,Payment captured,2
EVT00001259,PAY0000323,PaymentSettled,Captured,Settled,2025-01-09 16:38:00,202,Settlement completed,3
EVT00001260,PAY0000324,PaymentCreated,NULL,Created,2024-06-17 08:58:00,100,Payment initiated,0
EVT00001261,PAY0000324,PaymentAuthorized,Created,Authorized,2024-06-17 09:00:00,200,Authorization successful,1
EVT00001262,PAY0000324,PaymentCaptured,Authorized,Captured,2024-06-17 09:02:00,201,Payment captured,2
EVT00001263,PAY0000324,PaymentSettled,Captured,Settled,2024-06-17 09:04:00,202,Settlement completed,3
EVT00001264,PAY0000325,PaymentCreated,NULL,Created,2025-05-08 09:47:00,100,Payment initiated,0
EVT00001265,PAY0000325,PaymentAuthorized,Created,Authorized,2025-05-08 09:49:00,200,Authorization successful,1
EVT00001266,PAY0000325,PaymentCaptured,Authorized,Captured,2025-05-08 09:51:00,201,Payment captured,2
EVT00001267,PAY0000325,PaymentSettled,Captured,Settled,2025-05-08 09:53:00,202,Settlement completed,3
EVT00001268,PAY0000326,PaymentCreated,NULL,Created,2024-04-27 14:04:00,100,Payment initiated,0
EVT00001269,PAY0000326,PaymentAuthorized,Created,Authorized,2024-04-27 14:06:00,200,Authorization successful,1
EVT00001270,PAY0000326,PaymentCaptured,Authorized,Captured,2024-04-27 14:08:00,201,Payment captured,2
EVT00001271,PAY0000326,PaymentSettled,Captured,Settled,2024-04-27 14:10:00,202,Settlement completed,3
EVT00001272,PAY0000327,PaymentCreated,NULL,Created,2024-08-19 21:46:00,100,Payment initiated,0
EVT00001273,PAY0000327,PaymentAuthorized,Created,Authorized,2024-08-19 21:48:00,200,Authorization successful,1
EVT00001274,PAY0000327,PaymentCaptured,Authorized,Captured,2024-08-19 21:50:00,201,Payment captured,2
EVT00001275,PAY0000327,PaymentSettled,Captured,Settled,2024-08-19 21:52:00,202,Settlement completed,3
EVT00001276,PAY0000328,PaymentCreated,NULL,Created,2025-02-10 17:23:00,100,Payment initiated,0
EVT00001277,PAY0000328,PaymentAuthorized,Created,Authorized,2025-02-10 17:25:00,200,Authorization successful,1
EVT00001278,PAY0000328,PaymentFailed,Authorized,Failed,2025-02-10 17:27:00,500,Transaction failed,2
EVT00001279,PAY0000329,PaymentCreated,NULL,Created,2025-02-08 00:16:00,100,Payment initiated,0
EVT00001280,PAY0000329,PaymentAuthorized,Created,Authorized,2025-02-08 00:18:00,200,Authorization successful,1
EVT00001281,PAY0000329,PaymentCaptured,Authorized,Captured,2025-02-08 00:20:00,201,Payment captured,2
EVT00001282,PAY0000329,PaymentSettled,Captured,Settled,2025-02-08 00:22:00,202,Settlement completed,3
EVT00001283,PAY0000330,PaymentCreated,NULL,Created,2025-04-10 11:43:00,100,Payment initiated,0
EVT00001284,PAY0000330,PaymentAuthorized,Created,Authorized,2025-04-10 11:45:00,200,Authorization successful,1
EVT00001285,PAY0000330,PaymentCaptured,Authorized,Captured,2025-04-10 11:47:00,201,Payment captured,2
EVT00001286,PAY0000330,PaymentSettled,Captured,Settled,2025-04-10 11:49:00,202,Settlement completed,3
EVT00001287,PAY0000331,PaymentCreated,NULL,Created,2024-09-25 18:24:00,100,Payment initiated,0
EVT00001288,PAY0000331,PaymentAuthorized,Created,Authorized,2024-09-25 18:26:00,200,Authorization successful,1
EVT00001289,PAY0000331,PaymentCaptured,Authorized,Captured,2024-09-25 18:28:00,201,Payment captured,2
EVT00001290,PAY0000331,PaymentSettled,Captured,Settled,2024-09-25 18:30:00,202,Settlement completed,3
EVT00001291,PAY0000332,PaymentCreated,NULL,Created,2025-01-15 03:43:00,100,Payment initiated,0
EVT00001292,PAY0000332,PaymentAuthorized,Created,Authorized,2025-01-15 03:45:00,200,Authorization successful,1
EVT00001293,PAY0000332,PaymentCaptured,Authorized,Captured,2025-01-15 03:47:00,201,Payment captured,2
EVT00001294,PAY0000332,PaymentSettled,Captured,Settled,2025-01-15 03:49:00,202,Settlement completed,3
EVT00001295,PAY0000333,PaymentCreated,NULL,Created,2024-01-26 19:56:00,100,Payment initiated,0
EVT00001296,PAY0000333,PaymentAuthorized,Created,Authorized,2024-01-26 19:58:00,200,Authorization successful,1
EVT00001297,PAY0000333,PaymentCaptured,Authorized,Captured,2024-01-26 20:00:00,201,Payment captured,2
EVT00001298,PAY0000333,PaymentSettled,Captured,Settled,2024-01-26 20:02:00,202,Settlement completed,3
EVT00001299,PAY0000334,PaymentCreated,NULL,Created,2024-12-01 19:14:00,100,Payment initiated,0
EVT00001300,PAY0000334,PaymentAuthorized,Created,Authorized,2024-12-01 19:16:00,200,Authorization successful,1
EVT00001301,PAY0000334,PaymentCaptured,Authorized,Captured,2024-12-01 19:18:00,201,Payment captured,2
EVT00001302,PAY0000334,PaymentSettled,Captured,Settled,2024-12-01 19:20:00,202,Settlement completed,3
EVT00001303,PAY0000335,PaymentCreated,NULL,Created,2025-10-12 14:58:00,100,Payment initiated,0
EVT00001304,PAY0000335,PaymentAuthorized,Created,Authorized,2025-10-12 15:00:00,200,Authorization successful,1
EVT00001305,PAY0000335,PaymentCaptured,Authorized,Captured,2025-10-12 15:02:00,201,Payment captured,2
EVT00001306,PAY0000335,PaymentSettled,Captured,Settled,2025-10-12 15:04:00,202,Settlement completed,3
EVT00001307,PAY0000336,PaymentCreated,NULL,Created,2025-10-26 13:07:00,100,Payment initiated,0
EVT00001308,PAY0000336,PaymentAuthorized,Created,Authorized,2025-10-26 13:09:00,200,Authorization successful,1
EVT00001309,PAY0000336,PaymentCaptured,Authorized,Captured,2025-10-26 13:11:00,201,Payment captured,2
EVT00001310,PAY0000336,PaymentSettled,Captured,Settled,2025-10-26 13:13:00,202,Settlement completed,3
EVT00001311,PAY0000337,PaymentCreated,NULL,Created,2024-02-08 09:31:00,100,Payment initiated,0
EVT00001312,PAY0000337,PaymentAuthorized,Created,Authorized,2024-02-08 09:33:00,200,Authorization successful,1
EVT00001313,PAY0000337,PaymentFailed,Authorized,Failed,2024-02-08 09:35:00,500,Transaction failed,2
EVT00001314,PAY0000338,PaymentCreated,NULL,Created,2024-08-28 17:08:00,100,Payment initiated,0
EVT00001315,PAY0000338,PaymentAuthorized,Created,Authorized,2024-08-28 17:10:00,200,Authorization successful,1
EVT00001316,PAY0000338,PaymentCaptured,Authorized,Captured,2024-08-28 17:12:00,201,Payment captured,2
EVT00001317,PAY0000338,PaymentSettled,Captured,Settled,2024-08-28 17:14:00,202,Settlement completed,3
EVT00001318,PAY0000339,PaymentCreated,NULL,Created,2025-01-14 21:47:00,100,Payment initiated,0
EVT00001319,PAY0000339,PaymentAuthorized,Created,Authorized,2025-01-14 21:49:00,200,Authorization successful,1
EVT00001320,PAY0000339,PaymentCaptured,Authorized,Captured,2025-01-14 21:51:00,201,Payment captured,2
EVT00001321,PAY0000339,PaymentSettled,Captured,Settled,2025-01-14 21:53:00,202,Settlement completed,3
EVT00001322,PAY0000340,PaymentCreated,NULL,Created,2025-07-07 13:37:00,100,Payment initiated,0
EVT00001323,PAY0000340,PaymentAuthorized,Created,Authorized,2025-07-07 13:39:00,200,Authorization successful,1
EVT00001324,PAY0000340,PaymentCaptured,Authorized,Captured,2025-07-07 13:41:00,201,Payment captured,2
EVT00001325,PAY0000340,PaymentSettled,Captured,Settled,2025-07-07 13:43:00,202,Settlement completed,3
EVT00001326,PAY0000341,PaymentCreated,NULL,Created,2024-06-07 13:41:00,100,Payment initiated,0
EVT00001327,PAY0000341,PaymentAuthorized,Created,Authorized,2024-06-07 13:43:00,200,Authorization successful,1
EVT00001328,PAY0000341,PaymentFailed,Authorized,Failed,2024-06-07 13:45:00,500,Transaction failed,2
EVT00001329,PAY0000342,PaymentCreated,NULL,Created,2025-05-16 19:26:00,100,Payment initiated,0
EVT00001330,PAY0000342,PaymentAuthorized,Created,Authorized,2025-05-16 19:28:00,200,Authorization successful,1
EVT00001331,PAY0000342,PaymentCaptured,Authorized,Captured,2025-05-16 19:30:00,201,Payment captured,2
EVT00001332,PAY0000342,PaymentSettled,Captured,Settled,2025-05-16 19:32:00,202,Settlement completed,3
EVT00001333,PAY0000343,PaymentCreated,NULL,Created,2024-10-13 01:44:00,100,Payment initiated,0
EVT00001334,PAY0000343,PaymentAuthorized,Created,Authorized,2024-10-13 01:46:00,200,Authorization successful,1
EVT00001335,PAY0000343,PaymentCaptured,Authorized,Captured,2024-10-13 01:48:00,201,Payment captured,2
EVT00001336,PAY0000343,PaymentSettled,Captured,Settled,2024-10-13 01:50:00,202,Settlement completed,3
EVT00001337,PAY0000344,PaymentCreated,NULL,Created,2025-03-30 14:15:00,100,Payment initiated,0
EVT00001338,PAY0000344,PaymentAuthorized,Created,Authorized,2025-03-30 14:17:00,200,Authorization successful,1
EVT00001339,PAY0000344,PaymentCaptured,Authorized,Captured,2025-03-30 14:19:00,201,Payment captured,2
EVT00001340,PAY0000344,PaymentSettled,Captured,Settled,2025-03-30 14:21:00,202,Settlement completed,3
EVT00001341,PAY0000345,PaymentCreated,NULL,Created,2024-04-11 21:23:00,100,Payment initiated,0
EVT00001342,PAY0000345,PaymentAuthorized,Created,Authorized,2024-04-11 21:25:00,200,Authorization successful,1
EVT00001343,PAY0000345,PaymentCaptured,Authorized,Captured,2024-04-11 21:27:00,201,Payment captured,2
EVT00001344,PAY0000345,PaymentSettled,Captured,Settled,2024-04-11 21:29:00,202,Settlement completed,3
EVT00001345,PAY0000346,PaymentCreated,NULL,Created,2025-10-22 11:03:00,100,Payment initiated,0
EVT00001346,PAY0000346,PaymentAuthorized,Created,Authorized,2025-10-22 11:05:00,200,Authorization successful,1
EVT00001347,PAY0000346,PaymentCaptured,Authorized,Captured,2025-10-22 11:07:00,201,Payment captured,2
EVT00001348,PAY0000346,PaymentSettled,Captured,Settled,2025-10-22 11:09:00,202,Settlement completed,3
EVT00001349,PAY0000347,PaymentCreated,NULL,Created,2024-07-13 03:54:00,100,Payment initiated,0
EVT00001350,PAY0000347,PaymentAuthorized,Created,Authorized,2024-07-13 03:56:00,200,Authorization successful,1
EVT00001351,PAY0000347,PaymentCaptured,Authorized,Captured,2024-07-13 03:58:00,201,Payment captured,2
EVT00001352,PAY0000347,PaymentSettled,Captured,Settled,2024-07-13 04:00:00,202,Settlement completed,3
EVT00001353,PAY0000348,PaymentCreated,NULL,Created,2024-04-03 21:13:00,100,Payment initiated,0
EVT00001354,PAY0000348,PaymentAuthorized,Created,Authorized,2024-04-03 21:15:00,200,Authorization successful,1
EVT00001355,PAY0000348,PaymentCaptured,Authorized,Captured,2024-04-03 21:17:00,201,Payment captured,2
EVT00001356,PAY0000348,PaymentSettled,Captured,Settled,2024-04-03 21:19:00,202,Settlement completed,3
EVT00001357,PAY0000349,PaymentCreated,NULL,Created,2025-09-03 00:03:00,100,Payment initiated,0
EVT00001358,PAY0000349,PaymentAuthorized,Created,Authorized,2025-09-03 00:05:00,200,Authorization successful,1
EVT00001359,PAY0000349,PaymentCaptured,Authorized,Captured,2025-09-03 00:07:00,201,Payment captured,2
EVT00001360,PAY0000349,PaymentSettled,Captured,Settled,2025-09-03 00:09:00,202,Settlement completed,3
EVT00001361,PAY0000350,PaymentCreated,NULL,Created,2024-09-06 04:50:00,100,Payment initiated,0
EVT00001362,PAY0000350,PaymentAuthorized,Created,Authorized,2024-09-06 04:52:00,200,Authorization successful,1
EVT00001363,PAY0000350,PaymentCaptured,Authorized,Captured,2024-09-06 04:54:00,201,Payment captured,2
EVT00001364,PAY0000350,PaymentSettled,Captured,Settled,2024-09-06 04:56:00,202,Settlement completed,3
EVT00001365,PAY0000351,PaymentCreated,NULL,Created,2024-03-11 17:13:00,100,Payment initiated,0
EVT00001366,PAY0000351,PaymentAuthorized,Created,Authorized,2024-03-11 17:15:00,200,Authorization successful,1
EVT00001367,PAY0000351,PaymentCaptured,Authorized,Captured,2024-03-11 17:17:00,201,Payment captured,2
EVT00001368,PAY0000351,PaymentSettled,Captured,Settled,2024-03-11 17:19:00,202,Settlement completed,3
EVT00001369,PAY0000352,PaymentCreated,NULL,Created,2024-08-26 10:49:00,100,Payment initiated,0
EVT00001370,PAY0000352,PaymentAuthorized,Created,Authorized,2024-08-26 10:51:00,200,Authorization successful,1
EVT00001371,PAY0000352,PaymentCaptured,Authorized,Captured,2024-08-26 10:53:00,201,Payment captured,2
EVT00001372,PAY0000352,PaymentSettled,Captured,Settled,2024-08-26 10:55:00,202,Settlement completed,3
EVT00001373,PAY0000353,PaymentCreated,NULL,Created,2025-09-02 00:17:00,100,Payment initiated,0
EVT00001374,PAY0000353,PaymentAuthorized,Created,Authorized,2025-09-02 00:19:00,200,Authorization successful,1
EVT00001375,PAY0000353,PaymentCaptured,Authorized,Captured,2025-09-02 00:21:00,201,Payment captured,2
EVT00001376,PAY0000353,PaymentSettled,Captured,Settled,2025-09-02 00:23:00,202,Settlement completed,3
EVT00001377,PAY0000354,PaymentCreated,NULL,Created,2024-05-28 04:34:00,100,Payment initiated,0
EVT00001378,PAY0000354,PaymentAuthorized,Created,Authorized,2024-05-28 04:36:00,200,Authorization successful,1
EVT00001379,PAY0000354,PaymentCaptured,Authorized,Captured,2024-05-28 04:38:00,201,Payment captured,2
EVT00001380,PAY0000354,PaymentSettled,Captured,Settled,2024-05-28 04:40:00,202,Settlement completed,3
EVT00001381,PAY0000355,PaymentCreated,NULL,Created,2024-06-27 03:42:00,100,Payment initiated,0
EVT00001382,PAY0000355,PaymentAuthorized,Created,Authorized,2024-06-27 03:44:00,200,Authorization successful,1
EVT00001383,PAY0000355,PaymentCaptured,Authorized,Captured,2024-06-27 03:46:00,201,Payment captured,2
EVT00001384,PAY0000355,PaymentSettled,Captured,Settled,2024-06-27 03:48:00,202,Settlement completed,3
EVT00001385,PAY0000356,PaymentCreated,NULL,Created,2024-05-14 00:22:00,100,Payment initiated,0
EVT00001386,PAY0000356,PaymentAuthorized,Created,Authorized,2024-05-14 00:24:00,200,Authorization successful,1
EVT00001387,PAY0000356,PaymentCaptured,Authorized,Captured,2024-05-14 00:26:00,201,Payment captured,2
EVT00001388,PAY0000356,PaymentSettled,Captured,Settled,2024-05-14 00:28:00,202,Settlement completed,3
EVT00001389,PAY0000357,PaymentCreated,NULL,Created,2024-08-31 18:20:00,100,Payment initiated,0
EVT00001390,PAY0000357,PaymentAuthorized,Created,Authorized,2024-08-31 18:22:00,200,Authorization successful,1
EVT00001391,PAY0000357,PaymentFailed,Authorized,Failed,2024-08-31 18:24:00,500,Transaction failed,2
EVT00001392,PAY0000358,PaymentCreated,NULL,Created,2024-09-28 01:08:00,100,Payment initiated,0
EVT00001393,PAY0000358,PaymentAuthorized,Created,Authorized,2024-09-28 01:10:00,200,Authorization successful,1
EVT00001394,PAY0000358,PaymentCaptured,Authorized,Captured,2024-09-28 01:12:00,201,Payment captured,2
EVT00001395,PAY0000358,PaymentSettled,Captured,Settled,2024-09-28 01:14:00,202,Settlement completed,3
EVT00001396,PAY0000359,PaymentCreated,NULL,Created,2025-06-22 03:47:00,100,Payment initiated,0
EVT00001397,PAY0000359,PaymentAuthorized,Created,Authorized,2025-06-22 03:49:00,200,Authorization successful,1
EVT00001398,PAY0000359,PaymentFailed,Authorized,Failed,2025-06-22 03:51:00,500,Transaction failed,2
EVT00001399,PAY0000360,PaymentCreated,NULL,Created,2025-04-04 11:32:00,100,Payment initiated,0
EVT00001400,PAY0000360,PaymentAuthorized,Created,Authorized,2025-04-04 11:34:00,200,Authorization successful,1
EVT00001401,PAY0000360,PaymentCaptured,Authorized,Captured,2025-04-04 11:36:00,201,Payment captured,2
EVT00001402,PAY0000360,PaymentSettled,Captured,Settled,2025-04-04 11:38:00,202,Settlement completed,3
EVT00001403,PAY0000361,PaymentCreated,NULL,Created,2025-04-07 16:14:00,100,Payment initiated,0
EVT00001404,PAY0000361,PaymentAuthorized,Created,Authorized,2025-04-07 16:16:00,200,Authorization successful,1
EVT00001405,PAY0000361,PaymentCaptured,Authorized,Captured,2025-04-07 16:18:00,201,Payment captured,2
EVT00001406,PAY0000361,PaymentSettled,Captured,Settled,2025-04-07 16:20:00,202,Settlement completed,3
EVT00001407,PAY0000362,PaymentCreated,NULL,Created,2024-02-14 23:50:00,100,Payment initiated,0
EVT00001408,PAY0000362,PaymentAuthorized,Created,Authorized,2024-02-14 23:52:00,200,Authorization successful,1
EVT00001409,PAY0000362,PaymentCaptured,Authorized,Captured,2024-02-14 23:54:00,201,Payment captured,2
EVT00001410,PAY0000362,PaymentSettled,Captured,Settled,2024-02-14 23:56:00,202,Settlement completed,3
EVT00001411,PAY0000363,PaymentCreated,NULL,Created,2025-11-05 16:19:00,100,Payment initiated,0
EVT00001412,PAY0000363,PaymentAuthorized,Created,Authorized,2025-11-05 16:21:00,200,Authorization successful,1
EVT00001413,PAY0000363,PaymentCaptured,Authorized,Captured,2025-11-05 16:23:00,201,Payment captured,2
EVT00001414,PAY0000363,PaymentSettled,Captured,Settled,2025-11-05 16:25:00,202,Settlement completed,3
EVT00001415,PAY0000364,PaymentCreated,NULL,Created,2024-02-01 01:30:00,100,Payment initiated,0
EVT00001416,PAY0000364,PaymentAuthorized,Created,Authorized,2024-02-01 01:32:00,200,Authorization successful,1
EVT00001417,PAY0000364,PaymentCaptured,Authorized,Captured,2024-02-01 01:34:00,201,Payment captured,2
EVT00001418,PAY0000364,PaymentSettled,Captured,Settled,2024-02-01 01:36:00,202,Settlement completed,3
EVT00001419,PAY0000365,PaymentCreated,NULL,Created,2025-03-12 21:06:00,100,Payment initiated,0
EVT00001420,PAY0000365,PaymentAuthorized,Created,Authorized,2025-03-12 21:08:00,200,Authorization successful,1
EVT00001421,PAY0000365,PaymentCaptured,Authorized,Captured,2025-03-12 21:10:00,201,Payment captured,2
EVT00001422,PAY0000365,PaymentSettled,Captured,Settled,2025-03-12 21:12:00,202,Settlement completed,3
EVT00001423,PAY0000366,PaymentCreated,NULL,Created,2025-03-30 02:57:00,100,Payment initiated,0
EVT00001424,PAY0000366,PaymentAuthorized,Created,Authorized,2025-03-30 02:59:00,200,Authorization successful,1
EVT00001425,PAY0000366,PaymentFailed,Authorized,Failed,2025-03-30 03:01:00,500,Transaction failed,2
EVT00001426,PAY0000367,PaymentCreated,NULL,Created,2025-09-14 04:04:00,100,Payment initiated,0
EVT00001427,PAY0000367,PaymentAuthorized,Created,Authorized,2025-09-14 04:06:00,200,Authorization successful,1
EVT00001428,PAY0000367,PaymentCaptured,Authorized,Captured,2025-09-14 04:08:00,201,Payment captured,2
EVT00001429,PAY0000367,PaymentSettled,Captured,Settled,2025-09-14 04:10:00,202,Settlement completed,3
EVT00001430,PAY0000368,PaymentCreated,NULL,Created,2025-10-01 20:37:00,100,Payment initiated,0
EVT00001431,PAY0000368,PaymentAuthorized,Created,Authorized,2025-10-01 20:39:00,200,Authorization successful,1
EVT00001432,PAY0000368,PaymentCaptured,Authorized,Captured,2025-10-01 20:41:00,201,Payment captured,2
EVT00001433,PAY0000368,PaymentSettled,Captured,Settled,2025-10-01 20:43:00,202,Settlement completed,3
EVT00001434,PAY0000369,PaymentCreated,NULL,Created,2024-11-28 12:38:00,100,Payment initiated,0
EVT00001435,PAY0000369,PaymentAuthorized,Created,Authorized,2024-11-28 12:40:00,200,Authorization successful,1
EVT00001436,PAY0000369,PaymentCaptured,Authorized,Captured,2024-11-28 12:42:00,201,Payment captured,2
EVT00001437,PAY0000369,PaymentSettled,Captured,Settled,2024-11-28 12:44:00,202,Settlement completed,3
EVT00001438,PAY0000370,PaymentCreated,NULL,Created,2025-04-09 16:38:00,100,Payment initiated,0
EVT00001439,PAY0000370,PaymentAuthorized,Created,Authorized,2025-04-09 16:40:00,200,Authorization successful,1
EVT00001440,PAY0000370,PaymentCaptured,Authorized,Captured,2025-04-09 16:42:00,201,Payment captured,2
EVT00001441,PAY0000370,PaymentSettled,Captured,Settled,2025-04-09 16:44:00,202,Settlement completed,3
EVT00001442,PAY0000371,PaymentCreated,NULL,Created,2024-04-27 20:41:00,100,Payment initiated,0
EVT00001443,PAY0000371,PaymentAuthorized,Created,Authorized,2024-04-27 20:43:00,200,Authorization successful,1
EVT00001444,PAY0000371,PaymentCaptured,Authorized,Captured,2024-04-27 20:45:00,201,Payment captured,2
EVT00001445,PAY0000371,PaymentSettled,Captured,Settled,2024-04-27 20:47:00,202,Settlement completed,3
EVT00001446,PAY0000372,PaymentCreated,NULL,Created,2025-07-18 23:55:00,100,Payment initiated,0
EVT00001447,PAY0000372,PaymentAuthorized,Created,Authorized,2025-07-18 23:57:00,200,Authorization successful,1
EVT00001448,PAY0000372,PaymentCaptured,Authorized,Captured,2025-07-18 23:59:00,201,Payment captured,2
EVT00001449,PAY0000372,PaymentSettled,Captured,Settled,2025-07-19 00:01:00,202,Settlement completed,3
EVT00001450,PAY0000373,PaymentCreated,NULL,Created,2025-04-07 07:26:00,100,Payment initiated,0
EVT00001451,PAY0000373,PaymentAuthorized,Created,Authorized,2025-04-07 07:28:00,200,Authorization successful,1
EVT00001452,PAY0000373,PaymentCaptured,Authorized,Captured,2025-04-07 07:30:00,201,Payment captured,2
EVT00001453,PAY0000373,PaymentSettled,Captured,Settled,2025-04-07 07:32:00,202,Settlement completed,3
EVT00001454,PAY0000374,PaymentCreated,NULL,Created,2025-04-09 12:26:00,100,Payment initiated,0
EVT00001455,PAY0000374,PaymentAuthorized,Created,Authorized,2025-04-09 12:28:00,200,Authorization successful,1
EVT00001456,PAY0000374,PaymentCaptured,Authorized,Captured,2025-04-09 12:30:00,201,Payment captured,2
EVT00001457,PAY0000374,PaymentSettled,Captured,Settled,2025-04-09 12:32:00,202,Settlement completed,3
EVT00001458,PAY0000375,PaymentCreated,NULL,Created,2024-11-16 13:20:00,100,Payment initiated,0
EVT00001459,PAY0000375,PaymentAuthorized,Created,Authorized,2024-11-16 13:22:00,200,Authorization successful,1
EVT00001460,PAY0000375,PaymentCaptured,Authorized,Captured,2024-11-16 13:24:00,201,Payment captured,2
EVT00001461,PAY0000375,PaymentSettled,Captured,Settled,2024-11-16 13:26:00,202,Settlement completed,3
EVT00001462,PAY0000376,PaymentCreated,NULL,Created,2025-01-18 04:43:00,100,Payment initiated,0
EVT00001463,PAY0000376,PaymentAuthorized,Created,Authorized,2025-01-18 04:45:00,200,Authorization successful,1
EVT00001464,PAY0000376,PaymentCaptured,Authorized,Captured,2025-01-18 04:47:00,201,Payment captured,2
EVT00001465,PAY0000376,PaymentSettled,Captured,Settled,2025-01-18 04:49:00,202,Settlement completed,3
EVT00001466,PAY0000377,PaymentCreated,NULL,Created,2024-03-09 02:53:00,100,Payment initiated,0
EVT00001467,PAY0000377,PaymentAuthorized,Created,Authorized,2024-03-09 02:55:00,200,Authorization successful,1
EVT00001468,PAY0000377,PaymentFailed,Authorized,Failed,2024-03-09 02:57:00,500,Transaction failed,2
EVT00001469,PAY0000378,PaymentCreated,NULL,Created,2025-03-18 03:47:00,100,Payment initiated,0
EVT00001470,PAY0000378,PaymentAuthorized,Created,Authorized,2025-03-18 03:49:00,200,Authorization successful,1
EVT00001471,PAY0000378,PaymentCaptured,Authorized,Captured,2025-03-18 03:51:00,201,Payment captured,2
EVT00001472,PAY0000378,PaymentSettled,Captured,Settled,2025-03-18 03:53:00,202,Settlement completed,3
EVT00001473,PAY0000379,PaymentCreated,NULL,Created,2024-05-13 17:03:00,100,Payment initiated,0
EVT00001474,PAY0000379,PaymentAuthorized,Created,Authorized,2024-05-13 17:05:00,200,Authorization successful,1
EVT00001475,PAY0000379,PaymentCaptured,Authorized,Captured,2024-05-13 17:07:00,201,Payment captured,2
EVT00001476,PAY0000379,PaymentSettled,Captured,Settled,2024-05-13 17:09:00,202,Settlement completed,3
EVT00001477,PAY0000380,PaymentCreated,NULL,Created,2025-07-29 17:21:00,100,Payment initiated,0
EVT00001478,PAY0000380,PaymentAuthorized,Created,Authorized,2025-07-29 17:23:00,200,Authorization successful,1
EVT00001479,PAY0000380,PaymentCaptured,Authorized,Captured,2025-07-29 17:25:00,201,Payment captured,2
EVT00001480,PAY0000380,PaymentSettled,Captured,Settled,2025-07-29 17:27:00,202,Settlement completed,3
EVT00001481,PAY0000381,PaymentCreated,NULL,Created,2025-02-24 11:55:00,100,Payment initiated,0
EVT00001482,PAY0000381,PaymentAuthorized,Created,Authorized,2025-02-24 11:57:00,200,Authorization successful,1
EVT00001483,PAY0000381,PaymentCaptured,Authorized,Captured,2025-02-24 11:59:00,201,Payment captured,2
EVT00001484,PAY0000381,PaymentSettled,Captured,Settled,2025-02-24 12:01:00,202,Settlement completed,3
EVT00001485,PAY0000382,PaymentCreated,NULL,Created,2025-03-09 23:03:00,100,Payment initiated,0
EVT00001486,PAY0000382,PaymentAuthorized,Created,Authorized,2025-03-09 23:05:00,200,Authorization successful,1
EVT00001487,PAY0000382,PaymentCaptured,Authorized,Captured,2025-03-09 23:07:00,201,Payment captured,2
EVT00001488,PAY0000382,PaymentSettled,Captured,Settled,2025-03-09 23:09:00,202,Settlement completed,3
EVT00001489,PAY0000383,PaymentCreated,NULL,Created,2025-09-06 09:22:00,100,Payment initiated,0
EVT00001490,PAY0000383,PaymentAuthorized,Created,Authorized,2025-09-06 09:24:00,200,Authorization successful,1
EVT00001491,PAY0000383,PaymentFailed,Authorized,Failed,2025-09-06 09:26:00,500,Transaction failed,2
EVT00001492,PAY0000384,PaymentCreated,NULL,Created,2025-06-03 06:09:00,100,Payment initiated,0
EVT00001493,PAY0000384,PaymentAuthorized,Created,Authorized,2025-06-03 06:11:00,200,Authorization successful,1
EVT00001494,PAY0000384,PaymentCaptured,Authorized,Captured,2025-06-03 06:13:00,201,Payment captured,2
EVT00001495,PAY0000384,PaymentSettled,Captured,Settled,2025-06-03 06:15:00,202,Settlement completed,3
EVT00001496,PAY0000385,PaymentCreated,NULL,Created,2024-08-17 03:22:00,100,Payment initiated,0
EVT00001497,PAY0000385,PaymentAuthorized,Created,Authorized,2024-08-17 03:24:00,200,Authorization successful,1
EVT00001498,PAY0000385,PaymentCaptured,Authorized,Captured,2024-08-17 03:26:00,201,Payment captured,2
EVT00001499,PAY0000385,PaymentSettled,Captured,Settled,2024-08-17 03:28:00,202,Settlement completed,3
EVT00001500,PAY0000386,PaymentCreated,NULL,Created,2025-01-11 03:48:00,100,Payment initiated,0
EVT00001501,PAY0000386,PaymentAuthorized,Created,Authorized,2025-01-11 03:50:00,200,Authorization successful,1
EVT00001502,PAY0000386,PaymentCaptured,Authorized,Captured,2025-01-11 03:52:00,201,Payment captured,2
EVT00001503,PAY0000386,PaymentSettled,Captured,Settled,2025-01-11 03:54:00,202,Settlement completed,3
EVT00001504,PAY0000387,PaymentCreated,NULL,Created,2024-08-19 13:54:00,100,Payment initiated,0
EVT00001505,PAY0000387,PaymentAuthorized,Created,Authorized,2024-08-19 13:56:00,200,Authorization successful,1
EVT00001506,PAY0000387,PaymentCaptured,Authorized,Captured,2024-08-19 13:58:00,201,Payment captured,2
EVT00001507,PAY0000387,PaymentSettled,Captured,Settled,2024-08-19 14:00:00,202,Settlement completed,3
EVT00001508,PAY0000388,PaymentCreated,NULL,Created,2025-09-28 19:43:00,100,Payment initiated,0
EVT00001509,PAY0000388,PaymentAuthorized,Created,Authorized,2025-09-28 19:45:00,200,Authorization successful,1
EVT00001510,PAY0000388,PaymentCaptured,Authorized,Captured,2025-09-28 19:47:00,201,Payment captured,2
EVT00001511,PAY0000388,PaymentSettled,Captured,Settled,2025-09-28 19:49:00,202,Settlement completed,3
EVT00001512,PAY0000389,PaymentCreated,NULL,Created,2024-01-27 19:59:00,100,Payment initiated,0
EVT00001513,PAY0000389,PaymentAuthorized,Created,Authorized,2024-01-27 20:01:00,200,Authorization successful,1
EVT00001514,PAY0000389,PaymentCaptured,Authorized,Captured,2024-01-27 20:03:00,201,Payment captured,2
EVT00001515,PAY0000389,PaymentSettled,Captured,Settled,2024-01-27 20:05:00,202,Settlement completed,3
EVT00001516,PAY0000390,PaymentCreated,NULL,Created,2024-09-30 00:11:00,100,Payment initiated,0
EVT00001517,PAY0000390,PaymentAuthorized,Created,Authorized,2024-09-30 00:13:00,200,Authorization successful,1
EVT00001518,PAY0000390,PaymentCaptured,Authorized,Captured,2024-09-30 00:15:00,201,Payment captured,2
EVT00001519,PAY0000390,PaymentSettled,Captured,Settled,2024-09-30 00:17:00,202,Settlement completed,3
EVT00001520,PAY0000391,PaymentCreated,NULL,Created,2024-11-12 10:22:00,100,Payment initiated,0
EVT00001521,PAY0000391,PaymentAuthorized,Created,Authorized,2024-11-12 10:24:00,200,Authorization successful,1
EVT00001522,PAY0000391,PaymentFailed,Authorized,Failed,2024-11-12 10:26:00,500,Transaction failed,2
EVT00001523,PAY0000392,PaymentCreated,NULL,Created,2024-05-26 18:42:00,100,Payment initiated,0
EVT00001524,PAY0000392,PaymentAuthorized,Created,Authorized,2024-05-26 18:44:00,200,Authorization successful,1
EVT00001525,PAY0000392,PaymentCaptured,Authorized,Captured,2024-05-26 18:46:00,201,Payment captured,2
EVT00001526,PAY0000392,PaymentSettled,Captured,Settled,2024-05-26 18:48:00,202,Settlement completed,3
EVT00001527,PAY0000393,PaymentCreated,NULL,Created,2024-05-25 23:40:00,100,Payment initiated,0
EVT00001528,PAY0000393,PaymentAuthorized,Created,Authorized,2024-05-25 23:42:00,200,Authorization successful,1
EVT00001529,PAY0000393,PaymentCaptured,Authorized,Captured,2024-05-25 23:44:00,201,Payment captured,2
EVT00001530,PAY0000393,PaymentSettled,Captured,Settled,2024-05-25 23:46:00,202,Settlement completed,3
EVT00001531,PAY0000394,PaymentCreated,NULL,Created,2024-04-03 23:33:00,100,Payment initiated,0
EVT00001532,PAY0000394,PaymentAuthorized,Created,Authorized,2024-04-03 23:35:00,200,Authorization successful,1
EVT00001533,PAY0000394,PaymentCaptured,Authorized,Captured,2024-04-03 23:37:00,201,Payment captured,2
EVT00001534,PAY0000394,PaymentSettled,Captured,Settled,2024-04-03 23:39:00,202,Settlement completed,3
EVT00001535,PAY0000395,PaymentCreated,NULL,Created,2025-03-05 14:21:00,100,Payment initiated,0
EVT00001536,PAY0000395,PaymentAuthorized,Created,Authorized,2025-03-05 14:23:00,200,Authorization successful,1
EVT00001537,PAY0000395,PaymentCaptured,Authorized,Captured,2025-03-05 14:25:00,201,Payment captured,2
EVT00001538,PAY0000395,PaymentSettled,Captured,Settled,2025-03-05 14:27:00,202,Settlement completed,3
EVT00001539,PAY0000396,PaymentCreated,NULL,Created,2024-11-15 23:20:00,100,Payment initiated,0
EVT00001540,PAY0000396,PaymentAuthorized,Created,Authorized,2024-11-15 23:22:00,200,Authorization successful,1
EVT00001541,PAY0000396,PaymentCaptured,Authorized,Captured,2024-11-15 23:24:00,201,Payment captured,2
EVT00001542,PAY0000396,PaymentSettled,Captured,Settled,2024-11-15 23:26:00,202,Settlement completed,3
EVT00001543,PAY0000397,PaymentCreated,NULL,Created,2025-08-04 19:05:00,100,Payment initiated,0
EVT00001544,PAY0000397,PaymentAuthorized,Created,Authorized,2025-08-04 19:07:00,200,Authorization successful,1
EVT00001545,PAY0000397,PaymentCaptured,Authorized,Captured,2025-08-04 19:09:00,201,Payment captured,2
EVT00001546,PAY0000397,PaymentSettled,Captured,Settled,2025-08-04 19:11:00,202,Settlement completed,3
EVT00001547,PAY0000398,PaymentCreated,NULL,Created,2024-06-08 05:48:00,100,Payment initiated,0
EVT00001548,PAY0000398,PaymentAuthorized,Created,Authorized,2024-06-08 05:50:00,200,Authorization successful,1
EVT00001549,PAY0000398,PaymentCaptured,Authorized,Captured,2024-06-08 05:52:00,201,Payment captured,2
EVT00001550,PAY0000398,PaymentSettled,Captured,Settled,2024-06-08 05:54:00,202,Settlement completed,3
EVT00001551,PAY0000399,PaymentCreated,NULL,Created,2025-11-21 02:17:00,100,Payment initiated,0
EVT00001552,PAY0000399,PaymentAuthorized,Created,Authorized,2025-11-21 02:19:00,200,Authorization successful,1
EVT00001553,PAY0000399,PaymentCaptured,Authorized,Captured,2025-11-21 02:21:00,201,Payment captured,2
EVT00001554,PAY0000399,PaymentSettled,Captured,Settled,2025-11-21 02:23:00,202,Settlement completed,3
EVT00001555,PAY0000400,PaymentCreated,NULL,Created,2025-03-10 15:38:00,100,Payment initiated,0
EVT00001556,PAY0000400,PaymentAuthorized,Created,Authorized,2025-03-10 15:40:00,200,Authorization successful,1
EVT00001557,PAY0000400,PaymentCaptured,Authorized,Captured,2025-03-10 15:42:00,201,Payment captured,2
EVT00001558,PAY0000400,PaymentSettled,Captured,Settled,2025-03-10 15:44:00,202,Settlement completed,3
EVT00001559,PAY0000401,PaymentCreated,NULL,Created,2024-10-06 06:48:00,100,Payment initiated,0
EVT00001560,PAY0000401,PaymentAuthorized,Created,Authorized,2024-10-06 06:50:00,200,Authorization successful,1
EVT00001561,PAY0000401,PaymentCaptured,Authorized,Captured,2024-10-06 06:52:00,201,Payment captured,2
EVT00001562,PAY0000401,PaymentSettled,Captured,Settled,2024-10-06 06:54:00,202,Settlement completed,3
EVT00001563,PAY0000402,PaymentCreated,NULL,Created,2024-12-19 13:07:00,100,Payment initiated,0
EVT00001564,PAY0000402,PaymentAuthorized,Created,Authorized,2024-12-19 13:09:00,200,Authorization successful,1
EVT00001565,PAY0000402,PaymentCaptured,Authorized,Captured,2024-12-19 13:11:00,201,Payment captured,2
EVT00001566,PAY0000402,PaymentSettled,Captured,Settled,2024-12-19 13:13:00,202,Settlement completed,3
EVT00001567,PAY0000403,PaymentCreated,NULL,Created,2025-11-25 18:31:00,100,Payment initiated,0
EVT00001568,PAY0000403,PaymentAuthorized,Created,Authorized,2025-11-25 18:33:00,200,Authorization successful,1
EVT00001569,PAY0000403,PaymentCaptured,Authorized,Captured,2025-11-25 18:35:00,201,Payment captured,2
EVT00001570,PAY0000403,PaymentSettled,Captured,Settled,2025-11-25 18:37:00,202,Settlement completed,3
EVT00001571,PAY0000404,PaymentCreated,NULL,Created,2024-11-11 01:14:00,100,Payment initiated,0
EVT00001572,PAY0000404,PaymentAuthorized,Created,Authorized,2024-11-11 01:16:00,200,Authorization successful,1
EVT00001573,PAY0000404,PaymentCaptured,Authorized,Captured,2024-11-11 01:18:00,201,Payment captured,2
EVT00001574,PAY0000404,PaymentSettled,Captured,Settled,2024-11-11 01:20:00,202,Settlement completed,3
EVT00001575,PAY0000405,PaymentCreated,NULL,Created,2025-09-05 01:00:00,100,Payment initiated,0
EVT00001576,PAY0000405,PaymentAuthorized,Created,Authorized,2025-09-05 01:02:00,200,Authorization successful,1
EVT00001577,PAY0000405,PaymentCaptured,Authorized,Captured,2025-09-05 01:04:00,201,Payment captured,2
EVT00001578,PAY0000405,PaymentSettled,Captured,Settled,2025-09-05 01:06:00,202,Settlement completed,3
EVT00001579,PAY0000406,PaymentCreated,NULL,Created,2024-08-04 04:48:00,100,Payment initiated,0
EVT00001580,PAY0000406,PaymentAuthorized,Created,Authorized,2024-08-04 04:50:00,200,Authorization successful,1
EVT00001581,PAY0000406,PaymentCaptured,Authorized,Captured,2024-08-04 04:52:00,201,Payment captured,2
EVT00001582,PAY0000406,PaymentSettled,Captured,Settled,2024-08-04 04:54:00,202,Settlement completed,3
EVT00001583,PAY0000407,PaymentCreated,NULL,Created,2024-12-01 03:00:00,100,Payment initiated,0
EVT00001584,PAY0000407,PaymentAuthorized,Created,Authorized,2024-12-01 03:02:00,200,Authorization successful,1
EVT00001585,PAY0000407,PaymentCaptured,Authorized,Captured,2024-12-01 03:04:00,201,Payment captured,2
EVT00001586,PAY0000407,PaymentSettled,Captured,Settled,2024-12-01 03:06:00,202,Settlement completed,3
EVT00001587,PAY0000408,PaymentCreated,NULL,Created,2025-03-16 05:08:00,100,Payment initiated,0
EVT00001588,PAY0000408,PaymentAuthorized,Created,Authorized,2025-03-16 05:10:00,200,Authorization successful,1
EVT00001589,PAY0000408,PaymentCaptured,Authorized,Captured,2025-03-16 05:12:00,201,Payment captured,2
EVT00001590,PAY0000408,PaymentSettled,Captured,Settled,2025-03-16 05:14:00,202,Settlement completed,3
EVT00001591,PAY0000409,PaymentCreated,NULL,Created,2024-08-23 16:35:00,100,Payment initiated,0
EVT00001592,PAY0000409,PaymentAuthorized,Created,Authorized,2024-08-23 16:37:00,200,Authorization successful,1
EVT00001593,PAY0000409,PaymentCaptured,Authorized,Captured,2024-08-23 16:39:00,201,Payment captured,2
EVT00001594,PAY0000409,PaymentSettled,Captured,Settled,2024-08-23 16:41:00,202,Settlement completed,3
EVT00001595,PAY0000410,PaymentCreated,NULL,Created,2024-12-28 02:25:00,100,Payment initiated,0
EVT00001596,PAY0000410,PaymentAuthorized,Created,Authorized,2024-12-28 02:27:00,200,Authorization successful,1
EVT00001597,PAY0000410,PaymentCaptured,Authorized,Captured,2024-12-28 02:29:00,201,Payment captured,2
EVT00001598,PAY0000410,PaymentSettled,Captured,Settled,2024-12-28 02:31:00,202,Settlement completed,3
EVT00001599,PAY0000411,PaymentCreated,NULL,Created,2024-02-13 13:01:00,100,Payment initiated,0
EVT00001600,PAY0000411,PaymentAuthorized,Created,Authorized,2024-02-13 13:03:00,200,Authorization successful,1
EVT00001601,PAY0000411,PaymentCaptured,Authorized,Captured,2024-02-13 13:05:00,201,Payment captured,2
EVT00001602,PAY0000411,PaymentSettled,Captured,Settled,2024-02-13 13:07:00,202,Settlement completed,3
EVT00001603,PAY0000412,PaymentCreated,NULL,Created,2024-03-20 10:36:00,100,Payment initiated,0
EVT00001604,PAY0000412,PaymentAuthorized,Created,Authorized,2024-03-20 10:38:00,200,Authorization successful,1
EVT00001605,PAY0000412,PaymentCaptured,Authorized,Captured,2024-03-20 10:40:00,201,Payment captured,2
EVT00001606,PAY0000412,PaymentSettled,Captured,Settled,2024-03-20 10:42:00,202,Settlement completed,3
EVT00001607,PAY0000413,PaymentCreated,NULL,Created,2025-02-18 22:40:00,100,Payment initiated,0
EVT00001608,PAY0000413,PaymentAuthorized,Created,Authorized,2025-02-18 22:42:00,200,Authorization successful,1
EVT00001609,PAY0000413,PaymentCaptured,Authorized,Captured,2025-02-18 22:44:00,201,Payment captured,2
EVT00001610,PAY0000413,PaymentSettled,Captured,Settled,2025-02-18 22:46:00,202,Settlement completed,3
EVT00001611,PAY0000414,PaymentCreated,NULL,Created,2024-04-27 12:01:00,100,Payment initiated,0
EVT00001612,PAY0000414,PaymentAuthorized,Created,Authorized,2024-04-27 12:03:00,200,Authorization successful,1
EVT00001613,PAY0000414,PaymentCaptured,Authorized,Captured,2024-04-27 12:05:00,201,Payment captured,2
EVT00001614,PAY0000414,PaymentSettled,Captured,Settled,2024-04-27 12:07:00,202,Settlement completed,3
EVT00001615,PAY0000415,PaymentCreated,NULL,Created,2024-06-24 19:29:00,100,Payment initiated,0
EVT00001616,PAY0000415,PaymentAuthorized,Created,Authorized,2024-06-24 19:31:00,200,Authorization successful,1
EVT00001617,PAY0000415,PaymentCaptured,Authorized,Captured,2024-06-24 19:33:00,201,Payment captured,2
EVT00001618,PAY0000415,PaymentSettled,Captured,Settled,2024-06-24 19:35:00,202,Settlement completed,3
EVT00001619,PAY0000416,PaymentCreated,NULL,Created,2025-01-05 02:27:00,100,Payment initiated,0
EVT00001620,PAY0000416,PaymentAuthorized,Created,Authorized,2025-01-05 02:29:00,200,Authorization successful,1
EVT00001621,PAY0000416,PaymentCaptured,Authorized,Captured,2025-01-05 02:31:00,201,Payment captured,2
EVT00001622,PAY0000416,PaymentSettled,Captured,Settled,2025-01-05 02:33:00,202,Settlement completed,3
EVT00001623,PAY0000417,PaymentCreated,NULL,Created,2024-09-06 13:37:00,100,Payment initiated,0
EVT00001624,PAY0000417,PaymentAuthorized,Created,Authorized,2024-09-06 13:39:00,200,Authorization successful,1
EVT00001625,PAY0000417,PaymentCaptured,Authorized,Captured,2024-09-06 13:41:00,201,Payment captured,2
EVT00001626,PAY0000417,PaymentSettled,Captured,Settled,2024-09-06 13:43:00,202,Settlement completed,3
EVT00001627,PAY0000418,PaymentCreated,NULL,Created,2024-03-21 12:55:00,100,Payment initiated,0
EVT00001628,PAY0000418,PaymentAuthorized,Created,Authorized,2024-03-21 12:57:00,200,Authorization successful,1
EVT00001629,PAY0000418,PaymentCaptured,Authorized,Captured,2024-03-21 12:59:00,201,Payment captured,2
EVT00001630,PAY0000418,PaymentSettled,Captured,Settled,2024-03-21 13:01:00,202,Settlement completed,3
EVT00001631,PAY0000419,PaymentCreated,NULL,Created,2024-12-13 07:21:00,100,Payment initiated,0
EVT00001632,PAY0000419,PaymentAuthorized,Created,Authorized,2024-12-13 07:23:00,200,Authorization successful,1
EVT00001633,PAY0000419,PaymentCaptured,Authorized,Captured,2024-12-13 07:25:00,201,Payment captured,2
EVT00001634,PAY0000419,PaymentSettled,Captured,Settled,2024-12-13 07:27:00,202,Settlement completed,3
EVT00001635,PAY0000420,PaymentCreated,NULL,Created,2024-03-19 16:40:00,100,Payment initiated,0
EVT00001636,PAY0000420,PaymentAuthorized,Created,Authorized,2024-03-19 16:42:00,200,Authorization successful,1
EVT00001637,PAY0000420,PaymentFailed,Authorized,Failed,2024-03-19 16:44:00,500,Transaction failed,2
EVT00001638,PAY0000421,PaymentCreated,NULL,Created,2025-06-06 06:57:00,100,Payment initiated,0
EVT00001639,PAY0000421,PaymentAuthorized,Created,Authorized,2025-06-06 06:59:00,200,Authorization successful,1
EVT00001640,PAY0000421,PaymentCaptured,Authorized,Captured,2025-06-06 07:01:00,201,Payment captured,2
EVT00001641,PAY0000421,PaymentSettled,Captured,Settled,2025-06-06 07:03:00,202,Settlement completed,3
EVT00001642,PAY0000422,PaymentCreated,NULL,Created,2024-12-25 23:52:00,100,Payment initiated,0
EVT00001643,PAY0000422,PaymentAuthorized,Created,Authorized,2024-12-25 23:54:00,200,Authorization successful,1
EVT00001644,PAY0000422,PaymentCaptured,Authorized,Captured,2024-12-25 23:56:00,201,Payment captured,2
EVT00001645,PAY0000422,PaymentSettled,Captured,Settled,2024-12-25 23:58:00,202,Settlement completed,3
EVT00001646,PAY0000423,PaymentCreated,NULL,Created,2024-05-31 07:06:00,100,Payment initiated,0
EVT00001647,PAY0000423,PaymentAuthorized,Created,Authorized,2024-05-31 07:08:00,200,Authorization successful,1
EVT00001648,PAY0000423,PaymentCaptured,Authorized,Captured,2024-05-31 07:10:00,201,Payment captured,2
EVT00001649,PAY0000423,PaymentSettled,Captured,Settled,2024-05-31 07:12:00,202,Settlement completed,3
EVT00001650,PAY0000424,PaymentCreated,NULL,Created,2024-07-21 05:38:00,100,Payment initiated,0
EVT00001651,PAY0000424,PaymentAuthorized,Created,Authorized,2024-07-21 05:40:00,200,Authorization successful,1
EVT00001652,PAY0000424,PaymentCaptured,Authorized,Captured,2024-07-21 05:42:00,201,Payment captured,2
EVT00001653,PAY0000424,PaymentSettled,Captured,Settled,2024-07-21 05:44:00,202,Settlement completed,3
EVT00001654,PAY0000425,PaymentCreated,NULL,Created,2025-11-02 02:11:00,100,Payment initiated,0
EVT00001655,PAY0000425,PaymentAuthorized,Created,Authorized,2025-11-02 02:13:00,200,Authorization successful,1
EVT00001656,PAY0000425,PaymentCaptured,Authorized,Captured,2025-11-02 02:15:00,201,Payment captured,2
EVT00001657,PAY0000425,PaymentSettled,Captured,Settled,2025-11-02 02:17:00,202,Settlement completed,3
EVT00001658,PAY0000426,PaymentCreated,NULL,Created,2025-10-05 15:29:00,100,Payment initiated,0
EVT00001659,PAY0000426,PaymentAuthorized,Created,Authorized,2025-10-05 15:31:00,200,Authorization successful,1
EVT00001660,PAY0000426,PaymentCaptured,Authorized,Captured,2025-10-05 15:33:00,201,Payment captured,2
EVT00001661,PAY0000426,PaymentSettled,Captured,Settled,2025-10-05 15:35:00,202,Settlement completed,3
EVT00001662,PAY0000427,PaymentCreated,NULL,Created,2025-08-16 14:43:00,100,Payment initiated,0
EVT00001663,PAY0000427,PaymentAuthorized,Created,Authorized,2025-08-16 14:45:00,200,Authorization successful,1
EVT00001664,PAY0000427,PaymentCaptured,Authorized,Captured,2025-08-16 14:47:00,201,Payment captured,2
EVT00001665,PAY0000427,PaymentSettled,Captured,Settled,2025-08-16 14:49:00,202,Settlement completed,3
EVT00001666,PAY0000428,PaymentCreated,NULL,Created,2025-08-01 20:40:00,100,Payment initiated,0
EVT00001667,PAY0000428,PaymentAuthorized,Created,Authorized,2025-08-01 20:42:00,200,Authorization successful,1
EVT00001668,PAY0000428,PaymentCaptured,Authorized,Captured,2025-08-01 20:44:00,201,Payment captured,2
EVT00001669,PAY0000428,PaymentSettled,Captured,Settled,2025-08-01 20:46:00,202,Settlement completed,3
EVT00001670,PAY0000429,PaymentCreated,NULL,Created,2024-11-26 20:20:00,100,Payment initiated,0
EVT00001671,PAY0000429,PaymentAuthorized,Created,Authorized,2024-11-26 20:22:00,200,Authorization successful,1
EVT00001672,PAY0000429,PaymentCaptured,Authorized,Captured,2024-11-26 20:24:00,201,Payment captured,2
EVT00001673,PAY0000429,PaymentSettled,Captured,Settled,2024-11-26 20:26:00,202,Settlement completed,3
EVT00001674,PAY0000430,PaymentCreated,NULL,Created,2024-03-10 15:28:00,100,Payment initiated,0
EVT00001675,PAY0000430,PaymentAuthorized,Created,Authorized,2024-03-10 15:30:00,200,Authorization successful,1
EVT00001676,PAY0000430,PaymentCaptured,Authorized,Captured,2024-03-10 15:32:00,201,Payment captured,2
EVT00001677,PAY0000430,PaymentSettled,Captured,Settled,2024-03-10 15:34:00,202,Settlement completed,3
EVT00001678,PAY0000431,PaymentCreated,NULL,Created,2024-10-08 18:03:00,100,Payment initiated,0
EVT00001679,PAY0000431,PaymentAuthorized,Created,Authorized,2024-10-08 18:05:00,200,Authorization successful,1
EVT00001680,PAY0000431,PaymentCaptured,Authorized,Captured,2024-10-08 18:07:00,201,Payment captured,2
EVT00001681,PAY0000431,PaymentSettled,Captured,Settled,2024-10-08 18:09:00,202,Settlement completed,3
EVT00001682,PAY0000432,PaymentCreated,NULL,Created,2024-03-16 09:29:00,100,Payment initiated,0
EVT00001683,PAY0000432,PaymentAuthorized,Created,Authorized,2024-03-16 09:31:00,200,Authorization successful,1
EVT00001684,PAY0000432,PaymentCaptured,Authorized,Captured,2024-03-16 09:33:00,201,Payment captured,2
EVT00001685,PAY0000432,PaymentSettled,Captured,Settled,2024-03-16 09:35:00,202,Settlement completed,3
EVT00001686,PAY0000433,PaymentCreated,NULL,Created,2024-02-28 11:53:00,100,Payment initiated,0
EVT00001687,PAY0000433,PaymentAuthorized,Created,Authorized,2024-02-28 11:55:00,200,Authorization successful,1
EVT00001688,PAY0000433,PaymentCaptured,Authorized,Captured,2024-02-28 11:57:00,201,Payment captured,2
EVT00001689,PAY0000433,PaymentSettled,Captured,Settled,2024-02-28 11:59:00,202,Settlement completed,3
EVT00001690,PAY0000434,PaymentCreated,NULL,Created,2025-10-22 02:39:00,100,Payment initiated,0
EVT00001691,PAY0000434,PaymentAuthorized,Created,Authorized,2025-10-22 02:41:00,200,Authorization successful,1
EVT00001692,PAY0000434,PaymentCaptured,Authorized,Captured,2025-10-22 02:43:00,201,Payment captured,2
EVT00001693,PAY0000434,PaymentSettled,Captured,Settled,2025-10-22 02:45:00,202,Settlement completed,3
EVT00001694,PAY0000435,PaymentCreated,NULL,Created,2025-01-28 14:37:00,100,Payment initiated,0
EVT00001695,PAY0000435,PaymentAuthorized,Created,Authorized,2025-01-28 14:39:00,200,Authorization successful,1
EVT00001696,PAY0000435,PaymentCaptured,Authorized,Captured,2025-01-28 14:41:00,201,Payment captured,2
EVT00001697,PAY0000435,PaymentSettled,Captured,Settled,2025-01-28 14:43:00,202,Settlement completed,3
EVT00001698,PAY0000436,PaymentCreated,NULL,Created,2024-02-12 14:58:00,100,Payment initiated,0
EVT00001699,PAY0000436,PaymentAuthorized,Created,Authorized,2024-02-12 15:00:00,200,Authorization successful,1
EVT00001700,PAY0000436,PaymentCaptured,Authorized,Captured,2024-02-12 15:02:00,201,Payment captured,2
EVT00001701,PAY0000436,PaymentSettled,Captured,Settled,2024-02-12 15:04:00,202,Settlement completed,3
EVT00001702,PAY0000437,PaymentCreated,NULL,Created,2025-10-29 06:20:00,100,Payment initiated,0
EVT00001703,PAY0000437,PaymentAuthorized,Created,Authorized,2025-10-29 06:22:00,200,Authorization successful,1
EVT00001704,PAY0000437,PaymentCaptured,Authorized,Captured,2025-10-29 06:24:00,201,Payment captured,2
EVT00001705,PAY0000437,PaymentSettled,Captured,Settled,2025-10-29 06:26:00,202,Settlement completed,3
EVT00001706,PAY0000438,PaymentCreated,NULL,Created,2025-05-28 04:03:00,100,Payment initiated,0
EVT00001707,PAY0000438,PaymentAuthorized,Created,Authorized,2025-05-28 04:05:00,200,Authorization successful,1
EVT00001708,PAY0000438,PaymentCaptured,Authorized,Captured,2025-05-28 04:07:00,201,Payment captured,2
EVT00001709,PAY0000438,PaymentSettled,Captured,Settled,2025-05-28 04:09:00,202,Settlement completed,3
EVT00001710,PAY0000439,PaymentCreated,NULL,Created,2024-12-17 22:05:00,100,Payment initiated,0
EVT00001711,PAY0000439,PaymentAuthorized,Created,Authorized,2024-12-17 22:07:00,200,Authorization successful,1
EVT00001712,PAY0000439,PaymentCaptured,Authorized,Captured,2024-12-17 22:09:00,201,Payment captured,2
EVT00001713,PAY0000439,PaymentSettled,Captured,Settled,2024-12-17 22:11:00,202,Settlement completed,3
EVT00001714,PAY0000440,PaymentCreated,NULL,Created,2024-06-25 01:15:00,100,Payment initiated,0
EVT00001715,PAY0000440,PaymentAuthorized,Created,Authorized,2024-06-25 01:17:00,200,Authorization successful,1
EVT00001716,PAY0000440,PaymentCaptured,Authorized,Captured,2024-06-25 01:19:00,201,Payment captured,2
EVT00001717,PAY0000440,PaymentSettled,Captured,Settled,2024-06-25 01:21:00,202,Settlement completed,3
EVT00001718,PAY0000441,PaymentCreated,NULL,Created,2025-03-25 16:33:00,100,Payment initiated,0
EVT00001719,PAY0000441,PaymentAuthorized,Created,Authorized,2025-03-25 16:35:00,200,Authorization successful,1
EVT00001720,PAY0000441,PaymentCaptured,Authorized,Captured,2025-03-25 16:37:00,201,Payment captured,2
EVT00001721,PAY0000441,PaymentSettled,Captured,Settled,2025-03-25 16:39:00,202,Settlement completed,3
EVT00001722,PAY0000442,PaymentCreated,NULL,Created,2025-01-07 11:58:00,100,Payment initiated,0
EVT00001723,PAY0000442,PaymentAuthorized,Created,Authorized,2025-01-07 12:00:00,200,Authorization successful,1
EVT00001724,PAY0000442,PaymentCaptured,Authorized,Captured,2025-01-07 12:02:00,201,Payment captured,2
EVT00001725,PAY0000442,PaymentSettled,Captured,Settled,2025-01-07 12:04:00,202,Settlement completed,3
EVT00001726,PAY0000443,PaymentCreated,NULL,Created,2025-02-22 10:43:00,100,Payment initiated,0
EVT00001727,PAY0000443,PaymentAuthorized,Created,Authorized,2025-02-22 10:45:00,200,Authorization successful,1
EVT00001728,PAY0000443,PaymentCaptured,Authorized,Captured,2025-02-22 10:47:00,201,Payment captured,2
EVT00001729,PAY0000443,PaymentSettled,Captured,Settled,2025-02-22 10:49:00,202,Settlement completed,3
EVT00001730,PAY0000444,PaymentCreated,NULL,Created,2025-10-08 20:21:00,100,Payment initiated,0
EVT00001731,PAY0000444,PaymentAuthorized,Created,Authorized,2025-10-08 20:23:00,200,Authorization successful,1
EVT00001732,PAY0000444,PaymentFailed,Authorized,Failed,2025-10-08 20:25:00,500,Transaction failed,2
EVT00001733,PAY0000445,PaymentCreated,NULL,Created,2024-04-06 17:43:00,100,Payment initiated,0
EVT00001734,PAY0000445,PaymentAuthorized,Created,Authorized,2024-04-06 17:45:00,200,Authorization successful,1
EVT00001735,PAY0000445,PaymentCaptured,Authorized,Captured,2024-04-06 17:47:00,201,Payment captured,2
EVT00001736,PAY0000445,PaymentSettled,Captured,Settled,2024-04-06 17:49:00,202,Settlement completed,3
EVT00001737,PAY0000446,PaymentCreated,NULL,Created,2024-09-15 23:54:00,100,Payment initiated,0
EVT00001738,PAY0000446,PaymentAuthorized,Created,Authorized,2024-09-15 23:56:00,200,Authorization successful,1
EVT00001739,PAY0000446,PaymentCaptured,Authorized,Captured,2024-09-15 23:58:00,201,Payment captured,2
EVT00001740,PAY0000446,PaymentSettled,Captured,Settled,2024-09-16 00:00:00,202,Settlement completed,3
EVT00001741,PAY0000447,PaymentCreated,NULL,Created,2025-09-09 04:21:00,100,Payment initiated,0
EVT00001742,PAY0000447,PaymentAuthorized,Created,Authorized,2025-09-09 04:23:00,200,Authorization successful,1
EVT00001743,PAY0000447,PaymentFailed,Authorized,Failed,2025-09-09 04:25:00,500,Transaction failed,2
EVT00001744,PAY0000448,PaymentCreated,NULL,Created,2025-11-10 04:58:00,100,Payment initiated,0
EVT00001745,PAY0000448,PaymentAuthorized,Created,Authorized,2025-11-10 05:00:00,200,Authorization successful,1
EVT00001746,PAY0000448,PaymentCaptured,Authorized,Captured,2025-11-10 05:02:00,201,Payment captured,2
EVT00001747,PAY0000448,PaymentSettled,Captured,Settled,2025-11-10 05:04:00,202,Settlement completed,3
EVT00001748,PAY0000449,PaymentCreated,NULL,Created,2025-11-02 22:42:00,100,Payment initiated,0
EVT00001749,PAY0000449,PaymentAuthorized,Created,Authorized,2025-11-02 22:44:00,200,Authorization successful,1
EVT00001750,PAY0000449,PaymentCaptured,Authorized,Captured,2025-11-02 22:46:00,201,Payment captured,2
EVT00001751,PAY0000449,PaymentSettled,Captured,Settled,2025-11-02 22:48:00,202,Settlement completed,3
EVT00001752,PAY0000450,PaymentCreated,NULL,Created,2025-09-01 22:05:00,100,Payment initiated,0
EVT00001753,PAY0000450,PaymentAuthorized,Created,Authorized,2025-09-01 22:07:00,200,Authorization successful,1
EVT00001754,PAY0000450,PaymentCaptured,Authorized,Captured,2025-09-01 22:09:00,201,Payment captured,2
EVT00001755,PAY0000450,PaymentSettled,Captured,Settled,2025-09-01 22:11:00,202,Settlement completed,3
EVT00001756,PAY0000451,PaymentCreated,NULL,Created,2025-01-20 20:50:00,100,Payment initiated,0
EVT00001757,PAY0000451,PaymentAuthorized,Created,Authorized,2025-01-20 20:52:00,200,Authorization successful,1
EVT00001758,PAY0000451,PaymentCaptured,Authorized,Captured,2025-01-20 20:54:00,201,Payment captured,2
EVT00001759,PAY0000451,PaymentSettled,Captured,Settled,2025-01-20 20:56:00,202,Settlement completed,3
EVT00001760,PAY0000452,PaymentCreated,NULL,Created,2024-05-10 21:44:00,100,Payment initiated,0
EVT00001761,PAY0000452,PaymentAuthorized,Created,Authorized,2024-05-10 21:46:00,200,Authorization successful,1
EVT00001762,PAY0000452,PaymentCaptured,Authorized,Captured,2024-05-10 21:48:00,201,Payment captured,2
EVT00001763,PAY0000452,PaymentSettled,Captured,Settled,2024-05-10 21:50:00,202,Settlement completed,3
EVT00001764,PAY0000453,PaymentCreated,NULL,Created,2025-06-23 02:41:00,100,Payment initiated,0
EVT00001765,PAY0000453,PaymentAuthorized,Created,Authorized,2025-06-23 02:43:00,200,Authorization successful,1
EVT00001766,PAY0000453,PaymentCaptured,Authorized,Captured,2025-06-23 02:45:00,201,Payment captured,2
EVT00001767,PAY0000453,PaymentSettled,Captured,Settled,2025-06-23 02:47:00,202,Settlement completed,3
EVT00001768,PAY0000454,PaymentCreated,NULL,Created,2025-06-04 11:01:00,100,Payment initiated,0
EVT00001769,PAY0000454,PaymentAuthorized,Created,Authorized,2025-06-04 11:03:00,200,Authorization successful,1
EVT00001770,PAY0000454,PaymentCaptured,Authorized,Captured,2025-06-04 11:05:00,201,Payment captured,2
EVT00001771,PAY0000454,PaymentSettled,Captured,Settled,2025-06-04 11:07:00,202,Settlement completed,3
EVT00001772,PAY0000455,PaymentCreated,NULL,Created,2024-07-03 06:21:00,100,Payment initiated,0
EVT00001773,PAY0000455,PaymentAuthorized,Created,Authorized,2024-07-03 06:23:00,200,Authorization successful,1
EVT00001774,PAY0000455,PaymentCaptured,Authorized,Captured,2024-07-03 06:25:00,201,Payment captured,2
EVT00001775,PAY0000455,PaymentSettled,Captured,Settled,2024-07-03 06:27:00,202,Settlement completed,3
EVT00001776,PAY0000456,PaymentCreated,NULL,Created,2025-05-12 06:14:00,100,Payment initiated,0
EVT00001777,PAY0000456,PaymentAuthorized,Created,Authorized,2025-05-12 06:16:00,200,Authorization successful,1
EVT00001778,PAY0000456,PaymentCaptured,Authorized,Captured,2025-05-12 06:18:00,201,Payment captured,2
EVT00001779,PAY0000456,PaymentSettled,Captured,Settled,2025-05-12 06:20:00,202,Settlement completed,3
EVT00001780,PAY0000457,PaymentCreated,NULL,Created,2024-06-07 02:18:00,100,Payment initiated,0
EVT00001781,PAY0000457,PaymentAuthorized,Created,Authorized,2024-06-07 02:20:00,200,Authorization successful,1
EVT00001782,PAY0000457,PaymentCaptured,Authorized,Captured,2024-06-07 02:22:00,201,Payment captured,2
EVT00001783,PAY0000457,PaymentSettled,Captured,Settled,2024-06-07 02:24:00,202,Settlement completed,3
EVT00001784,PAY0000458,PaymentCreated,NULL,Created,2024-04-13 16:49:00,100,Payment initiated,0
EVT00001785,PAY0000458,PaymentAuthorized,Created,Authorized,2024-04-13 16:51:00,200,Authorization successful,1
EVT00001786,PAY0000458,PaymentCaptured,Authorized,Captured,2024-04-13 16:53:00,201,Payment captured,2
EVT00001787,PAY0000458,PaymentSettled,Captured,Settled,2024-04-13 16:55:00,202,Settlement completed,3
EVT00001788,PAY0000459,PaymentCreated,NULL,Created,2025-06-23 01:42:00,100,Payment initiated,0
EVT00001789,PAY0000459,PaymentAuthorized,Created,Authorized,2025-06-23 01:44:00,200,Authorization successful,1
EVT00001790,PAY0000459,PaymentCaptured,Authorized,Captured,2025-06-23 01:46:00,201,Payment captured,2
EVT00001791,PAY0000459,PaymentSettled,Captured,Settled,2025-06-23 01:48:00,202,Settlement completed,3
EVT00001792,PAY0000460,PaymentCreated,NULL,Created,2025-09-24 04:38:00,100,Payment initiated,0
EVT00001793,PAY0000460,PaymentAuthorized,Created,Authorized,2025-09-24 04:40:00,200,Authorization successful,1
EVT00001794,PAY0000460,PaymentCaptured,Authorized,Captured,2025-09-24 04:42:00,201,Payment captured,2
EVT00001795,PAY0000460,PaymentSettled,Captured,Settled,2025-09-24 04:44:00,202,Settlement completed,3
EVT00001796,PAY0000461,PaymentCreated,NULL,Created,2024-06-15 05:53:00,100,Payment initiated,0
EVT00001797,PAY0000461,PaymentAuthorized,Created,Authorized,2024-06-15 05:55:00,200,Authorization successful,1
EVT00001798,PAY0000461,PaymentCaptured,Authorized,Captured,2024-06-15 05:57:00,201,Payment captured,2
EVT00001799,PAY0000461,PaymentSettled,Captured,Settled,2024-06-15 05:59:00,202,Settlement completed,3
EVT00001800,PAY0000462,PaymentCreated,NULL,Created,2025-10-01 05:46:00,100,Payment initiated,0
EVT00001801,PAY0000462,PaymentAuthorized,Created,Authorized,2025-10-01 05:48:00,200,Authorization successful,1
EVT00001802,PAY0000462,PaymentCaptured,Authorized,Captured,2025-10-01 05:50:00,201,Payment captured,2
EVT00001803,PAY0000462,PaymentSettled,Captured,Settled,2025-10-01 05:52:00,202,Settlement completed,3
EVT00001804,PAY0000463,PaymentCreated,NULL,Created,2025-02-24 11:43:00,100,Payment initiated,0
EVT00001805,PAY0000463,PaymentAuthorized,Created,Authorized,2025-02-24 11:45:00,200,Authorization successful,1
EVT00001806,PAY0000463,PaymentCaptured,Authorized,Captured,2025-02-24 11:47:00,201,Payment captured,2
EVT00001807,PAY0000463,PaymentSettled,Captured,Settled,2025-02-24 11:49:00,202,Settlement completed,3
EVT00001808,PAY0000464,PaymentCreated,NULL,Created,2025-03-30 19:18:00,100,Payment initiated,0
EVT00001809,PAY0000464,PaymentAuthorized,Created,Authorized,2025-03-30 19:20:00,200,Authorization successful,1
EVT00001810,PAY0000464,PaymentCaptured,Authorized,Captured,2025-03-30 19:22:00,201,Payment captured,2
EVT00001811,PAY0000464,PaymentSettled,Captured,Settled,2025-03-30 19:24:00,202,Settlement completed,3
EVT00001812,PAY0000465,PaymentCreated,NULL,Created,2025-04-04 07:34:00,100,Payment initiated,0
EVT00001813,PAY0000465,PaymentAuthorized,Created,Authorized,2025-04-04 07:36:00,200,Authorization successful,1
EVT00001814,PAY0000465,PaymentCaptured,Authorized,Captured,2025-04-04 07:38:00,201,Payment captured,2
EVT00001815,PAY0000465,PaymentSettled,Captured,Settled,2025-04-04 07:40:00,202,Settlement completed,3
EVT00001816,PAY0000466,PaymentCreated,NULL,Created,2025-04-25 06:23:00,100,Payment initiated,0
EVT00001817,PAY0000466,PaymentAuthorized,Created,Authorized,2025-04-25 06:25:00,200,Authorization successful,1
EVT00001818,PAY0000466,PaymentCaptured,Authorized,Captured,2025-04-25 06:27:00,201,Payment captured,2
EVT00001819,PAY0000466,PaymentSettled,Captured,Settled,2025-04-25 06:29:00,202,Settlement completed,3
EVT00001820,PAY0000467,PaymentCreated,NULL,Created,2025-08-07 14:29:00,100,Payment initiated,0
EVT00001821,PAY0000467,PaymentAuthorized,Created,Authorized,2025-08-07 14:31:00,200,Authorization successful,1
EVT00001822,PAY0000467,PaymentCaptured,Authorized,Captured,2025-08-07 14:33:00,201,Payment captured,2
EVT00001823,PAY0000467,PaymentSettled,Captured,Settled,2025-08-07 14:35:00,202,Settlement completed,3
EVT00001824,PAY0000468,PaymentCreated,NULL,Created,2025-01-26 16:33:00,100,Payment initiated,0
EVT00001825,PAY0000468,PaymentAuthorized,Created,Authorized,2025-01-26 16:35:00,200,Authorization successful,1
EVT00001826,PAY0000468,PaymentCaptured,Authorized,Captured,2025-01-26 16:37:00,201,Payment captured,2
EVT00001827,PAY0000468,PaymentSettled,Captured,Settled,2025-01-26 16:39:00,202,Settlement completed,3
EVT00001828,PAY0000469,PaymentCreated,NULL,Created,2024-06-14 06:51:00,100,Payment initiated,0
EVT00001829,PAY0000469,PaymentAuthorized,Created,Authorized,2024-06-14 06:53:00,200,Authorization successful,1
EVT00001830,PAY0000469,PaymentCaptured,Authorized,Captured,2024-06-14 06:55:00,201,Payment captured,2
EVT00001831,PAY0000469,PaymentSettled,Captured,Settled,2024-06-14 06:57:00,202,Settlement completed,3
EVT00001832,PAY0000470,PaymentCreated,NULL,Created,2024-09-13 01:41:00,100,Payment initiated,0
EVT00001833,PAY0000470,PaymentAuthorized,Created,Authorized,2024-09-13 01:43:00,200,Authorization successful,1
EVT00001834,PAY0000470,PaymentCaptured,Authorized,Captured,2024-09-13 01:45:00,201,Payment captured,2
EVT00001835,PAY0000470,PaymentSettled,Captured,Settled,2024-09-13 01:47:00,202,Settlement completed,3
EVT00001836,PAY0000471,PaymentCreated,NULL,Created,2025-01-15 17:59:00,100,Payment initiated,0
EVT00001837,PAY0000471,PaymentAuthorized,Created,Authorized,2025-01-15 18:01:00,200,Authorization successful,1
EVT00001838,PAY0000471,PaymentFailed,Authorized,Failed,2025-01-15 18:03:00,500,Transaction failed,2
EVT00001839,PAY0000472,PaymentCreated,NULL,Created,2025-06-12 03:18:00,100,Payment initiated,0
EVT00001840,PAY0000472,PaymentAuthorized,Created,Authorized,2025-06-12 03:20:00,200,Authorization successful,1
EVT00001841,PAY0000472,PaymentFailed,Authorized,Failed,2025-06-12 03:22:00,500,Transaction failed,2
EVT00001842,PAY0000473,PaymentCreated,NULL,Created,2024-06-13 08:28:00,100,Payment initiated,0
EVT00001843,PAY0000473,PaymentAuthorized,Created,Authorized,2024-06-13 08:30:00,200,Authorization successful,1
EVT00001844,PAY0000473,PaymentCaptured,Authorized,Captured,2024-06-13 08:32:00,201,Payment captured,2
EVT00001845,PAY0000473,PaymentSettled,Captured,Settled,2024-06-13 08:34:00,202,Settlement completed,3
EVT00001846,PAY0000474,PaymentCreated,NULL,Created,2024-05-30 13:05:00,100,Payment initiated,0
EVT00001847,PAY0000474,PaymentAuthorized,Created,Authorized,2024-05-30 13:07:00,200,Authorization successful,1
EVT00001848,PAY0000474,PaymentCaptured,Authorized,Captured,2024-05-30 13:09:00,201,Payment captured,2
EVT00001849,PAY0000474,PaymentSettled,Captured,Settled,2024-05-30 13:11:00,202,Settlement completed,3
EVT00001850,PAY0000475,PaymentCreated,NULL,Created,2024-08-15 14:56:00,100,Payment initiated,0
EVT00001851,PAY0000475,PaymentAuthorized,Created,Authorized,2024-08-15 14:58:00,200,Authorization successful,1
EVT00001852,PAY0000475,PaymentCaptured,Authorized,Captured,2024-08-15 15:00:00,201,Payment captured,2
EVT00001853,PAY0000475,PaymentSettled,Captured,Settled,2024-08-15 15:02:00,202,Settlement completed,3
EVT00001854,PAY0000476,PaymentCreated,NULL,Created,2024-01-28 13:03:00,100,Payment initiated,0
EVT00001855,PAY0000476,PaymentAuthorized,Created,Authorized,2024-01-28 13:05:00,200,Authorization successful,1
EVT00001856,PAY0000476,PaymentCaptured,Authorized,Captured,2024-01-28 13:07:00,201,Payment captured,2
EVT00001857,PAY0000476,PaymentSettled,Captured,Settled,2024-01-28 13:09:00,202,Settlement completed,3
EVT00001858,PAY0000477,PaymentCreated,NULL,Created,2025-01-17 07:24:00,100,Payment initiated,0
EVT00001859,PAY0000477,PaymentAuthorized,Created,Authorized,2025-01-17 07:26:00,200,Authorization successful,1
EVT00001860,PAY0000477,PaymentCaptured,Authorized,Captured,2025-01-17 07:28:00,201,Payment captured,2
EVT00001861,PAY0000477,PaymentSettled,Captured,Settled,2025-01-17 07:30:00,202,Settlement completed,3
EVT00001862,PAY0000478,PaymentCreated,NULL,Created,2025-01-18 07:01:00,100,Payment initiated,0
EVT00001863,PAY0000478,PaymentAuthorized,Created,Authorized,2025-01-18 07:03:00,200,Authorization successful,1
EVT00001864,PAY0000478,PaymentCaptured,Authorized,Captured,2025-01-18 07:05:00,201,Payment captured,2
EVT00001865,PAY0000478,PaymentSettled,Captured,Settled,2025-01-18 07:07:00,202,Settlement completed,3
EVT00001866,PAY0000479,PaymentCreated,NULL,Created,2024-04-11 22:41:00,100,Payment initiated,0
EVT00001867,PAY0000479,PaymentAuthorized,Created,Authorized,2024-04-11 22:43:00,200,Authorization successful,1
EVT00001868,PAY0000479,PaymentCaptured,Authorized,Captured,2024-04-11 22:45:00,201,Payment captured,2
EVT00001869,PAY0000479,PaymentSettled,Captured,Settled,2024-04-11 22:47:00,202,Settlement completed,3
EVT00001870,PAY0000480,PaymentCreated,NULL,Created,2024-05-29 04:02:00,100,Payment initiated,0
EVT00001871,PAY0000480,PaymentAuthorized,Created,Authorized,2024-05-29 04:04:00,200,Authorization successful,1
EVT00001872,PAY0000480,PaymentCaptured,Authorized,Captured,2024-05-29 04:06:00,201,Payment captured,2
EVT00001873,PAY0000480,PaymentSettled,Captured,Settled,2024-05-29 04:08:00,202,Settlement completed,3
EVT00001874,PAY0000481,PaymentCreated,NULL,Created,2025-04-28 22:53:00,100,Payment initiated,0
EVT00001875,PAY0000481,PaymentAuthorized,Created,Authorized,2025-04-28 22:55:00,200,Authorization successful,1
EVT00001876,PAY0000481,PaymentCaptured,Authorized,Captured,2025-04-28 22:57:00,201,Payment captured,2
EVT00001877,PAY0000481,PaymentSettled,Captured,Settled,2025-04-28 22:59:00,202,Settlement completed,3
EVT00001878,PAY0000482,PaymentCreated,NULL,Created,2025-04-25 14:39:00,100,Payment initiated,0
EVT00001879,PAY0000482,PaymentAuthorized,Created,Authorized,2025-04-25 14:41:00,200,Authorization successful,1
EVT00001880,PAY0000482,PaymentFailed,Authorized,Failed,2025-04-25 14:43:00,500,Transaction failed,2
EVT00001881,PAY0000483,PaymentCreated,NULL,Created,2024-03-22 00:16:00,100,Payment initiated,0
EVT00001882,PAY0000483,PaymentAuthorized,Created,Authorized,2024-03-22 00:18:00,200,Authorization successful,1
EVT00001883,PAY0000483,PaymentCaptured,Authorized,Captured,2024-03-22 00:20:00,201,Payment captured,2
EVT00001884,PAY0000483,PaymentSettled,Captured,Settled,2024-03-22 00:22:00,202,Settlement completed,3
EVT00001885,PAY0000484,PaymentCreated,NULL,Created,2024-06-02 17:46:00,100,Payment initiated,0
EVT00001886,PAY0000484,PaymentAuthorized,Created,Authorized,2024-06-02 17:48:00,200,Authorization successful,1
EVT00001887,PAY0000484,PaymentCaptured,Authorized,Captured,2024-06-02 17:50:00,201,Payment captured,2
EVT00001888,PAY0000484,PaymentSettled,Captured,Settled,2024-06-02 17:52:00,202,Settlement completed,3
EVT00001889,PAY0000485,PaymentCreated,NULL,Created,2025-03-09 03:49:00,100,Payment initiated,0
EVT00001890,PAY0000485,PaymentAuthorized,Created,Authorized,2025-03-09 03:51:00,200,Authorization successful,1
EVT00001891,PAY0000485,PaymentCaptured,Authorized,Captured,2025-03-09 03:53:00,201,Payment captured,2
EVT00001892,PAY0000485,PaymentSettled,Captured,Settled,2025-03-09 03:55:00,202,Settlement completed,3
EVT00001893,PAY0000486,PaymentCreated,NULL,Created,2024-11-04 03:03:00,100,Payment initiated,0
EVT00001894,PAY0000486,PaymentAuthorized,Created,Authorized,2024-11-04 03:05:00,200,Authorization successful,1
EVT00001895,PAY0000486,PaymentCaptured,Authorized,Captured,2024-11-04 03:07:00,201,Payment captured,2
EVT00001896,PAY0000486,PaymentSettled,Captured,Settled,2024-11-04 03:09:00,202,Settlement completed,3
EVT00001897,PAY0000487,PaymentCreated,NULL,Created,2025-10-16 19:29:00,100,Payment initiated,0
EVT00001898,PAY0000487,PaymentAuthorized,Created,Authorized,2025-10-16 19:31:00,200,Authorization successful,1
EVT00001899,PAY0000487,PaymentFailed,Authorized,Failed,2025-10-16 19:33:00,500,Transaction failed,2
EVT00001900,PAY0000488,PaymentCreated,NULL,Created,2025-05-26 19:34:00,100,Payment initiated,0
EVT00001901,PAY0000488,PaymentAuthorized,Created,Authorized,2025-05-26 19:36:00,200,Authorization successful,1
EVT00001902,PAY0000488,PaymentFailed,Authorized,Failed,2025-05-26 19:38:00,500,Transaction failed,2
EVT00001903,PAY0000489,PaymentCreated,NULL,Created,2025-06-11 18:15:00,100,Payment initiated,0
EVT00001904,PAY0000489,PaymentAuthorized,Created,Authorized,2025-06-11 18:17:00,200,Authorization successful,1
EVT00001905,PAY0000489,PaymentCaptured,Authorized,Captured,2025-06-11 18:19:00,201,Payment captured,2
EVT00001906,PAY0000489,PaymentSettled,Captured,Settled,2025-06-11 18:21:00,202,Settlement completed,3
EVT00001907,PAY0000490,PaymentCreated,NULL,Created,2024-10-25 13:00:00,100,Payment initiated,0
EVT00001908,PAY0000490,PaymentAuthorized,Created,Authorized,2024-10-25 13:02:00,200,Authorization successful,1
EVT00001909,PAY0000490,PaymentCaptured,Authorized,Captured,2024-10-25 13:04:00,201,Payment captured,2
EVT00001910,PAY0000490,PaymentSettled,Captured,Settled,2024-10-25 13:06:00,202,Settlement completed,3
EVT00001911,PAY0000491,PaymentCreated,NULL,Created,2024-09-03 18:26:00,100,Payment initiated,0
EVT00001912,PAY0000491,PaymentAuthorized,Created,Authorized,2024-09-03 18:28:00,200,Authorization successful,1
EVT00001913,PAY0000491,PaymentCaptured,Authorized,Captured,2024-09-03 18:30:00,201,Payment captured,2
EVT00001914,PAY0000491,PaymentSettled,Captured,Settled,2024-09-03 18:32:00,202,Settlement completed,3
EVT00001915,PAY0000492,PaymentCreated,NULL,Created,2025-11-15 02:33:00,100,Payment initiated,0
EVT00001916,PAY0000492,PaymentAuthorized,Created,Authorized,2025-11-15 02:35:00,200,Authorization successful,1
EVT00001917,PAY0000492,PaymentCaptured,Authorized,Captured,2025-11-15 02:37:00,201,Payment captured,2
EVT00001918,PAY0000492,PaymentSettled,Captured,Settled,2025-11-15 02:39:00,202,Settlement completed,3
EVT00001919,PAY0000493,PaymentCreated,NULL,Created,2024-03-10 16:34:00,100,Payment initiated,0
EVT00001920,PAY0000493,PaymentAuthorized,Created,Authorized,2024-03-10 16:36:00,200,Authorization successful,1
EVT00001921,PAY0000493,PaymentCaptured,Authorized,Captured,2024-03-10 16:38:00,201,Payment captured,2
EVT00001922,PAY0000493,PaymentSettled,Captured,Settled,2024-03-10 16:40:00,202,Settlement completed,3
EVT00001923,PAY0000494,PaymentCreated,NULL,Created,2025-06-03 17:01:00,100,Payment initiated,0
EVT00001924,PAY0000494,PaymentAuthorized,Created,Authorized,2025-06-03 17:03:00,200,Authorization successful,1
EVT00001925,PAY0000494,PaymentCaptured,Authorized,Captured,2025-06-03 17:05:00,201,Payment captured,2
EVT00001926,PAY0000494,PaymentSettled,Captured,Settled,2025-06-03 17:07:00,202,Settlement completed,3
EVT00001927,PAY0000495,PaymentCreated,NULL,Created,2025-04-26 01:40:00,100,Payment initiated,0
EVT00001928,PAY0000495,PaymentAuthorized,Created,Authorized,2025-04-26 01:42:00,200,Authorization successful,1
EVT00001929,PAY0000495,PaymentCaptured,Authorized,Captured,2025-04-26 01:44:00,201,Payment captured,2
EVT00001930,PAY0000495,PaymentSettled,Captured,Settled,2025-04-26 01:46:00,202,Settlement completed,3
EVT00001931,PAY0000496,PaymentCreated,NULL,Created,2025-01-17 08:47:00,100,Payment initiated,0
EVT00001932,PAY0000496,PaymentAuthorized,Created,Authorized,2025-01-17 08:49:00,200,Authorization successful,1
EVT00001933,PAY0000496,PaymentFailed,Authorized,Failed,2025-01-17 08:51:00,500,Transaction failed,2
EVT00001934,PAY0000497,PaymentCreated,NULL,Created,2024-03-10 11:15:00,100,Payment initiated,0
EVT00001935,PAY0000497,PaymentAuthorized,Created,Authorized,2024-03-10 11:17:00,200,Authorization successful,1
EVT00001936,PAY0000497,PaymentCaptured,Authorized,Captured,2024-03-10 11:19:00,201,Payment captured,2
EVT00001937,PAY0000497,PaymentSettled,Captured,Settled,2024-03-10 11:21:00,202,Settlement completed,3
EVT00001938,PAY0000498,PaymentCreated,NULL,Created,2025-10-05 03:49:00,100,Payment initiated,0
EVT00001939,PAY0000498,PaymentAuthorized,Created,Authorized,2025-10-05 03:51:00,200,Authorization successful,1
EVT00001940,PAY0000498,PaymentCaptured,Authorized,Captured,2025-10-05 03:53:00,201,Payment captured,2
EVT00001941,PAY0000498,PaymentSettled,Captured,Settled,2025-10-05 03:55:00,202,Settlement completed,3
EVT00001942,PAY0000499,PaymentCreated,NULL,Created,2024-12-06 04:02:00,100,Payment initiated,0
EVT00001943,PAY0000499,PaymentAuthorized,Created,Authorized,2024-12-06 04:04:00,200,Authorization successful,1
EVT00001944,PAY0000499,PaymentCaptured,Authorized,Captured,2024-12-06 04:06:00,201,Payment captured,2
EVT00001945,PAY0000499,PaymentSettled,Captured,Settled,2024-12-06 04:08:00,202,Settlement completed,3
EVT00001946,PAY0000500,PaymentCreated,NULL,Created,2024-12-12 20:11:00,100,Payment initiated,0
EVT00001947,PAY0000500,PaymentAuthorized,Created,Authorized,2024-12-12 20:13:00,200,Authorization successful,1
EVT00001948,PAY0000500,PaymentCaptured,Authorized,Captured,2024-12-12 20:15:00,201,Payment captured,2
EVT00001949,PAY0000500,PaymentSettled,Captured,Settled,2024-12-12 20:17:00,202,Settlement completed,3
EVT00001950,PAY0000501,PaymentCreated,NULL,Created,2025-04-20 22:30:00,100,Payment initiated,0
EVT00001951,PAY0000501,PaymentAuthorized,Created,Authorized,2025-04-20 22:32:00,200,Authorization successful,1
EVT00001952,PAY0000501,PaymentCaptured,Authorized,Captured,2025-04-20 22:34:00,201,Payment captured,2
EVT00001953,PAY0000501,PaymentSettled,Captured,Settled,2025-04-20 22:36:00,202,Settlement completed,3
EVT00001954,PAY0000502,PaymentCreated,NULL,Created,2024-05-18 02:45:00,100,Payment initiated,0
EVT00001955,PAY0000502,PaymentAuthorized,Created,Authorized,2024-05-18 02:47:00,200,Authorization successful,1
EVT00001956,PAY0000502,PaymentCaptured,Authorized,Captured,2024-05-18 02:49:00,201,Payment captured,2
EVT00001957,PAY0000502,PaymentSettled,Captured,Settled,2024-05-18 02:51:00,202,Settlement completed,3
EVT00001958,PAY0000503,PaymentCreated,NULL,Created,2025-04-13 01:18:00,100,Payment initiated,0
EVT00001959,PAY0000503,PaymentAuthorized,Created,Authorized,2025-04-13 01:20:00,200,Authorization successful,1
EVT00001960,PAY0000503,PaymentCaptured,Authorized,Captured,2025-04-13 01:22:00,201,Payment captured,2
EVT00001961,PAY0000503,PaymentSettled,Captured,Settled,2025-04-13 01:24:00,202,Settlement completed,3
EVT00001962,PAY0000504,PaymentCreated,NULL,Created,2024-07-23 01:20:00,100,Payment initiated,0
EVT00001963,PAY0000504,PaymentAuthorized,Created,Authorized,2024-07-23 01:22:00,200,Authorization successful,1
EVT00001964,PAY0000504,PaymentCaptured,Authorized,Captured,2024-07-23 01:24:00,201,Payment captured,2
EVT00001965,PAY0000504,PaymentSettled,Captured,Settled,2024-07-23 01:26:00,202,Settlement completed,3
EVT00001966,PAY0000505,PaymentCreated,NULL,Created,2025-06-11 12:52:00,100,Payment initiated,0
EVT00001967,PAY0000505,PaymentAuthorized,Created,Authorized,2025-06-11 12:54:00,200,Authorization successful,1
EVT00001968,PAY0000505,PaymentCaptured,Authorized,Captured,2025-06-11 12:56:00,201,Payment captured,2
EVT00001969,PAY0000505,PaymentSettled,Captured,Settled,2025-06-11 12:58:00,202,Settlement completed,3
EVT00001970,PAY0000506,PaymentCreated,NULL,Created,2024-09-16 01:48:00,100,Payment initiated,0
EVT00001971,PAY0000506,PaymentAuthorized,Created,Authorized,2024-09-16 01:50:00,200,Authorization successful,1
EVT00001972,PAY0000506,PaymentCaptured,Authorized,Captured,2024-09-16 01:52:00,201,Payment captured,2
EVT00001973,PAY0000506,PaymentSettled,Captured,Settled,2024-09-16 01:54:00,202,Settlement completed,3
EVT00001974,PAY0000507,PaymentCreated,NULL,Created,2024-10-19 11:55:00,100,Payment initiated,0
EVT00001975,PAY0000507,PaymentAuthorized,Created,Authorized,2024-10-19 11:57:00,200,Authorization successful,1
EVT00001976,PAY0000507,PaymentCaptured,Authorized,Captured,2024-10-19 11:59:00,201,Payment captured,2
EVT00001977,PAY0000507,PaymentSettled,Captured,Settled,2024-10-19 12:01:00,202,Settlement completed,3
EVT00001978,PAY0000508,PaymentCreated,NULL,Created,2025-11-02 10:17:00,100,Payment initiated,0
EVT00001979,PAY0000508,PaymentAuthorized,Created,Authorized,2025-11-02 10:19:00,200,Authorization successful,1
EVT00001980,PAY0000508,PaymentCaptured,Authorized,Captured,2025-11-02 10:21:00,201,Payment captured,2
EVT00001981,PAY0000508,PaymentSettled,Captured,Settled,2025-11-02 10:23:00,202,Settlement completed,3
EVT00001982,PAY0000509,PaymentCreated,NULL,Created,2025-01-11 13:56:00,100,Payment initiated,0
EVT00001983,PAY0000509,PaymentAuthorized,Created,Authorized,2025-01-11 13:58:00,200,Authorization successful,1
EVT00001984,PAY0000509,PaymentCaptured,Authorized,Captured,2025-01-11 14:00:00,201,Payment captured,2
EVT00001985,PAY0000509,PaymentSettled,Captured,Settled,2025-01-11 14:02:00,202,Settlement completed,3
EVT00001986,PAY0000510,PaymentCreated,NULL,Created,2025-03-26 12:21:00,100,Payment initiated,0
EVT00001987,PAY0000510,PaymentAuthorized,Created,Authorized,2025-03-26 12:23:00,200,Authorization successful,1
EVT00001988,PAY0000510,PaymentCaptured,Authorized,Captured,2025-03-26 12:25:00,201,Payment captured,2
EVT00001989,PAY0000510,PaymentSettled,Captured,Settled,2025-03-26 12:27:00,202,Settlement completed,3
EVT00001990,PAY0000511,PaymentCreated,NULL,Created,2025-05-23 22:31:00,100,Payment initiated,0
EVT00001991,PAY0000511,PaymentAuthorized,Created,Authorized,2025-05-23 22:33:00,200,Authorization successful,1
EVT00001992,PAY0000511,PaymentCaptured,Authorized,Captured,2025-05-23 22:35:00,201,Payment captured,2
EVT00001993,PAY0000511,PaymentSettled,Captured,Settled,2025-05-23 22:37:00,202,Settlement completed,3
EVT00001994,PAY0000512,PaymentCreated,NULL,Created,2025-06-15 08:51:00,100,Payment initiated,0
EVT00001995,PAY0000512,PaymentAuthorized,Created,Authorized,2025-06-15 08:53:00,200,Authorization successful,1
EVT00001996,PAY0000512,PaymentFailed,Authorized,Failed,2025-06-15 08:55:00,500,Transaction failed,2
EVT00001997,PAY0000513,PaymentCreated,NULL,Created,2025-03-10 02:27:00,100,Payment initiated,0
EVT00001998,PAY0000513,PaymentAuthorized,Created,Authorized,2025-03-10 02:29:00,200,Authorization successful,1
EVT00001999,PAY0000513,PaymentCaptured,Authorized,Captured,2025-03-10 02:31:00,201,Payment captured,2
EVT00002000,PAY0000513,PaymentSettled,Captured,Settled,2025-03-10 02:33:00,202,Settlement completed,3
EVT00002001,PAY0000514,PaymentCreated,NULL,Created,2024-07-03 17:18:00,100,Payment initiated,0
EVT00002002,PAY0000514,PaymentAuthorized,Created,Authorized,2024-07-03 17:20:00,200,Authorization successful,1
EVT00002003,PAY0000514,PaymentCaptured,Authorized,Captured,2024-07-03 17:22:00,201,Payment captured,2
EVT00002004,PAY0000514,PaymentSettled,Captured,Settled,2024-07-03 17:24:00,202,Settlement completed,3
EVT00002005,PAY0000515,PaymentCreated,NULL,Created,2024-03-22 10:42:00,100,Payment initiated,0
EVT00002006,PAY0000515,PaymentAuthorized,Created,Authorized,2024-03-22 10:44:00,200,Authorization successful,1
EVT00002007,PAY0000515,PaymentCaptured,Authorized,Captured,2024-03-22 10:46:00,201,Payment captured,2
EVT00002008,PAY0000515,PaymentSettled,Captured,Settled,2024-03-22 10:48:00,202,Settlement completed,3
EVT00002009,PAY0000516,PaymentCreated,NULL,Created,2025-04-01 19:45:00,100,Payment initiated,0
EVT00002010,PAY0000516,PaymentAuthorized,Created,Authorized,2025-04-01 19:47:00,200,Authorization successful,1
EVT00002011,PAY0000516,PaymentCaptured,Authorized,Captured,2025-04-01 19:49:00,201,Payment captured,2
EVT00002012,PAY0000516,PaymentSettled,Captured,Settled,2025-04-01 19:51:00,202,Settlement completed,3
EVT00002013,PAY0000517,PaymentCreated,NULL,Created,2025-03-30 11:28:00,100,Payment initiated,0
EVT00002014,PAY0000517,PaymentAuthorized,Created,Authorized,2025-03-30 11:30:00,200,Authorization successful,1
EVT00002015,PAY0000517,PaymentFailed,Authorized,Failed,2025-03-30 11:32:00,500,Transaction failed,2
EVT00002016,PAY0000518,PaymentCreated,NULL,Created,2024-12-27 19:27:00,100,Payment initiated,0
EVT00002017,PAY0000518,PaymentAuthorized,Created,Authorized,2024-12-27 19:29:00,200,Authorization successful,1
EVT00002018,PAY0000518,PaymentCaptured,Authorized,Captured,2024-12-27 19:31:00,201,Payment captured,2
EVT00002019,PAY0000518,PaymentSettled,Captured,Settled,2024-12-27 19:33:00,202,Settlement completed,3
EVT00002020,PAY0000519,PaymentCreated,NULL,Created,2024-02-28 02:42:00,100,Payment initiated,0
EVT00002021,PAY0000519,PaymentAuthorized,Created,Authorized,2024-02-28 02:44:00,200,Authorization successful,1
EVT00002022,PAY0000519,PaymentCaptured,Authorized,Captured,2024-02-28 02:46:00,201,Payment captured,2
EVT00002023,PAY0000519,PaymentSettled,Captured,Settled,2024-02-28 02:48:00,202,Settlement completed,3
EVT00002024,PAY0000520,PaymentCreated,NULL,Created,2025-01-07 16:51:00,100,Payment initiated,0
EVT00002025,PAY0000520,PaymentAuthorized,Created,Authorized,2025-01-07 16:53:00,200,Authorization successful,1
EVT00002026,PAY0000520,PaymentCaptured,Authorized,Captured,2025-01-07 16:55:00,201,Payment captured,2
EVT00002027,PAY0000520,PaymentSettled,Captured,Settled,2025-01-07 16:57:00,202,Settlement completed,3
EVT00002028,PAY0000521,PaymentCreated,NULL,Created,2024-06-12 00:09:00,100,Payment initiated,0
EVT00002029,PAY0000521,PaymentAuthorized,Created,Authorized,2024-06-12 00:11:00,200,Authorization successful,1
EVT00002030,PAY0000521,PaymentCaptured,Authorized,Captured,2024-06-12 00:13:00,201,Payment captured,2
EVT00002031,PAY0000521,PaymentSettled,Captured,Settled,2024-06-12 00:15:00,202,Settlement completed,3
EVT00002032,PAY0000522,PaymentCreated,NULL,Created,2025-11-25 14:02:00,100,Payment initiated,0
EVT00002033,PAY0000522,PaymentAuthorized,Created,Authorized,2025-11-25 14:04:00,200,Authorization successful,1
EVT00002034,PAY0000522,PaymentCaptured,Authorized,Captured,2025-11-25 14:06:00,201,Payment captured,2
EVT00002035,PAY0000522,PaymentSettled,Captured,Settled,2025-11-25 14:08:00,202,Settlement completed,3
EVT00002036,PAY0000523,PaymentCreated,NULL,Created,2024-08-29 20:23:00,100,Payment initiated,0
EVT00002037,PAY0000523,PaymentAuthorized,Created,Authorized,2024-08-29 20:25:00,200,Authorization successful,1
EVT00002038,PAY0000523,PaymentCaptured,Authorized,Captured,2024-08-29 20:27:00,201,Payment captured,2
EVT00002039,PAY0000523,PaymentSettled,Captured,Settled,2024-08-29 20:29:00,202,Settlement completed,3
EVT00002040,PAY0000524,PaymentCreated,NULL,Created,2025-08-03 01:38:00,100,Payment initiated,0
EVT00002041,PAY0000524,PaymentAuthorized,Created,Authorized,2025-08-03 01:40:00,200,Authorization successful,1
EVT00002042,PAY0000524,PaymentCaptured,Authorized,Captured,2025-08-03 01:42:00,201,Payment captured,2
EVT00002043,PAY0000524,PaymentSettled,Captured,Settled,2025-08-03 01:44:00,202,Settlement completed,3
EVT00002044,PAY0000525,PaymentCreated,NULL,Created,2025-04-05 11:23:00,100,Payment initiated,0
EVT00002045,PAY0000525,PaymentAuthorized,Created,Authorized,2025-04-05 11:25:00,200,Authorization successful,1
EVT00002046,PAY0000525,PaymentCaptured,Authorized,Captured,2025-04-05 11:27:00,201,Payment captured,2
EVT00002047,PAY0000525,PaymentSettled,Captured,Settled,2025-04-05 11:29:00,202,Settlement completed,3
EVT00002048,PAY0000526,PaymentCreated,NULL,Created,2024-03-19 18:08:00,100,Payment initiated,0
EVT00002049,PAY0000526,PaymentAuthorized,Created,Authorized,2024-03-19 18:10:00,200,Authorization successful,1
EVT00002050,PAY0000526,PaymentCaptured,Authorized,Captured,2024-03-19 18:12:00,201,Payment captured,2
EVT00002051,PAY0000526,PaymentSettled,Captured,Settled,2024-03-19 18:14:00,202,Settlement completed,3
EVT00002052,PAY0000527,PaymentCreated,NULL,Created,2025-02-11 10:41:00,100,Payment initiated,0
EVT00002053,PAY0000527,PaymentAuthorized,Created,Authorized,2025-02-11 10:43:00,200,Authorization successful,1
EVT00002054,PAY0000527,PaymentCaptured,Authorized,Captured,2025-02-11 10:45:00,201,Payment captured,2
EVT00002055,PAY0000527,PaymentSettled,Captured,Settled,2025-02-11 10:47:00,202,Settlement completed,3
EVT00002056,PAY0000528,PaymentCreated,NULL,Created,2024-04-26 00:47:00,100,Payment initiated,0
EVT00002057,PAY0000528,PaymentAuthorized,Created,Authorized,2024-04-26 00:49:00,200,Authorization successful,1
EVT00002058,PAY0000528,PaymentCaptured,Authorized,Captured,2024-04-26 00:51:00,201,Payment captured,2
EVT00002059,PAY0000528,PaymentSettled,Captured,Settled,2024-04-26 00:53:00,202,Settlement completed,3
EVT00002060,PAY0000529,PaymentCreated,NULL,Created,2025-06-14 12:58:00,100,Payment initiated,0
EVT00002061,PAY0000529,PaymentAuthorized,Created,Authorized,2025-06-14 13:00:00,200,Authorization successful,1
EVT00002062,PAY0000529,PaymentCaptured,Authorized,Captured,2025-06-14 13:02:00,201,Payment captured,2
EVT00002063,PAY0000529,PaymentSettled,Captured,Settled,2025-06-14 13:04:00,202,Settlement completed,3
EVT00002064,PAY0000530,PaymentCreated,NULL,Created,2024-09-25 08:45:00,100,Payment initiated,0
EVT00002065,PAY0000530,PaymentAuthorized,Created,Authorized,2024-09-25 08:47:00,200,Authorization successful,1
EVT00002066,PAY0000530,PaymentCaptured,Authorized,Captured,2024-09-25 08:49:00,201,Payment captured,2
EVT00002067,PAY0000530,PaymentSettled,Captured,Settled,2024-09-25 08:51:00,202,Settlement completed,3
EVT00002068,PAY0000531,PaymentCreated,NULL,Created,2025-09-18 09:44:00,100,Payment initiated,0
EVT00002069,PAY0000531,PaymentAuthorized,Created,Authorized,2025-09-18 09:46:00,200,Authorization successful,1
EVT00002070,PAY0000531,PaymentCaptured,Authorized,Captured,2025-09-18 09:48:00,201,Payment captured,2
EVT00002071,PAY0000531,PaymentSettled,Captured,Settled,2025-09-18 09:50:00,202,Settlement completed,3
EVT00002072,PAY0000532,PaymentCreated,NULL,Created,2025-05-17 06:07:00,100,Payment initiated,0
EVT00002073,PAY0000532,PaymentAuthorized,Created,Authorized,2025-05-17 06:09:00,200,Authorization successful,1
EVT00002074,PAY0000532,PaymentCaptured,Authorized,Captured,2025-05-17 06:11:00,201,Payment captured,2
EVT00002075,PAY0000532,PaymentSettled,Captured,Settled,2025-05-17 06:13:00,202,Settlement completed,3
EVT00002076,PAY0000533,PaymentCreated,NULL,Created,2024-03-16 14:11:00,100,Payment initiated,0
EVT00002077,PAY0000533,PaymentAuthorized,Created,Authorized,2024-03-16 14:13:00,200,Authorization successful,1
EVT00002078,PAY0000533,PaymentCaptured,Authorized,Captured,2024-03-16 14:15:00,201,Payment captured,2
EVT00002079,PAY0000533,PaymentSettled,Captured,Settled,2024-03-16 14:17:00,202,Settlement completed,3
EVT00002080,PAY0000534,PaymentCreated,NULL,Created,2025-03-31 02:51:00,100,Payment initiated,0
EVT00002081,PAY0000534,PaymentAuthorized,Created,Authorized,2025-03-31 02:53:00,200,Authorization successful,1
EVT00002082,PAY0000534,PaymentCaptured,Authorized,Captured,2025-03-31 02:55:00,201,Payment captured,2
EVT00002083,PAY0000534,PaymentSettled,Captured,Settled,2025-03-31 02:57:00,202,Settlement completed,3
EVT00002084,PAY0000535,PaymentCreated,NULL,Created,2024-11-23 21:22:00,100,Payment initiated,0
EVT00002085,PAY0000535,PaymentAuthorized,Created,Authorized,2024-11-23 21:24:00,200,Authorization successful,1
EVT00002086,PAY0000535,PaymentCaptured,Authorized,Captured,2024-11-23 21:26:00,201,Payment captured,2
EVT00002087,PAY0000535,PaymentSettled,Captured,Settled,2024-11-23 21:28:00,202,Settlement completed,3
EVT00002088,PAY0000536,PaymentCreated,NULL,Created,2025-07-17 17:18:00,100,Payment initiated,0
EVT00002089,PAY0000536,PaymentAuthorized,Created,Authorized,2025-07-17 17:20:00,200,Authorization successful,1
EVT00002090,PAY0000536,PaymentCaptured,Authorized,Captured,2025-07-17 17:22:00,201,Payment captured,2
EVT00002091,PAY0000536,PaymentSettled,Captured,Settled,2025-07-17 17:24:00,202,Settlement completed,3
EVT00002092,PAY0000537,PaymentCreated,NULL,Created,2024-06-10 22:45:00,100,Payment initiated,0
EVT00002093,PAY0000537,PaymentAuthorized,Created,Authorized,2024-06-10 22:47:00,200,Authorization successful,1
EVT00002094,PAY0000537,PaymentCaptured,Authorized,Captured,2024-06-10 22:49:00,201,Payment captured,2
EVT00002095,PAY0000537,PaymentSettled,Captured,Settled,2024-06-10 22:51:00,202,Settlement completed,3
EVT00002096,PAY0000538,PaymentCreated,NULL,Created,2025-10-15 05:50:00,100,Payment initiated,0
EVT00002097,PAY0000538,PaymentAuthorized,Created,Authorized,2025-10-15 05:52:00,200,Authorization successful,1
EVT00002098,PAY0000538,PaymentCaptured,Authorized,Captured,2025-10-15 05:54:00,201,Payment captured,2
EVT00002099,PAY0000538,PaymentSettled,Captured,Settled,2025-10-15 05:56:00,202,Settlement completed,3
EVT00002100,PAY0000539,PaymentCreated,NULL,Created,2024-08-17 03:12:00,100,Payment initiated,0
EVT00002101,PAY0000539,PaymentAuthorized,Created,Authorized,2024-08-17 03:14:00,200,Authorization successful,1
EVT00002102,PAY0000539,PaymentCaptured,Authorized,Captured,2024-08-17 03:16:00,201,Payment captured,2
EVT00002103,PAY0000539,PaymentSettled,Captured,Settled,2024-08-17 03:18:00,202,Settlement completed,3
EVT00002104,PAY0000540,PaymentCreated,NULL,Created,2024-08-30 15:01:00,100,Payment initiated,0
EVT00002105,PAY0000540,PaymentAuthorized,Created,Authorized,2024-08-30 15:03:00,200,Authorization successful,1
EVT00002106,PAY0000540,PaymentCaptured,Authorized,Captured,2024-08-30 15:05:00,201,Payment captured,2
EVT00002107,PAY0000540,PaymentSettled,Captured,Settled,2024-08-30 15:07:00,202,Settlement completed,3
EVT00002108,PAY0000541,PaymentCreated,NULL,Created,2025-08-09 11:29:00,100,Payment initiated,0
EVT00002109,PAY0000541,PaymentAuthorized,Created,Authorized,2025-08-09 11:31:00,200,Authorization successful,1
EVT00002110,PAY0000541,PaymentCaptured,Authorized,Captured,2025-08-09 11:33:00,201,Payment captured,2
EVT00002111,PAY0000541,PaymentSettled,Captured,Settled,2025-08-09 11:35:00,202,Settlement completed,3
EVT00002112,PAY0000542,PaymentCreated,NULL,Created,2025-07-18 04:39:00,100,Payment initiated,0
EVT00002113,PAY0000542,PaymentAuthorized,Created,Authorized,2025-07-18 04:41:00,200,Authorization successful,1
EVT00002114,PAY0000542,PaymentCaptured,Authorized,Captured,2025-07-18 04:43:00,201,Payment captured,2
EVT00002115,PAY0000542,PaymentSettled,Captured,Settled,2025-07-18 04:45:00,202,Settlement completed,3
EVT00002116,PAY0000543,PaymentCreated,NULL,Created,2024-03-08 09:25:00,100,Payment initiated,0
EVT00002117,PAY0000543,PaymentAuthorized,Created,Authorized,2024-03-08 09:27:00,200,Authorization successful,1
EVT00002118,PAY0000543,PaymentCaptured,Authorized,Captured,2024-03-08 09:29:00,201,Payment captured,2
EVT00002119,PAY0000543,PaymentSettled,Captured,Settled,2024-03-08 09:31:00,202,Settlement completed,3
EVT00002120,PAY0000544,PaymentCreated,NULL,Created,2025-05-05 16:26:00,100,Payment initiated,0
EVT00002121,PAY0000544,PaymentAuthorized,Created,Authorized,2025-05-05 16:28:00,200,Authorization successful,1
EVT00002122,PAY0000544,PaymentCaptured,Authorized,Captured,2025-05-05 16:30:00,201,Payment captured,2
EVT00002123,PAY0000544,PaymentSettled,Captured,Settled,2025-05-05 16:32:00,202,Settlement completed,3
EVT00002124,PAY0000545,PaymentCreated,NULL,Created,2025-08-11 02:08:00,100,Payment initiated,0
EVT00002125,PAY0000545,PaymentAuthorized,Created,Authorized,2025-08-11 02:10:00,200,Authorization successful,1
EVT00002126,PAY0000545,PaymentCaptured,Authorized,Captured,2025-08-11 02:12:00,201,Payment captured,2
EVT00002127,PAY0000545,PaymentSettled,Captured,Settled,2025-08-11 02:14:00,202,Settlement completed,3
EVT00002128,PAY0000546,PaymentCreated,NULL,Created,2025-10-19 02:28:00,100,Payment initiated,0
EVT00002129,PAY0000546,PaymentAuthorized,Created,Authorized,2025-10-19 02:30:00,200,Authorization successful,1
EVT00002130,PAY0000546,PaymentCaptured,Authorized,Captured,2025-10-19 02:32:00,201,Payment captured,2
EVT00002131,PAY0000546,PaymentSettled,Captured,Settled,2025-10-19 02:34:00,202,Settlement completed,3
EVT00002132,PAY0000547,PaymentCreated,NULL,Created,2025-06-13 11:08:00,100,Payment initiated,0
EVT00002133,PAY0000547,PaymentAuthorized,Created,Authorized,2025-06-13 11:10:00,200,Authorization successful,1
EVT00002134,PAY0000547,PaymentCaptured,Authorized,Captured,2025-06-13 11:12:00,201,Payment captured,2
EVT00002135,PAY0000547,PaymentSettled,Captured,Settled,2025-06-13 11:14:00,202,Settlement completed,3
EVT00002136,PAY0000548,PaymentCreated,NULL,Created,2025-07-18 20:37:00,100,Payment initiated,0
EVT00002137,PAY0000548,PaymentAuthorized,Created,Authorized,2025-07-18 20:39:00,200,Authorization successful,1
EVT00002138,PAY0000548,PaymentCaptured,Authorized,Captured,2025-07-18 20:41:00,201,Payment captured,2
EVT00002139,PAY0000548,PaymentSettled,Captured,Settled,2025-07-18 20:43:00,202,Settlement completed,3
EVT00002140,PAY0000549,PaymentCreated,NULL,Created,2024-05-12 13:32:00,100,Payment initiated,0
EVT00002141,PAY0000549,PaymentAuthorized,Created,Authorized,2024-05-12 13:34:00,200,Authorization successful,1
EVT00002142,PAY0000549,PaymentCaptured,Authorized,Captured,2024-05-12 13:36:00,201,Payment captured,2
EVT00002143,PAY0000549,PaymentSettled,Captured,Settled,2024-05-12 13:38:00,202,Settlement completed,3
EVT00002144,PAY0000550,PaymentCreated,NULL,Created,2024-02-26 03:33:00,100,Payment initiated,0
EVT00002145,PAY0000550,PaymentAuthorized,Created,Authorized,2024-02-26 03:35:00,200,Authorization successful,1
EVT00002146,PAY0000550,PaymentCaptured,Authorized,Captured,2024-02-26 03:37:00,201,Payment captured,2
EVT00002147,PAY0000550,PaymentSettled,Captured,Settled,2024-02-26 03:39:00,202,Settlement completed,3
EVT00002148,PAY0000551,PaymentCreated,NULL,Created,2024-06-17 05:20:00,100,Payment initiated,0
EVT00002149,PAY0000551,PaymentAuthorized,Created,Authorized,2024-06-17 05:22:00,200,Authorization successful,1
EVT00002150,PAY0000551,PaymentCaptured,Authorized,Captured,2024-06-17 05:24:00,201,Payment captured,2
EVT00002151,PAY0000551,PaymentSettled,Captured,Settled,2024-06-17 05:26:00,202,Settlement completed,3
EVT00002152,PAY0000552,PaymentCreated,NULL,Created,2024-08-18 11:33:00,100,Payment initiated,0
EVT00002153,PAY0000552,PaymentAuthorized,Created,Authorized,2024-08-18 11:35:00,200,Authorization successful,1
EVT00002154,PAY0000552,PaymentCaptured,Authorized,Captured,2024-08-18 11:37:00,201,Payment captured,2
EVT00002155,PAY0000552,PaymentSettled,Captured,Settled,2024-08-18 11:39:00,202,Settlement completed,3
EVT00002156,PAY0000553,PaymentCreated,NULL,Created,2024-03-21 08:12:00,100,Payment initiated,0
EVT00002157,PAY0000553,PaymentAuthorized,Created,Authorized,2024-03-21 08:14:00,200,Authorization successful,1
EVT00002158,PAY0000553,PaymentCaptured,Authorized,Captured,2024-03-21 08:16:00,201,Payment captured,2
EVT00002159,PAY0000553,PaymentSettled,Captured,Settled,2024-03-21 08:18:00,202,Settlement completed,3
EVT00002160,PAY0000554,PaymentCreated,NULL,Created,2025-07-18 08:08:00,100,Payment initiated,0
EVT00002161,PAY0000554,PaymentAuthorized,Created,Authorized,2025-07-18 08:10:00,200,Authorization successful,1
EVT00002162,PAY0000554,PaymentCaptured,Authorized,Captured,2025-07-18 08:12:00,201,Payment captured,2
EVT00002163,PAY0000554,PaymentSettled,Captured,Settled,2025-07-18 08:14:00,202,Settlement completed,3
EVT00002164,PAY0000555,PaymentCreated,NULL,Created,2025-09-21 17:05:00,100,Payment initiated,0
EVT00002165,PAY0000555,PaymentAuthorized,Created,Authorized,2025-09-21 17:07:00,200,Authorization successful,1
EVT00002166,PAY0000555,PaymentCaptured,Authorized,Captured,2025-09-21 17:09:00,201,Payment captured,2
EVT00002167,PAY0000555,PaymentSettled,Captured,Settled,2025-09-21 17:11:00,202,Settlement completed,3
EVT00002168,PAY0000556,PaymentCreated,NULL,Created,2024-06-21 18:37:00,100,Payment initiated,0
EVT00002169,PAY0000556,PaymentAuthorized,Created,Authorized,2024-06-21 18:39:00,200,Authorization successful,1
EVT00002170,PAY0000556,PaymentCaptured,Authorized,Captured,2024-06-21 18:41:00,201,Payment captured,2
EVT00002171,PAY0000556,PaymentSettled,Captured,Settled,2024-06-21 18:43:00,202,Settlement completed,3
EVT00002172,PAY0000557,PaymentCreated,NULL,Created,2025-11-05 19:46:00,100,Payment initiated,0
EVT00002173,PAY0000557,PaymentAuthorized,Created,Authorized,2025-11-05 19:48:00,200,Authorization successful,1
EVT00002174,PAY0000557,PaymentCaptured,Authorized,Captured,2025-11-05 19:50:00,201,Payment captured,2
EVT00002175,PAY0000557,PaymentSettled,Captured,Settled,2025-11-05 19:52:00,202,Settlement completed,3
EVT00002176,PAY0000558,PaymentCreated,NULL,Created,2024-12-11 18:02:00,100,Payment initiated,0
EVT00002177,PAY0000558,PaymentAuthorized,Created,Authorized,2024-12-11 18:04:00,200,Authorization successful,1
EVT00002178,PAY0000558,PaymentCaptured,Authorized,Captured,2024-12-11 18:06:00,201,Payment captured,2
EVT00002179,PAY0000558,PaymentSettled,Captured,Settled,2024-12-11 18:08:00,202,Settlement completed,3
EVT00002180,PAY0000559,PaymentCreated,NULL,Created,2024-01-30 02:02:00,100,Payment initiated,0
EVT00002181,PAY0000559,PaymentAuthorized,Created,Authorized,2024-01-30 02:04:00,200,Authorization successful,1
EVT00002182,PAY0000559,PaymentCaptured,Authorized,Captured,2024-01-30 02:06:00,201,Payment captured,2
EVT00002183,PAY0000559,PaymentSettled,Captured,Settled,2024-01-30 02:08:00,202,Settlement completed,3
EVT00002184,PAY0000560,PaymentCreated,NULL,Created,2025-08-13 08:41:00,100,Payment initiated,0
EVT00002185,PAY0000560,PaymentAuthorized,Created,Authorized,2025-08-13 08:43:00,200,Authorization successful,1
EVT00002186,PAY0000560,PaymentCaptured,Authorized,Captured,2025-08-13 08:45:00,201,Payment captured,2
EVT00002187,PAY0000560,PaymentSettled,Captured,Settled,2025-08-13 08:47:00,202,Settlement completed,3
EVT00002188,PAY0000561,PaymentCreated,NULL,Created,2025-08-08 13:39:00,100,Payment initiated,0
EVT00002189,PAY0000561,PaymentAuthorized,Created,Authorized,2025-08-08 13:41:00,200,Authorization successful,1
EVT00002190,PAY0000561,PaymentCaptured,Authorized,Captured,2025-08-08 13:43:00,201,Payment captured,2
EVT00002191,PAY0000561,PaymentSettled,Captured,Settled,2025-08-08 13:45:00,202,Settlement completed,3
EVT00002192,PAY0000562,PaymentCreated,NULL,Created,2025-05-24 20:34:00,100,Payment initiated,0
EVT00002193,PAY0000562,PaymentAuthorized,Created,Authorized,2025-05-24 20:36:00,200,Authorization successful,1
EVT00002194,PAY0000562,PaymentCaptured,Authorized,Captured,2025-05-24 20:38:00,201,Payment captured,2
EVT00002195,PAY0000562,PaymentSettled,Captured,Settled,2025-05-24 20:40:00,202,Settlement completed,3
EVT00002196,PAY0000563,PaymentCreated,NULL,Created,2024-11-05 15:15:00,100,Payment initiated,0
EVT00002197,PAY0000563,PaymentAuthorized,Created,Authorized,2024-11-05 15:17:00,200,Authorization successful,1
EVT00002198,PAY0000563,PaymentCaptured,Authorized,Captured,2024-11-05 15:19:00,201,Payment captured,2
EVT00002199,PAY0000563,PaymentSettled,Captured,Settled,2024-11-05 15:21:00,202,Settlement completed,3
EVT00002200,PAY0000564,PaymentCreated,NULL,Created,2025-02-19 09:29:00,100,Payment initiated,0
EVT00002201,PAY0000564,PaymentAuthorized,Created,Authorized,2025-02-19 09:31:00,200,Authorization successful,1
EVT00002202,PAY0000564,PaymentFailed,Authorized,Failed,2025-02-19 09:33:00,500,Transaction failed,2
EVT00002203,PAY0000565,PaymentCreated,NULL,Created,2024-03-02 05:28:00,100,Payment initiated,0
EVT00002204,PAY0000565,PaymentAuthorized,Created,Authorized,2024-03-02 05:30:00,200,Authorization successful,1
EVT00002205,PAY0000565,PaymentCaptured,Authorized,Captured,2024-03-02 05:32:00,201,Payment captured,2
EVT00002206,PAY0000565,PaymentSettled,Captured,Settled,2024-03-02 05:34:00,202,Settlement completed,3
EVT00002207,PAY0000566,PaymentCreated,NULL,Created,2025-04-20 06:21:00,100,Payment initiated,0
EVT00002208,PAY0000566,PaymentAuthorized,Created,Authorized,2025-04-20 06:23:00,200,Authorization successful,1
EVT00002209,PAY0000566,PaymentCaptured,Authorized,Captured,2025-04-20 06:25:00,201,Payment captured,2
EVT00002210,PAY0000566,PaymentSettled,Captured,Settled,2025-04-20 06:27:00,202,Settlement completed,3
EVT00002211,PAY0000567,PaymentCreated,NULL,Created,2024-11-16 22:20:00,100,Payment initiated,0
EVT00002212,PAY0000567,PaymentAuthorized,Created,Authorized,2024-11-16 22:22:00,200,Authorization successful,1
EVT00002213,PAY0000567,PaymentCaptured,Authorized,Captured,2024-11-16 22:24:00,201,Payment captured,2
EVT00002214,PAY0000567,PaymentSettled,Captured,Settled,2024-11-16 22:26:00,202,Settlement completed,3
EVT00002215,PAY0000568,PaymentCreated,NULL,Created,2024-12-19 12:08:00,100,Payment initiated,0
EVT00002216,PAY0000568,PaymentAuthorized,Created,Authorized,2024-12-19 12:10:00,200,Authorization successful,1
EVT00002217,PAY0000568,PaymentCaptured,Authorized,Captured,2024-12-19 12:12:00,201,Payment captured,2
EVT00002218,PAY0000568,PaymentSettled,Captured,Settled,2024-12-19 12:14:00,202,Settlement completed,3
EVT00002219,PAY0000569,PaymentCreated,NULL,Created,2025-06-11 17:06:00,100,Payment initiated,0
EVT00002220,PAY0000569,PaymentAuthorized,Created,Authorized,2025-06-11 17:08:00,200,Authorization successful,1
EVT00002221,PAY0000569,PaymentCaptured,Authorized,Captured,2025-06-11 17:10:00,201,Payment captured,2
EVT00002222,PAY0000569,PaymentSettled,Captured,Settled,2025-06-11 17:12:00,202,Settlement completed,3
EVT00002223,PAY0000570,PaymentCreated,NULL,Created,2025-04-22 03:17:00,100,Payment initiated,0
EVT00002224,PAY0000570,PaymentAuthorized,Created,Authorized,2025-04-22 03:19:00,200,Authorization successful,1
EVT00002225,PAY0000570,PaymentCaptured,Authorized,Captured,2025-04-22 03:21:00,201,Payment captured,2
EVT00002226,PAY0000570,PaymentSettled,Captured,Settled,2025-04-22 03:23:00,202,Settlement completed,3
EVT00002227,PAY0000571,PaymentCreated,NULL,Created,2024-05-24 03:03:00,100,Payment initiated,0
EVT00002228,PAY0000571,PaymentAuthorized,Created,Authorized,2024-05-24 03:05:00,200,Authorization successful,1
EVT00002229,PAY0000571,PaymentCaptured,Authorized,Captured,2024-05-24 03:07:00,201,Payment captured,2
EVT00002230,PAY0000571,PaymentSettled,Captured,Settled,2024-05-24 03:09:00,202,Settlement completed,3
EVT00002231,PAY0000572,PaymentCreated,NULL,Created,2025-01-28 19:26:00,100,Payment initiated,0
EVT00002232,PAY0000572,PaymentAuthorized,Created,Authorized,2025-01-28 19:28:00,200,Authorization successful,1
EVT00002233,PAY0000572,PaymentCaptured,Authorized,Captured,2025-01-28 19:30:00,201,Payment captured,2
EVT00002234,PAY0000572,PaymentSettled,Captured,Settled,2025-01-28 19:32:00,202,Settlement completed,3
EVT00002235,PAY0000573,PaymentCreated,NULL,Created,2024-06-12 10:59:00,100,Payment initiated,0
EVT00002236,PAY0000573,PaymentAuthorized,Created,Authorized,2024-06-12 11:01:00,200,Authorization successful,1
EVT00002237,PAY0000573,PaymentCaptured,Authorized,Captured,2024-06-12 11:03:00,201,Payment captured,2
EVT00002238,PAY0000573,PaymentSettled,Captured,Settled,2024-06-12 11:05:00,202,Settlement completed,3
EVT00002239,PAY0000574,PaymentCreated,NULL,Created,2024-11-16 06:48:00,100,Payment initiated,0
EVT00002240,PAY0000574,PaymentAuthorized,Created,Authorized,2024-11-16 06:50:00,200,Authorization successful,1
EVT00002241,PAY0000574,PaymentCaptured,Authorized,Captured,2024-11-16 06:52:00,201,Payment captured,2
EVT00002242,PAY0000574,PaymentSettled,Captured,Settled,2024-11-16 06:54:00,202,Settlement completed,3
EVT00002243,PAY0000575,PaymentCreated,NULL,Created,2025-06-11 14:31:00,100,Payment initiated,0
EVT00002244,PAY0000575,PaymentAuthorized,Created,Authorized,2025-06-11 14:33:00,200,Authorization successful,1
EVT00002245,PAY0000575,PaymentCaptured,Authorized,Captured,2025-06-11 14:35:00,201,Payment captured,2
EVT00002246,PAY0000575,PaymentSettled,Captured,Settled,2025-06-11 14:37:00,202,Settlement completed,3
EVT00002247,PAY0000576,PaymentCreated,NULL,Created,2025-05-24 00:05:00,100,Payment initiated,0
EVT00002248,PAY0000576,PaymentAuthorized,Created,Authorized,2025-05-24 00:07:00,200,Authorization successful,1
EVT00002249,PAY0000576,PaymentCaptured,Authorized,Captured,2025-05-24 00:09:00,201,Payment captured,2
EVT00002250,PAY0000576,PaymentSettled,Captured,Settled,2025-05-24 00:11:00,202,Settlement completed,3
EVT00002251,PAY0000577,PaymentCreated,NULL,Created,2025-06-01 14:15:00,100,Payment initiated,0
EVT00002252,PAY0000577,PaymentAuthorized,Created,Authorized,2025-06-01 14:17:00,200,Authorization successful,1
EVT00002253,PAY0000577,PaymentCaptured,Authorized,Captured,2025-06-01 14:19:00,201,Payment captured,2
EVT00002254,PAY0000577,PaymentSettled,Captured,Settled,2025-06-01 14:21:00,202,Settlement completed,3
EVT00002255,PAY0000578,PaymentCreated,NULL,Created,2024-12-27 01:03:00,100,Payment initiated,0
EVT00002256,PAY0000578,PaymentAuthorized,Created,Authorized,2024-12-27 01:05:00,200,Authorization successful,1
EVT00002257,PAY0000578,PaymentCaptured,Authorized,Captured,2024-12-27 01:07:00,201,Payment captured,2
EVT00002258,PAY0000578,PaymentSettled,Captured,Settled,2024-12-27 01:09:00,202,Settlement completed,3
EVT00002259,PAY0000579,PaymentCreated,NULL,Created,2025-09-03 20:43:00,100,Payment initiated,0
EVT00002260,PAY0000579,PaymentAuthorized,Created,Authorized,2025-09-03 20:45:00,200,Authorization successful,1
EVT00002261,PAY0000579,PaymentCaptured,Authorized,Captured,2025-09-03 20:47:00,201,Payment captured,2
EVT00002262,PAY0000579,PaymentSettled,Captured,Settled,2025-09-03 20:49:00,202,Settlement completed,3
EVT00002263,PAY0000580,PaymentCreated,NULL,Created,2025-07-03 00:54:00,100,Payment initiated,0
EVT00002264,PAY0000580,PaymentAuthorized,Created,Authorized,2025-07-03 00:56:00,200,Authorization successful,1
EVT00002265,PAY0000580,PaymentFailed,Authorized,Failed,2025-07-03 00:58:00,500,Transaction failed,2
EVT00002266,PAY0000581,PaymentCreated,NULL,Created,2024-05-17 08:46:00,100,Payment initiated,0
EVT00002267,PAY0000581,PaymentAuthorized,Created,Authorized,2024-05-17 08:48:00,200,Authorization successful,1
EVT00002268,PAY0000581,PaymentCaptured,Authorized,Captured,2024-05-17 08:50:00,201,Payment captured,2
EVT00002269,PAY0000581,PaymentSettled,Captured,Settled,2024-05-17 08:52:00,202,Settlement completed,3
EVT00002270,PAY0000582,PaymentCreated,NULL,Created,2025-02-16 11:02:00,100,Payment initiated,0
EVT00002271,PAY0000582,PaymentAuthorized,Created,Authorized,2025-02-16 11:04:00,200,Authorization successful,1
EVT00002272,PAY0000582,PaymentCaptured,Authorized,Captured,2025-02-16 11:06:00,201,Payment captured,2
EVT00002273,PAY0000582,PaymentSettled,Captured,Settled,2025-02-16 11:08:00,202,Settlement completed,3
EVT00002274,PAY0000583,PaymentCreated,NULL,Created,2025-08-06 17:12:00,100,Payment initiated,0
EVT00002275,PAY0000583,PaymentAuthorized,Created,Authorized,2025-08-06 17:14:00,200,Authorization successful,1
EVT00002276,PAY0000583,PaymentCaptured,Authorized,Captured,2025-08-06 17:16:00,201,Payment captured,2
EVT00002277,PAY0000583,PaymentSettled,Captured,Settled,2025-08-06 17:18:00,202,Settlement completed,3
EVT00002278,PAY0000584,PaymentCreated,NULL,Created,2024-10-22 02:24:00,100,Payment initiated,0
EVT00002279,PAY0000584,PaymentAuthorized,Created,Authorized,2024-10-22 02:26:00,200,Authorization successful,1
EVT00002280,PAY0000584,PaymentCaptured,Authorized,Captured,2024-10-22 02:28:00,201,Payment captured,2
EVT00002281,PAY0000584,PaymentSettled,Captured,Settled,2024-10-22 02:30:00,202,Settlement completed,3
EVT00002282,PAY0000585,PaymentCreated,NULL,Created,2025-07-17 08:52:00,100,Payment initiated,0
EVT00002283,PAY0000585,PaymentAuthorized,Created,Authorized,2025-07-17 08:54:00,200,Authorization successful,1
EVT00002284,PAY0000585,PaymentCaptured,Authorized,Captured,2025-07-17 08:56:00,201,Payment captured,2
EVT00002285,PAY0000585,PaymentSettled,Captured,Settled,2025-07-17 08:58:00,202,Settlement completed,3
EVT00002286,PAY0000586,PaymentCreated,NULL,Created,2025-11-27 19:07:00,100,Payment initiated,0
EVT00002287,PAY0000586,PaymentAuthorized,Created,Authorized,2025-11-27 19:09:00,200,Authorization successful,1
EVT00002288,PAY0000586,PaymentCaptured,Authorized,Captured,2025-11-27 19:11:00,201,Payment captured,2
EVT00002289,PAY0000586,PaymentSettled,Captured,Settled,2025-11-27 19:13:00,202,Settlement completed,3
EVT00002290,PAY0000587,PaymentCreated,NULL,Created,2024-04-09 12:23:00,100,Payment initiated,0
EVT00002291,PAY0000587,PaymentAuthorized,Created,Authorized,2024-04-09 12:25:00,200,Authorization successful,1
EVT00002292,PAY0000587,PaymentCaptured,Authorized,Captured,2024-04-09 12:27:00,201,Payment captured,2
EVT00002293,PAY0000587,PaymentSettled,Captured,Settled,2024-04-09 12:29:00,202,Settlement completed,3
EVT00002294,PAY0000588,PaymentCreated,NULL,Created,2024-12-13 17:23:00,100,Payment initiated,0
EVT00002295,PAY0000588,PaymentAuthorized,Created,Authorized,2024-12-13 17:25:00,200,Authorization successful,1
EVT00002296,PAY0000588,PaymentCaptured,Authorized,Captured,2024-12-13 17:27:00,201,Payment captured,2
EVT00002297,PAY0000588,PaymentSettled,Captured,Settled,2024-12-13 17:29:00,202,Settlement completed,3
EVT00002298,PAY0000589,PaymentCreated,NULL,Created,2024-07-22 19:32:00,100,Payment initiated,0
EVT00002299,PAY0000589,PaymentAuthorized,Created,Authorized,2024-07-22 19:34:00,200,Authorization successful,1
EVT00002300,PAY0000589,PaymentCaptured,Authorized,Captured,2024-07-22 19:36:00,201,Payment captured,2
EVT00002301,PAY0000589,PaymentSettled,Captured,Settled,2024-07-22 19:38:00,202,Settlement completed,3
EVT00002302,PAY0000590,PaymentCreated,NULL,Created,2024-02-11 01:02:00,100,Payment initiated,0
EVT00002303,PAY0000590,PaymentAuthorized,Created,Authorized,2024-02-11 01:04:00,200,Authorization successful,1
EVT00002304,PAY0000590,PaymentCaptured,Authorized,Captured,2024-02-11 01:06:00,201,Payment captured,2
EVT00002305,PAY0000590,PaymentSettled,Captured,Settled,2024-02-11 01:08:00,202,Settlement completed,3
EVT00002306,PAY0000591,PaymentCreated,NULL,Created,2024-12-07 15:33:00,100,Payment initiated,0
EVT00002307,PAY0000591,PaymentAuthorized,Created,Authorized,2024-12-07 15:35:00,200,Authorization successful,1
EVT00002308,PAY0000591,PaymentCaptured,Authorized,Captured,2024-12-07 15:37:00,201,Payment captured,2
EVT00002309,PAY0000591,PaymentSettled,Captured,Settled,2024-12-07 15:39:00,202,Settlement completed,3
EVT00002310,PAY0000592,PaymentCreated,NULL,Created,2025-09-12 16:08:00,100,Payment initiated,0
EVT00002311,PAY0000592,PaymentAuthorized,Created,Authorized,2025-09-12 16:10:00,200,Authorization successful,1
EVT00002312,PAY0000592,PaymentCaptured,Authorized,Captured,2025-09-12 16:12:00,201,Payment captured,2
EVT00002313,PAY0000592,PaymentSettled,Captured,Settled,2025-09-12 16:14:00,202,Settlement completed,3
EVT00002314,PAY0000593,PaymentCreated,NULL,Created,2025-09-19 10:10:00,100,Payment initiated,0
EVT00002315,PAY0000593,PaymentAuthorized,Created,Authorized,2025-09-19 10:12:00,200,Authorization successful,1
EVT00002316,PAY0000593,PaymentCaptured,Authorized,Captured,2025-09-19 10:14:00,201,Payment captured,2
EVT00002317,PAY0000593,PaymentSettled,Captured,Settled,2025-09-19 10:16:00,202,Settlement completed,3
EVT00002318,PAY0000594,PaymentCreated,NULL,Created,2025-09-23 23:53:00,100,Payment initiated,0
EVT00002319,PAY0000594,PaymentAuthorized,Created,Authorized,2025-09-23 23:55:00,200,Authorization successful,1
EVT00002320,PAY0000594,PaymentCaptured,Authorized,Captured,2025-09-23 23:57:00,201,Payment captured,2
EVT00002321,PAY0000594,PaymentSettled,Captured,Settled,2025-09-23 23:59:00,202,Settlement completed,3
EVT00002322,PAY0000595,PaymentCreated,NULL,Created,2024-12-10 16:53:00,100,Payment initiated,0
EVT00002323,PAY0000595,PaymentAuthorized,Created,Authorized,2024-12-10 16:55:00,200,Authorization successful,1
EVT00002324,PAY0000595,PaymentCaptured,Authorized,Captured,2024-12-10 16:57:00,201,Payment captured,2
EVT00002325,PAY0000595,PaymentSettled,Captured,Settled,2024-12-10 16:59:00,202,Settlement completed,3
EVT00002326,PAY0000596,PaymentCreated,NULL,Created,2025-05-16 22:36:00,100,Payment initiated,0
EVT00002327,PAY0000596,PaymentAuthorized,Created,Authorized,2025-05-16 22:38:00,200,Authorization successful,1
EVT00002328,PAY0000596,PaymentCaptured,Authorized,Captured,2025-05-16 22:40:00,201,Payment captured,2
EVT00002329,PAY0000596,PaymentSettled,Captured,Settled,2025-05-16 22:42:00,202,Settlement completed,3
EVT00002330,PAY0000597,PaymentCreated,NULL,Created,2024-01-18 11:21:00,100,Payment initiated,0
EVT00002331,PAY0000597,PaymentAuthorized,Created,Authorized,2024-01-18 11:23:00,200,Authorization successful,1
EVT00002332,PAY0000597,PaymentCaptured,Authorized,Captured,2024-01-18 11:25:00,201,Payment captured,2
EVT00002333,PAY0000597,PaymentSettled,Captured,Settled,2024-01-18 11:27:00,202,Settlement completed,3
EVT00002334,PAY0000598,PaymentCreated,NULL,Created,2025-03-02 18:19:00,100,Payment initiated,0
EVT00002335,PAY0000598,PaymentAuthorized,Created,Authorized,2025-03-02 18:21:00,200,Authorization successful,1
EVT00002336,PAY0000598,PaymentCaptured,Authorized,Captured,2025-03-02 18:23:00,201,Payment captured,2
EVT00002337,PAY0000598,PaymentSettled,Captured,Settled,2025-03-02 18:25:00,202,Settlement completed,3
EVT00002338,PAY0000599,PaymentCreated,NULL,Created,2025-10-06 00:38:00,100,Payment initiated,0
EVT00002339,PAY0000599,PaymentAuthorized,Created,Authorized,2025-10-06 00:40:00,200,Authorization successful,1
EVT00002340,PAY0000599,PaymentCaptured,Authorized,Captured,2025-10-06 00:42:00,201,Payment captured,2
EVT00002341,PAY0000599,PaymentSettled,Captured,Settled,2025-10-06 00:44:00,202,Settlement completed,3
EVT00002342,PAY0000600,PaymentCreated,NULL,Created,2025-11-02 18:36:00,100,Payment initiated,0
EVT00002343,PAY0000600,PaymentAuthorized,Created,Authorized,2025-11-02 18:38:00,200,Authorization successful,1
EVT00002344,PAY0000600,PaymentCaptured,Authorized,Captured,2025-11-02 18:40:00,201,Payment captured,2
EVT00002345,PAY0000600,PaymentSettled,Captured,Settled,2025-11-02 18:42:00,202,Settlement completed,3
EVT00002346,PAY0000601,PaymentCreated,NULL,Created,2024-02-22 18:30:00,100,Payment initiated,0
EVT00002347,PAY0000601,PaymentAuthorized,Created,Authorized,2024-02-22 18:32:00,200,Authorization successful,1
EVT00002348,PAY0000601,PaymentCaptured,Authorized,Captured,2024-02-22 18:34:00,201,Payment captured,2
EVT00002349,PAY0000601,PaymentSettled,Captured,Settled,2024-02-22 18:36:00,202,Settlement completed,3
EVT00002350,PAY0000602,PaymentCreated,NULL,Created,2025-10-06 23:39:00,100,Payment initiated,0
EVT00002351,PAY0000602,PaymentAuthorized,Created,Authorized,2025-10-06 23:41:00,200,Authorization successful,1
EVT00002352,PAY0000602,PaymentCaptured,Authorized,Captured,2025-10-06 23:43:00,201,Payment captured,2
EVT00002353,PAY0000602,PaymentSettled,Captured,Settled,2025-10-06 23:45:00,202,Settlement completed,3
EVT00002354,PAY0000603,PaymentCreated,NULL,Created,2025-01-24 04:52:00,100,Payment initiated,0
EVT00002355,PAY0000603,PaymentAuthorized,Created,Authorized,2025-01-24 04:54:00,200,Authorization successful,1
EVT00002356,PAY0000603,PaymentCaptured,Authorized,Captured,2025-01-24 04:56:00,201,Payment captured,2
EVT00002357,PAY0000603,PaymentSettled,Captured,Settled,2025-01-24 04:58:00,202,Settlement completed,3
EVT00002358,PAY0000604,PaymentCreated,NULL,Created,2024-02-02 18:44:00,100,Payment initiated,0
EVT00002359,PAY0000604,PaymentAuthorized,Created,Authorized,2024-02-02 18:46:00,200,Authorization successful,1
EVT00002360,PAY0000604,PaymentFailed,Authorized,Failed,2024-02-02 18:48:00,500,Transaction failed,2
EVT00002361,PAY0000605,PaymentCreated,NULL,Created,2024-01-20 14:20:00,100,Payment initiated,0
EVT00002362,PAY0000605,PaymentAuthorized,Created,Authorized,2024-01-20 14:22:00,200,Authorization successful,1
EVT00002363,PAY0000605,PaymentCaptured,Authorized,Captured,2024-01-20 14:24:00,201,Payment captured,2
EVT00002364,PAY0000605,PaymentSettled,Captured,Settled,2024-01-20 14:26:00,202,Settlement completed,3
EVT00002365,PAY0000606,PaymentCreated,NULL,Created,2025-02-26 22:13:00,100,Payment initiated,0
EVT00002366,PAY0000606,PaymentAuthorized,Created,Authorized,2025-02-26 22:15:00,200,Authorization successful,1
EVT00002367,PAY0000606,PaymentCaptured,Authorized,Captured,2025-02-26 22:17:00,201,Payment captured,2
EVT00002368,PAY0000606,PaymentSettled,Captured,Settled,2025-02-26 22:19:00,202,Settlement completed,3
EVT00002369,PAY0000607,PaymentCreated,NULL,Created,2025-09-18 15:55:00,100,Payment initiated,0
EVT00002370,PAY0000607,PaymentAuthorized,Created,Authorized,2025-09-18 15:57:00,200,Authorization successful,1
EVT00002371,PAY0000607,PaymentCaptured,Authorized,Captured,2025-09-18 15:59:00,201,Payment captured,2
EVT00002372,PAY0000607,PaymentSettled,Captured,Settled,2025-09-18 16:01:00,202,Settlement completed,3
EVT00002373,PAY0000608,PaymentCreated,NULL,Created,2024-03-04 22:08:00,100,Payment initiated,0
EVT00002374,PAY0000608,PaymentAuthorized,Created,Authorized,2024-03-04 22:10:00,200,Authorization successful,1
EVT00002375,PAY0000608,PaymentCaptured,Authorized,Captured,2024-03-04 22:12:00,201,Payment captured,2
EVT00002376,PAY0000608,PaymentSettled,Captured,Settled,2024-03-04 22:14:00,202,Settlement completed,3
EVT00002377,PAY0000609,PaymentCreated,NULL,Created,2025-07-28 10:42:00,100,Payment initiated,0
EVT00002378,PAY0000609,PaymentAuthorized,Created,Authorized,2025-07-28 10:44:00,200,Authorization successful,1
EVT00002379,PAY0000609,PaymentCaptured,Authorized,Captured,2025-07-28 10:46:00,201,Payment captured,2
EVT00002380,PAY0000609,PaymentSettled,Captured,Settled,2025-07-28 10:48:00,202,Settlement completed,3
EVT00002381,PAY0000610,PaymentCreated,NULL,Created,2025-01-20 10:11:00,100,Payment initiated,0
EVT00002382,PAY0000610,PaymentAuthorized,Created,Authorized,2025-01-20 10:13:00,200,Authorization successful,1
EVT00002383,PAY0000610,PaymentCaptured,Authorized,Captured,2025-01-20 10:15:00,201,Payment captured,2
EVT00002384,PAY0000610,PaymentSettled,Captured,Settled,2025-01-20 10:17:00,202,Settlement completed,3
EVT00002385,PAY0000611,PaymentCreated,NULL,Created,2025-06-29 10:34:00,100,Payment initiated,0
EVT00002386,PAY0000611,PaymentAuthorized,Created,Authorized,2025-06-29 10:36:00,200,Authorization successful,1
EVT00002387,PAY0000611,PaymentCaptured,Authorized,Captured,2025-06-29 10:38:00,201,Payment captured,2
EVT00002388,PAY0000611,PaymentSettled,Captured,Settled,2025-06-29 10:40:00,202,Settlement completed,3
EVT00002389,PAY0000612,PaymentCreated,NULL,Created,2025-11-28 20:51:00,100,Payment initiated,0
EVT00002390,PAY0000612,PaymentAuthorized,Created,Authorized,2025-11-28 20:53:00,200,Authorization successful,1
EVT00002391,PAY0000612,PaymentCaptured,Authorized,Captured,2025-11-28 20:55:00,201,Payment captured,2
EVT00002392,PAY0000612,PaymentSettled,Captured,Settled,2025-11-28 20:57:00,202,Settlement completed,3
EVT00002393,PAY0000613,PaymentCreated,NULL,Created,2025-09-16 15:12:00,100,Payment initiated,0
EVT00002394,PAY0000613,PaymentAuthorized,Created,Authorized,2025-09-16 15:14:00,200,Authorization successful,1
EVT00002395,PAY0000613,PaymentCaptured,Authorized,Captured,2025-09-16 15:16:00,201,Payment captured,2
EVT00002396,PAY0000613,PaymentSettled,Captured,Settled,2025-09-16 15:18:00,202,Settlement completed,3
EVT00002397,PAY0000614,PaymentCreated,NULL,Created,2024-10-12 17:19:00,100,Payment initiated,0
EVT00002398,PAY0000614,PaymentAuthorized,Created,Authorized,2024-10-12 17:21:00,200,Authorization successful,1
EVT00002399,PAY0000614,PaymentCaptured,Authorized,Captured,2024-10-12 17:23:00,201,Payment captured,2
EVT00002400,PAY0000614,PaymentSettled,Captured,Settled,2024-10-12 17:25:00,202,Settlement completed,3
EVT00002401,PAY0000615,PaymentCreated,NULL,Created,2024-10-31 09:45:00,100,Payment initiated,0
EVT00002402,PAY0000615,PaymentAuthorized,Created,Authorized,2024-10-31 09:47:00,200,Authorization successful,1
EVT00002403,PAY0000615,PaymentCaptured,Authorized,Captured,2024-10-31 09:49:00,201,Payment captured,2
EVT00002404,PAY0000615,PaymentSettled,Captured,Settled,2024-10-31 09:51:00,202,Settlement completed,3
EVT00002405,PAY0000616,PaymentCreated,NULL,Created,2025-05-15 10:30:00,100,Payment initiated,0
EVT00002406,PAY0000616,PaymentAuthorized,Created,Authorized,2025-05-15 10:32:00,200,Authorization successful,1
EVT00002407,PAY0000616,PaymentCaptured,Authorized,Captured,2025-05-15 10:34:00,201,Payment captured,2
EVT00002408,PAY0000616,PaymentSettled,Captured,Settled,2025-05-15 10:36:00,202,Settlement completed,3
EVT00002409,PAY0000617,PaymentCreated,NULL,Created,2024-10-07 09:07:00,100,Payment initiated,0
EVT00002410,PAY0000617,PaymentAuthorized,Created,Authorized,2024-10-07 09:09:00,200,Authorization successful,1
EVT00002411,PAY0000617,PaymentCaptured,Authorized,Captured,2024-10-07 09:11:00,201,Payment captured,2
EVT00002412,PAY0000617,PaymentSettled,Captured,Settled,2024-10-07 09:13:00,202,Settlement completed,3
EVT00002413,PAY0000618,PaymentCreated,NULL,Created,2025-07-10 12:57:00,100,Payment initiated,0
EVT00002414,PAY0000618,PaymentAuthorized,Created,Authorized,2025-07-10 12:59:00,200,Authorization successful,1
EVT00002415,PAY0000618,PaymentCaptured,Authorized,Captured,2025-07-10 13:01:00,201,Payment captured,2
EVT00002416,PAY0000618,PaymentSettled,Captured,Settled,2025-07-10 13:03:00,202,Settlement completed,3
EVT00002417,PAY0000619,PaymentCreated,NULL,Created,2024-12-19 04:18:00,100,Payment initiated,0
EVT00002418,PAY0000619,PaymentAuthorized,Created,Authorized,2024-12-19 04:20:00,200,Authorization successful,1
EVT00002419,PAY0000619,PaymentFailed,Authorized,Failed,2024-12-19 04:22:00,500,Transaction failed,2
EVT00002420,PAY0000620,PaymentCreated,NULL,Created,2024-03-21 11:59:00,100,Payment initiated,0
EVT00002421,PAY0000620,PaymentAuthorized,Created,Authorized,2024-03-21 12:01:00,200,Authorization successful,1
EVT00002422,PAY0000620,PaymentCaptured,Authorized,Captured,2024-03-21 12:03:00,201,Payment captured,2
EVT00002423,PAY0000620,PaymentSettled,Captured,Settled,2024-03-21 12:05:00,202,Settlement completed,3
EVT00002424,PAY0000621,PaymentCreated,NULL,Created,2024-09-19 23:30:00,100,Payment initiated,0
EVT00002425,PAY0000621,PaymentAuthorized,Created,Authorized,2024-09-19 23:32:00,200,Authorization successful,1
EVT00002426,PAY0000621,PaymentCaptured,Authorized,Captured,2024-09-19 23:34:00,201,Payment captured,2
EVT00002427,PAY0000621,PaymentSettled,Captured,Settled,2024-09-19 23:36:00,202,Settlement completed,3
EVT00002428,PAY0000622,PaymentCreated,NULL,Created,2025-07-05 08:59:00,100,Payment initiated,0
EVT00002429,PAY0000622,PaymentAuthorized,Created,Authorized,2025-07-05 09:01:00,200,Authorization successful,1
EVT00002430,PAY0000622,PaymentCaptured,Authorized,Captured,2025-07-05 09:03:00,201,Payment captured,2
EVT00002431,PAY0000622,PaymentSettled,Captured,Settled,2025-07-05 09:05:00,202,Settlement completed,3
EVT00002432,PAY0000623,PaymentCreated,NULL,Created,2024-10-05 04:06:00,100,Payment initiated,0
EVT00002433,PAY0000623,PaymentAuthorized,Created,Authorized,2024-10-05 04:08:00,200,Authorization successful,1
EVT00002434,PAY0000623,PaymentCaptured,Authorized,Captured,2024-10-05 04:10:00,201,Payment captured,2
EVT00002435,PAY0000623,PaymentSettled,Captured,Settled,2024-10-05 04:12:00,202,Settlement completed,3
EVT00002436,PAY0000624,PaymentCreated,NULL,Created,2025-08-23 07:15:00,100,Payment initiated,0
EVT00002437,PAY0000624,PaymentAuthorized,Created,Authorized,2025-08-23 07:17:00,200,Authorization successful,1
EVT00002438,PAY0000624,PaymentFailed,Authorized,Failed,2025-08-23 07:19:00,500,Transaction failed,2
EVT00002439,PAY0000625,PaymentCreated,NULL,Created,2025-06-27 07:40:00,100,Payment initiated,0
EVT00002440,PAY0000625,PaymentAuthorized,Created,Authorized,2025-06-27 07:42:00,200,Authorization successful,1
EVT00002441,PAY0000625,PaymentCaptured,Authorized,Captured,2025-06-27 07:44:00,201,Payment captured,2
EVT00002442,PAY0000625,PaymentSettled,Captured,Settled,2025-06-27 07:46:00,202,Settlement completed,3
EVT00002443,PAY0000626,PaymentCreated,NULL,Created,2024-04-12 13:21:00,100,Payment initiated,0
EVT00002444,PAY0000626,PaymentAuthorized,Created,Authorized,2024-04-12 13:23:00,200,Authorization successful,1
EVT00002445,PAY0000626,PaymentCaptured,Authorized,Captured,2024-04-12 13:25:00,201,Payment captured,2
EVT00002446,PAY0000626,PaymentSettled,Captured,Settled,2024-04-12 13:27:00,202,Settlement completed,3
EVT00002447,PAY0000627,PaymentCreated,NULL,Created,2024-04-12 21:49:00,100,Payment initiated,0
EVT00002448,PAY0000627,PaymentAuthorized,Created,Authorized,2024-04-12 21:51:00,200,Authorization successful,1
EVT00002449,PAY0000627,PaymentCaptured,Authorized,Captured,2024-04-12 21:53:00,201,Payment captured,2
EVT00002450,PAY0000627,PaymentSettled,Captured,Settled,2024-04-12 21:55:00,202,Settlement completed,3
EVT00002451,PAY0000628,PaymentCreated,NULL,Created,2025-07-17 05:26:00,100,Payment initiated,0
EVT00002452,PAY0000628,PaymentAuthorized,Created,Authorized,2025-07-17 05:28:00,200,Authorization successful,1
EVT00002453,PAY0000628,PaymentCaptured,Authorized,Captured,2025-07-17 05:30:00,201,Payment captured,2
EVT00002454,PAY0000628,PaymentSettled,Captured,Settled,2025-07-17 05:32:00,202,Settlement completed,3
EVT00002455,PAY0000629,PaymentCreated,NULL,Created,2025-05-02 15:41:00,100,Payment initiated,0
EVT00002456,PAY0000629,PaymentAuthorized,Created,Authorized,2025-05-02 15:43:00,200,Authorization successful,1
EVT00002457,PAY0000629,PaymentCaptured,Authorized,Captured,2025-05-02 15:45:00,201,Payment captured,2
EVT00002458,PAY0000629,PaymentSettled,Captured,Settled,2025-05-02 15:47:00,202,Settlement completed,3
EVT00002459,PAY0000630,PaymentCreated,NULL,Created,2024-10-21 10:18:00,100,Payment initiated,0
EVT00002460,PAY0000630,PaymentAuthorized,Created,Authorized,2024-10-21 10:20:00,200,Authorization successful,1
EVT00002461,PAY0000630,PaymentCaptured,Authorized,Captured,2024-10-21 10:22:00,201,Payment captured,2
EVT00002462,PAY0000630,PaymentSettled,Captured,Settled,2024-10-21 10:24:00,202,Settlement completed,3
EVT00002463,PAY0000631,PaymentCreated,NULL,Created,2024-04-01 20:36:00,100,Payment initiated,0
EVT00002464,PAY0000631,PaymentAuthorized,Created,Authorized,2024-04-01 20:38:00,200,Authorization successful,1
EVT00002465,PAY0000631,PaymentCaptured,Authorized,Captured,2024-04-01 20:40:00,201,Payment captured,2
EVT00002466,PAY0000631,PaymentSettled,Captured,Settled,2024-04-01 20:42:00,202,Settlement completed,3
EVT00002467,PAY0000632,PaymentCreated,NULL,Created,2024-02-08 05:26:00,100,Payment initiated,0
EVT00002468,PAY0000632,PaymentAuthorized,Created,Authorized,2024-02-08 05:28:00,200,Authorization successful,1
EVT00002469,PAY0000632,PaymentCaptured,Authorized,Captured,2024-02-08 05:30:00,201,Payment captured,2
EVT00002470,PAY0000632,PaymentSettled,Captured,Settled,2024-02-08 05:32:00,202,Settlement completed,3
EVT00002471,PAY0000633,PaymentCreated,NULL,Created,2024-06-29 01:53:00,100,Payment initiated,0
EVT00002472,PAY0000633,PaymentAuthorized,Created,Authorized,2024-06-29 01:55:00,200,Authorization successful,1
EVT00002473,PAY0000633,PaymentCaptured,Authorized,Captured,2024-06-29 01:57:00,201,Payment captured,2
EVT00002474,PAY0000633,PaymentSettled,Captured,Settled,2024-06-29 01:59:00,202,Settlement completed,3
EVT00002475,PAY0000634,PaymentCreated,NULL,Created,2025-05-22 05:59:00,100,Payment initiated,0
EVT00002476,PAY0000634,PaymentAuthorized,Created,Authorized,2025-05-22 06:01:00,200,Authorization successful,1
EVT00002477,PAY0000634,PaymentCaptured,Authorized,Captured,2025-05-22 06:03:00,201,Payment captured,2
EVT00002478,PAY0000634,PaymentSettled,Captured,Settled,2025-05-22 06:05:00,202,Settlement completed,3
EVT00002479,PAY0000635,PaymentCreated,NULL,Created,2024-10-23 01:00:00,100,Payment initiated,0
EVT00002480,PAY0000635,PaymentAuthorized,Created,Authorized,2024-10-23 01:02:00,200,Authorization successful,1
EVT00002481,PAY0000635,PaymentCaptured,Authorized,Captured,2024-10-23 01:04:00,201,Payment captured,2
EVT00002482,PAY0000635,PaymentSettled,Captured,Settled,2024-10-23 01:06:00,202,Settlement completed,3
EVT00002483,PAY0000636,PaymentCreated,NULL,Created,2025-09-09 03:59:00,100,Payment initiated,0
EVT00002484,PAY0000636,PaymentAuthorized,Created,Authorized,2025-09-09 04:01:00,200,Authorization successful,1
EVT00002485,PAY0000636,PaymentCaptured,Authorized,Captured,2025-09-09 04:03:00,201,Payment captured,2
EVT00002486,PAY0000636,PaymentSettled,Captured,Settled,2025-09-09 04:05:00,202,Settlement completed,3
EVT00002487,PAY0000637,PaymentCreated,NULL,Created,2024-10-18 14:41:00,100,Payment initiated,0
EVT00002488,PAY0000637,PaymentAuthorized,Created,Authorized,2024-10-18 14:43:00,200,Authorization successful,1
EVT00002489,PAY0000637,PaymentCaptured,Authorized,Captured,2024-10-18 14:45:00,201,Payment captured,2
EVT00002490,PAY0000637,PaymentSettled,Captured,Settled,2024-10-18 14:47:00,202,Settlement completed,3
EVT00002491,PAY0000638,PaymentCreated,NULL,Created,2025-05-20 04:54:00,100,Payment initiated,0
EVT00002492,PAY0000638,PaymentAuthorized,Created,Authorized,2025-05-20 04:56:00,200,Authorization successful,1
EVT00002493,PAY0000638,PaymentCaptured,Authorized,Captured,2025-05-20 04:58:00,201,Payment captured,2
EVT00002494,PAY0000638,PaymentSettled,Captured,Settled,2025-05-20 05:00:00,202,Settlement completed,3
EVT00002495,PAY0000639,PaymentCreated,NULL,Created,2024-10-06 06:51:00,100,Payment initiated,0
EVT00002496,PAY0000639,PaymentAuthorized,Created,Authorized,2024-10-06 06:53:00,200,Authorization successful,1
EVT00002497,PAY0000639,PaymentFailed,Authorized,Failed,2024-10-06 06:55:00,500,Transaction failed,2
EVT00002498,PAY0000640,PaymentCreated,NULL,Created,2024-06-15 23:29:00,100,Payment initiated,0
EVT00002499,PAY0000640,PaymentAuthorized,Created,Authorized,2024-06-15 23:31:00,200,Authorization successful,1
EVT00002500,PAY0000640,PaymentCaptured,Authorized,Captured,2024-06-15 23:33:00,201,Payment captured,2
EVT00002501,PAY0000640,PaymentSettled,Captured,Settled,2024-06-15 23:35:00,202,Settlement completed,3
EVT00002502,PAY0000641,PaymentCreated,NULL,Created,2024-07-09 00:47:00,100,Payment initiated,0
EVT00002503,PAY0000641,PaymentAuthorized,Created,Authorized,2024-07-09 00:49:00,200,Authorization successful,1
EVT00002504,PAY0000641,PaymentCaptured,Authorized,Captured,2024-07-09 00:51:00,201,Payment captured,2
EVT00002505,PAY0000641,PaymentSettled,Captured,Settled,2024-07-09 00:53:00,202,Settlement completed,3
EVT00002506,PAY0000642,PaymentCreated,NULL,Created,2024-10-29 18:43:00,100,Payment initiated,0
EVT00002507,PAY0000642,PaymentAuthorized,Created,Authorized,2024-10-29 18:45:00,200,Authorization successful,1
EVT00002508,PAY0000642,PaymentCaptured,Authorized,Captured,2024-10-29 18:47:00,201,Payment captured,2
EVT00002509,PAY0000642,PaymentSettled,Captured,Settled,2024-10-29 18:49:00,202,Settlement completed,3
EVT00002510,PAY0000643,PaymentCreated,NULL,Created,2024-06-28 19:54:00,100,Payment initiated,0
EVT00002511,PAY0000643,PaymentAuthorized,Created,Authorized,2024-06-28 19:56:00,200,Authorization successful,1
EVT00002512,PAY0000643,PaymentCaptured,Authorized,Captured,2024-06-28 19:58:00,201,Payment captured,2
EVT00002513,PAY0000643,PaymentSettled,Captured,Settled,2024-06-28 20:00:00,202,Settlement completed,3
EVT00002514,PAY0000644,PaymentCreated,NULL,Created,2025-02-19 13:32:00,100,Payment initiated,0
EVT00002515,PAY0000644,PaymentAuthorized,Created,Authorized,2025-02-19 13:34:00,200,Authorization successful,1
EVT00002516,PAY0000644,PaymentCaptured,Authorized,Captured,2025-02-19 13:36:00,201,Payment captured,2
EVT00002517,PAY0000644,PaymentSettled,Captured,Settled,2025-02-19 13:38:00,202,Settlement completed,3
EVT00002518,PAY0000645,PaymentCreated,NULL,Created,2025-02-14 21:06:00,100,Payment initiated,0
EVT00002519,PAY0000645,PaymentAuthorized,Created,Authorized,2025-02-14 21:08:00,200,Authorization successful,1
EVT00002520,PAY0000645,PaymentCaptured,Authorized,Captured,2025-02-14 21:10:00,201,Payment captured,2
EVT00002521,PAY0000645,PaymentSettled,Captured,Settled,2025-02-14 21:12:00,202,Settlement completed,3
EVT00002522,PAY0000646,PaymentCreated,NULL,Created,2024-05-23 15:20:00,100,Payment initiated,0
EVT00002523,PAY0000646,PaymentAuthorized,Created,Authorized,2024-05-23 15:22:00,200,Authorization successful,1
EVT00002524,PAY0000646,PaymentCaptured,Authorized,Captured,2024-05-23 15:24:00,201,Payment captured,2
EVT00002525,PAY0000646,PaymentSettled,Captured,Settled,2024-05-23 15:26:00,202,Settlement completed,3
EVT00002526,PAY0000647,PaymentCreated,NULL,Created,2024-01-07 08:24:00,100,Payment initiated,0
EVT00002527,PAY0000647,PaymentAuthorized,Created,Authorized,2024-01-07 08:26:00,200,Authorization successful,1
EVT00002528,PAY0000647,PaymentCaptured,Authorized,Captured,2024-01-07 08:28:00,201,Payment captured,2
EVT00002529,PAY0000647,PaymentSettled,Captured,Settled,2024-01-07 08:30:00,202,Settlement completed,3
EVT00002530,PAY0000648,PaymentCreated,NULL,Created,2024-09-30 10:19:00,100,Payment initiated,0
EVT00002531,PAY0000648,PaymentAuthorized,Created,Authorized,2024-09-30 10:21:00,200,Authorization successful,1
EVT00002532,PAY0000648,PaymentCaptured,Authorized,Captured,2024-09-30 10:23:00,201,Payment captured,2
EVT00002533,PAY0000648,PaymentSettled,Captured,Settled,2024-09-30 10:25:00,202,Settlement completed,3
EVT00002534,PAY0000649,PaymentCreated,NULL,Created,2025-08-09 00:16:00,100,Payment initiated,0
EVT00002535,PAY0000649,PaymentAuthorized,Created,Authorized,2025-08-09 00:18:00,200,Authorization successful,1
EVT00002536,PAY0000649,PaymentCaptured,Authorized,Captured,2025-08-09 00:20:00,201,Payment captured,2
EVT00002537,PAY0000649,PaymentSettled,Captured,Settled,2025-08-09 00:22:00,202,Settlement completed,3
EVT00002538,PAY0000650,PaymentCreated,NULL,Created,2024-08-29 01:42:00,100,Payment initiated,0
EVT00002539,PAY0000650,PaymentAuthorized,Created,Authorized,2024-08-29 01:44:00,200,Authorization successful,1
EVT00002540,PAY0000650,PaymentFailed,Authorized,Failed,2024-08-29 01:46:00,500,Transaction failed,2
EVT00002541,PAY0000651,PaymentCreated,NULL,Created,2024-11-10 05:25:00,100,Payment initiated,0
EVT00002542,PAY0000651,PaymentAuthorized,Created,Authorized,2024-11-10 05:27:00,200,Authorization successful,1
EVT00002543,PAY0000651,PaymentCaptured,Authorized,Captured,2024-11-10 05:29:00,201,Payment captured,2
EVT00002544,PAY0000651,PaymentSettled,Captured,Settled,2024-11-10 05:31:00,202,Settlement completed,3
EVT00002545,PAY0000652,PaymentCreated,NULL,Created,2024-11-14 22:07:00,100,Payment initiated,0
EVT00002546,PAY0000652,PaymentAuthorized,Created,Authorized,2024-11-14 22:09:00,200,Authorization successful,1
EVT00002547,PAY0000652,PaymentCaptured,Authorized,Captured,2024-11-14 22:11:00,201,Payment captured,2
EVT00002548,PAY0000652,PaymentSettled,Captured,Settled,2024-11-14 22:13:00,202,Settlement completed,3
EVT00002549,PAY0000653,PaymentCreated,NULL,Created,2024-10-29 11:39:00,100,Payment initiated,0
EVT00002550,PAY0000653,PaymentAuthorized,Created,Authorized,2024-10-29 11:41:00,200,Authorization successful,1
EVT00002551,PAY0000653,PaymentCaptured,Authorized,Captured,2024-10-29 11:43:00,201,Payment captured,2
EVT00002552,PAY0000653,PaymentSettled,Captured,Settled,2024-10-29 11:45:00,202,Settlement completed,3
EVT00002553,PAY0000654,PaymentCreated,NULL,Created,2024-05-16 15:09:00,100,Payment initiated,0
EVT00002554,PAY0000654,PaymentAuthorized,Created,Authorized,2024-05-16 15:11:00,200,Authorization successful,1
EVT00002555,PAY0000654,PaymentCaptured,Authorized,Captured,2024-05-16 15:13:00,201,Payment captured,2
EVT00002556,PAY0000654,PaymentSettled,Captured,Settled,2024-05-16 15:15:00,202,Settlement completed,3
EVT00002557,PAY0000655,PaymentCreated,NULL,Created,2025-09-12 11:26:00,100,Payment initiated,0
EVT00002558,PAY0000655,PaymentAuthorized,Created,Authorized,2025-09-12 11:28:00,200,Authorization successful,1
EVT00002559,PAY0000655,PaymentCaptured,Authorized,Captured,2025-09-12 11:30:00,201,Payment captured,2
EVT00002560,PAY0000655,PaymentSettled,Captured,Settled,2025-09-12 11:32:00,202,Settlement completed,3
EVT00002561,PAY0000656,PaymentCreated,NULL,Created,2025-04-27 17:51:00,100,Payment initiated,0
EVT00002562,PAY0000656,PaymentAuthorized,Created,Authorized,2025-04-27 17:53:00,200,Authorization successful,1
EVT00002563,PAY0000656,PaymentCaptured,Authorized,Captured,2025-04-27 17:55:00,201,Payment captured,2
EVT00002564,PAY0000656,PaymentSettled,Captured,Settled,2025-04-27 17:57:00,202,Settlement completed,3
EVT00002565,PAY0000657,PaymentCreated,NULL,Created,2024-08-11 07:43:00,100,Payment initiated,0
EVT00002566,PAY0000657,PaymentAuthorized,Created,Authorized,2024-08-11 07:45:00,200,Authorization successful,1
EVT00002567,PAY0000657,PaymentCaptured,Authorized,Captured,2024-08-11 07:47:00,201,Payment captured,2
EVT00002568,PAY0000657,PaymentSettled,Captured,Settled,2024-08-11 07:49:00,202,Settlement completed,3
EVT00002569,PAY0000658,PaymentCreated,NULL,Created,2024-03-24 16:28:00,100,Payment initiated,0
EVT00002570,PAY0000658,PaymentAuthorized,Created,Authorized,2024-03-24 16:30:00,200,Authorization successful,1
EVT00002571,PAY0000658,PaymentCaptured,Authorized,Captured,2024-03-24 16:32:00,201,Payment captured,2
EVT00002572,PAY0000658,PaymentSettled,Captured,Settled,2024-03-24 16:34:00,202,Settlement completed,3
EVT00002573,PAY0000659,PaymentCreated,NULL,Created,2025-01-05 02:58:00,100,Payment initiated,0
EVT00002574,PAY0000659,PaymentAuthorized,Created,Authorized,2025-01-05 03:00:00,200,Authorization successful,1
EVT00002575,PAY0000659,PaymentCaptured,Authorized,Captured,2025-01-05 03:02:00,201,Payment captured,2
EVT00002576,PAY0000659,PaymentSettled,Captured,Settled,2025-01-05 03:04:00,202,Settlement completed,3
EVT00002577,PAY0000660,PaymentCreated,NULL,Created,2024-03-04 17:57:00,100,Payment initiated,0
EVT00002578,PAY0000660,PaymentAuthorized,Created,Authorized,2024-03-04 17:59:00,200,Authorization successful,1
EVT00002579,PAY0000660,PaymentCaptured,Authorized,Captured,2024-03-04 18:01:00,201,Payment captured,2
EVT00002580,PAY0000660,PaymentSettled,Captured,Settled,2024-03-04 18:03:00,202,Settlement completed,3
EVT00002581,PAY0000661,PaymentCreated,NULL,Created,2025-08-09 17:09:00,100,Payment initiated,0
EVT00002582,PAY0000661,PaymentAuthorized,Created,Authorized,2025-08-09 17:11:00,200,Authorization successful,1
EVT00002583,PAY0000661,PaymentCaptured,Authorized,Captured,2025-08-09 17:13:00,201,Payment captured,2
EVT00002584,PAY0000661,PaymentSettled,Captured,Settled,2025-08-09 17:15:00,202,Settlement completed,3
EVT00002585,PAY0000662,PaymentCreated,NULL,Created,2025-06-16 14:07:00,100,Payment initiated,0
EVT00002586,PAY0000662,PaymentAuthorized,Created,Authorized,2025-06-16 14:09:00,200,Authorization successful,1
EVT00002587,PAY0000662,PaymentCaptured,Authorized,Captured,2025-06-16 14:11:00,201,Payment captured,2
EVT00002588,PAY0000662,PaymentSettled,Captured,Settled,2025-06-16 14:13:00,202,Settlement completed,3
EVT00002589,PAY0000663,PaymentCreated,NULL,Created,2025-08-20 15:05:00,100,Payment initiated,0
EVT00002590,PAY0000663,PaymentAuthorized,Created,Authorized,2025-08-20 15:07:00,200,Authorization successful,1
EVT00002591,PAY0000663,PaymentCaptured,Authorized,Captured,2025-08-20 15:09:00,201,Payment captured,2
EVT00002592,PAY0000663,PaymentSettled,Captured,Settled,2025-08-20 15:11:00,202,Settlement completed,3
EVT00002593,PAY0000664,PaymentCreated,NULL,Created,2025-04-01 01:29:00,100,Payment initiated,0
EVT00002594,PAY0000664,PaymentAuthorized,Created,Authorized,2025-04-01 01:31:00,200,Authorization successful,1
EVT00002595,PAY0000664,PaymentCaptured,Authorized,Captured,2025-04-01 01:33:00,201,Payment captured,2
EVT00002596,PAY0000664,PaymentSettled,Captured,Settled,2025-04-01 01:35:00,202,Settlement completed,3
EVT00002597,PAY0000665,PaymentCreated,NULL,Created,2025-03-01 14:36:00,100,Payment initiated,0
EVT00002598,PAY0000665,PaymentAuthorized,Created,Authorized,2025-03-01 14:38:00,200,Authorization successful,1
EVT00002599,PAY0000665,PaymentFailed,Authorized,Failed,2025-03-01 14:40:00,500,Transaction failed,2
EVT00002600,PAY0000666,PaymentCreated,NULL,Created,2025-04-18 21:51:00,100,Payment initiated,0
EVT00002601,PAY0000666,PaymentAuthorized,Created,Authorized,2025-04-18 21:53:00,200,Authorization successful,1
EVT00002602,PAY0000666,PaymentCaptured,Authorized,Captured,2025-04-18 21:55:00,201,Payment captured,2
EVT00002603,PAY0000666,PaymentSettled,Captured,Settled,2025-04-18 21:57:00,202,Settlement completed,3
EVT00002604,PAY0000667,PaymentCreated,NULL,Created,2024-01-23 12:16:00,100,Payment initiated,0
EVT00002605,PAY0000667,PaymentAuthorized,Created,Authorized,2024-01-23 12:18:00,200,Authorization successful,1
EVT00002606,PAY0000667,PaymentCaptured,Authorized,Captured,2024-01-23 12:20:00,201,Payment captured,2
EVT00002607,PAY0000667,PaymentSettled,Captured,Settled,2024-01-23 12:22:00,202,Settlement completed,3
EVT00002608,PAY0000668,PaymentCreated,NULL,Created,2024-08-11 18:04:00,100,Payment initiated,0
EVT00002609,PAY0000668,PaymentAuthorized,Created,Authorized,2024-08-11 18:06:00,200,Authorization successful,1
EVT00002610,PAY0000668,PaymentFailed,Authorized,Failed,2024-08-11 18:08:00,500,Transaction failed,2
EVT00002611,PAY0000669,PaymentCreated,NULL,Created,2024-12-18 22:04:00,100,Payment initiated,0
EVT00002612,PAY0000669,PaymentAuthorized,Created,Authorized,2024-12-18 22:06:00,200,Authorization successful,1
EVT00002613,PAY0000669,PaymentCaptured,Authorized,Captured,2024-12-18 22:08:00,201,Payment captured,2
EVT00002614,PAY0000669,PaymentSettled,Captured,Settled,2024-12-18 22:10:00,202,Settlement completed,3
EVT00002615,PAY0000670,PaymentCreated,NULL,Created,2024-03-02 02:59:00,100,Payment initiated,0
EVT00002616,PAY0000670,PaymentAuthorized,Created,Authorized,2024-03-02 03:01:00,200,Authorization successful,1
EVT00002617,PAY0000670,PaymentCaptured,Authorized,Captured,2024-03-02 03:03:00,201,Payment captured,2
EVT00002618,PAY0000670,PaymentSettled,Captured,Settled,2024-03-02 03:05:00,202,Settlement completed,3
EVT00002619,PAY0000671,PaymentCreated,NULL,Created,2024-10-20 13:11:00,100,Payment initiated,0
EVT00002620,PAY0000671,PaymentAuthorized,Created,Authorized,2024-10-20 13:13:00,200,Authorization successful,1
EVT00002621,PAY0000671,PaymentCaptured,Authorized,Captured,2024-10-20 13:15:00,201,Payment captured,2
EVT00002622,PAY0000671,PaymentSettled,Captured,Settled,2024-10-20 13:17:00,202,Settlement completed,3
EVT00002623,PAY0000672,PaymentCreated,NULL,Created,2025-10-18 23:41:00,100,Payment initiated,0
EVT00002624,PAY0000672,PaymentAuthorized,Created,Authorized,2025-10-18 23:43:00,200,Authorization successful,1
EVT00002625,PAY0000672,PaymentCaptured,Authorized,Captured,2025-10-18 23:45:00,201,Payment captured,2
EVT00002626,PAY0000672,PaymentSettled,Captured,Settled,2025-10-18 23:47:00,202,Settlement completed,3
EVT00002627,PAY0000673,PaymentCreated,NULL,Created,2025-01-18 12:28:00,100,Payment initiated,0
EVT00002628,PAY0000673,PaymentAuthorized,Created,Authorized,2025-01-18 12:30:00,200,Authorization successful,1
EVT00002629,PAY0000673,PaymentCaptured,Authorized,Captured,2025-01-18 12:32:00,201,Payment captured,2
EVT00002630,PAY0000673,PaymentSettled,Captured,Settled,2025-01-18 12:34:00,202,Settlement completed,3
EVT00002631,PAY0000674,PaymentCreated,NULL,Created,2025-01-21 12:05:00,100,Payment initiated,0
EVT00002632,PAY0000674,PaymentAuthorized,Created,Authorized,2025-01-21 12:07:00,200,Authorization successful,1
EVT00002633,PAY0000674,PaymentCaptured,Authorized,Captured,2025-01-21 12:09:00,201,Payment captured,2
EVT00002634,PAY0000674,PaymentSettled,Captured,Settled,2025-01-21 12:11:00,202,Settlement completed,3
EVT00002635,PAY0000675,PaymentCreated,NULL,Created,2025-11-08 17:08:00,100,Payment initiated,0
EVT00002636,PAY0000675,PaymentAuthorized,Created,Authorized,2025-11-08 17:10:00,200,Authorization successful,1
EVT00002637,PAY0000675,PaymentCaptured,Authorized,Captured,2025-11-08 17:12:00,201,Payment captured,2
EVT00002638,PAY0000675,PaymentSettled,Captured,Settled,2025-11-08 17:14:00,202,Settlement completed,3
EVT00002639,PAY0000676,PaymentCreated,NULL,Created,2024-12-22 03:11:00,100,Payment initiated,0
EVT00002640,PAY0000676,PaymentAuthorized,Created,Authorized,2024-12-22 03:13:00,200,Authorization successful,1
EVT00002641,PAY0000676,PaymentCaptured,Authorized,Captured,2024-12-22 03:15:00,201,Payment captured,2
EVT00002642,PAY0000676,PaymentSettled,Captured,Settled,2024-12-22 03:17:00,202,Settlement completed,3
EVT00002643,PAY0000677,PaymentCreated,NULL,Created,2025-02-06 16:08:00,100,Payment initiated,0
EVT00002644,PAY0000677,PaymentAuthorized,Created,Authorized,2025-02-06 16:10:00,200,Authorization successful,1
EVT00002645,PAY0000677,PaymentCaptured,Authorized,Captured,2025-02-06 16:12:00,201,Payment captured,2
EVT00002646,PAY0000677,PaymentSettled,Captured,Settled,2025-02-06 16:14:00,202,Settlement completed,3
EVT00002647,PAY0000678,PaymentCreated,NULL,Created,2024-08-16 00:48:00,100,Payment initiated,0
EVT00002648,PAY0000678,PaymentAuthorized,Created,Authorized,2024-08-16 00:50:00,200,Authorization successful,1
EVT00002649,PAY0000678,PaymentFailed,Authorized,Failed,2024-08-16 00:52:00,500,Transaction failed,2
EVT00002650,PAY0000679,PaymentCreated,NULL,Created,2024-11-01 14:43:00,100,Payment initiated,0
EVT00002651,PAY0000679,PaymentAuthorized,Created,Authorized,2024-11-01 14:45:00,200,Authorization successful,1
EVT00002652,PAY0000679,PaymentCaptured,Authorized,Captured,2024-11-01 14:47:00,201,Payment captured,2
EVT00002653,PAY0000679,PaymentSettled,Captured,Settled,2024-11-01 14:49:00,202,Settlement completed,3
EVT00002654,PAY0000680,PaymentCreated,NULL,Created,2025-03-10 17:24:00,100,Payment initiated,0
EVT00002655,PAY0000680,PaymentAuthorized,Created,Authorized,2025-03-10 17:26:00,200,Authorization successful,1
EVT00002656,PAY0000680,PaymentCaptured,Authorized,Captured,2025-03-10 17:28:00,201,Payment captured,2
EVT00002657,PAY0000680,PaymentSettled,Captured,Settled,2025-03-10 17:30:00,202,Settlement completed,3
EVT00002658,PAY0000681,PaymentCreated,NULL,Created,2024-09-10 14:22:00,100,Payment initiated,0
EVT00002659,PAY0000681,PaymentAuthorized,Created,Authorized,2024-09-10 14:24:00,200,Authorization successful,1
EVT00002660,PAY0000681,PaymentCaptured,Authorized,Captured,2024-09-10 14:26:00,201,Payment captured,2
EVT00002661,PAY0000681,PaymentSettled,Captured,Settled,2024-09-10 14:28:00,202,Settlement completed,3
EVT00002662,PAY0000682,PaymentCreated,NULL,Created,2024-07-12 23:48:00,100,Payment initiated,0
EVT00002663,PAY0000682,PaymentAuthorized,Created,Authorized,2024-07-12 23:50:00,200,Authorization successful,1
EVT00002664,PAY0000682,PaymentFailed,Authorized,Failed,2024-07-12 23:52:00,500,Transaction failed,2
EVT00002665,PAY0000683,PaymentCreated,NULL,Created,2025-11-07 13:39:00,100,Payment initiated,0
EVT00002666,PAY0000683,PaymentAuthorized,Created,Authorized,2025-11-07 13:41:00,200,Authorization successful,1
EVT00002667,PAY0000683,PaymentCaptured,Authorized,Captured,2025-11-07 13:43:00,201,Payment captured,2
EVT00002668,PAY0000683,PaymentSettled,Captured,Settled,2025-11-07 13:45:00,202,Settlement completed,3
EVT00002669,PAY0000684,PaymentCreated,NULL,Created,2024-01-17 07:13:00,100,Payment initiated,0
EVT00002670,PAY0000684,PaymentAuthorized,Created,Authorized,2024-01-17 07:15:00,200,Authorization successful,1
EVT00002671,PAY0000684,PaymentFailed,Authorized,Failed,2024-01-17 07:17:00,500,Transaction failed,2
EVT00002672,PAY0000685,PaymentCreated,NULL,Created,2025-08-31 01:28:00,100,Payment initiated,0
EVT00002673,PAY0000685,PaymentAuthorized,Created,Authorized,2025-08-31 01:30:00,200,Authorization successful,1
EVT00002674,PAY0000685,PaymentCaptured,Authorized,Captured,2025-08-31 01:32:00,201,Payment captured,2
EVT00002675,PAY0000685,PaymentSettled,Captured,Settled,2025-08-31 01:34:00,202,Settlement completed,3
EVT00002676,PAY0000686,PaymentCreated,NULL,Created,2024-02-19 07:47:00,100,Payment initiated,0
EVT00002677,PAY0000686,PaymentAuthorized,Created,Authorized,2024-02-19 07:49:00,200,Authorization successful,1
EVT00002678,PAY0000686,PaymentFailed,Authorized,Failed,2024-02-19 07:51:00,500,Transaction failed,2
EVT00002679,PAY0000687,PaymentCreated,NULL,Created,2025-03-25 07:34:00,100,Payment initiated,0
EVT00002680,PAY0000687,PaymentAuthorized,Created,Authorized,2025-03-25 07:36:00,200,Authorization successful,1
EVT00002681,PAY0000687,PaymentCaptured,Authorized,Captured,2025-03-25 07:38:00,201,Payment captured,2
EVT00002682,PAY0000687,PaymentSettled,Captured,Settled,2025-03-25 07:40:00,202,Settlement completed,3
EVT00002683,PAY0000688,PaymentCreated,NULL,Created,2024-02-27 04:32:00,100,Payment initiated,0
EVT00002684,PAY0000688,PaymentAuthorized,Created,Authorized,2024-02-27 04:34:00,200,Authorization successful,1
EVT00002685,PAY0000688,PaymentCaptured,Authorized,Captured,2024-02-27 04:36:00,201,Payment captured,2
EVT00002686,PAY0000688,PaymentSettled,Captured,Settled,2024-02-27 04:38:00,202,Settlement completed,3
EVT00002687,PAY0000689,PaymentCreated,NULL,Created,2024-08-27 23:36:00,100,Payment initiated,0
EVT00002688,PAY0000689,PaymentAuthorized,Created,Authorized,2024-08-27 23:38:00,200,Authorization successful,1
EVT00002689,PAY0000689,PaymentCaptured,Authorized,Captured,2024-08-27 23:40:00,201,Payment captured,2
EVT00002690,PAY0000689,PaymentSettled,Captured,Settled,2024-08-27 23:42:00,202,Settlement completed,3
EVT00002691,PAY0000690,PaymentCreated,NULL,Created,2025-09-04 21:52:00,100,Payment initiated,0
EVT00002692,PAY0000690,PaymentAuthorized,Created,Authorized,2025-09-04 21:54:00,200,Authorization successful,1
EVT00002693,PAY0000690,PaymentCaptured,Authorized,Captured,2025-09-04 21:56:00,201,Payment captured,2
EVT00002694,PAY0000690,PaymentSettled,Captured,Settled,2025-09-04 21:58:00,202,Settlement completed,3
EVT00002695,PAY0000691,PaymentCreated,NULL,Created,2024-11-05 04:42:00,100,Payment initiated,0
EVT00002696,PAY0000691,PaymentAuthorized,Created,Authorized,2024-11-05 04:44:00,200,Authorization successful,1
EVT00002697,PAY0000691,PaymentCaptured,Authorized,Captured,2024-11-05 04:46:00,201,Payment captured,2
EVT00002698,PAY0000691,PaymentSettled,Captured,Settled,2024-11-05 04:48:00,202,Settlement completed,3
EVT00002699,PAY0000692,PaymentCreated,NULL,Created,2025-02-27 09:17:00,100,Payment initiated,0
EVT00002700,PAY0000692,PaymentAuthorized,Created,Authorized,2025-02-27 09:19:00,200,Authorization successful,1
EVT00002701,PAY0000692,PaymentFailed,Authorized,Failed,2025-02-27 09:21:00,500,Transaction failed,2
EVT00002702,PAY0000693,PaymentCreated,NULL,Created,2025-08-28 23:58:00,100,Payment initiated,0
EVT00002703,PAY0000693,PaymentAuthorized,Created,Authorized,2025-08-29 00:00:00,200,Authorization successful,1
EVT00002704,PAY0000693,PaymentCaptured,Authorized,Captured,2025-08-29 00:02:00,201,Payment captured,2
EVT00002705,PAY0000693,PaymentSettled,Captured,Settled,2025-08-29 00:04:00,202,Settlement completed,3
EVT00002706,PAY0000694,PaymentCreated,NULL,Created,2025-11-26 13:35:00,100,Payment initiated,0
EVT00002707,PAY0000694,PaymentAuthorized,Created,Authorized,2025-11-26 13:37:00,200,Authorization successful,1
EVT00002708,PAY0000694,PaymentCaptured,Authorized,Captured,2025-11-26 13:39:00,201,Payment captured,2
EVT00002709,PAY0000694,PaymentSettled,Captured,Settled,2025-11-26 13:41:00,202,Settlement completed,3
EVT00002710,PAY0000695,PaymentCreated,NULL,Created,2024-12-18 20:42:00,100,Payment initiated,0
EVT00002711,PAY0000695,PaymentAuthorized,Created,Authorized,2024-12-18 20:44:00,200,Authorization successful,1
EVT00002712,PAY0000695,PaymentCaptured,Authorized,Captured,2024-12-18 20:46:00,201,Payment captured,2
EVT00002713,PAY0000695,PaymentSettled,Captured,Settled,2024-12-18 20:48:00,202,Settlement completed,3
EVT00002714,PAY0000696,PaymentCreated,NULL,Created,2025-06-21 10:44:00,100,Payment initiated,0
EVT00002715,PAY0000696,PaymentAuthorized,Created,Authorized,2025-06-21 10:46:00,200,Authorization successful,1
EVT00002716,PAY0000696,PaymentCaptured,Authorized,Captured,2025-06-21 10:48:00,201,Payment captured,2
EVT00002717,PAY0000696,PaymentSettled,Captured,Settled,2025-06-21 10:50:00,202,Settlement completed,3
EVT00002718,PAY0000697,PaymentCreated,NULL,Created,2024-06-01 09:24:00,100,Payment initiated,0
EVT00002719,PAY0000697,PaymentAuthorized,Created,Authorized,2024-06-01 09:26:00,200,Authorization successful,1
EVT00002720,PAY0000697,PaymentCaptured,Authorized,Captured,2024-06-01 09:28:00,201,Payment captured,2
EVT00002721,PAY0000697,PaymentSettled,Captured,Settled,2024-06-01 09:30:00,202,Settlement completed,3
EVT00002722,PAY0000698,PaymentCreated,NULL,Created,2025-07-04 15:15:00,100,Payment initiated,0
EVT00002723,PAY0000698,PaymentAuthorized,Created,Authorized,2025-07-04 15:17:00,200,Authorization successful,1
EVT00002724,PAY0000698,PaymentCaptured,Authorized,Captured,2025-07-04 15:19:00,201,Payment captured,2
EVT00002725,PAY0000698,PaymentSettled,Captured,Settled,2025-07-04 15:21:00,202,Settlement completed,3
EVT00002726,PAY0000699,PaymentCreated,NULL,Created,2024-11-03 22:09:00,100,Payment initiated,0
EVT00002727,PAY0000699,PaymentAuthorized,Created,Authorized,2024-11-03 22:11:00,200,Authorization successful,1
EVT00002728,PAY0000699,PaymentCaptured,Authorized,Captured,2024-11-03 22:13:00,201,Payment captured,2
EVT00002729,PAY0000699,PaymentSettled,Captured,Settled,2024-11-03 22:15:00,202,Settlement completed,3
EVT00002730,PAY0000700,PaymentCreated,NULL,Created,2024-02-29 17:26:00,100,Payment initiated,0
EVT00002731,PAY0000700,PaymentAuthorized,Created,Authorized,2024-02-29 17:28:00,200,Authorization successful,1
EVT00002732,PAY0000700,PaymentCaptured,Authorized,Captured,2024-02-29 17:30:00,201,Payment captured,2
EVT00002733,PAY0000700,PaymentSettled,Captured,Settled,2024-02-29 17:32:00,202,Settlement completed,3
EVT00002734,PAY0000701,PaymentCreated,NULL,Created,2025-07-24 16:08:00,100,Payment initiated,0
EVT00002735,PAY0000701,PaymentAuthorized,Created,Authorized,2025-07-24 16:10:00,200,Authorization successful,1
EVT00002736,PAY0000701,PaymentCaptured,Authorized,Captured,2025-07-24 16:12:00,201,Payment captured,2
EVT00002737,PAY0000701,PaymentSettled,Captured,Settled,2025-07-24 16:14:00,202,Settlement completed,3
EVT00002738,PAY0000702,PaymentCreated,NULL,Created,2024-09-18 06:21:00,100,Payment initiated,0
EVT00002739,PAY0000702,PaymentAuthorized,Created,Authorized,2024-09-18 06:23:00,200,Authorization successful,1
EVT00002740,PAY0000702,PaymentCaptured,Authorized,Captured,2024-09-18 06:25:00,201,Payment captured,2
EVT00002741,PAY0000702,PaymentSettled,Captured,Settled,2024-09-18 06:27:00,202,Settlement completed,3
EVT00002742,PAY0000703,PaymentCreated,NULL,Created,2025-04-05 11:05:00,100,Payment initiated,0
EVT00002743,PAY0000703,PaymentAuthorized,Created,Authorized,2025-04-05 11:07:00,200,Authorization successful,1
EVT00002744,PAY0000703,PaymentCaptured,Authorized,Captured,2025-04-05 11:09:00,201,Payment captured,2
EVT00002745,PAY0000703,PaymentSettled,Captured,Settled,2025-04-05 11:11:00,202,Settlement completed,3
EVT00002746,PAY0000704,PaymentCreated,NULL,Created,2024-07-14 01:17:00,100,Payment initiated,0
EVT00002747,PAY0000704,PaymentAuthorized,Created,Authorized,2024-07-14 01:19:00,200,Authorization successful,1
EVT00002748,PAY0000704,PaymentCaptured,Authorized,Captured,2024-07-14 01:21:00,201,Payment captured,2
EVT00002749,PAY0000704,PaymentSettled,Captured,Settled,2024-07-14 01:23:00,202,Settlement completed,3
EVT00002750,PAY0000705,PaymentCreated,NULL,Created,2025-09-11 19:02:00,100,Payment initiated,0
EVT00002751,PAY0000705,PaymentAuthorized,Created,Authorized,2025-09-11 19:04:00,200,Authorization successful,1
EVT00002752,PAY0000705,PaymentCaptured,Authorized,Captured,2025-09-11 19:06:00,201,Payment captured,2
EVT00002753,PAY0000705,PaymentSettled,Captured,Settled,2025-09-11 19:08:00,202,Settlement completed,3
EVT00002754,PAY0000706,PaymentCreated,NULL,Created,2024-07-11 18:46:00,100,Payment initiated,0
EVT00002755,PAY0000706,PaymentAuthorized,Created,Authorized,2024-07-11 18:48:00,200,Authorization successful,1
EVT00002756,PAY0000706,PaymentCaptured,Authorized,Captured,2024-07-11 18:50:00,201,Payment captured,2
EVT00002757,PAY0000706,PaymentSettled,Captured,Settled,2024-07-11 18:52:00,202,Settlement completed,3
EVT00002758,PAY0000707,PaymentCreated,NULL,Created,2024-08-10 15:13:00,100,Payment initiated,0
EVT00002759,PAY0000707,PaymentAuthorized,Created,Authorized,2024-08-10 15:15:00,200,Authorization successful,1
EVT00002760,PAY0000707,PaymentCaptured,Authorized,Captured,2024-08-10 15:17:00,201,Payment captured,2
EVT00002761,PAY0000707,PaymentSettled,Captured,Settled,2024-08-10 15:19:00,202,Settlement completed,3
EVT00002762,PAY0000708,PaymentCreated,NULL,Created,2024-12-06 09:58:00,100,Payment initiated,0
EVT00002763,PAY0000708,PaymentAuthorized,Created,Authorized,2024-12-06 10:00:00,200,Authorization successful,1
EVT00002764,PAY0000708,PaymentFailed,Authorized,Failed,2024-12-06 10:02:00,500,Transaction failed,2
EVT00002765,PAY0000709,PaymentCreated,NULL,Created,2024-07-13 23:07:00,100,Payment initiated,0
EVT00002766,PAY0000709,PaymentAuthorized,Created,Authorized,2024-07-13 23:09:00,200,Authorization successful,1
EVT00002767,PAY0000709,PaymentCaptured,Authorized,Captured,2024-07-13 23:11:00,201,Payment captured,2
EVT00002768,PAY0000709,PaymentSettled,Captured,Settled,2024-07-13 23:13:00,202,Settlement completed,3
EVT00002769,PAY0000710,PaymentCreated,NULL,Created,2025-05-05 07:44:00,100,Payment initiated,0
EVT00002770,PAY0000710,PaymentAuthorized,Created,Authorized,2025-05-05 07:46:00,200,Authorization successful,1
EVT00002771,PAY0000710,PaymentCaptured,Authorized,Captured,2025-05-05 07:48:00,201,Payment captured,2
EVT00002772,PAY0000710,PaymentSettled,Captured,Settled,2025-05-05 07:50:00,202,Settlement completed,3
EVT00002773,PAY0000711,PaymentCreated,NULL,Created,2024-07-28 12:58:00,100,Payment initiated,0
EVT00002774,PAY0000711,PaymentAuthorized,Created,Authorized,2024-07-28 13:00:00,200,Authorization successful,1
EVT00002775,PAY0000711,PaymentCaptured,Authorized,Captured,2024-07-28 13:02:00,201,Payment captured,2
EVT00002776,PAY0000711,PaymentSettled,Captured,Settled,2024-07-28 13:04:00,202,Settlement completed,3
EVT00002777,PAY0000712,PaymentCreated,NULL,Created,2024-11-25 09:24:00,100,Payment initiated,0
EVT00002778,PAY0000712,PaymentAuthorized,Created,Authorized,2024-11-25 09:26:00,200,Authorization successful,1
EVT00002779,PAY0000712,PaymentCaptured,Authorized,Captured,2024-11-25 09:28:00,201,Payment captured,2
EVT00002780,PAY0000712,PaymentSettled,Captured,Settled,2024-11-25 09:30:00,202,Settlement completed,3
EVT00002781,PAY0000713,PaymentCreated,NULL,Created,2025-10-26 11:19:00,100,Payment initiated,0
EVT00002782,PAY0000713,PaymentAuthorized,Created,Authorized,2025-10-26 11:21:00,200,Authorization successful,1
EVT00002783,PAY0000713,PaymentCaptured,Authorized,Captured,2025-10-26 11:23:00,201,Payment captured,2
EVT00002784,PAY0000713,PaymentSettled,Captured,Settled,2025-10-26 11:25:00,202,Settlement completed,3
EVT00002785,PAY0000714,PaymentCreated,NULL,Created,2025-06-09 15:29:00,100,Payment initiated,0
EVT00002786,PAY0000714,PaymentAuthorized,Created,Authorized,2025-06-09 15:31:00,200,Authorization successful,1
EVT00002787,PAY0000714,PaymentFailed,Authorized,Failed,2025-06-09 15:33:00,500,Transaction failed,2
EVT00002788,PAY0000715,PaymentCreated,NULL,Created,2025-04-25 10:58:00,100,Payment initiated,0
EVT00002789,PAY0000715,PaymentAuthorized,Created,Authorized,2025-04-25 11:00:00,200,Authorization successful,1
EVT00002790,PAY0000715,PaymentCaptured,Authorized,Captured,2025-04-25 11:02:00,201,Payment captured,2
EVT00002791,PAY0000715,PaymentSettled,Captured,Settled,2025-04-25 11:04:00,202,Settlement completed,3
EVT00002792,PAY0000716,PaymentCreated,NULL,Created,2024-11-16 13:02:00,100,Payment initiated,0
EVT00002793,PAY0000716,PaymentAuthorized,Created,Authorized,2024-11-16 13:04:00,200,Authorization successful,1
EVT00002794,PAY0000716,PaymentCaptured,Authorized,Captured,2024-11-16 13:06:00,201,Payment captured,2
EVT00002795,PAY0000716,PaymentSettled,Captured,Settled,2024-11-16 13:08:00,202,Settlement completed,3
EVT00002796,PAY0000717,PaymentCreated,NULL,Created,2024-08-14 23:09:00,100,Payment initiated,0
EVT00002797,PAY0000717,PaymentAuthorized,Created,Authorized,2024-08-14 23:11:00,200,Authorization successful,1
EVT00002798,PAY0000717,PaymentFailed,Authorized,Failed,2024-08-14 23:13:00,500,Transaction failed,2
EVT00002799,PAY0000718,PaymentCreated,NULL,Created,2025-07-20 18:37:00,100,Payment initiated,0
EVT00002800,PAY0000718,PaymentAuthorized,Created,Authorized,2025-07-20 18:39:00,200,Authorization successful,1
EVT00002801,PAY0000718,PaymentCaptured,Authorized,Captured,2025-07-20 18:41:00,201,Payment captured,2
EVT00002802,PAY0000718,PaymentSettled,Captured,Settled,2025-07-20 18:43:00,202,Settlement completed,3
EVT00002803,PAY0000719,PaymentCreated,NULL,Created,2024-10-29 04:12:00,100,Payment initiated,0
EVT00002804,PAY0000719,PaymentAuthorized,Created,Authorized,2024-10-29 04:14:00,200,Authorization successful,1
EVT00002805,PAY0000719,PaymentCaptured,Authorized,Captured,2024-10-29 04:16:00,201,Payment captured,2
EVT00002806,PAY0000719,PaymentSettled,Captured,Settled,2024-10-29 04:18:00,202,Settlement completed,3
EVT00002807,PAY0000720,PaymentCreated,NULL,Created,2025-01-23 18:53:00,100,Payment initiated,0
EVT00002808,PAY0000720,PaymentAuthorized,Created,Authorized,2025-01-23 18:55:00,200,Authorization successful,1
EVT00002809,PAY0000720,PaymentCaptured,Authorized,Captured,2025-01-23 18:57:00,201,Payment captured,2
EVT00002810,PAY0000720,PaymentSettled,Captured,Settled,2025-01-23 18:59:00,202,Settlement completed,3
EVT00002811,PAY0000721,PaymentCreated,NULL,Created,2025-07-17 20:43:00,100,Payment initiated,0
EVT00002812,PAY0000721,PaymentAuthorized,Created,Authorized,2025-07-17 20:45:00,200,Authorization successful,1
EVT00002813,PAY0000721,PaymentCaptured,Authorized,Captured,2025-07-17 20:47:00,201,Payment captured,2
EVT00002814,PAY0000721,PaymentSettled,Captured,Settled,2025-07-17 20:49:00,202,Settlement completed,3
EVT00002815,PAY0000722,PaymentCreated,NULL,Created,2025-05-15 23:41:00,100,Payment initiated,0
EVT00002816,PAY0000722,PaymentAuthorized,Created,Authorized,2025-05-15 23:43:00,200,Authorization successful,1
EVT00002817,PAY0000722,PaymentCaptured,Authorized,Captured,2025-05-15 23:45:00,201,Payment captured,2
EVT00002818,PAY0000722,PaymentSettled,Captured,Settled,2025-05-15 23:47:00,202,Settlement completed,3
EVT00002819,PAY0000723,PaymentCreated,NULL,Created,2025-04-16 05:46:00,100,Payment initiated,0
EVT00002820,PAY0000723,PaymentAuthorized,Created,Authorized,2025-04-16 05:48:00,200,Authorization successful,1
EVT00002821,PAY0000723,PaymentCaptured,Authorized,Captured,2025-04-16 05:50:00,201,Payment captured,2
EVT00002822,PAY0000723,PaymentSettled,Captured,Settled,2025-04-16 05:52:00,202,Settlement completed,3
EVT00002823,PAY0000724,PaymentCreated,NULL,Created,2024-06-22 04:46:00,100,Payment initiated,0
EVT00002824,PAY0000724,PaymentAuthorized,Created,Authorized,2024-06-22 04:48:00,200,Authorization successful,1
EVT00002825,PAY0000724,PaymentCaptured,Authorized,Captured,2024-06-22 04:50:00,201,Payment captured,2
EVT00002826,PAY0000724,PaymentSettled,Captured,Settled,2024-06-22 04:52:00,202,Settlement completed,3
EVT00002827,PAY0000725,PaymentCreated,NULL,Created,2024-07-07 17:41:00,100,Payment initiated,0
EVT00002828,PAY0000725,PaymentAuthorized,Created,Authorized,2024-07-07 17:43:00,200,Authorization successful,1
EVT00002829,PAY0000725,PaymentCaptured,Authorized,Captured,2024-07-07 17:45:00,201,Payment captured,2
EVT00002830,PAY0000725,PaymentSettled,Captured,Settled,2024-07-07 17:47:00,202,Settlement completed,3
EVT00002831,PAY0000726,PaymentCreated,NULL,Created,2025-06-20 01:53:00,100,Payment initiated,0
EVT00002832,PAY0000726,PaymentAuthorized,Created,Authorized,2025-06-20 01:55:00,200,Authorization successful,1
EVT00002833,PAY0000726,PaymentCaptured,Authorized,Captured,2025-06-20 01:57:00,201,Payment captured,2
EVT00002834,PAY0000726,PaymentSettled,Captured,Settled,2025-06-20 01:59:00,202,Settlement completed,3
EVT00002835,PAY0000727,PaymentCreated,NULL,Created,2025-11-15 01:48:00,100,Payment initiated,0
EVT00002836,PAY0000727,PaymentAuthorized,Created,Authorized,2025-11-15 01:50:00,200,Authorization successful,1
EVT00002837,PAY0000727,PaymentFailed,Authorized,Failed,2025-11-15 01:52:00,500,Transaction failed,2
EVT00002838,PAY0000728,PaymentCreated,NULL,Created,2024-05-20 20:14:00,100,Payment initiated,0
EVT00002839,PAY0000728,PaymentAuthorized,Created,Authorized,2024-05-20 20:16:00,200,Authorization successful,1
EVT00002840,PAY0000728,PaymentFailed,Authorized,Failed,2024-05-20 20:18:00,500,Transaction failed,2
EVT00002841,PAY0000729,PaymentCreated,NULL,Created,2024-06-03 00:13:00,100,Payment initiated,0
EVT00002842,PAY0000729,PaymentAuthorized,Created,Authorized,2024-06-03 00:15:00,200,Authorization successful,1
EVT00002843,PAY0000729,PaymentCaptured,Authorized,Captured,2024-06-03 00:17:00,201,Payment captured,2
EVT00002844,PAY0000729,PaymentSettled,Captured,Settled,2024-06-03 00:19:00,202,Settlement completed,3
EVT00002845,PAY0000730,PaymentCreated,NULL,Created,2025-01-17 01:39:00,100,Payment initiated,0
EVT00002846,PAY0000730,PaymentAuthorized,Created,Authorized,2025-01-17 01:41:00,200,Authorization successful,1
EVT00002847,PAY0000730,PaymentCaptured,Authorized,Captured,2025-01-17 01:43:00,201,Payment captured,2
EVT00002848,PAY0000730,PaymentSettled,Captured,Settled,2025-01-17 01:45:00,202,Settlement completed,3
EVT00002849,PAY0000731,PaymentCreated,NULL,Created,2025-09-23 15:42:00,100,Payment initiated,0
EVT00002850,PAY0000731,PaymentAuthorized,Created,Authorized,2025-09-23 15:44:00,200,Authorization successful,1
EVT00002851,PAY0000731,PaymentCaptured,Authorized,Captured,2025-09-23 15:46:00,201,Payment captured,2
EVT00002852,PAY0000731,PaymentSettled,Captured,Settled,2025-09-23 15:48:00,202,Settlement completed,3
EVT00002853,PAY0000732,PaymentCreated,NULL,Created,2024-01-07 17:35:00,100,Payment initiated,0
EVT00002854,PAY0000732,PaymentAuthorized,Created,Authorized,2024-01-07 17:37:00,200,Authorization successful,1
EVT00002855,PAY0000732,PaymentCaptured,Authorized,Captured,2024-01-07 17:39:00,201,Payment captured,2
EVT00002856,PAY0000732,PaymentSettled,Captured,Settled,2024-01-07 17:41:00,202,Settlement completed,3
EVT00002857,PAY0000733,PaymentCreated,NULL,Created,2024-01-18 16:46:00,100,Payment initiated,0
EVT00002858,PAY0000733,PaymentAuthorized,Created,Authorized,2024-01-18 16:48:00,200,Authorization successful,1
EVT00002859,PAY0000733,PaymentCaptured,Authorized,Captured,2024-01-18 16:50:00,201,Payment captured,2
EVT00002860,PAY0000733,PaymentSettled,Captured,Settled,2024-01-18 16:52:00,202,Settlement completed,3
EVT00002861,PAY0000734,PaymentCreated,NULL,Created,2024-10-20 00:32:00,100,Payment initiated,0
EVT00002862,PAY0000734,PaymentAuthorized,Created,Authorized,2024-10-20 00:34:00,200,Authorization successful,1
EVT00002863,PAY0000734,PaymentCaptured,Authorized,Captured,2024-10-20 00:36:00,201,Payment captured,2
EVT00002864,PAY0000734,PaymentSettled,Captured,Settled,2024-10-20 00:38:00,202,Settlement completed,3
EVT00002865,PAY0000735,PaymentCreated,NULL,Created,2025-11-21 13:51:00,100,Payment initiated,0
EVT00002866,PAY0000735,PaymentAuthorized,Created,Authorized,2025-11-21 13:53:00,200,Authorization successful,1
EVT00002867,PAY0000735,PaymentCaptured,Authorized,Captured,2025-11-21 13:55:00,201,Payment captured,2
EVT00002868,PAY0000735,PaymentSettled,Captured,Settled,2025-11-21 13:57:00,202,Settlement completed,3
EVT00002869,PAY0000736,PaymentCreated,NULL,Created,2024-07-02 03:58:00,100,Payment initiated,0
EVT00002870,PAY0000736,PaymentAuthorized,Created,Authorized,2024-07-02 04:00:00,200,Authorization successful,1
EVT00002871,PAY0000736,PaymentFailed,Authorized,Failed,2024-07-02 04:02:00,500,Transaction failed,2
EVT00002872,PAY0000737,PaymentCreated,NULL,Created,2024-06-01 07:12:00,100,Payment initiated,0
EVT00002873,PAY0000737,PaymentAuthorized,Created,Authorized,2024-06-01 07:14:00,200,Authorization successful,1
EVT00002874,PAY0000737,PaymentCaptured,Authorized,Captured,2024-06-01 07:16:00,201,Payment captured,2
EVT00002875,PAY0000737,PaymentSettled,Captured,Settled,2024-06-01 07:18:00,202,Settlement completed,3
EVT00002876,PAY0000738,PaymentCreated,NULL,Created,2024-09-15 11:17:00,100,Payment initiated,0
EVT00002877,PAY0000738,PaymentAuthorized,Created,Authorized,2024-09-15 11:19:00,200,Authorization successful,1
EVT00002878,PAY0000738,PaymentCaptured,Authorized,Captured,2024-09-15 11:21:00,201,Payment captured,2
EVT00002879,PAY0000738,PaymentSettled,Captured,Settled,2024-09-15 11:23:00,202,Settlement completed,3
EVT00002880,PAY0000739,PaymentCreated,NULL,Created,2024-03-21 11:25:00,100,Payment initiated,0
EVT00002881,PAY0000739,PaymentAuthorized,Created,Authorized,2024-03-21 11:27:00,200,Authorization successful,1
EVT00002882,PAY0000739,PaymentCaptured,Authorized,Captured,2024-03-21 11:29:00,201,Payment captured,2
EVT00002883,PAY0000739,PaymentSettled,Captured,Settled,2024-03-21 11:31:00,202,Settlement completed,3
EVT00002884,PAY0000740,PaymentCreated,NULL,Created,2024-09-06 22:14:00,100,Payment initiated,0
EVT00002885,PAY0000740,PaymentAuthorized,Created,Authorized,2024-09-06 22:16:00,200,Authorization successful,1
EVT00002886,PAY0000740,PaymentCaptured,Authorized,Captured,2024-09-06 22:18:00,201,Payment captured,2
EVT00002887,PAY0000740,PaymentSettled,Captured,Settled,2024-09-06 22:20:00,202,Settlement completed,3
EVT00002888,PAY0000741,PaymentCreated,NULL,Created,2024-03-23 20:54:00,100,Payment initiated,0
EVT00002889,PAY0000741,PaymentAuthorized,Created,Authorized,2024-03-23 20:56:00,200,Authorization successful,1
EVT00002890,PAY0000741,PaymentCaptured,Authorized,Captured,2024-03-23 20:58:00,201,Payment captured,2
EVT00002891,PAY0000741,PaymentSettled,Captured,Settled,2024-03-23 21:00:00,202,Settlement completed,3
EVT00002892,PAY0000742,PaymentCreated,NULL,Created,2024-02-02 02:25:00,100,Payment initiated,0
EVT00002893,PAY0000742,PaymentAuthorized,Created,Authorized,2024-02-02 02:27:00,200,Authorization successful,1
EVT00002894,PAY0000742,PaymentCaptured,Authorized,Captured,2024-02-02 02:29:00,201,Payment captured,2
EVT00002895,PAY0000742,PaymentSettled,Captured,Settled,2024-02-02 02:31:00,202,Settlement completed,3
EVT00002896,PAY0000743,PaymentCreated,NULL,Created,2025-07-19 15:03:00,100,Payment initiated,0
EVT00002897,PAY0000743,PaymentAuthorized,Created,Authorized,2025-07-19 15:05:00,200,Authorization successful,1
EVT00002898,PAY0000743,PaymentCaptured,Authorized,Captured,2025-07-19 15:07:00,201,Payment captured,2
EVT00002899,PAY0000743,PaymentSettled,Captured,Settled,2025-07-19 15:09:00,202,Settlement completed,3
EVT00002900,PAY0000744,PaymentCreated,NULL,Created,2024-06-24 02:31:00,100,Payment initiated,0
EVT00002901,PAY0000744,PaymentAuthorized,Created,Authorized,2024-06-24 02:33:00,200,Authorization successful,1
EVT00002902,PAY0000744,PaymentCaptured,Authorized,Captured,2024-06-24 02:35:00,201,Payment captured,2
EVT00002903,PAY0000744,PaymentSettled,Captured,Settled,2024-06-24 02:37:00,202,Settlement completed,3
EVT00002904,PAY0000745,PaymentCreated,NULL,Created,2025-10-22 10:36:00,100,Payment initiated,0
EVT00002905,PAY0000745,PaymentAuthorized,Created,Authorized,2025-10-22 10:38:00,200,Authorization successful,1
EVT00002906,PAY0000745,PaymentCaptured,Authorized,Captured,2025-10-22 10:40:00,201,Payment captured,2
EVT00002907,PAY0000745,PaymentSettled,Captured,Settled,2025-10-22 10:42:00,202,Settlement completed,3
EVT00002908,PAY0000746,PaymentCreated,NULL,Created,2024-04-07 16:58:00,100,Payment initiated,0
EVT00002909,PAY0000746,PaymentAuthorized,Created,Authorized,2024-04-07 17:00:00,200,Authorization successful,1
EVT00002910,PAY0000746,PaymentFailed,Authorized,Failed,2024-04-07 17:02:00,500,Transaction failed,2
EVT00002911,PAY0000747,PaymentCreated,NULL,Created,2024-08-04 22:56:00,100,Payment initiated,0
EVT00002912,PAY0000747,PaymentAuthorized,Created,Authorized,2024-08-04 22:58:00,200,Authorization successful,1
EVT00002913,PAY0000747,PaymentCaptured,Authorized,Captured,2024-08-04 23:00:00,201,Payment captured,2
EVT00002914,PAY0000747,PaymentSettled,Captured,Settled,2024-08-04 23:02:00,202,Settlement completed,3
EVT00002915,PAY0000748,PaymentCreated,NULL,Created,2024-10-04 01:59:00,100,Payment initiated,0
EVT00002916,PAY0000748,PaymentAuthorized,Created,Authorized,2024-10-04 02:01:00,200,Authorization successful,1
EVT00002917,PAY0000748,PaymentFailed,Authorized,Failed,2024-10-04 02:03:00,500,Transaction failed,2
EVT00002918,PAY0000749,PaymentCreated,NULL,Created,2024-10-14 17:36:00,100,Payment initiated,0
EVT00002919,PAY0000749,PaymentAuthorized,Created,Authorized,2024-10-14 17:38:00,200,Authorization successful,1
EVT00002920,PAY0000749,PaymentCaptured,Authorized,Captured,2024-10-14 17:40:00,201,Payment captured,2
EVT00002921,PAY0000749,PaymentSettled,Captured,Settled,2024-10-14 17:42:00,202,Settlement completed,3
EVT00002922,PAY0000750,PaymentCreated,NULL,Created,2024-07-02 10:01:00,100,Payment initiated,0
EVT00002923,PAY0000750,PaymentAuthorized,Created,Authorized,2024-07-02 10:03:00,200,Authorization successful,1
EVT00002924,PAY0000750,PaymentCaptured,Authorized,Captured,2024-07-02 10:05:00,201,Payment captured,2
EVT00002925,PAY0000750,PaymentSettled,Captured,Settled,2024-07-02 10:07:00,202,Settlement completed,3
EVT00002926,PAY0000751,PaymentCreated,NULL,Created,2025-08-24 04:48:00,100,Payment initiated,0
EVT00002927,PAY0000751,PaymentAuthorized,Created,Authorized,2025-08-24 04:50:00,200,Authorization successful,1
EVT00002928,PAY0000751,PaymentCaptured,Authorized,Captured,2025-08-24 04:52:00,201,Payment captured,2
EVT00002929,PAY0000751,PaymentSettled,Captured,Settled,2025-08-24 04:54:00,202,Settlement completed,3
EVT00002930,PAY0000752,PaymentCreated,NULL,Created,2025-02-11 02:19:00,100,Payment initiated,0
EVT00002931,PAY0000752,PaymentAuthorized,Created,Authorized,2025-02-11 02:21:00,200,Authorization successful,1
EVT00002932,PAY0000752,PaymentCaptured,Authorized,Captured,2025-02-11 02:23:00,201,Payment captured,2
EVT00002933,PAY0000752,PaymentSettled,Captured,Settled,2025-02-11 02:25:00,202,Settlement completed,3
EVT00002934,PAY0000753,PaymentCreated,NULL,Created,2024-09-03 18:53:00,100,Payment initiated,0
EVT00002935,PAY0000753,PaymentAuthorized,Created,Authorized,2024-09-03 18:55:00,200,Authorization successful,1
EVT00002936,PAY0000753,PaymentCaptured,Authorized,Captured,2024-09-03 18:57:00,201,Payment captured,2
EVT00002937,PAY0000753,PaymentSettled,Captured,Settled,2024-09-03 18:59:00,202,Settlement completed,3
EVT00002938,PAY0000754,PaymentCreated,NULL,Created,2025-11-24 17:21:00,100,Payment initiated,0
EVT00002939,PAY0000754,PaymentAuthorized,Created,Authorized,2025-11-24 17:23:00,200,Authorization successful,1
EVT00002940,PAY0000754,PaymentCaptured,Authorized,Captured,2025-11-24 17:25:00,201,Payment captured,2
EVT00002941,PAY0000754,PaymentSettled,Captured,Settled,2025-11-24 17:27:00,202,Settlement completed,3
EVT00002942,PAY0000755,PaymentCreated,NULL,Created,2024-05-23 22:46:00,100,Payment initiated,0
EVT00002943,PAY0000755,PaymentAuthorized,Created,Authorized,2024-05-23 22:48:00,200,Authorization successful,1
EVT00002944,PAY0000755,PaymentFailed,Authorized,Failed,2024-05-23 22:50:00,500,Transaction failed,2
EVT00002945,PAY0000756,PaymentCreated,NULL,Created,2024-12-20 01:06:00,100,Payment initiated,0
EVT00002946,PAY0000756,PaymentAuthorized,Created,Authorized,2024-12-20 01:08:00,200,Authorization successful,1
EVT00002947,PAY0000756,PaymentCaptured,Authorized,Captured,2024-12-20 01:10:00,201,Payment captured,2
EVT00002948,PAY0000756,PaymentSettled,Captured,Settled,2024-12-20 01:12:00,202,Settlement completed,3
EVT00002949,PAY0000757,PaymentCreated,NULL,Created,2024-03-18 10:38:00,100,Payment initiated,0
EVT00002950,PAY0000757,PaymentAuthorized,Created,Authorized,2024-03-18 10:40:00,200,Authorization successful,1
EVT00002951,PAY0000757,PaymentCaptured,Authorized,Captured,2024-03-18 10:42:00,201,Payment captured,2
EVT00002952,PAY0000757,PaymentSettled,Captured,Settled,2024-03-18 10:44:00,202,Settlement completed,3
EVT00002953,PAY0000758,PaymentCreated,NULL,Created,2025-09-01 12:49:00,100,Payment initiated,0
EVT00002954,PAY0000758,PaymentAuthorized,Created,Authorized,2025-09-01 12:51:00,200,Authorization successful,1
EVT00002955,PAY0000758,PaymentCaptured,Authorized,Captured,2025-09-01 12:53:00,201,Payment captured,2
EVT00002956,PAY0000758,PaymentSettled,Captured,Settled,2025-09-01 12:55:00,202,Settlement completed,3
EVT00002957,PAY0000759,PaymentCreated,NULL,Created,2025-10-11 08:50:00,100,Payment initiated,0
EVT00002958,PAY0000759,PaymentAuthorized,Created,Authorized,2025-10-11 08:52:00,200,Authorization successful,1
EVT00002959,PAY0000759,PaymentCaptured,Authorized,Captured,2025-10-11 08:54:00,201,Payment captured,2
EVT00002960,PAY0000759,PaymentSettled,Captured,Settled,2025-10-11 08:56:00,202,Settlement completed,3
EVT00002961,PAY0000760,PaymentCreated,NULL,Created,2025-05-17 07:22:00,100,Payment initiated,0
EVT00002962,PAY0000760,PaymentAuthorized,Created,Authorized,2025-05-17 07:24:00,200,Authorization successful,1
EVT00002963,PAY0000760,PaymentCaptured,Authorized,Captured,2025-05-17 07:26:00,201,Payment captured,2
EVT00002964,PAY0000760,PaymentSettled,Captured,Settled,2025-05-17 07:28:00,202,Settlement completed,3
EVT00002965,PAY0000761,PaymentCreated,NULL,Created,2025-01-19 13:11:00,100,Payment initiated,0
EVT00002966,PAY0000761,PaymentAuthorized,Created,Authorized,2025-01-19 13:13:00,200,Authorization successful,1
EVT00002967,PAY0000761,PaymentCaptured,Authorized,Captured,2025-01-19 13:15:00,201,Payment captured,2
EVT00002968,PAY0000761,PaymentSettled,Captured,Settled,2025-01-19 13:17:00,202,Settlement completed,3
EVT00002969,PAY0000762,PaymentCreated,NULL,Created,2025-11-07 12:05:00,100,Payment initiated,0
EVT00002970,PAY0000762,PaymentAuthorized,Created,Authorized,2025-11-07 12:07:00,200,Authorization successful,1
EVT00002971,PAY0000762,PaymentCaptured,Authorized,Captured,2025-11-07 12:09:00,201,Payment captured,2
EVT00002972,PAY0000762,PaymentSettled,Captured,Settled,2025-11-07 12:11:00,202,Settlement completed,3
EVT00002973,PAY0000763,PaymentCreated,NULL,Created,2024-10-29 07:45:00,100,Payment initiated,0
EVT00002974,PAY0000763,PaymentAuthorized,Created,Authorized,2024-10-29 07:47:00,200,Authorization successful,1
EVT00002975,PAY0000763,PaymentFailed,Authorized,Failed,2024-10-29 07:49:00,500,Transaction failed,2
EVT00002976,PAY0000764,PaymentCreated,NULL,Created,2024-10-01 04:24:00,100,Payment initiated,0
EVT00002977,PAY0000764,PaymentAuthorized,Created,Authorized,2024-10-01 04:26:00,200,Authorization successful,1
EVT00002978,PAY0000764,PaymentCaptured,Authorized,Captured,2024-10-01 04:28:00,201,Payment captured,2
EVT00002979,PAY0000764,PaymentSettled,Captured,Settled,2024-10-01 04:30:00,202,Settlement completed,3
EVT00002980,PAY0000765,PaymentCreated,NULL,Created,2025-10-11 04:47:00,100,Payment initiated,0
EVT00002981,PAY0000765,PaymentAuthorized,Created,Authorized,2025-10-11 04:49:00,200,Authorization successful,1
EVT00002982,PAY0000765,PaymentCaptured,Authorized,Captured,2025-10-11 04:51:00,201,Payment captured,2
EVT00002983,PAY0000765,PaymentSettled,Captured,Settled,2025-10-11 04:53:00,202,Settlement completed,3
EVT00002984,PAY0000766,PaymentCreated,NULL,Created,2025-01-04 03:05:00,100,Payment initiated,0
EVT00002985,PAY0000766,PaymentAuthorized,Created,Authorized,2025-01-04 03:07:00,200,Authorization successful,1
EVT00002986,PAY0000766,PaymentFailed,Authorized,Failed,2025-01-04 03:09:00,500,Transaction failed,2
EVT00002987,PAY0000767,PaymentCreated,NULL,Created,2024-11-11 14:23:00,100,Payment initiated,0
EVT00002988,PAY0000767,PaymentAuthorized,Created,Authorized,2024-11-11 14:25:00,200,Authorization successful,1
EVT00002989,PAY0000767,PaymentCaptured,Authorized,Captured,2024-11-11 14:27:00,201,Payment captured,2
EVT00002990,PAY0000767,PaymentSettled,Captured,Settled,2024-11-11 14:29:00,202,Settlement completed,3
EVT00002991,PAY0000768,PaymentCreated,NULL,Created,2024-04-14 04:05:00,100,Payment initiated,0
EVT00002992,PAY0000768,PaymentAuthorized,Created,Authorized,2024-04-14 04:07:00,200,Authorization successful,1
EVT00002993,PAY0000768,PaymentCaptured,Authorized,Captured,2024-04-14 04:09:00,201,Payment captured,2
EVT00002994,PAY0000768,PaymentSettled,Captured,Settled,2024-04-14 04:11:00,202,Settlement completed,3
EVT00002995,PAY0000769,PaymentCreated,NULL,Created,2025-04-04 17:35:00,100,Payment initiated,0
EVT00002996,PAY0000769,PaymentAuthorized,Created,Authorized,2025-04-04 17:37:00,200,Authorization successful,1
EVT00002997,PAY0000769,PaymentCaptured,Authorized,Captured,2025-04-04 17:39:00,201,Payment captured,2
EVT00002998,PAY0000769,PaymentSettled,Captured,Settled,2025-04-04 17:41:00,202,Settlement completed,3
EVT00002999,PAY0000770,PaymentCreated,NULL,Created,2024-04-15 00:05:00,100,Payment initiated,0
EVT00003000,PAY0000770,PaymentAuthorized,Created,Authorized,2024-04-15 00:07:00,200,Authorization successful,1
EVT00003001,PAY0000770,PaymentCaptured,Authorized,Captured,2024-04-15 00:09:00,201,Payment captured,2
EVT00003002,PAY0000770,PaymentSettled,Captured,Settled,2024-04-15 00:11:00,202,Settlement completed,3
EVT00003003,PAY0000771,PaymentCreated,NULL,Created,2024-04-05 19:38:00,100,Payment initiated,0
EVT00003004,PAY0000771,PaymentAuthorized,Created,Authorized,2024-04-05 19:40:00,200,Authorization successful,1
EVT00003005,PAY0000771,PaymentCaptured,Authorized,Captured,2024-04-05 19:42:00,201,Payment captured,2
EVT00003006,PAY0000771,PaymentSettled,Captured,Settled,2024-04-05 19:44:00,202,Settlement completed,3
EVT00003007,PAY0000772,PaymentCreated,NULL,Created,2025-01-29 00:18:00,100,Payment initiated,0
EVT00003008,PAY0000772,PaymentAuthorized,Created,Authorized,2025-01-29 00:20:00,200,Authorization successful,1
EVT00003009,PAY0000772,PaymentCaptured,Authorized,Captured,2025-01-29 00:22:00,201,Payment captured,2
EVT00003010,PAY0000772,PaymentSettled,Captured,Settled,2025-01-29 00:24:00,202,Settlement completed,3
EVT00003011,PAY0000773,PaymentCreated,NULL,Created,2024-03-27 23:57:00,100,Payment initiated,0
EVT00003012,PAY0000773,PaymentAuthorized,Created,Authorized,2024-03-27 23:59:00,200,Authorization successful,1
EVT00003013,PAY0000773,PaymentCaptured,Authorized,Captured,2024-03-28 00:01:00,201,Payment captured,2
EVT00003014,PAY0000773,PaymentSettled,Captured,Settled,2024-03-28 00:03:00,202,Settlement completed,3
EVT00003015,PAY0000774,PaymentCreated,NULL,Created,2024-09-05 18:33:00,100,Payment initiated,0
EVT00003016,PAY0000774,PaymentAuthorized,Created,Authorized,2024-09-05 18:35:00,200,Authorization successful,1
EVT00003017,PAY0000774,PaymentCaptured,Authorized,Captured,2024-09-05 18:37:00,201,Payment captured,2
EVT00003018,PAY0000774,PaymentSettled,Captured,Settled,2024-09-05 18:39:00,202,Settlement completed,3
EVT00003019,PAY0000775,PaymentCreated,NULL,Created,2025-01-24 05:08:00,100,Payment initiated,0
EVT00003020,PAY0000775,PaymentAuthorized,Created,Authorized,2025-01-24 05:10:00,200,Authorization successful,1
EVT00003021,PAY0000775,PaymentCaptured,Authorized,Captured,2025-01-24 05:12:00,201,Payment captured,2
EVT00003022,PAY0000775,PaymentSettled,Captured,Settled,2025-01-24 05:14:00,202,Settlement completed,3
EVT00003023,PAY0000776,PaymentCreated,NULL,Created,2024-10-01 15:09:00,100,Payment initiated,0
EVT00003024,PAY0000776,PaymentAuthorized,Created,Authorized,2024-10-01 15:11:00,200,Authorization successful,1
EVT00003025,PAY0000776,PaymentFailed,Authorized,Failed,2024-10-01 15:13:00,500,Transaction failed,2
EVT00003026,PAY0000777,PaymentCreated,NULL,Created,2025-03-21 08:26:00,100,Payment initiated,0
EVT00003027,PAY0000777,PaymentAuthorized,Created,Authorized,2025-03-21 08:28:00,200,Authorization successful,1
EVT00003028,PAY0000777,PaymentCaptured,Authorized,Captured,2025-03-21 08:30:00,201,Payment captured,2
EVT00003029,PAY0000777,PaymentSettled,Captured,Settled,2025-03-21 08:32:00,202,Settlement completed,3
EVT00003030,PAY0000778,PaymentCreated,NULL,Created,2024-03-19 11:16:00,100,Payment initiated,0
EVT00003031,PAY0000778,PaymentAuthorized,Created,Authorized,2024-03-19 11:18:00,200,Authorization successful,1
EVT00003032,PAY0000778,PaymentCaptured,Authorized,Captured,2024-03-19 11:20:00,201,Payment captured,2
EVT00003033,PAY0000778,PaymentSettled,Captured,Settled,2024-03-19 11:22:00,202,Settlement completed,3
EVT00003034,PAY0000779,PaymentCreated,NULL,Created,2025-10-02 15:38:00,100,Payment initiated,0
EVT00003035,PAY0000779,PaymentAuthorized,Created,Authorized,2025-10-02 15:40:00,200,Authorization successful,1
EVT00003036,PAY0000779,PaymentCaptured,Authorized,Captured,2025-10-02 15:42:00,201,Payment captured,2
EVT00003037,PAY0000779,PaymentSettled,Captured,Settled,2025-10-02 15:44:00,202,Settlement completed,3
EVT00003038,PAY0000780,PaymentCreated,NULL,Created,2025-04-13 03:08:00,100,Payment initiated,0
EVT00003039,PAY0000780,PaymentAuthorized,Created,Authorized,2025-04-13 03:10:00,200,Authorization successful,1
EVT00003040,PAY0000780,PaymentCaptured,Authorized,Captured,2025-04-13 03:12:00,201,Payment captured,2
EVT00003041,PAY0000780,PaymentSettled,Captured,Settled,2025-04-13 03:14:00,202,Settlement completed,3
EVT00003042,PAY0000781,PaymentCreated,NULL,Created,2025-02-09 10:53:00,100,Payment initiated,0
EVT00003043,PAY0000781,PaymentAuthorized,Created,Authorized,2025-02-09 10:55:00,200,Authorization successful,1
EVT00003044,PAY0000781,PaymentCaptured,Authorized,Captured,2025-02-09 10:57:00,201,Payment captured,2
EVT00003045,PAY0000781,PaymentSettled,Captured,Settled,2025-02-09 10:59:00,202,Settlement completed,3
EVT00003046,PAY0000782,PaymentCreated,NULL,Created,2024-12-03 14:21:00,100,Payment initiated,0
EVT00003047,PAY0000782,PaymentAuthorized,Created,Authorized,2024-12-03 14:23:00,200,Authorization successful,1
EVT00003048,PAY0000782,PaymentCaptured,Authorized,Captured,2024-12-03 14:25:00,201,Payment captured,2
EVT00003049,PAY0000782,PaymentSettled,Captured,Settled,2024-12-03 14:27:00,202,Settlement completed,3
EVT00003050,PAY0000783,PaymentCreated,NULL,Created,2025-10-28 19:08:00,100,Payment initiated,0
EVT00003051,PAY0000783,PaymentAuthorized,Created,Authorized,2025-10-28 19:10:00,200,Authorization successful,1
EVT00003052,PAY0000783,PaymentCaptured,Authorized,Captured,2025-10-28 19:12:00,201,Payment captured,2
EVT00003053,PAY0000783,PaymentSettled,Captured,Settled,2025-10-28 19:14:00,202,Settlement completed,3
EVT00003054,PAY0000784,PaymentCreated,NULL,Created,2025-09-09 22:12:00,100,Payment initiated,0
EVT00003055,PAY0000784,PaymentAuthorized,Created,Authorized,2025-09-09 22:14:00,200,Authorization successful,1
EVT00003056,PAY0000784,PaymentCaptured,Authorized,Captured,2025-09-09 22:16:00,201,Payment captured,2
EVT00003057,PAY0000784,PaymentSettled,Captured,Settled,2025-09-09 22:18:00,202,Settlement completed,3
EVT00003058,PAY0000785,PaymentCreated,NULL,Created,2024-06-30 12:20:00,100,Payment initiated,0
EVT00003059,PAY0000785,PaymentAuthorized,Created,Authorized,2024-06-30 12:22:00,200,Authorization successful,1
EVT00003060,PAY0000785,PaymentCaptured,Authorized,Captured,2024-06-30 12:24:00,201,Payment captured,2
EVT00003061,PAY0000785,PaymentSettled,Captured,Settled,2024-06-30 12:26:00,202,Settlement completed,3
EVT00003062,PAY0000786,PaymentCreated,NULL,Created,2025-10-10 15:36:00,100,Payment initiated,0
EVT00003063,PAY0000786,PaymentAuthorized,Created,Authorized,2025-10-10 15:38:00,200,Authorization successful,1
EVT00003064,PAY0000786,PaymentCaptured,Authorized,Captured,2025-10-10 15:40:00,201,Payment captured,2
EVT00003065,PAY0000786,PaymentSettled,Captured,Settled,2025-10-10 15:42:00,202,Settlement completed,3
EVT00003066,PAY0000787,PaymentCreated,NULL,Created,2024-11-29 12:17:00,100,Payment initiated,0
EVT00003067,PAY0000787,PaymentAuthorized,Created,Authorized,2024-11-29 12:19:00,200,Authorization successful,1
EVT00003068,PAY0000787,PaymentCaptured,Authorized,Captured,2024-11-29 12:21:00,201,Payment captured,2
EVT00003069,PAY0000787,PaymentSettled,Captured,Settled,2024-11-29 12:23:00,202,Settlement completed,3
EVT00003070,PAY0000788,PaymentCreated,NULL,Created,2025-02-06 11:07:00,100,Payment initiated,0
EVT00003071,PAY0000788,PaymentAuthorized,Created,Authorized,2025-02-06 11:09:00,200,Authorization successful,1
EVT00003072,PAY0000788,PaymentCaptured,Authorized,Captured,2025-02-06 11:11:00,201,Payment captured,2
EVT00003073,PAY0000788,PaymentSettled,Captured,Settled,2025-02-06 11:13:00,202,Settlement completed,3
EVT00003074,PAY0000789,PaymentCreated,NULL,Created,2024-07-23 18:34:00,100,Payment initiated,0
EVT00003075,PAY0000789,PaymentAuthorized,Created,Authorized,2024-07-23 18:36:00,200,Authorization successful,1
EVT00003076,PAY0000789,PaymentCaptured,Authorized,Captured,2024-07-23 18:38:00,201,Payment captured,2
EVT00003077,PAY0000789,PaymentSettled,Captured,Settled,2024-07-23 18:40:00,202,Settlement completed,3
EVT00003078,PAY0000790,PaymentCreated,NULL,Created,2025-07-17 00:46:00,100,Payment initiated,0
EVT00003079,PAY0000790,PaymentAuthorized,Created,Authorized,2025-07-17 00:48:00,200,Authorization successful,1
EVT00003080,PAY0000790,PaymentCaptured,Authorized,Captured,2025-07-17 00:50:00,201,Payment captured,2
EVT00003081,PAY0000790,PaymentSettled,Captured,Settled,2025-07-17 00:52:00,202,Settlement completed,3
EVT00003082,PAY0000791,PaymentCreated,NULL,Created,2024-08-02 14:51:00,100,Payment initiated,0
EVT00003083,PAY0000791,PaymentAuthorized,Created,Authorized,2024-08-02 14:53:00,200,Authorization successful,1
EVT00003084,PAY0000791,PaymentCaptured,Authorized,Captured,2024-08-02 14:55:00,201,Payment captured,2
EVT00003085,PAY0000791,PaymentSettled,Captured,Settled,2024-08-02 14:57:00,202,Settlement completed,3
EVT00003086,PAY0000792,PaymentCreated,NULL,Created,2024-03-11 13:43:00,100,Payment initiated,0
EVT00003087,PAY0000792,PaymentAuthorized,Created,Authorized,2024-03-11 13:45:00,200,Authorization successful,1
EVT00003088,PAY0000792,PaymentCaptured,Authorized,Captured,2024-03-11 13:47:00,201,Payment captured,2
EVT00003089,PAY0000792,PaymentSettled,Captured,Settled,2024-03-11 13:49:00,202,Settlement completed,3
EVT00003090,PAY0000793,PaymentCreated,NULL,Created,2025-10-10 09:15:00,100,Payment initiated,0
EVT00003091,PAY0000793,PaymentAuthorized,Created,Authorized,2025-10-10 09:17:00,200,Authorization successful,1
EVT00003092,PAY0000793,PaymentCaptured,Authorized,Captured,2025-10-10 09:19:00,201,Payment captured,2
EVT00003093,PAY0000793,PaymentSettled,Captured,Settled,2025-10-10 09:21:00,202,Settlement completed,3
EVT00003094,PAY0000794,PaymentCreated,NULL,Created,2024-06-06 22:27:00,100,Payment initiated,0
EVT00003095,PAY0000794,PaymentAuthorized,Created,Authorized,2024-06-06 22:29:00,200,Authorization successful,1
EVT00003096,PAY0000794,PaymentCaptured,Authorized,Captured,2024-06-06 22:31:00,201,Payment captured,2
EVT00003097,PAY0000794,PaymentSettled,Captured,Settled,2024-06-06 22:33:00,202,Settlement completed,3
EVT00003098,PAY0000795,PaymentCreated,NULL,Created,2024-03-16 14:38:00,100,Payment initiated,0
EVT00003099,PAY0000795,PaymentAuthorized,Created,Authorized,2024-03-16 14:40:00,200,Authorization successful,1
EVT00003100,PAY0000795,PaymentCaptured,Authorized,Captured,2024-03-16 14:42:00,201,Payment captured,2
EVT00003101,PAY0000795,PaymentSettled,Captured,Settled,2024-03-16 14:44:00,202,Settlement completed,3
EVT00003102,PAY0000796,PaymentCreated,NULL,Created,2025-02-14 17:32:00,100,Payment initiated,0
EVT00003103,PAY0000796,PaymentAuthorized,Created,Authorized,2025-02-14 17:34:00,200,Authorization successful,1
EVT00003104,PAY0000796,PaymentCaptured,Authorized,Captured,2025-02-14 17:36:00,201,Payment captured,2
EVT00003105,PAY0000796,PaymentSettled,Captured,Settled,2025-02-14 17:38:00,202,Settlement completed,3
EVT00003106,PAY0000797,PaymentCreated,NULL,Created,2025-03-04 17:02:00,100,Payment initiated,0
EVT00003107,PAY0000797,PaymentAuthorized,Created,Authorized,2025-03-04 17:04:00,200,Authorization successful,1
EVT00003108,PAY0000797,PaymentCaptured,Authorized,Captured,2025-03-04 17:06:00,201,Payment captured,2
EVT00003109,PAY0000797,PaymentSettled,Captured,Settled,2025-03-04 17:08:00,202,Settlement completed,3
EVT00003110,PAY0000798,PaymentCreated,NULL,Created,2025-01-03 22:57:00,100,Payment initiated,0
EVT00003111,PAY0000798,PaymentAuthorized,Created,Authorized,2025-01-03 22:59:00,200,Authorization successful,1
EVT00003112,PAY0000798,PaymentCaptured,Authorized,Captured,2025-01-03 23:01:00,201,Payment captured,2
EVT00003113,PAY0000798,PaymentSettled,Captured,Settled,2025-01-03 23:03:00,202,Settlement completed,3
EVT00003114,PAY0000799,PaymentCreated,NULL,Created,2025-08-31 20:58:00,100,Payment initiated,0
EVT00003115,PAY0000799,PaymentAuthorized,Created,Authorized,2025-08-31 21:00:00,200,Authorization successful,1
EVT00003116,PAY0000799,PaymentFailed,Authorized,Failed,2025-08-31 21:02:00,500,Transaction failed,2
EVT00003117,PAY0000800,PaymentCreated,NULL,Created,2024-09-11 21:42:00,100,Payment initiated,0
EVT00003118,PAY0000800,PaymentAuthorized,Created,Authorized,2024-09-11 21:44:00,200,Authorization successful,1
EVT00003119,PAY0000800,PaymentCaptured,Authorized,Captured,2024-09-11 21:46:00,201,Payment captured,2
EVT00003120,PAY0000800,PaymentSettled,Captured,Settled,2024-09-11 21:48:00,202,Settlement completed,3
EVT00003121,PAY0000801,PaymentCreated,NULL,Created,2025-10-24 19:02:00,100,Payment initiated,0
EVT00003122,PAY0000801,PaymentAuthorized,Created,Authorized,2025-10-24 19:04:00,200,Authorization successful,1
EVT00003123,PAY0000801,PaymentCaptured,Authorized,Captured,2025-10-24 19:06:00,201,Payment captured,2
EVT00003124,PAY0000801,PaymentSettled,Captured,Settled,2025-10-24 19:08:00,202,Settlement completed,3
EVT00003125,PAY0000802,PaymentCreated,NULL,Created,2025-10-22 21:41:00,100,Payment initiated,0
EVT00003126,PAY0000802,PaymentAuthorized,Created,Authorized,2025-10-22 21:43:00,200,Authorization successful,1
EVT00003127,PAY0000802,PaymentCaptured,Authorized,Captured,2025-10-22 21:45:00,201,Payment captured,2
EVT00003128,PAY0000802,PaymentSettled,Captured,Settled,2025-10-22 21:47:00,202,Settlement completed,3
EVT00003129,PAY0000803,PaymentCreated,NULL,Created,2024-12-05 13:06:00,100,Payment initiated,0
EVT00003130,PAY0000803,PaymentAuthorized,Created,Authorized,2024-12-05 13:08:00,200,Authorization successful,1
EVT00003131,PAY0000803,PaymentFailed,Authorized,Failed,2024-12-05 13:10:00,500,Transaction failed,2
EVT00003132,PAY0000804,PaymentCreated,NULL,Created,2024-09-21 07:32:00,100,Payment initiated,0
EVT00003133,PAY0000804,PaymentAuthorized,Created,Authorized,2024-09-21 07:34:00,200,Authorization successful,1
EVT00003134,PAY0000804,PaymentCaptured,Authorized,Captured,2024-09-21 07:36:00,201,Payment captured,2
EVT00003135,PAY0000804,PaymentSettled,Captured,Settled,2024-09-21 07:38:00,202,Settlement completed,3
EVT00003136,PAY0000805,PaymentCreated,NULL,Created,2025-07-25 18:44:00,100,Payment initiated,0
EVT00003137,PAY0000805,PaymentAuthorized,Created,Authorized,2025-07-25 18:46:00,200,Authorization successful,1
EVT00003138,PAY0000805,PaymentCaptured,Authorized,Captured,2025-07-25 18:48:00,201,Payment captured,2
EVT00003139,PAY0000805,PaymentSettled,Captured,Settled,2025-07-25 18:50:00,202,Settlement completed,3
EVT00003140,PAY0000806,PaymentCreated,NULL,Created,2025-04-01 11:25:00,100,Payment initiated,0
EVT00003141,PAY0000806,PaymentAuthorized,Created,Authorized,2025-04-01 11:27:00,200,Authorization successful,1
EVT00003142,PAY0000806,PaymentCaptured,Authorized,Captured,2025-04-01 11:29:00,201,Payment captured,2
EVT00003143,PAY0000806,PaymentSettled,Captured,Settled,2025-04-01 11:31:00,202,Settlement completed,3
EVT00003144,PAY0000807,PaymentCreated,NULL,Created,2025-11-26 18:44:00,100,Payment initiated,0
EVT00003145,PAY0000807,PaymentAuthorized,Created,Authorized,2025-11-26 18:46:00,200,Authorization successful,1
EVT00003146,PAY0000807,PaymentCaptured,Authorized,Captured,2025-11-26 18:48:00,201,Payment captured,2
EVT00003147,PAY0000807,PaymentSettled,Captured,Settled,2025-11-26 18:50:00,202,Settlement completed,3
EVT00003148,PAY0000808,PaymentCreated,NULL,Created,2024-12-19 00:30:00,100,Payment initiated,0
EVT00003149,PAY0000808,PaymentAuthorized,Created,Authorized,2024-12-19 00:32:00,200,Authorization successful,1
EVT00003150,PAY0000808,PaymentFailed,Authorized,Failed,2024-12-19 00:34:00,500,Transaction failed,2
EVT00003151,PAY0000809,PaymentCreated,NULL,Created,2025-03-01 02:07:00,100,Payment initiated,0
EVT00003152,PAY0000809,PaymentAuthorized,Created,Authorized,2025-03-01 02:09:00,200,Authorization successful,1
EVT00003153,PAY0000809,PaymentCaptured,Authorized,Captured,2025-03-01 02:11:00,201,Payment captured,2
EVT00003154,PAY0000809,PaymentSettled,Captured,Settled,2025-03-01 02:13:00,202,Settlement completed,3
EVT00003155,PAY0000810,PaymentCreated,NULL,Created,2024-05-25 11:19:00,100,Payment initiated,0
EVT00003156,PAY0000810,PaymentAuthorized,Created,Authorized,2024-05-25 11:21:00,200,Authorization successful,1
EVT00003157,PAY0000810,PaymentCaptured,Authorized,Captured,2024-05-25 11:23:00,201,Payment captured,2
EVT00003158,PAY0000810,PaymentSettled,Captured,Settled,2024-05-25 11:25:00,202,Settlement completed,3
EVT00003159,PAY0000811,PaymentCreated,NULL,Created,2024-07-30 16:30:00,100,Payment initiated,0
EVT00003160,PAY0000811,PaymentAuthorized,Created,Authorized,2024-07-30 16:32:00,200,Authorization successful,1
EVT00003161,PAY0000811,PaymentCaptured,Authorized,Captured,2024-07-30 16:34:00,201,Payment captured,2
EVT00003162,PAY0000811,PaymentSettled,Captured,Settled,2024-07-30 16:36:00,202,Settlement completed,3
EVT00003163,PAY0000812,PaymentCreated,NULL,Created,2024-04-09 14:46:00,100,Payment initiated,0
EVT00003164,PAY0000812,PaymentAuthorized,Created,Authorized,2024-04-09 14:48:00,200,Authorization successful,1
EVT00003165,PAY0000812,PaymentCaptured,Authorized,Captured,2024-04-09 14:50:00,201,Payment captured,2
EVT00003166,PAY0000812,PaymentSettled,Captured,Settled,2024-04-09 14:52:00,202,Settlement completed,3
EVT00003167,PAY0000813,PaymentCreated,NULL,Created,2024-11-22 02:19:00,100,Payment initiated,0
EVT00003168,PAY0000813,PaymentAuthorized,Created,Authorized,2024-11-22 02:21:00,200,Authorization successful,1
EVT00003169,PAY0000813,PaymentFailed,Authorized,Failed,2024-11-22 02:23:00,500,Transaction failed,2
EVT00003170,PAY0000814,PaymentCreated,NULL,Created,2024-04-27 00:54:00,100,Payment initiated,0
EVT00003171,PAY0000814,PaymentAuthorized,Created,Authorized,2024-04-27 00:56:00,200,Authorization successful,1
EVT00003172,PAY0000814,PaymentCaptured,Authorized,Captured,2024-04-27 00:58:00,201,Payment captured,2
EVT00003173,PAY0000814,PaymentSettled,Captured,Settled,2024-04-27 01:00:00,202,Settlement completed,3
EVT00003174,PAY0000815,PaymentCreated,NULL,Created,2024-04-21 21:51:00,100,Payment initiated,0
EVT00003175,PAY0000815,PaymentAuthorized,Created,Authorized,2024-04-21 21:53:00,200,Authorization successful,1
EVT00003176,PAY0000815,PaymentCaptured,Authorized,Captured,2024-04-21 21:55:00,201,Payment captured,2
EVT00003177,PAY0000815,PaymentSettled,Captured,Settled,2024-04-21 21:57:00,202,Settlement completed,3
EVT00003178,PAY0000816,PaymentCreated,NULL,Created,2024-09-06 16:11:00,100,Payment initiated,0
EVT00003179,PAY0000816,PaymentAuthorized,Created,Authorized,2024-09-06 16:13:00,200,Authorization successful,1
EVT00003180,PAY0000816,PaymentCaptured,Authorized,Captured,2024-09-06 16:15:00,201,Payment captured,2
EVT00003181,PAY0000816,PaymentSettled,Captured,Settled,2024-09-06 16:17:00,202,Settlement completed,3
EVT00003182,PAY0000817,PaymentCreated,NULL,Created,2024-12-04 17:27:00,100,Payment initiated,0
EVT00003183,PAY0000817,PaymentAuthorized,Created,Authorized,2024-12-04 17:29:00,200,Authorization successful,1
EVT00003184,PAY0000817,PaymentCaptured,Authorized,Captured,2024-12-04 17:31:00,201,Payment captured,2
EVT00003185,PAY0000817,PaymentSettled,Captured,Settled,2024-12-04 17:33:00,202,Settlement completed,3
EVT00003186,PAY0000818,PaymentCreated,NULL,Created,2024-08-25 12:40:00,100,Payment initiated,0
EVT00003187,PAY0000818,PaymentAuthorized,Created,Authorized,2024-08-25 12:42:00,200,Authorization successful,1
EVT00003188,PAY0000818,PaymentCaptured,Authorized,Captured,2024-08-25 12:44:00,201,Payment captured,2
EVT00003189,PAY0000818,PaymentSettled,Captured,Settled,2024-08-25 12:46:00,202,Settlement completed,3
EVT00003190,PAY0000819,PaymentCreated,NULL,Created,2025-10-17 21:27:00,100,Payment initiated,0
EVT00003191,PAY0000819,PaymentAuthorized,Created,Authorized,2025-10-17 21:29:00,200,Authorization successful,1
EVT00003192,PAY0000819,PaymentCaptured,Authorized,Captured,2025-10-17 21:31:00,201,Payment captured,2
EVT00003193,PAY0000819,PaymentSettled,Captured,Settled,2025-10-17 21:33:00,202,Settlement completed,3
EVT00003194,PAY0000820,PaymentCreated,NULL,Created,2025-09-20 06:28:00,100,Payment initiated,0
EVT00003195,PAY0000820,PaymentAuthorized,Created,Authorized,2025-09-20 06:30:00,200,Authorization successful,1
EVT00003196,PAY0000820,PaymentCaptured,Authorized,Captured,2025-09-20 06:32:00,201,Payment captured,2
EVT00003197,PAY0000820,PaymentSettled,Captured,Settled,2025-09-20 06:34:00,202,Settlement completed,3
EVT00003198,PAY0000821,PaymentCreated,NULL,Created,2025-02-02 00:45:00,100,Payment initiated,0
EVT00003199,PAY0000821,PaymentAuthorized,Created,Authorized,2025-02-02 00:47:00,200,Authorization successful,1
EVT00003200,PAY0000821,PaymentCaptured,Authorized,Captured,2025-02-02 00:49:00,201,Payment captured,2
EVT00003201,PAY0000821,PaymentSettled,Captured,Settled,2025-02-02 00:51:00,202,Settlement completed,3
EVT00003202,PAY0000822,PaymentCreated,NULL,Created,2024-10-12 22:51:00,100,Payment initiated,0
EVT00003203,PAY0000822,PaymentAuthorized,Created,Authorized,2024-10-12 22:53:00,200,Authorization successful,1
EVT00003204,PAY0000822,PaymentCaptured,Authorized,Captured,2024-10-12 22:55:00,201,Payment captured,2
EVT00003205,PAY0000822,PaymentSettled,Captured,Settled,2024-10-12 22:57:00,202,Settlement completed,3
EVT00003206,PAY0000823,PaymentCreated,NULL,Created,2025-08-14 03:51:00,100,Payment initiated,0
EVT00003207,PAY0000823,PaymentAuthorized,Created,Authorized,2025-08-14 03:53:00,200,Authorization successful,1
EVT00003208,PAY0000823,PaymentCaptured,Authorized,Captured,2025-08-14 03:55:00,201,Payment captured,2
EVT00003209,PAY0000823,PaymentSettled,Captured,Settled,2025-08-14 03:57:00,202,Settlement completed,3
EVT00003210,PAY0000824,PaymentCreated,NULL,Created,2024-07-10 11:20:00,100,Payment initiated,0
EVT00003211,PAY0000824,PaymentAuthorized,Created,Authorized,2024-07-10 11:22:00,200,Authorization successful,1
EVT00003212,PAY0000824,PaymentCaptured,Authorized,Captured,2024-07-10 11:24:00,201,Payment captured,2
EVT00003213,PAY0000824,PaymentSettled,Captured,Settled,2024-07-10 11:26:00,202,Settlement completed,3
EVT00003214,PAY0000825,PaymentCreated,NULL,Created,2024-04-26 08:42:00,100,Payment initiated,0
EVT00003215,PAY0000825,PaymentAuthorized,Created,Authorized,2024-04-26 08:44:00,200,Authorization successful,1
EVT00003216,PAY0000825,PaymentCaptured,Authorized,Captured,2024-04-26 08:46:00,201,Payment captured,2
EVT00003217,PAY0000825,PaymentSettled,Captured,Settled,2024-04-26 08:48:00,202,Settlement completed,3
EVT00003218,PAY0000826,PaymentCreated,NULL,Created,2025-06-24 20:20:00,100,Payment initiated,0
EVT00003219,PAY0000826,PaymentAuthorized,Created,Authorized,2025-06-24 20:22:00,200,Authorization successful,1
EVT00003220,PAY0000826,PaymentCaptured,Authorized,Captured,2025-06-24 20:24:00,201,Payment captured,2
EVT00003221,PAY0000826,PaymentSettled,Captured,Settled,2025-06-24 20:26:00,202,Settlement completed,3
EVT00003222,PAY0000827,PaymentCreated,NULL,Created,2025-09-17 12:37:00,100,Payment initiated,0
EVT00003223,PAY0000827,PaymentAuthorized,Created,Authorized,2025-09-17 12:39:00,200,Authorization successful,1
EVT00003224,PAY0000827,PaymentFailed,Authorized,Failed,2025-09-17 12:41:00,500,Transaction failed,2
EVT00003225,PAY0000828,PaymentCreated,NULL,Created,2024-12-26 14:39:00,100,Payment initiated,0
EVT00003226,PAY0000828,PaymentAuthorized,Created,Authorized,2024-12-26 14:41:00,200,Authorization successful,1
EVT00003227,PAY0000828,PaymentCaptured,Authorized,Captured,2024-12-26 14:43:00,201,Payment captured,2
EVT00003228,PAY0000828,PaymentSettled,Captured,Settled,2024-12-26 14:45:00,202,Settlement completed,3
EVT00003229,PAY0000829,PaymentCreated,NULL,Created,2025-11-20 22:51:00,100,Payment initiated,0
EVT00003230,PAY0000829,PaymentAuthorized,Created,Authorized,2025-11-20 22:53:00,200,Authorization successful,1
EVT00003231,PAY0000829,PaymentCaptured,Authorized,Captured,2025-11-20 22:55:00,201,Payment captured,2
EVT00003232,PAY0000829,PaymentSettled,Captured,Settled,2025-11-20 22:57:00,202,Settlement completed,3
EVT00003233,PAY0000830,PaymentCreated,NULL,Created,2025-09-21 18:05:00,100,Payment initiated,0
EVT00003234,PAY0000830,PaymentAuthorized,Created,Authorized,2025-09-21 18:07:00,200,Authorization successful,1
EVT00003235,PAY0000830,PaymentCaptured,Authorized,Captured,2025-09-21 18:09:00,201,Payment captured,2
EVT00003236,PAY0000830,PaymentSettled,Captured,Settled,2025-09-21 18:11:00,202,Settlement completed,3
EVT00003237,PAY0000831,PaymentCreated,NULL,Created,2024-11-16 03:15:00,100,Payment initiated,0
EVT00003238,PAY0000831,PaymentAuthorized,Created,Authorized,2024-11-16 03:17:00,200,Authorization successful,1
EVT00003239,PAY0000831,PaymentCaptured,Authorized,Captured,2024-11-16 03:19:00,201,Payment captured,2
EVT00003240,PAY0000831,PaymentSettled,Captured,Settled,2024-11-16 03:21:00,202,Settlement completed,3
EVT00003241,PAY0000832,PaymentCreated,NULL,Created,2024-07-06 11:44:00,100,Payment initiated,0
EVT00003242,PAY0000832,PaymentAuthorized,Created,Authorized,2024-07-06 11:46:00,200,Authorization successful,1
EVT00003243,PAY0000832,PaymentCaptured,Authorized,Captured,2024-07-06 11:48:00,201,Payment captured,2
EVT00003244,PAY0000832,PaymentSettled,Captured,Settled,2024-07-06 11:50:00,202,Settlement completed,3
EVT00003245,PAY0000833,PaymentCreated,NULL,Created,2025-02-01 13:38:00,100,Payment initiated,0
EVT00003246,PAY0000833,PaymentAuthorized,Created,Authorized,2025-02-01 13:40:00,200,Authorization successful,1
EVT00003247,PAY0000833,PaymentCaptured,Authorized,Captured,2025-02-01 13:42:00,201,Payment captured,2
EVT00003248,PAY0000833,PaymentSettled,Captured,Settled,2025-02-01 13:44:00,202,Settlement completed,3
EVT00003249,PAY0000834,PaymentCreated,NULL,Created,2025-01-27 13:11:00,100,Payment initiated,0
EVT00003250,PAY0000834,PaymentAuthorized,Created,Authorized,2025-01-27 13:13:00,200,Authorization successful,1
EVT00003251,PAY0000834,PaymentCaptured,Authorized,Captured,2025-01-27 13:15:00,201,Payment captured,2
EVT00003252,PAY0000834,PaymentSettled,Captured,Settled,2025-01-27 13:17:00,202,Settlement completed,3
EVT00003253,PAY0000835,PaymentCreated,NULL,Created,2025-07-04 22:58:00,100,Payment initiated,0
EVT00003254,PAY0000835,PaymentAuthorized,Created,Authorized,2025-07-04 23:00:00,200,Authorization successful,1
EVT00003255,PAY0000835,PaymentCaptured,Authorized,Captured,2025-07-04 23:02:00,201,Payment captured,2
EVT00003256,PAY0000835,PaymentSettled,Captured,Settled,2025-07-04 23:04:00,202,Settlement completed,3
EVT00003257,PAY0000836,PaymentCreated,NULL,Created,2024-06-26 17:10:00,100,Payment initiated,0
EVT00003258,PAY0000836,PaymentAuthorized,Created,Authorized,2024-06-26 17:12:00,200,Authorization successful,1
EVT00003259,PAY0000836,PaymentCaptured,Authorized,Captured,2024-06-26 17:14:00,201,Payment captured,2
EVT00003260,PAY0000836,PaymentSettled,Captured,Settled,2024-06-26 17:16:00,202,Settlement completed,3
EVT00003261,PAY0000837,PaymentCreated,NULL,Created,2024-05-23 05:20:00,100,Payment initiated,0
EVT00003262,PAY0000837,PaymentAuthorized,Created,Authorized,2024-05-23 05:22:00,200,Authorization successful,1
EVT00003263,PAY0000837,PaymentCaptured,Authorized,Captured,2024-05-23 05:24:00,201,Payment captured,2
EVT00003264,PAY0000837,PaymentSettled,Captured,Settled,2024-05-23 05:26:00,202,Settlement completed,3
EVT00003265,PAY0000838,PaymentCreated,NULL,Created,2025-09-26 01:55:00,100,Payment initiated,0
EVT00003266,PAY0000838,PaymentAuthorized,Created,Authorized,2025-09-26 01:57:00,200,Authorization successful,1
EVT00003267,PAY0000838,PaymentCaptured,Authorized,Captured,2025-09-26 01:59:00,201,Payment captured,2
EVT00003268,PAY0000838,PaymentSettled,Captured,Settled,2025-09-26 02:01:00,202,Settlement completed,3
EVT00003269,PAY0000839,PaymentCreated,NULL,Created,2024-01-10 15:08:00,100,Payment initiated,0
EVT00003270,PAY0000839,PaymentAuthorized,Created,Authorized,2024-01-10 15:10:00,200,Authorization successful,1
EVT00003271,PAY0000839,PaymentCaptured,Authorized,Captured,2024-01-10 15:12:00,201,Payment captured,2
EVT00003272,PAY0000839,PaymentSettled,Captured,Settled,2024-01-10 15:14:00,202,Settlement completed,3
EVT00003273,PAY0000840,PaymentCreated,NULL,Created,2025-01-28 17:32:00,100,Payment initiated,0
EVT00003274,PAY0000840,PaymentAuthorized,Created,Authorized,2025-01-28 17:34:00,200,Authorization successful,1
EVT00003275,PAY0000840,PaymentCaptured,Authorized,Captured,2025-01-28 17:36:00,201,Payment captured,2
EVT00003276,PAY0000840,PaymentSettled,Captured,Settled,2025-01-28 17:38:00,202,Settlement completed,3
EVT00003277,PAY0000841,PaymentCreated,NULL,Created,2025-02-22 21:31:00,100,Payment initiated,0
EVT00003278,PAY0000841,PaymentAuthorized,Created,Authorized,2025-02-22 21:33:00,200,Authorization successful,1
EVT00003279,PAY0000841,PaymentCaptured,Authorized,Captured,2025-02-22 21:35:00,201,Payment captured,2
EVT00003280,PAY0000841,PaymentSettled,Captured,Settled,2025-02-22 21:37:00,202,Settlement completed,3
EVT00003281,PAY0000842,PaymentCreated,NULL,Created,2025-03-30 15:10:00,100,Payment initiated,0
EVT00003282,PAY0000842,PaymentAuthorized,Created,Authorized,2025-03-30 15:12:00,200,Authorization successful,1
EVT00003283,PAY0000842,PaymentFailed,Authorized,Failed,2025-03-30 15:14:00,500,Transaction failed,2
EVT00003284,PAY0000843,PaymentCreated,NULL,Created,2024-02-01 07:18:00,100,Payment initiated,0
EVT00003285,PAY0000843,PaymentAuthorized,Created,Authorized,2024-02-01 07:20:00,200,Authorization successful,1
EVT00003286,PAY0000843,PaymentFailed,Authorized,Failed,2024-02-01 07:22:00,500,Transaction failed,2
EVT00003287,PAY0000844,PaymentCreated,NULL,Created,2024-08-18 17:18:00,100,Payment initiated,0
EVT00003288,PAY0000844,PaymentAuthorized,Created,Authorized,2024-08-18 17:20:00,200,Authorization successful,1
EVT00003289,PAY0000844,PaymentCaptured,Authorized,Captured,2024-08-18 17:22:00,201,Payment captured,2
EVT00003290,PAY0000844,PaymentSettled,Captured,Settled,2024-08-18 17:24:00,202,Settlement completed,3
EVT00003291,PAY0000845,PaymentCreated,NULL,Created,2025-04-13 18:47:00,100,Payment initiated,0
EVT00003292,PAY0000845,PaymentAuthorized,Created,Authorized,2025-04-13 18:49:00,200,Authorization successful,1
EVT00003293,PAY0000845,PaymentCaptured,Authorized,Captured,2025-04-13 18:51:00,201,Payment captured,2
EVT00003294,PAY0000845,PaymentSettled,Captured,Settled,2025-04-13 18:53:00,202,Settlement completed,3
EVT00003295,PAY0000846,PaymentCreated,NULL,Created,2025-05-22 17:32:00,100,Payment initiated,0
EVT00003296,PAY0000846,PaymentAuthorized,Created,Authorized,2025-05-22 17:34:00,200,Authorization successful,1
EVT00003297,PAY0000846,PaymentFailed,Authorized,Failed,2025-05-22 17:36:00,500,Transaction failed,2
EVT00003298,PAY0000847,PaymentCreated,NULL,Created,2024-04-26 08:49:00,100,Payment initiated,0
EVT00003299,PAY0000847,PaymentAuthorized,Created,Authorized,2024-04-26 08:51:00,200,Authorization successful,1
EVT00003300,PAY0000847,PaymentCaptured,Authorized,Captured,2024-04-26 08:53:00,201,Payment captured,2
EVT00003301,PAY0000847,PaymentSettled,Captured,Settled,2024-04-26 08:55:00,202,Settlement completed,3
EVT00003302,PAY0000848,PaymentCreated,NULL,Created,2025-01-10 17:52:00,100,Payment initiated,0
EVT00003303,PAY0000848,PaymentAuthorized,Created,Authorized,2025-01-10 17:54:00,200,Authorization successful,1
EVT00003304,PAY0000848,PaymentCaptured,Authorized,Captured,2025-01-10 17:56:00,201,Payment captured,2
EVT00003305,PAY0000848,PaymentSettled,Captured,Settled,2025-01-10 17:58:00,202,Settlement completed,3
EVT00003306,PAY0000849,PaymentCreated,NULL,Created,2025-03-27 17:13:00,100,Payment initiated,0
EVT00003307,PAY0000849,PaymentAuthorized,Created,Authorized,2025-03-27 17:15:00,200,Authorization successful,1
EVT00003308,PAY0000849,PaymentCaptured,Authorized,Captured,2025-03-27 17:17:00,201,Payment captured,2
EVT00003309,PAY0000849,PaymentSettled,Captured,Settled,2025-03-27 17:19:00,202,Settlement completed,3
EVT00003310,PAY0000850,PaymentCreated,NULL,Created,2024-04-14 23:53:00,100,Payment initiated,0
EVT00003311,PAY0000850,PaymentAuthorized,Created,Authorized,2024-04-14 23:55:00,200,Authorization successful,1
EVT00003312,PAY0000850,PaymentCaptured,Authorized,Captured,2024-04-14 23:57:00,201,Payment captured,2
EVT00003313,PAY0000850,PaymentSettled,Captured,Settled,2024-04-14 23:59:00,202,Settlement completed,3
EVT00003314,PAY0000851,PaymentCreated,NULL,Created,2024-09-10 09:55:00,100,Payment initiated,0
EVT00003315,PAY0000851,PaymentAuthorized,Created,Authorized,2024-09-10 09:57:00,200,Authorization successful,1
EVT00003316,PAY0000851,PaymentCaptured,Authorized,Captured,2024-09-10 09:59:00,201,Payment captured,2
EVT00003317,PAY0000851,PaymentSettled,Captured,Settled,2024-09-10 10:01:00,202,Settlement completed,3
EVT00003318,PAY0000852,PaymentCreated,NULL,Created,2025-04-05 08:22:00,100,Payment initiated,0
EVT00003319,PAY0000852,PaymentAuthorized,Created,Authorized,2025-04-05 08:24:00,200,Authorization successful,1
EVT00003320,PAY0000852,PaymentCaptured,Authorized,Captured,2025-04-05 08:26:00,201,Payment captured,2
EVT00003321,PAY0000852,PaymentSettled,Captured,Settled,2025-04-05 08:28:00,202,Settlement completed,3
EVT00003322,PAY0000853,PaymentCreated,NULL,Created,2024-03-30 14:55:00,100,Payment initiated,0
EVT00003323,PAY0000853,PaymentAuthorized,Created,Authorized,2024-03-30 14:57:00,200,Authorization successful,1
EVT00003324,PAY0000853,PaymentCaptured,Authorized,Captured,2024-03-30 14:59:00,201,Payment captured,2
EVT00003325,PAY0000853,PaymentSettled,Captured,Settled,2024-03-30 15:01:00,202,Settlement completed,3
EVT00003326,PAY0000854,PaymentCreated,NULL,Created,2024-08-30 06:51:00,100,Payment initiated,0
EVT00003327,PAY0000854,PaymentAuthorized,Created,Authorized,2024-08-30 06:53:00,200,Authorization successful,1
EVT00003328,PAY0000854,PaymentCaptured,Authorized,Captured,2024-08-30 06:55:00,201,Payment captured,2
EVT00003329,PAY0000854,PaymentSettled,Captured,Settled,2024-08-30 06:57:00,202,Settlement completed,3
EVT00003330,PAY0000855,PaymentCreated,NULL,Created,2024-12-25 22:39:00,100,Payment initiated,0
EVT00003331,PAY0000855,PaymentAuthorized,Created,Authorized,2024-12-25 22:41:00,200,Authorization successful,1
EVT00003332,PAY0000855,PaymentCaptured,Authorized,Captured,2024-12-25 22:43:00,201,Payment captured,2
EVT00003333,PAY0000855,PaymentSettled,Captured,Settled,2024-12-25 22:45:00,202,Settlement completed,3
EVT00003334,PAY0000856,PaymentCreated,NULL,Created,2024-06-18 19:08:00,100,Payment initiated,0
EVT00003335,PAY0000856,PaymentAuthorized,Created,Authorized,2024-06-18 19:10:00,200,Authorization successful,1
EVT00003336,PAY0000856,PaymentCaptured,Authorized,Captured,2024-06-18 19:12:00,201,Payment captured,2
EVT00003337,PAY0000856,PaymentSettled,Captured,Settled,2024-06-18 19:14:00,202,Settlement completed,3
EVT00003338,PAY0000857,PaymentCreated,NULL,Created,2024-07-30 01:36:00,100,Payment initiated,0
EVT00003339,PAY0000857,PaymentAuthorized,Created,Authorized,2024-07-30 01:38:00,200,Authorization successful,1
EVT00003340,PAY0000857,PaymentCaptured,Authorized,Captured,2024-07-30 01:40:00,201,Payment captured,2
EVT00003341,PAY0000857,PaymentSettled,Captured,Settled,2024-07-30 01:42:00,202,Settlement completed,3
EVT00003342,PAY0000858,PaymentCreated,NULL,Created,2024-10-14 19:34:00,100,Payment initiated,0
EVT00003343,PAY0000858,PaymentAuthorized,Created,Authorized,2024-10-14 19:36:00,200,Authorization successful,1
EVT00003344,PAY0000858,PaymentCaptured,Authorized,Captured,2024-10-14 19:38:00,201,Payment captured,2
EVT00003345,PAY0000858,PaymentSettled,Captured,Settled,2024-10-14 19:40:00,202,Settlement completed,3
EVT00003346,PAY0000859,PaymentCreated,NULL,Created,2024-10-26 09:36:00,100,Payment initiated,0
EVT00003347,PAY0000859,PaymentAuthorized,Created,Authorized,2024-10-26 09:38:00,200,Authorization successful,1
EVT00003348,PAY0000859,PaymentCaptured,Authorized,Captured,2024-10-26 09:40:00,201,Payment captured,2
EVT00003349,PAY0000859,PaymentSettled,Captured,Settled,2024-10-26 09:42:00,202,Settlement completed,3
EVT00003350,PAY0000860,PaymentCreated,NULL,Created,2025-06-10 21:52:00,100,Payment initiated,0
EVT00003351,PAY0000860,PaymentAuthorized,Created,Authorized,2025-06-10 21:54:00,200,Authorization successful,1
EVT00003352,PAY0000860,PaymentFailed,Authorized,Failed,2025-06-10 21:56:00,500,Transaction failed,2
EVT00003353,PAY0000861,PaymentCreated,NULL,Created,2025-02-25 01:17:00,100,Payment initiated,0
EVT00003354,PAY0000861,PaymentAuthorized,Created,Authorized,2025-02-25 01:19:00,200,Authorization successful,1
EVT00003355,PAY0000861,PaymentCaptured,Authorized,Captured,2025-02-25 01:21:00,201,Payment captured,2
EVT00003356,PAY0000861,PaymentSettled,Captured,Settled,2025-02-25 01:23:00,202,Settlement completed,3
EVT00003357,PAY0000862,PaymentCreated,NULL,Created,2024-05-09 22:55:00,100,Payment initiated,0
EVT00003358,PAY0000862,PaymentAuthorized,Created,Authorized,2024-05-09 22:57:00,200,Authorization successful,1
EVT00003359,PAY0000862,PaymentCaptured,Authorized,Captured,2024-05-09 22:59:00,201,Payment captured,2
EVT00003360,PAY0000862,PaymentSettled,Captured,Settled,2024-05-09 23:01:00,202,Settlement completed,3
EVT00003361,PAY0000863,PaymentCreated,NULL,Created,2024-05-29 22:20:00,100,Payment initiated,0
EVT00003362,PAY0000863,PaymentAuthorized,Created,Authorized,2024-05-29 22:22:00,200,Authorization successful,1
EVT00003363,PAY0000863,PaymentCaptured,Authorized,Captured,2024-05-29 22:24:00,201,Payment captured,2
EVT00003364,PAY0000863,PaymentSettled,Captured,Settled,2024-05-29 22:26:00,202,Settlement completed,3
EVT00003365,PAY0000864,PaymentCreated,NULL,Created,2025-11-23 12:31:00,100,Payment initiated,0
EVT00003366,PAY0000864,PaymentAuthorized,Created,Authorized,2025-11-23 12:33:00,200,Authorization successful,1
EVT00003367,PAY0000864,PaymentCaptured,Authorized,Captured,2025-11-23 12:35:00,201,Payment captured,2
EVT00003368,PAY0000864,PaymentSettled,Captured,Settled,2025-11-23 12:37:00,202,Settlement completed,3
EVT00003369,PAY0000865,PaymentCreated,NULL,Created,2025-10-09 08:40:00,100,Payment initiated,0
EVT00003370,PAY0000865,PaymentAuthorized,Created,Authorized,2025-10-09 08:42:00,200,Authorization successful,1
EVT00003371,PAY0000865,PaymentCaptured,Authorized,Captured,2025-10-09 08:44:00,201,Payment captured,2
EVT00003372,PAY0000865,PaymentSettled,Captured,Settled,2025-10-09 08:46:00,202,Settlement completed,3
EVT00003373,PAY0000866,PaymentCreated,NULL,Created,2025-04-07 02:40:00,100,Payment initiated,0
EVT00003374,PAY0000866,PaymentAuthorized,Created,Authorized,2025-04-07 02:42:00,200,Authorization successful,1
EVT00003375,PAY0000866,PaymentCaptured,Authorized,Captured,2025-04-07 02:44:00,201,Payment captured,2
EVT00003376,PAY0000866,PaymentSettled,Captured,Settled,2025-04-07 02:46:00,202,Settlement completed,3
EVT00003377,PAY0000867,PaymentCreated,NULL,Created,2024-04-05 12:32:00,100,Payment initiated,0
EVT00003378,PAY0000867,PaymentAuthorized,Created,Authorized,2024-04-05 12:34:00,200,Authorization successful,1
EVT00003379,PAY0000867,PaymentCaptured,Authorized,Captured,2024-04-05 12:36:00,201,Payment captured,2
EVT00003380,PAY0000867,PaymentSettled,Captured,Settled,2024-04-05 12:38:00,202,Settlement completed,3
EVT00003381,PAY0000868,PaymentCreated,NULL,Created,2025-01-12 14:31:00,100,Payment initiated,0
EVT00003382,PAY0000868,PaymentAuthorized,Created,Authorized,2025-01-12 14:33:00,200,Authorization successful,1
EVT00003383,PAY0000868,PaymentCaptured,Authorized,Captured,2025-01-12 14:35:00,201,Payment captured,2
EVT00003384,PAY0000868,PaymentSettled,Captured,Settled,2025-01-12 14:37:00,202,Settlement completed,3
EVT00003385,PAY0000869,PaymentCreated,NULL,Created,2024-01-03 23:05:00,100,Payment initiated,0
EVT00003386,PAY0000869,PaymentAuthorized,Created,Authorized,2024-01-03 23:07:00,200,Authorization successful,1
EVT00003387,PAY0000869,PaymentCaptured,Authorized,Captured,2024-01-03 23:09:00,201,Payment captured,2
EVT00003388,PAY0000869,PaymentSettled,Captured,Settled,2024-01-03 23:11:00,202,Settlement completed,3
EVT00003389,PAY0000870,PaymentCreated,NULL,Created,2025-04-14 20:42:00,100,Payment initiated,0
EVT00003390,PAY0000870,PaymentAuthorized,Created,Authorized,2025-04-14 20:44:00,200,Authorization successful,1
EVT00003391,PAY0000870,PaymentCaptured,Authorized,Captured,2025-04-14 20:46:00,201,Payment captured,2
EVT00003392,PAY0000870,PaymentSettled,Captured,Settled,2025-04-14 20:48:00,202,Settlement completed,3
EVT00003393,PAY0000871,PaymentCreated,NULL,Created,2024-03-05 17:25:00,100,Payment initiated,0
EVT00003394,PAY0000871,PaymentAuthorized,Created,Authorized,2024-03-05 17:27:00,200,Authorization successful,1
EVT00003395,PAY0000871,PaymentCaptured,Authorized,Captured,2024-03-05 17:29:00,201,Payment captured,2
EVT00003396,PAY0000871,PaymentSettled,Captured,Settled,2024-03-05 17:31:00,202,Settlement completed,3
EVT00003397,PAY0000872,PaymentCreated,NULL,Created,2025-03-15 06:31:00,100,Payment initiated,0
EVT00003398,PAY0000872,PaymentAuthorized,Created,Authorized,2025-03-15 06:33:00,200,Authorization successful,1
EVT00003399,PAY0000872,PaymentCaptured,Authorized,Captured,2025-03-15 06:35:00,201,Payment captured,2
EVT00003400,PAY0000872,PaymentSettled,Captured,Settled,2025-03-15 06:37:00,202,Settlement completed,3
EVT00003401,PAY0000873,PaymentCreated,NULL,Created,2024-10-17 10:35:00,100,Payment initiated,0
EVT00003402,PAY0000873,PaymentAuthorized,Created,Authorized,2024-10-17 10:37:00,200,Authorization successful,1
EVT00003403,PAY0000873,PaymentCaptured,Authorized,Captured,2024-10-17 10:39:00,201,Payment captured,2
EVT00003404,PAY0000873,PaymentSettled,Captured,Settled,2024-10-17 10:41:00,202,Settlement completed,3
EVT00003405,PAY0000874,PaymentCreated,NULL,Created,2025-08-02 15:50:00,100,Payment initiated,0
EVT00003406,PAY0000874,PaymentAuthorized,Created,Authorized,2025-08-02 15:52:00,200,Authorization successful,1
EVT00003407,PAY0000874,PaymentCaptured,Authorized,Captured,2025-08-02 15:54:00,201,Payment captured,2
EVT00003408,PAY0000874,PaymentSettled,Captured,Settled,2025-08-02 15:56:00,202,Settlement completed,3
EVT00003409,PAY0000875,PaymentCreated,NULL,Created,2025-11-29 01:02:00,100,Payment initiated,0
EVT00003410,PAY0000875,PaymentAuthorized,Created,Authorized,2025-11-29 01:04:00,200,Authorization successful,1
EVT00003411,PAY0000875,PaymentFailed,Authorized,Failed,2025-11-29 01:06:00,500,Transaction failed,2
EVT00003412,PAY0000876,PaymentCreated,NULL,Created,2025-04-15 00:07:00,100,Payment initiated,0
EVT00003413,PAY0000876,PaymentAuthorized,Created,Authorized,2025-04-15 00:09:00,200,Authorization successful,1
EVT00003414,PAY0000876,PaymentCaptured,Authorized,Captured,2025-04-15 00:11:00,201,Payment captured,2
EVT00003415,PAY0000876,PaymentSettled,Captured,Settled,2025-04-15 00:13:00,202,Settlement completed,3
EVT00003416,PAY0000877,PaymentCreated,NULL,Created,2024-06-10 14:29:00,100,Payment initiated,0
EVT00003417,PAY0000877,PaymentAuthorized,Created,Authorized,2024-06-10 14:31:00,200,Authorization successful,1
EVT00003418,PAY0000877,PaymentFailed,Authorized,Failed,2024-06-10 14:33:00,500,Transaction failed,2
EVT00003419,PAY0000878,PaymentCreated,NULL,Created,2025-03-14 06:44:00,100,Payment initiated,0
EVT00003420,PAY0000878,PaymentAuthorized,Created,Authorized,2025-03-14 06:46:00,200,Authorization successful,1
EVT00003421,PAY0000878,PaymentCaptured,Authorized,Captured,2025-03-14 06:48:00,201,Payment captured,2
EVT00003422,PAY0000878,PaymentSettled,Captured,Settled,2025-03-14 06:50:00,202,Settlement completed,3
EVT00003423,PAY0000879,PaymentCreated,NULL,Created,2025-10-27 09:10:00,100,Payment initiated,0
EVT00003424,PAY0000879,PaymentAuthorized,Created,Authorized,2025-10-27 09:12:00,200,Authorization successful,1
EVT00003425,PAY0000879,PaymentCaptured,Authorized,Captured,2025-10-27 09:14:00,201,Payment captured,2
EVT00003426,PAY0000879,PaymentSettled,Captured,Settled,2025-10-27 09:16:00,202,Settlement completed,3
EVT00003427,PAY0000880,PaymentCreated,NULL,Created,2024-10-07 02:41:00,100,Payment initiated,0
EVT00003428,PAY0000880,PaymentAuthorized,Created,Authorized,2024-10-07 02:43:00,200,Authorization successful,1
EVT00003429,PAY0000880,PaymentCaptured,Authorized,Captured,2024-10-07 02:45:00,201,Payment captured,2
EVT00003430,PAY0000880,PaymentSettled,Captured,Settled,2024-10-07 02:47:00,202,Settlement completed,3
EVT00003431,PAY0000881,PaymentCreated,NULL,Created,2024-03-25 11:42:00,100,Payment initiated,0
EVT00003432,PAY0000881,PaymentAuthorized,Created,Authorized,2024-03-25 11:44:00,200,Authorization successful,1
EVT00003433,PAY0000881,PaymentCaptured,Authorized,Captured,2024-03-25 11:46:00,201,Payment captured,2
EVT00003434,PAY0000881,PaymentSettled,Captured,Settled,2024-03-25 11:48:00,202,Settlement completed,3
EVT00003435,PAY0000882,PaymentCreated,NULL,Created,2024-06-18 01:25:00,100,Payment initiated,0
EVT00003436,PAY0000882,PaymentAuthorized,Created,Authorized,2024-06-18 01:27:00,200,Authorization successful,1
EVT00003437,PAY0000882,PaymentCaptured,Authorized,Captured,2024-06-18 01:29:00,201,Payment captured,2
EVT00003438,PAY0000882,PaymentSettled,Captured,Settled,2024-06-18 01:31:00,202,Settlement completed,3
EVT00003439,PAY0000883,PaymentCreated,NULL,Created,2024-08-27 13:41:00,100,Payment initiated,0
EVT00003440,PAY0000883,PaymentAuthorized,Created,Authorized,2024-08-27 13:43:00,200,Authorization successful,1
EVT00003441,PAY0000883,PaymentFailed,Authorized,Failed,2024-08-27 13:45:00,500,Transaction failed,2
EVT00003442,PAY0000884,PaymentCreated,NULL,Created,2024-04-07 00:13:00,100,Payment initiated,0
EVT00003443,PAY0000884,PaymentAuthorized,Created,Authorized,2024-04-07 00:15:00,200,Authorization successful,1
EVT00003444,PAY0000884,PaymentCaptured,Authorized,Captured,2024-04-07 00:17:00,201,Payment captured,2
EVT00003445,PAY0000884,PaymentSettled,Captured,Settled,2024-04-07 00:19:00,202,Settlement completed,3
EVT00003446,PAY0000885,PaymentCreated,NULL,Created,2024-05-15 18:14:00,100,Payment initiated,0
EVT00003447,PAY0000885,PaymentAuthorized,Created,Authorized,2024-05-15 18:16:00,200,Authorization successful,1
EVT00003448,PAY0000885,PaymentCaptured,Authorized,Captured,2024-05-15 18:18:00,201,Payment captured,2
EVT00003449,PAY0000885,PaymentSettled,Captured,Settled,2024-05-15 18:20:00,202,Settlement completed,3
EVT00003450,PAY0000886,PaymentCreated,NULL,Created,2025-03-31 00:00:00,100,Payment initiated,0
EVT00003451,PAY0000886,PaymentAuthorized,Created,Authorized,2025-03-31 00:02:00,200,Authorization successful,1
EVT00003452,PAY0000886,PaymentCaptured,Authorized,Captured,2025-03-31 00:04:00,201,Payment captured,2
EVT00003453,PAY0000886,PaymentSettled,Captured,Settled,2025-03-31 00:06:00,202,Settlement completed,3
EVT00003454,PAY0000887,PaymentCreated,NULL,Created,2024-05-03 13:44:00,100,Payment initiated,0
EVT00003455,PAY0000887,PaymentAuthorized,Created,Authorized,2024-05-03 13:46:00,200,Authorization successful,1
EVT00003456,PAY0000887,PaymentCaptured,Authorized,Captured,2024-05-03 13:48:00,201,Payment captured,2
EVT00003457,PAY0000887,PaymentSettled,Captured,Settled,2024-05-03 13:50:00,202,Settlement completed,3
EVT00003458,PAY0000888,PaymentCreated,NULL,Created,2024-03-13 07:24:00,100,Payment initiated,0
EVT00003459,PAY0000888,PaymentAuthorized,Created,Authorized,2024-03-13 07:26:00,200,Authorization successful,1
EVT00003460,PAY0000888,PaymentFailed,Authorized,Failed,2024-03-13 07:28:00,500,Transaction failed,2
EVT00003461,PAY0000889,PaymentCreated,NULL,Created,2024-04-14 03:20:00,100,Payment initiated,0
EVT00003462,PAY0000889,PaymentAuthorized,Created,Authorized,2024-04-14 03:22:00,200,Authorization successful,1
EVT00003463,PAY0000889,PaymentCaptured,Authorized,Captured,2024-04-14 03:24:00,201,Payment captured,2
EVT00003464,PAY0000889,PaymentSettled,Captured,Settled,2024-04-14 03:26:00,202,Settlement completed,3
EVT00003465,PAY0000890,PaymentCreated,NULL,Created,2024-11-02 04:24:00,100,Payment initiated,0
EVT00003466,PAY0000890,PaymentAuthorized,Created,Authorized,2024-11-02 04:26:00,200,Authorization successful,1
EVT00003467,PAY0000890,PaymentCaptured,Authorized,Captured,2024-11-02 04:28:00,201,Payment captured,2
EVT00003468,PAY0000890,PaymentSettled,Captured,Settled,2024-11-02 04:30:00,202,Settlement completed,3
EVT00003469,PAY0000891,PaymentCreated,NULL,Created,2024-05-16 20:43:00,100,Payment initiated,0
EVT00003470,PAY0000891,PaymentAuthorized,Created,Authorized,2024-05-16 20:45:00,200,Authorization successful,1
EVT00003471,PAY0000891,PaymentCaptured,Authorized,Captured,2024-05-16 20:47:00,201,Payment captured,2
EVT00003472,PAY0000891,PaymentSettled,Captured,Settled,2024-05-16 20:49:00,202,Settlement completed,3
EVT00003473,PAY0000892,PaymentCreated,NULL,Created,2025-06-27 18:00:00,100,Payment initiated,0
EVT00003474,PAY0000892,PaymentAuthorized,Created,Authorized,2025-06-27 18:02:00,200,Authorization successful,1
EVT00003475,PAY0000892,PaymentCaptured,Authorized,Captured,2025-06-27 18:04:00,201,Payment captured,2
EVT00003476,PAY0000892,PaymentSettled,Captured,Settled,2025-06-27 18:06:00,202,Settlement completed,3
EVT00003477,PAY0000893,PaymentCreated,NULL,Created,2024-06-17 14:22:00,100,Payment initiated,0
EVT00003478,PAY0000893,PaymentAuthorized,Created,Authorized,2024-06-17 14:24:00,200,Authorization successful,1
EVT00003479,PAY0000893,PaymentCaptured,Authorized,Captured,2024-06-17 14:26:00,201,Payment captured,2
EVT00003480,PAY0000893,PaymentSettled,Captured,Settled,2024-06-17 14:28:00,202,Settlement completed,3
EVT00003481,PAY0000894,PaymentCreated,NULL,Created,2025-10-05 23:09:00,100,Payment initiated,0
EVT00003482,PAY0000894,PaymentAuthorized,Created,Authorized,2025-10-05 23:11:00,200,Authorization successful,1
EVT00003483,PAY0000894,PaymentCaptured,Authorized,Captured,2025-10-05 23:13:00,201,Payment captured,2
EVT00003484,PAY0000894,PaymentSettled,Captured,Settled,2025-10-05 23:15:00,202,Settlement completed,3
EVT00003485,PAY0000895,PaymentCreated,NULL,Created,2025-09-22 21:28:00,100,Payment initiated,0
EVT00003486,PAY0000895,PaymentAuthorized,Created,Authorized,2025-09-22 21:30:00,200,Authorization successful,1
EVT00003487,PAY0000895,PaymentCaptured,Authorized,Captured,2025-09-22 21:32:00,201,Payment captured,2
EVT00003488,PAY0000895,PaymentSettled,Captured,Settled,2025-09-22 21:34:00,202,Settlement completed,3
EVT00003489,PAY0000896,PaymentCreated,NULL,Created,2024-03-29 03:08:00,100,Payment initiated,0
EVT00003490,PAY0000896,PaymentAuthorized,Created,Authorized,2024-03-29 03:10:00,200,Authorization successful,1
EVT00003491,PAY0000896,PaymentCaptured,Authorized,Captured,2024-03-29 03:12:00,201,Payment captured,2
EVT00003492,PAY0000896,PaymentSettled,Captured,Settled,2024-03-29 03:14:00,202,Settlement completed,3
EVT00003493,PAY0000897,PaymentCreated,NULL,Created,2025-08-26 23:24:00,100,Payment initiated,0
EVT00003494,PAY0000897,PaymentAuthorized,Created,Authorized,2025-08-26 23:26:00,200,Authorization successful,1
EVT00003495,PAY0000897,PaymentCaptured,Authorized,Captured,2025-08-26 23:28:00,201,Payment captured,2
EVT00003496,PAY0000897,PaymentSettled,Captured,Settled,2025-08-26 23:30:00,202,Settlement completed,3
EVT00003497,PAY0000898,PaymentCreated,NULL,Created,2025-03-15 10:50:00,100,Payment initiated,0
EVT00003498,PAY0000898,PaymentAuthorized,Created,Authorized,2025-03-15 10:52:00,200,Authorization successful,1
EVT00003499,PAY0000898,PaymentCaptured,Authorized,Captured,2025-03-15 10:54:00,201,Payment captured,2
EVT00003500,PAY0000898,PaymentSettled,Captured,Settled,2025-03-15 10:56:00,202,Settlement completed,3
EVT00003501,PAY0000899,PaymentCreated,NULL,Created,2024-10-10 20:05:00,100,Payment initiated,0
EVT00003502,PAY0000899,PaymentAuthorized,Created,Authorized,2024-10-10 20:07:00,200,Authorization successful,1
EVT00003503,PAY0000899,PaymentCaptured,Authorized,Captured,2024-10-10 20:09:00,201,Payment captured,2
EVT00003504,PAY0000899,PaymentSettled,Captured,Settled,2024-10-10 20:11:00,202,Settlement completed,3
EVT00003505,PAY0000900,PaymentCreated,NULL,Created,2025-09-07 19:46:00,100,Payment initiated,0
EVT00003506,PAY0000900,PaymentAuthorized,Created,Authorized,2025-09-07 19:48:00,200,Authorization successful,1
EVT00003507,PAY0000900,PaymentCaptured,Authorized,Captured,2025-09-07 19:50:00,201,Payment captured,2
EVT00003508,PAY0000900,PaymentSettled,Captured,Settled,2025-09-07 19:52:00,202,Settlement completed,3
EVT00003509,PAY0000901,PaymentCreated,NULL,Created,2024-01-28 21:56:00,100,Payment initiated,0
EVT00003510,PAY0000901,PaymentAuthorized,Created,Authorized,2024-01-28 21:58:00,200,Authorization successful,1
EVT00003511,PAY0000901,PaymentCaptured,Authorized,Captured,2024-01-28 22:00:00,201,Payment captured,2
EVT00003512,PAY0000901,PaymentSettled,Captured,Settled,2024-01-28 22:02:00,202,Settlement completed,3
EVT00003513,PAY0000902,PaymentCreated,NULL,Created,2025-06-14 19:32:00,100,Payment initiated,0
EVT00003514,PAY0000902,PaymentAuthorized,Created,Authorized,2025-06-14 19:34:00,200,Authorization successful,1
EVT00003515,PAY0000902,PaymentCaptured,Authorized,Captured,2025-06-14 19:36:00,201,Payment captured,2
EVT00003516,PAY0000902,PaymentSettled,Captured,Settled,2025-06-14 19:38:00,202,Settlement completed,3
EVT00003517,PAY0000903,PaymentCreated,NULL,Created,2025-02-05 09:41:00,100,Payment initiated,0
EVT00003518,PAY0000903,PaymentAuthorized,Created,Authorized,2025-02-05 09:43:00,200,Authorization successful,1
EVT00003519,PAY0000903,PaymentFailed,Authorized,Failed,2025-02-05 09:45:00,500,Transaction failed,2
EVT00003520,PAY0000904,PaymentCreated,NULL,Created,2024-09-02 15:24:00,100,Payment initiated,0
EVT00003521,PAY0000904,PaymentAuthorized,Created,Authorized,2024-09-02 15:26:00,200,Authorization successful,1
EVT00003522,PAY0000904,PaymentFailed,Authorized,Failed,2024-09-02 15:28:00,500,Transaction failed,2
EVT00003523,PAY0000905,PaymentCreated,NULL,Created,2025-05-26 20:38:00,100,Payment initiated,0
EVT00003524,PAY0000905,PaymentAuthorized,Created,Authorized,2025-05-26 20:40:00,200,Authorization successful,1
EVT00003525,PAY0000905,PaymentFailed,Authorized,Failed,2025-05-26 20:42:00,500,Transaction failed,2
EVT00003526,PAY0000906,PaymentCreated,NULL,Created,2024-01-13 11:59:00,100,Payment initiated,0
EVT00003527,PAY0000906,PaymentAuthorized,Created,Authorized,2024-01-13 12:01:00,200,Authorization successful,1
EVT00003528,PAY0000906,PaymentCaptured,Authorized,Captured,2024-01-13 12:03:00,201,Payment captured,2
EVT00003529,PAY0000906,PaymentSettled,Captured,Settled,2024-01-13 12:05:00,202,Settlement completed,3
EVT00003530,PAY0000907,PaymentCreated,NULL,Created,2025-01-31 18:26:00,100,Payment initiated,0
EVT00003531,PAY0000907,PaymentAuthorized,Created,Authorized,2025-01-31 18:28:00,200,Authorization successful,1
EVT00003532,PAY0000907,PaymentCaptured,Authorized,Captured,2025-01-31 18:30:00,201,Payment captured,2
EVT00003533,PAY0000907,PaymentSettled,Captured,Settled,2025-01-31 18:32:00,202,Settlement completed,3
EVT00003534,PAY0000908,PaymentCreated,NULL,Created,2025-11-30 05:48:00,100,Payment initiated,0
EVT00003535,PAY0000908,PaymentAuthorized,Created,Authorized,2025-11-30 05:50:00,200,Authorization successful,1
EVT00003536,PAY0000908,PaymentCaptured,Authorized,Captured,2025-11-30 05:52:00,201,Payment captured,2
EVT00003537,PAY0000908,PaymentSettled,Captured,Settled,2025-11-30 05:54:00,202,Settlement completed,3
EVT00003538,PAY0000909,PaymentCreated,NULL,Created,2024-03-15 00:37:00,100,Payment initiated,0
EVT00003539,PAY0000909,PaymentAuthorized,Created,Authorized,2024-03-15 00:39:00,200,Authorization successful,1
EVT00003540,PAY0000909,PaymentFailed,Authorized,Failed,2024-03-15 00:41:00,500,Transaction failed,2
EVT00003541,PAY0000910,PaymentCreated,NULL,Created,2024-09-25 06:02:00,100,Payment initiated,0
EVT00003542,PAY0000910,PaymentAuthorized,Created,Authorized,2024-09-25 06:04:00,200,Authorization successful,1
EVT00003543,PAY0000910,PaymentCaptured,Authorized,Captured,2024-09-25 06:06:00,201,Payment captured,2
EVT00003544,PAY0000910,PaymentSettled,Captured,Settled,2024-09-25 06:08:00,202,Settlement completed,3
EVT00003545,PAY0000911,PaymentCreated,NULL,Created,2025-02-11 16:18:00,100,Payment initiated,0
EVT00003546,PAY0000911,PaymentAuthorized,Created,Authorized,2025-02-11 16:20:00,200,Authorization successful,1
EVT00003547,PAY0000911,PaymentCaptured,Authorized,Captured,2025-02-11 16:22:00,201,Payment captured,2
EVT00003548,PAY0000911,PaymentSettled,Captured,Settled,2025-02-11 16:24:00,202,Settlement completed,3
EVT00003549,PAY0000912,PaymentCreated,NULL,Created,2025-05-28 13:27:00,100,Payment initiated,0
EVT00003550,PAY0000912,PaymentAuthorized,Created,Authorized,2025-05-28 13:29:00,200,Authorization successful,1
EVT00003551,PAY0000912,PaymentCaptured,Authorized,Captured,2025-05-28 13:31:00,201,Payment captured,2
EVT00003552,PAY0000912,PaymentSettled,Captured,Settled,2025-05-28 13:33:00,202,Settlement completed,3
EVT00003553,PAY0000913,PaymentCreated,NULL,Created,2024-03-25 20:34:00,100,Payment initiated,0
EVT00003554,PAY0000913,PaymentAuthorized,Created,Authorized,2024-03-25 20:36:00,200,Authorization successful,1
EVT00003555,PAY0000913,PaymentCaptured,Authorized,Captured,2024-03-25 20:38:00,201,Payment captured,2
EVT00003556,PAY0000913,PaymentSettled,Captured,Settled,2024-03-25 20:40:00,202,Settlement completed,3
EVT00003557,PAY0000914,PaymentCreated,NULL,Created,2024-06-05 08:05:00,100,Payment initiated,0
EVT00003558,PAY0000914,PaymentAuthorized,Created,Authorized,2024-06-05 08:07:00,200,Authorization successful,1
EVT00003559,PAY0000914,PaymentCaptured,Authorized,Captured,2024-06-05 08:09:00,201,Payment captured,2
EVT00003560,PAY0000914,PaymentSettled,Captured,Settled,2024-06-05 08:11:00,202,Settlement completed,3
EVT00003561,PAY0000915,PaymentCreated,NULL,Created,2025-06-07 06:51:00,100,Payment initiated,0
EVT00003562,PAY0000915,PaymentAuthorized,Created,Authorized,2025-06-07 06:53:00,200,Authorization successful,1
EVT00003563,PAY0000915,PaymentCaptured,Authorized,Captured,2025-06-07 06:55:00,201,Payment captured,2
EVT00003564,PAY0000915,PaymentSettled,Captured,Settled,2025-06-07 06:57:00,202,Settlement completed,3
EVT00003565,PAY0000916,PaymentCreated,NULL,Created,2024-11-30 12:37:00,100,Payment initiated,0
EVT00003566,PAY0000916,PaymentAuthorized,Created,Authorized,2024-11-30 12:39:00,200,Authorization successful,1
EVT00003567,PAY0000916,PaymentCaptured,Authorized,Captured,2024-11-30 12:41:00,201,Payment captured,2
EVT00003568,PAY0000916,PaymentSettled,Captured,Settled,2024-11-30 12:43:00,202,Settlement completed,3
EVT00003569,PAY0000917,PaymentCreated,NULL,Created,2025-10-27 21:41:00,100,Payment initiated,0
EVT00003570,PAY0000917,PaymentAuthorized,Created,Authorized,2025-10-27 21:43:00,200,Authorization successful,1
EVT00003571,PAY0000917,PaymentFailed,Authorized,Failed,2025-10-27 21:45:00,500,Transaction failed,2
EVT00003572,PAY0000918,PaymentCreated,NULL,Created,2025-03-23 23:54:00,100,Payment initiated,0
EVT00003573,PAY0000918,PaymentAuthorized,Created,Authorized,2025-03-23 23:56:00,200,Authorization successful,1
EVT00003574,PAY0000918,PaymentCaptured,Authorized,Captured,2025-03-23 23:58:00,201,Payment captured,2
EVT00003575,PAY0000918,PaymentSettled,Captured,Settled,2025-03-24 00:00:00,202,Settlement completed,3
EVT00003576,PAY0000919,PaymentCreated,NULL,Created,2024-09-07 02:59:00,100,Payment initiated,0
EVT00003577,PAY0000919,PaymentAuthorized,Created,Authorized,2024-09-07 03:01:00,200,Authorization successful,1
EVT00003578,PAY0000919,PaymentCaptured,Authorized,Captured,2024-09-07 03:03:00,201,Payment captured,2
EVT00003579,PAY0000919,PaymentSettled,Captured,Settled,2024-09-07 03:05:00,202,Settlement completed,3
EVT00003580,PAY0000920,PaymentCreated,NULL,Created,2025-04-09 19:38:00,100,Payment initiated,0
EVT00003581,PAY0000920,PaymentAuthorized,Created,Authorized,2025-04-09 19:40:00,200,Authorization successful,1
EVT00003582,PAY0000920,PaymentFailed,Authorized,Failed,2025-04-09 19:42:00,500,Transaction failed,2
EVT00003583,PAY0000921,PaymentCreated,NULL,Created,2025-11-13 23:42:00,100,Payment initiated,0
EVT00003584,PAY0000921,PaymentAuthorized,Created,Authorized,2025-11-13 23:44:00,200,Authorization successful,1
EVT00003585,PAY0000921,PaymentCaptured,Authorized,Captured,2025-11-13 23:46:00,201,Payment captured,2
EVT00003586,PAY0000921,PaymentSettled,Captured,Settled,2025-11-13 23:48:00,202,Settlement completed,3
EVT00003587,PAY0000922,PaymentCreated,NULL,Created,2024-05-02 00:45:00,100,Payment initiated,0
EVT00003588,PAY0000922,PaymentAuthorized,Created,Authorized,2024-05-02 00:47:00,200,Authorization successful,1
EVT00003589,PAY0000922,PaymentCaptured,Authorized,Captured,2024-05-02 00:49:00,201,Payment captured,2
EVT00003590,PAY0000922,PaymentSettled,Captured,Settled,2024-05-02 00:51:00,202,Settlement completed,3
EVT00003591,PAY0000923,PaymentCreated,NULL,Created,2024-01-12 05:31:00,100,Payment initiated,0
EVT00003592,PAY0000923,PaymentAuthorized,Created,Authorized,2024-01-12 05:33:00,200,Authorization successful,1
EVT00003593,PAY0000923,PaymentCaptured,Authorized,Captured,2024-01-12 05:35:00,201,Payment captured,2
EVT00003594,PAY0000923,PaymentSettled,Captured,Settled,2024-01-12 05:37:00,202,Settlement completed,3
EVT00003595,PAY0000924,PaymentCreated,NULL,Created,2025-06-19 16:50:00,100,Payment initiated,0
EVT00003596,PAY0000924,PaymentAuthorized,Created,Authorized,2025-06-19 16:52:00,200,Authorization successful,1
EVT00003597,PAY0000924,PaymentCaptured,Authorized,Captured,2025-06-19 16:54:00,201,Payment captured,2
EVT00003598,PAY0000924,PaymentSettled,Captured,Settled,2025-06-19 16:56:00,202,Settlement completed,3
EVT00003599,PAY0000925,PaymentCreated,NULL,Created,2024-09-22 05:23:00,100,Payment initiated,0
EVT00003600,PAY0000925,PaymentAuthorized,Created,Authorized,2024-09-22 05:25:00,200,Authorization successful,1
EVT00003601,PAY0000925,PaymentCaptured,Authorized,Captured,2024-09-22 05:27:00,201,Payment captured,2
EVT00003602,PAY0000925,PaymentSettled,Captured,Settled,2024-09-22 05:29:00,202,Settlement completed,3
EVT00003603,PAY0000926,PaymentCreated,NULL,Created,2024-10-02 23:56:00,100,Payment initiated,0
EVT00003604,PAY0000926,PaymentAuthorized,Created,Authorized,2024-10-02 23:58:00,200,Authorization successful,1
EVT00003605,PAY0000926,PaymentFailed,Authorized,Failed,2024-10-03 00:00:00,500,Transaction failed,2
EVT00003606,PAY0000927,PaymentCreated,NULL,Created,2024-01-31 10:51:00,100,Payment initiated,0
EVT00003607,PAY0000927,PaymentAuthorized,Created,Authorized,2024-01-31 10:53:00,200,Authorization successful,1
EVT00003608,PAY0000927,PaymentCaptured,Authorized,Captured,2024-01-31 10:55:00,201,Payment captured,2
EVT00003609,PAY0000927,PaymentSettled,Captured,Settled,2024-01-31 10:57:00,202,Settlement completed,3
EVT00003610,PAY0000928,PaymentCreated,NULL,Created,2025-06-20 02:16:00,100,Payment initiated,0
EVT00003611,PAY0000928,PaymentAuthorized,Created,Authorized,2025-06-20 02:18:00,200,Authorization successful,1
EVT00003612,PAY0000928,PaymentCaptured,Authorized,Captured,2025-06-20 02:20:00,201,Payment captured,2
EVT00003613,PAY0000928,PaymentSettled,Captured,Settled,2025-06-20 02:22:00,202,Settlement completed,3
EVT00003614,PAY0000929,PaymentCreated,NULL,Created,2025-08-13 20:04:00,100,Payment initiated,0
EVT00003615,PAY0000929,PaymentAuthorized,Created,Authorized,2025-08-13 20:06:00,200,Authorization successful,1
EVT00003616,PAY0000929,PaymentCaptured,Authorized,Captured,2025-08-13 20:08:00,201,Payment captured,2
EVT00003617,PAY0000929,PaymentSettled,Captured,Settled,2025-08-13 20:10:00,202,Settlement completed,3
EVT00003618,PAY0000930,PaymentCreated,NULL,Created,2025-06-07 11:03:00,100,Payment initiated,0
EVT00003619,PAY0000930,PaymentAuthorized,Created,Authorized,2025-06-07 11:05:00,200,Authorization successful,1
EVT00003620,PAY0000930,PaymentCaptured,Authorized,Captured,2025-06-07 11:07:00,201,Payment captured,2
EVT00003621,PAY0000930,PaymentSettled,Captured,Settled,2025-06-07 11:09:00,202,Settlement completed,3
EVT00003622,PAY0000931,PaymentCreated,NULL,Created,2025-08-03 05:23:00,100,Payment initiated,0
EVT00003623,PAY0000931,PaymentAuthorized,Created,Authorized,2025-08-03 05:25:00,200,Authorization successful,1
EVT00003624,PAY0000931,PaymentCaptured,Authorized,Captured,2025-08-03 05:27:00,201,Payment captured,2
EVT00003625,PAY0000931,PaymentSettled,Captured,Settled,2025-08-03 05:29:00,202,Settlement completed,3
EVT00003626,PAY0000932,PaymentCreated,NULL,Created,2024-04-15 18:43:00,100,Payment initiated,0
EVT00003627,PAY0000932,PaymentAuthorized,Created,Authorized,2024-04-15 18:45:00,200,Authorization successful,1
EVT00003628,PAY0000932,PaymentCaptured,Authorized,Captured,2024-04-15 18:47:00,201,Payment captured,2
EVT00003629,PAY0000932,PaymentSettled,Captured,Settled,2024-04-15 18:49:00,202,Settlement completed,3
EVT00003630,PAY0000933,PaymentCreated,NULL,Created,2024-08-21 23:32:00,100,Payment initiated,0
EVT00003631,PAY0000933,PaymentAuthorized,Created,Authorized,2024-08-21 23:34:00,200,Authorization successful,1
EVT00003632,PAY0000933,PaymentFailed,Authorized,Failed,2024-08-21 23:36:00,500,Transaction failed,2
EVT00003633,PAY0000934,PaymentCreated,NULL,Created,2024-01-13 07:02:00,100,Payment initiated,0
EVT00003634,PAY0000934,PaymentAuthorized,Created,Authorized,2024-01-13 07:04:00,200,Authorization successful,1
EVT00003635,PAY0000934,PaymentCaptured,Authorized,Captured,2024-01-13 07:06:00,201,Payment captured,2
EVT00003636,PAY0000934,PaymentSettled,Captured,Settled,2024-01-13 07:08:00,202,Settlement completed,3
EVT00003637,PAY0000935,PaymentCreated,NULL,Created,2025-01-27 04:11:00,100,Payment initiated,0
EVT00003638,PAY0000935,PaymentAuthorized,Created,Authorized,2025-01-27 04:13:00,200,Authorization successful,1
EVT00003639,PAY0000935,PaymentCaptured,Authorized,Captured,2025-01-27 04:15:00,201,Payment captured,2
EVT00003640,PAY0000935,PaymentSettled,Captured,Settled,2025-01-27 04:17:00,202,Settlement completed,3
EVT00003641,PAY0000936,PaymentCreated,NULL,Created,2024-02-06 17:51:00,100,Payment initiated,0
EVT00003642,PAY0000936,PaymentAuthorized,Created,Authorized,2024-02-06 17:53:00,200,Authorization successful,1
EVT00003643,PAY0000936,PaymentCaptured,Authorized,Captured,2024-02-06 17:55:00,201,Payment captured,2
EVT00003644,PAY0000936,PaymentSettled,Captured,Settled,2024-02-06 17:57:00,202,Settlement completed,3
EVT00003645,PAY0000937,PaymentCreated,NULL,Created,2025-11-02 13:14:00,100,Payment initiated,0
EVT00003646,PAY0000937,PaymentAuthorized,Created,Authorized,2025-11-02 13:16:00,200,Authorization successful,1
EVT00003647,PAY0000937,PaymentCaptured,Authorized,Captured,2025-11-02 13:18:00,201,Payment captured,2
EVT00003648,PAY0000937,PaymentSettled,Captured,Settled,2025-11-02 13:20:00,202,Settlement completed,3
EVT00003649,PAY0000938,PaymentCreated,NULL,Created,2025-03-02 23:20:00,100,Payment initiated,0
EVT00003650,PAY0000938,PaymentAuthorized,Created,Authorized,2025-03-02 23:22:00,200,Authorization successful,1
EVT00003651,PAY0000938,PaymentCaptured,Authorized,Captured,2025-03-02 23:24:00,201,Payment captured,2
EVT00003652,PAY0000938,PaymentSettled,Captured,Settled,2025-03-02 23:26:00,202,Settlement completed,3
EVT00003653,PAY0000939,PaymentCreated,NULL,Created,2024-03-20 18:23:00,100,Payment initiated,0
EVT00003654,PAY0000939,PaymentAuthorized,Created,Authorized,2024-03-20 18:25:00,200,Authorization successful,1
EVT00003655,PAY0000939,PaymentFailed,Authorized,Failed,2024-03-20 18:27:00,500,Transaction failed,2
EVT00003656,PAY0000940,PaymentCreated,NULL,Created,2025-11-20 01:11:00,100,Payment initiated,0
EVT00003657,PAY0000940,PaymentAuthorized,Created,Authorized,2025-11-20 01:13:00,200,Authorization successful,1
EVT00003658,PAY0000940,PaymentCaptured,Authorized,Captured,2025-11-20 01:15:00,201,Payment captured,2
EVT00003659,PAY0000940,PaymentSettled,Captured,Settled,2025-11-20 01:17:00,202,Settlement completed,3
EVT00003660,PAY0000941,PaymentCreated,NULL,Created,2025-06-12 01:25:00,100,Payment initiated,0
EVT00003661,PAY0000941,PaymentAuthorized,Created,Authorized,2025-06-12 01:27:00,200,Authorization successful,1
EVT00003662,PAY0000941,PaymentFailed,Authorized,Failed,2025-06-12 01:29:00,500,Transaction failed,2
EVT00003663,PAY0000942,PaymentCreated,NULL,Created,2025-04-21 09:49:00,100,Payment initiated,0
EVT00003664,PAY0000942,PaymentAuthorized,Created,Authorized,2025-04-21 09:51:00,200,Authorization successful,1
EVT00003665,PAY0000942,PaymentCaptured,Authorized,Captured,2025-04-21 09:53:00,201,Payment captured,2
EVT00003666,PAY0000942,PaymentSettled,Captured,Settled,2025-04-21 09:55:00,202,Settlement completed,3
EVT00003667,PAY0000943,PaymentCreated,NULL,Created,2024-12-01 02:35:00,100,Payment initiated,0
EVT00003668,PAY0000943,PaymentAuthorized,Created,Authorized,2024-12-01 02:37:00,200,Authorization successful,1
EVT00003669,PAY0000943,PaymentCaptured,Authorized,Captured,2024-12-01 02:39:00,201,Payment captured,2
EVT00003670,PAY0000943,PaymentSettled,Captured,Settled,2024-12-01 02:41:00,202,Settlement completed,3
EVT00003671,PAY0000944,PaymentCreated,NULL,Created,2025-01-12 06:18:00,100,Payment initiated,0
EVT00003672,PAY0000944,PaymentAuthorized,Created,Authorized,2025-01-12 06:20:00,200,Authorization successful,1
EVT00003673,PAY0000944,PaymentCaptured,Authorized,Captured,2025-01-12 06:22:00,201,Payment captured,2
EVT00003674,PAY0000944,PaymentSettled,Captured,Settled,2025-01-12 06:24:00,202,Settlement completed,3
EVT00003675,PAY0000945,PaymentCreated,NULL,Created,2024-11-07 23:39:00,100,Payment initiated,0
EVT00003676,PAY0000945,PaymentAuthorized,Created,Authorized,2024-11-07 23:41:00,200,Authorization successful,1
EVT00003677,PAY0000945,PaymentCaptured,Authorized,Captured,2024-11-07 23:43:00,201,Payment captured,2
EVT00003678,PAY0000945,PaymentSettled,Captured,Settled,2024-11-07 23:45:00,202,Settlement completed,3
EVT00003679,PAY0000946,PaymentCreated,NULL,Created,2025-01-12 18:31:00,100,Payment initiated,0
EVT00003680,PAY0000946,PaymentAuthorized,Created,Authorized,2025-01-12 18:33:00,200,Authorization successful,1
EVT00003681,PAY0000946,PaymentCaptured,Authorized,Captured,2025-01-12 18:35:00,201,Payment captured,2
EVT00003682,PAY0000946,PaymentSettled,Captured,Settled,2025-01-12 18:37:00,202,Settlement completed,3
EVT00003683,PAY0000947,PaymentCreated,NULL,Created,2024-07-19 23:57:00,100,Payment initiated,0
EVT00003684,PAY0000947,PaymentAuthorized,Created,Authorized,2024-07-19 23:59:00,200,Authorization successful,1
EVT00003685,PAY0000947,PaymentCaptured,Authorized,Captured,2024-07-20 00:01:00,201,Payment captured,2
EVT00003686,PAY0000947,PaymentSettled,Captured,Settled,2024-07-20 00:03:00,202,Settlement completed,3
EVT00003687,PAY0000948,PaymentCreated,NULL,Created,2024-09-08 04:00:00,100,Payment initiated,0
EVT00003688,PAY0000948,PaymentAuthorized,Created,Authorized,2024-09-08 04:02:00,200,Authorization successful,1
EVT00003689,PAY0000948,PaymentCaptured,Authorized,Captured,2024-09-08 04:04:00,201,Payment captured,2
EVT00003690,PAY0000948,PaymentSettled,Captured,Settled,2024-09-08 04:06:00,202,Settlement completed,3
EVT00003691,PAY0000949,PaymentCreated,NULL,Created,2024-01-25 07:34:00,100,Payment initiated,0
EVT00003692,PAY0000949,PaymentAuthorized,Created,Authorized,2024-01-25 07:36:00,200,Authorization successful,1
EVT00003693,PAY0000949,PaymentCaptured,Authorized,Captured,2024-01-25 07:38:00,201,Payment captured,2
EVT00003694,PAY0000949,PaymentSettled,Captured,Settled,2024-01-25 07:40:00,202,Settlement completed,3
EVT00003695,PAY0000950,PaymentCreated,NULL,Created,2024-01-10 10:00:00,100,Payment initiated,0
EVT00003696,PAY0000950,PaymentAuthorized,Created,Authorized,2024-01-10 10:02:00,200,Authorization successful,1
EVT00003697,PAY0000950,PaymentCaptured,Authorized,Captured,2024-01-10 10:04:00,201,Payment captured,2
EVT00003698,PAY0000950,PaymentSettled,Captured,Settled,2024-01-10 10:06:00,202,Settlement completed,3
EVT00003699,PAY0000951,PaymentCreated,NULL,Created,2025-01-20 23:46:00,100,Payment initiated,0
EVT00003700,PAY0000951,PaymentAuthorized,Created,Authorized,2025-01-20 23:48:00,200,Authorization successful,1
EVT00003701,PAY0000951,PaymentCaptured,Authorized,Captured,2025-01-20 23:50:00,201,Payment captured,2
EVT00003702,PAY0000951,PaymentSettled,Captured,Settled,2025-01-20 23:52:00,202,Settlement completed,3
EVT00003703,PAY0000952,PaymentCreated,NULL,Created,2024-07-29 16:15:00,100,Payment initiated,0
EVT00003704,PAY0000952,PaymentAuthorized,Created,Authorized,2024-07-29 16:17:00,200,Authorization successful,1
EVT00003705,PAY0000952,PaymentCaptured,Authorized,Captured,2024-07-29 16:19:00,201,Payment captured,2
EVT00003706,PAY0000952,PaymentSettled,Captured,Settled,2024-07-29 16:21:00,202,Settlement completed,3
EVT00003707,PAY0000953,PaymentCreated,NULL,Created,2024-03-02 04:45:00,100,Payment initiated,0
EVT00003708,PAY0000953,PaymentAuthorized,Created,Authorized,2024-03-02 04:47:00,200,Authorization successful,1
EVT00003709,PAY0000953,PaymentCaptured,Authorized,Captured,2024-03-02 04:49:00,201,Payment captured,2
EVT00003710,PAY0000953,PaymentSettled,Captured,Settled,2024-03-02 04:51:00,202,Settlement completed,3
EVT00003711,PAY0000954,PaymentCreated,NULL,Created,2024-02-14 07:57:00,100,Payment initiated,0
EVT00003712,PAY0000954,PaymentAuthorized,Created,Authorized,2024-02-14 07:59:00,200,Authorization successful,1
EVT00003713,PAY0000954,PaymentCaptured,Authorized,Captured,2024-02-14 08:01:00,201,Payment captured,2
EVT00003714,PAY0000954,PaymentSettled,Captured,Settled,2024-02-14 08:03:00,202,Settlement completed,3
EVT00003715,PAY0000955,PaymentCreated,NULL,Created,2025-02-26 22:57:00,100,Payment initiated,0
EVT00003716,PAY0000955,PaymentAuthorized,Created,Authorized,2025-02-26 22:59:00,200,Authorization successful,1
EVT00003717,PAY0000955,PaymentCaptured,Authorized,Captured,2025-02-26 23:01:00,201,Payment captured,2
EVT00003718,PAY0000955,PaymentSettled,Captured,Settled,2025-02-26 23:03:00,202,Settlement completed,3
EVT00003719,PAY0000956,PaymentCreated,NULL,Created,2024-03-27 18:06:00,100,Payment initiated,0
EVT00003720,PAY0000956,PaymentAuthorized,Created,Authorized,2024-03-27 18:08:00,200,Authorization successful,1
EVT00003721,PAY0000956,PaymentCaptured,Authorized,Captured,2024-03-27 18:10:00,201,Payment captured,2
EVT00003722,PAY0000956,PaymentSettled,Captured,Settled,2024-03-27 18:12:00,202,Settlement completed,3
EVT00003723,PAY0000957,PaymentCreated,NULL,Created,2025-10-14 12:04:00,100,Payment initiated,0
EVT00003724,PAY0000957,PaymentAuthorized,Created,Authorized,2025-10-14 12:06:00,200,Authorization successful,1
EVT00003725,PAY0000957,PaymentCaptured,Authorized,Captured,2025-10-14 12:08:00,201,Payment captured,2
EVT00003726,PAY0000957,PaymentSettled,Captured,Settled,2025-10-14 12:10:00,202,Settlement completed,3
EVT00003727,PAY0000958,PaymentCreated,NULL,Created,2024-03-04 13:42:00,100,Payment initiated,0
EVT00003728,PAY0000958,PaymentAuthorized,Created,Authorized,2024-03-04 13:44:00,200,Authorization successful,1
EVT00003729,PAY0000958,PaymentCaptured,Authorized,Captured,2024-03-04 13:46:00,201,Payment captured,2
EVT00003730,PAY0000958,PaymentSettled,Captured,Settled,2024-03-04 13:48:00,202,Settlement completed,3
EVT00003731,PAY0000959,PaymentCreated,NULL,Created,2024-08-30 09:16:00,100,Payment initiated,0
EVT00003732,PAY0000959,PaymentAuthorized,Created,Authorized,2024-08-30 09:18:00,200,Authorization successful,1
EVT00003733,PAY0000959,PaymentCaptured,Authorized,Captured,2024-08-30 09:20:00,201,Payment captured,2
EVT00003734,PAY0000959,PaymentSettled,Captured,Settled,2024-08-30 09:22:00,202,Settlement completed,3
EVT00003735,PAY0000960,PaymentCreated,NULL,Created,2025-02-06 22:53:00,100,Payment initiated,0
EVT00003736,PAY0000960,PaymentAuthorized,Created,Authorized,2025-02-06 22:55:00,200,Authorization successful,1
EVT00003737,PAY0000960,PaymentCaptured,Authorized,Captured,2025-02-06 22:57:00,201,Payment captured,2
EVT00003738,PAY0000960,PaymentSettled,Captured,Settled,2025-02-06 22:59:00,202,Settlement completed,3
EVT00003739,PAY0000961,PaymentCreated,NULL,Created,2024-11-21 14:17:00,100,Payment initiated,0
EVT00003740,PAY0000961,PaymentAuthorized,Created,Authorized,2024-11-21 14:19:00,200,Authorization successful,1
EVT00003741,PAY0000961,PaymentCaptured,Authorized,Captured,2024-11-21 14:21:00,201,Payment captured,2
EVT00003742,PAY0000961,PaymentSettled,Captured,Settled,2024-11-21 14:23:00,202,Settlement completed,3
EVT00003743,PAY0000962,PaymentCreated,NULL,Created,2024-07-26 04:49:00,100,Payment initiated,0
EVT00003744,PAY0000962,PaymentAuthorized,Created,Authorized,2024-07-26 04:51:00,200,Authorization successful,1
EVT00003745,PAY0000962,PaymentCaptured,Authorized,Captured,2024-07-26 04:53:00,201,Payment captured,2
EVT00003746,PAY0000962,PaymentSettled,Captured,Settled,2024-07-26 04:55:00,202,Settlement completed,3
EVT00003747,PAY0000963,PaymentCreated,NULL,Created,2024-04-21 04:06:00,100,Payment initiated,0
EVT00003748,PAY0000963,PaymentAuthorized,Created,Authorized,2024-04-21 04:08:00,200,Authorization successful,1
EVT00003749,PAY0000963,PaymentCaptured,Authorized,Captured,2024-04-21 04:10:00,201,Payment captured,2
EVT00003750,PAY0000963,PaymentSettled,Captured,Settled,2024-04-21 04:12:00,202,Settlement completed,3
EVT00003751,PAY0000964,PaymentCreated,NULL,Created,2025-04-22 10:26:00,100,Payment initiated,0
EVT00003752,PAY0000964,PaymentAuthorized,Created,Authorized,2025-04-22 10:28:00,200,Authorization successful,1
EVT00003753,PAY0000964,PaymentCaptured,Authorized,Captured,2025-04-22 10:30:00,201,Payment captured,2
EVT00003754,PAY0000964,PaymentSettled,Captured,Settled,2025-04-22 10:32:00,202,Settlement completed,3
EVT00003755,PAY0000965,PaymentCreated,NULL,Created,2025-01-01 06:28:00,100,Payment initiated,0
EVT00003756,PAY0000965,PaymentAuthorized,Created,Authorized,2025-01-01 06:30:00,200,Authorization successful,1
EVT00003757,PAY0000965,PaymentCaptured,Authorized,Captured,2025-01-01 06:32:00,201,Payment captured,2
EVT00003758,PAY0000965,PaymentSettled,Captured,Settled,2025-01-01 06:34:00,202,Settlement completed,3
EVT00003759,PAY0000966,PaymentCreated,NULL,Created,2024-09-28 03:05:00,100,Payment initiated,0
EVT00003760,PAY0000966,PaymentAuthorized,Created,Authorized,2024-09-28 03:07:00,200,Authorization successful,1
EVT00003761,PAY0000966,PaymentCaptured,Authorized,Captured,2024-09-28 03:09:00,201,Payment captured,2
EVT00003762,PAY0000966,PaymentSettled,Captured,Settled,2024-09-28 03:11:00,202,Settlement completed,3
EVT00003763,PAY0000967,PaymentCreated,NULL,Created,2024-11-07 22:44:00,100,Payment initiated,0
EVT00003764,PAY0000967,PaymentAuthorized,Created,Authorized,2024-11-07 22:46:00,200,Authorization successful,1
EVT00003765,PAY0000967,PaymentCaptured,Authorized,Captured,2024-11-07 22:48:00,201,Payment captured,2
EVT00003766,PAY0000967,PaymentSettled,Captured,Settled,2024-11-07 22:50:00,202,Settlement completed,3
EVT00003767,PAY0000968,PaymentCreated,NULL,Created,2024-08-08 10:09:00,100,Payment initiated,0
EVT00003768,PAY0000968,PaymentAuthorized,Created,Authorized,2024-08-08 10:11:00,200,Authorization successful,1
EVT00003769,PAY0000968,PaymentFailed,Authorized,Failed,2024-08-08 10:13:00,500,Transaction failed,2
EVT00003770,PAY0000969,PaymentCreated,NULL,Created,2024-09-11 11:25:00,100,Payment initiated,0
EVT00003771,PAY0000969,PaymentAuthorized,Created,Authorized,2024-09-11 11:27:00,200,Authorization successful,1
EVT00003772,PAY0000969,PaymentCaptured,Authorized,Captured,2024-09-11 11:29:00,201,Payment captured,2
EVT00003773,PAY0000969,PaymentSettled,Captured,Settled,2024-09-11 11:31:00,202,Settlement completed,3
EVT00003774,PAY0000970,PaymentCreated,NULL,Created,2025-11-24 09:16:00,100,Payment initiated,0
EVT00003775,PAY0000970,PaymentAuthorized,Created,Authorized,2025-11-24 09:18:00,200,Authorization successful,1
EVT00003776,PAY0000970,PaymentCaptured,Authorized,Captured,2025-11-24 09:20:00,201,Payment captured,2
EVT00003777,PAY0000970,PaymentSettled,Captured,Settled,2025-11-24 09:22:00,202,Settlement completed,3
EVT00003778,PAY0000971,PaymentCreated,NULL,Created,2024-06-27 00:25:00,100,Payment initiated,0
EVT00003779,PAY0000971,PaymentAuthorized,Created,Authorized,2024-06-27 00:27:00,200,Authorization successful,1
EVT00003780,PAY0000971,PaymentCaptured,Authorized,Captured,2024-06-27 00:29:00,201,Payment captured,2
EVT00003781,PAY0000971,PaymentSettled,Captured,Settled,2024-06-27 00:31:00,202,Settlement completed,3
EVT00003782,PAY0000972,PaymentCreated,NULL,Created,2025-07-23 23:35:00,100,Payment initiated,0
EVT00003783,PAY0000972,PaymentAuthorized,Created,Authorized,2025-07-23 23:37:00,200,Authorization successful,1
EVT00003784,PAY0000972,PaymentCaptured,Authorized,Captured,2025-07-23 23:39:00,201,Payment captured,2
EVT00003785,PAY0000972,PaymentSettled,Captured,Settled,2025-07-23 23:41:00,202,Settlement completed,3
EVT00003786,PAY0000973,PaymentCreated,NULL,Created,2025-04-18 03:51:00,100,Payment initiated,0
EVT00003787,PAY0000973,PaymentAuthorized,Created,Authorized,2025-04-18 03:53:00,200,Authorization successful,1
EVT00003788,PAY0000973,PaymentCaptured,Authorized,Captured,2025-04-18 03:55:00,201,Payment captured,2
EVT00003789,PAY0000973,PaymentSettled,Captured,Settled,2025-04-18 03:57:00,202,Settlement completed,3
EVT00003790,PAY0000974,PaymentCreated,NULL,Created,2024-05-04 00:03:00,100,Payment initiated,0
EVT00003791,PAY0000974,PaymentAuthorized,Created,Authorized,2024-05-04 00:05:00,200,Authorization successful,1
EVT00003792,PAY0000974,PaymentCaptured,Authorized,Captured,2024-05-04 00:07:00,201,Payment captured,2
EVT00003793,PAY0000974,PaymentSettled,Captured,Settled,2024-05-04 00:09:00,202,Settlement completed,3
EVT00003794,PAY0000975,PaymentCreated,NULL,Created,2024-08-15 04:12:00,100,Payment initiated,0
EVT00003795,PAY0000975,PaymentAuthorized,Created,Authorized,2024-08-15 04:14:00,200,Authorization successful,1
EVT00003796,PAY0000975,PaymentCaptured,Authorized,Captured,2024-08-15 04:16:00,201,Payment captured,2
EVT00003797,PAY0000975,PaymentSettled,Captured,Settled,2024-08-15 04:18:00,202,Settlement completed,3
EVT00003798,PAY0000976,PaymentCreated,NULL,Created,2025-01-16 21:40:00,100,Payment initiated,0
EVT00003799,PAY0000976,PaymentAuthorized,Created,Authorized,2025-01-16 21:42:00,200,Authorization successful,1
EVT00003800,PAY0000976,PaymentCaptured,Authorized,Captured,2025-01-16 21:44:00,201,Payment captured,2
EVT00003801,PAY0000976,PaymentSettled,Captured,Settled,2025-01-16 21:46:00,202,Settlement completed,3
EVT00003802,PAY0000977,PaymentCreated,NULL,Created,2024-03-27 18:37:00,100,Payment initiated,0
EVT00003803,PAY0000977,PaymentAuthorized,Created,Authorized,2024-03-27 18:39:00,200,Authorization successful,1
EVT00003804,PAY0000977,PaymentCaptured,Authorized,Captured,2024-03-27 18:41:00,201,Payment captured,2
EVT00003805,PAY0000977,PaymentSettled,Captured,Settled,2024-03-27 18:43:00,202,Settlement completed,3
EVT00003806,PAY0000978,PaymentCreated,NULL,Created,2024-03-17 00:04:00,100,Payment initiated,0
EVT00003807,PAY0000978,PaymentAuthorized,Created,Authorized,2024-03-17 00:06:00,200,Authorization successful,1
EVT00003808,PAY0000978,PaymentCaptured,Authorized,Captured,2024-03-17 00:08:00,201,Payment captured,2
EVT00003809,PAY0000978,PaymentSettled,Captured,Settled,2024-03-17 00:10:00,202,Settlement completed,3
EVT00003810,PAY0000979,PaymentCreated,NULL,Created,2025-10-23 14:51:00,100,Payment initiated,0
EVT00003811,PAY0000979,PaymentAuthorized,Created,Authorized,2025-10-23 14:53:00,200,Authorization successful,1
EVT00003812,PAY0000979,PaymentCaptured,Authorized,Captured,2025-10-23 14:55:00,201,Payment captured,2
EVT00003813,PAY0000979,PaymentSettled,Captured,Settled,2025-10-23 14:57:00,202,Settlement completed,3
EVT00003814,PAY0000980,PaymentCreated,NULL,Created,2024-12-05 03:02:00,100,Payment initiated,0
EVT00003815,PAY0000980,PaymentAuthorized,Created,Authorized,2024-12-05 03:04:00,200,Authorization successful,1
EVT00003816,PAY0000980,PaymentCaptured,Authorized,Captured,2024-12-05 03:06:00,201,Payment captured,2
EVT00003817,PAY0000980,PaymentSettled,Captured,Settled,2024-12-05 03:08:00,202,Settlement completed,3
EVT00003818,PAY0000981,PaymentCreated,NULL,Created,2024-02-21 05:59:00,100,Payment initiated,0
EVT00003819,PAY0000981,PaymentAuthorized,Created,Authorized,2024-02-21 06:01:00,200,Authorization successful,1
EVT00003820,PAY0000981,PaymentCaptured,Authorized,Captured,2024-02-21 06:03:00,201,Payment captured,2
EVT00003821,PAY0000981,PaymentSettled,Captured,Settled,2024-02-21 06:05:00,202,Settlement completed,3
EVT00003822,PAY0000982,PaymentCreated,NULL,Created,2025-02-08 15:01:00,100,Payment initiated,0
EVT00003823,PAY0000982,PaymentAuthorized,Created,Authorized,2025-02-08 15:03:00,200,Authorization successful,1
EVT00003824,PAY0000982,PaymentCaptured,Authorized,Captured,2025-02-08 15:05:00,201,Payment captured,2
EVT00003825,PAY0000982,PaymentSettled,Captured,Settled,2025-02-08 15:07:00,202,Settlement completed,3
EVT00003826,PAY0000983,PaymentCreated,NULL,Created,2025-03-12 05:22:00,100,Payment initiated,0
EVT00003827,PAY0000983,PaymentAuthorized,Created,Authorized,2025-03-12 05:24:00,200,Authorization successful,1
EVT00003828,PAY0000983,PaymentCaptured,Authorized,Captured,2025-03-12 05:26:00,201,Payment captured,2
EVT00003829,PAY0000983,PaymentSettled,Captured,Settled,2025-03-12 05:28:00,202,Settlement completed,3
EVT00003830,PAY0000984,PaymentCreated,NULL,Created,2024-07-10 08:17:00,100,Payment initiated,0
EVT00003831,PAY0000984,PaymentAuthorized,Created,Authorized,2024-07-10 08:19:00,200,Authorization successful,1
EVT00003832,PAY0000984,PaymentCaptured,Authorized,Captured,2024-07-10 08:21:00,201,Payment captured,2
EVT00003833,PAY0000984,PaymentSettled,Captured,Settled,2024-07-10 08:23:00,202,Settlement completed,3
EVT00003834,PAY0000985,PaymentCreated,NULL,Created,2024-06-01 01:39:00,100,Payment initiated,0
EVT00003835,PAY0000985,PaymentAuthorized,Created,Authorized,2024-06-01 01:41:00,200,Authorization successful,1
EVT00003836,PAY0000985,PaymentCaptured,Authorized,Captured,2024-06-01 01:43:00,201,Payment captured,2
EVT00003837,PAY0000985,PaymentSettled,Captured,Settled,2024-06-01 01:45:00,202,Settlement completed,3
EVT00003838,PAY0000986,PaymentCreated,NULL,Created,2024-09-08 20:18:00,100,Payment initiated,0
EVT00003839,PAY0000986,PaymentAuthorized,Created,Authorized,2024-09-08 20:20:00,200,Authorization successful,1
EVT00003840,PAY0000986,PaymentCaptured,Authorized,Captured,2024-09-08 20:22:00,201,Payment captured,2
EVT00003841,PAY0000986,PaymentSettled,Captured,Settled,2024-09-08 20:24:00,202,Settlement completed,3
EVT00003842,PAY0000987,PaymentCreated,NULL,Created,2025-07-17 15:03:00,100,Payment initiated,0
EVT00003843,PAY0000987,PaymentAuthorized,Created,Authorized,2025-07-17 15:05:00,200,Authorization successful,1
EVT00003844,PAY0000987,PaymentFailed,Authorized,Failed,2025-07-17 15:07:00,500,Transaction failed,2
EVT00003845,PAY0000988,PaymentCreated,NULL,Created,2025-01-27 04:26:00,100,Payment initiated,0
EVT00003846,PAY0000988,PaymentAuthorized,Created,Authorized,2025-01-27 04:28:00,200,Authorization successful,1
EVT00003847,PAY0000988,PaymentCaptured,Authorized,Captured,2025-01-27 04:30:00,201,Payment captured,2
EVT00003848,PAY0000988,PaymentSettled,Captured,Settled,2025-01-27 04:32:00,202,Settlement completed,3
EVT00003849,PAY0000989,PaymentCreated,NULL,Created,2025-06-22 07:40:00,100,Payment initiated,0
EVT00003850,PAY0000989,PaymentAuthorized,Created,Authorized,2025-06-22 07:42:00,200,Authorization successful,1
EVT00003851,PAY0000989,PaymentCaptured,Authorized,Captured,2025-06-22 07:44:00,201,Payment captured,2
EVT00003852,PAY0000989,PaymentSettled,Captured,Settled,2025-06-22 07:46:00,202,Settlement completed,3
EVT00003853,PAY0000990,PaymentCreated,NULL,Created,2025-07-10 00:24:00,100,Payment initiated,0
EVT00003854,PAY0000990,PaymentAuthorized,Created,Authorized,2025-07-10 00:26:00,200,Authorization successful,1
EVT00003855,PAY0000990,PaymentCaptured,Authorized,Captured,2025-07-10 00:28:00,201,Payment captured,2
EVT00003856,PAY0000990,PaymentSettled,Captured,Settled,2025-07-10 00:30:00,202,Settlement completed,3
EVT00003857,PAY0000991,PaymentCreated,NULL,Created,2025-01-02 15:34:00,100,Payment initiated,0
EVT00003858,PAY0000991,PaymentAuthorized,Created,Authorized,2025-01-02 15:36:00,200,Authorization successful,1
EVT00003859,PAY0000991,PaymentCaptured,Authorized,Captured,2025-01-02 15:38:00,201,Payment captured,2
EVT00003860,PAY0000991,PaymentSettled,Captured,Settled,2025-01-02 15:40:00,202,Settlement completed,3
EVT00003861,PAY0000992,PaymentCreated,NULL,Created,2024-12-18 18:32:00,100,Payment initiated,0
EVT00003862,PAY0000992,PaymentAuthorized,Created,Authorized,2024-12-18 18:34:00,200,Authorization successful,1
EVT00003863,PAY0000992,PaymentCaptured,Authorized,Captured,2024-12-18 18:36:00,201,Payment captured,2
EVT00003864,PAY0000992,PaymentSettled,Captured,Settled,2024-12-18 18:38:00,202,Settlement completed,3
EVT00003865,PAY0000993,PaymentCreated,NULL,Created,2024-10-03 05:01:00,100,Payment initiated,0
EVT00003866,PAY0000993,PaymentAuthorized,Created,Authorized,2024-10-03 05:03:00,200,Authorization successful,1
EVT00003867,PAY0000993,PaymentCaptured,Authorized,Captured,2024-10-03 05:05:00,201,Payment captured,2
EVT00003868,PAY0000993,PaymentSettled,Captured,Settled,2024-10-03 05:07:00,202,Settlement completed,3
EVT00003869,PAY0000994,PaymentCreated,NULL,Created,2024-08-12 00:57:00,100,Payment initiated,0
EVT00003870,PAY0000994,PaymentAuthorized,Created,Authorized,2024-08-12 00:59:00,200,Authorization successful,1
EVT00003871,PAY0000994,PaymentCaptured,Authorized,Captured,2024-08-12 01:01:00,201,Payment captured,2
EVT00003872,PAY0000994,PaymentSettled,Captured,Settled,2024-08-12 01:03:00,202,Settlement completed,3
EVT00003873,PAY0000995,PaymentCreated,NULL,Created,2024-10-14 01:51:00,100,Payment initiated,0
EVT00003874,PAY0000995,PaymentAuthorized,Created,Authorized,2024-10-14 01:53:00,200,Authorization successful,1
EVT00003875,PAY0000995,PaymentCaptured,Authorized,Captured,2024-10-14 01:55:00,201,Payment captured,2
EVT00003876,PAY0000995,PaymentSettled,Captured,Settled,2024-10-14 01:57:00,202,Settlement completed,3
EVT00003877,PAY0000996,PaymentCreated,NULL,Created,2025-06-26 11:49:00,100,Payment initiated,0
EVT00003878,PAY0000996,PaymentAuthorized,Created,Authorized,2025-06-26 11:51:00,200,Authorization successful,1
EVT00003879,PAY0000996,PaymentCaptured,Authorized,Captured,2025-06-26 11:53:00,201,Payment captured,2
EVT00003880,PAY0000996,PaymentSettled,Captured,Settled,2025-06-26 11:55:00,202,Settlement completed,3
EVT00003881,PAY0000997,PaymentCreated,NULL,Created,2024-08-26 05:06:00,100,Payment initiated,0
EVT00003882,PAY0000997,PaymentAuthorized,Created,Authorized,2024-08-26 05:08:00,200,Authorization successful,1
EVT00003883,PAY0000997,PaymentCaptured,Authorized,Captured,2024-08-26 05:10:00,201,Payment captured,2
EVT00003884,PAY0000997,PaymentSettled,Captured,Settled,2024-08-26 05:12:00,202,Settlement completed,3
EVT00003885,PAY0000998,PaymentCreated,NULL,Created,2024-09-03 08:34:00,100,Payment initiated,0
EVT00003886,PAY0000998,PaymentAuthorized,Created,Authorized,2024-09-03 08:36:00,200,Authorization successful,1
EVT00003887,PAY0000998,PaymentCaptured,Authorized,Captured,2024-09-03 08:38:00,201,Payment captured,2
EVT00003888,PAY0000998,PaymentSettled,Captured,Settled,2024-09-03 08:40:00,202,Settlement completed,3
EVT00003889,PAY0000999,PaymentCreated,NULL,Created,2024-02-27 07:36:00,100,Payment initiated,0
EVT00003890,PAY0000999,PaymentAuthorized,Created,Authorized,2024-02-27 07:38:00,200,Authorization successful,1
EVT00003891,PAY0000999,PaymentCaptured,Authorized,Captured,2024-02-27 07:40:00,201,Payment captured,2
EVT00003892,PAY0000999,PaymentSettled,Captured,Settled,2024-02-27 07:42:00,202,Settlement completed,3
EVT00003893,PAY0001000,PaymentCreated,NULL,Created,2025-02-01 11:59:00,100,Payment initiated,0
EVT00003894,PAY0001000,PaymentAuthorized,Created,Authorized,2025-02-01 12:01:00,200,Authorization successful,1
EVT00003895,PAY0001000,PaymentCaptured,Authorized,Captured,2025-02-01 12:03:00,201,Payment captured,2
EVT00003896,PAY0001000,PaymentSettled,Captured,Settled,2025-02-01 12:05:00,202,Settlement completed,3
EVT00003897,PAY0001001,PaymentCreated,NULL,Created,2024-06-26 05:15:00,100,Payment initiated,0
EVT00003898,PAY0001001,PaymentAuthorized,Created,Authorized,2024-06-26 05:17:00,200,Authorization successful,1
EVT00003899,PAY0001001,PaymentCaptured,Authorized,Captured,2024-06-26 05:19:00,201,Payment captured,2
EVT00003900,PAY0001001,PaymentSettled,Captured,Settled,2024-06-26 05:21:00,202,Settlement completed,3
EVT00003901,PAY0001002,PaymentCreated,NULL,Created,2025-01-02 18:01:00,100,Payment initiated,0
EVT00003902,PAY0001002,PaymentAuthorized,Created,Authorized,2025-01-02 18:03:00,200,Authorization successful,1
EVT00003903,PAY0001002,PaymentCaptured,Authorized,Captured,2025-01-02 18:05:00,201,Payment captured,2
EVT00003904,PAY0001002,PaymentSettled,Captured,Settled,2025-01-02 18:07:00,202,Settlement completed,3
EVT00003905,PAY0001003,PaymentCreated,NULL,Created,2024-12-26 18:36:00,100,Payment initiated,0
EVT00003906,PAY0001003,PaymentAuthorized,Created,Authorized,2024-12-26 18:38:00,200,Authorization successful,1
EVT00003907,PAY0001003,PaymentCaptured,Authorized,Captured,2024-12-26 18:40:00,201,Payment captured,2
EVT00003908,PAY0001003,PaymentSettled,Captured,Settled,2024-12-26 18:42:00,202,Settlement completed,3
EVT00003909,PAY0001004,PaymentCreated,NULL,Created,2024-07-11 15:34:00,100,Payment initiated,0
EVT00003910,PAY0001004,PaymentAuthorized,Created,Authorized,2024-07-11 15:36:00,200,Authorization successful,1
EVT00003911,PAY0001004,PaymentCaptured,Authorized,Captured,2024-07-11 15:38:00,201,Payment captured,2
EVT00003912,PAY0001004,PaymentSettled,Captured,Settled,2024-07-11 15:40:00,202,Settlement completed,3
EVT00003913,PAY0001005,PaymentCreated,NULL,Created,2025-05-17 01:05:00,100,Payment initiated,0
EVT00003914,PAY0001005,PaymentAuthorized,Created,Authorized,2025-05-17 01:07:00,200,Authorization successful,1
EVT00003915,PAY0001005,PaymentFailed,Authorized,Failed,2025-05-17 01:09:00,500,Transaction failed,2
EVT00003916,PAY0001006,PaymentCreated,NULL,Created,2025-09-08 07:01:00,100,Payment initiated,0
EVT00003917,PAY0001006,PaymentAuthorized,Created,Authorized,2025-09-08 07:03:00,200,Authorization successful,1
EVT00003918,PAY0001006,PaymentCaptured,Authorized,Captured,2025-09-08 07:05:00,201,Payment captured,2
EVT00003919,PAY0001006,PaymentSettled,Captured,Settled,2025-09-08 07:07:00,202,Settlement completed,3
EVT00003920,PAY0001007,PaymentCreated,NULL,Created,2024-01-01 10:58:00,100,Payment initiated,0
EVT00003921,PAY0001007,PaymentAuthorized,Created,Authorized,2024-01-01 11:00:00,200,Authorization successful,1
EVT00003922,PAY0001007,PaymentCaptured,Authorized,Captured,2024-01-01 11:02:00,201,Payment captured,2
EVT00003923,PAY0001007,PaymentSettled,Captured,Settled,2024-01-01 11:04:00,202,Settlement completed,3
EVT00003924,PAY0001008,PaymentCreated,NULL,Created,2024-05-13 10:45:00,100,Payment initiated,0
EVT00003925,PAY0001008,PaymentAuthorized,Created,Authorized,2024-05-13 10:47:00,200,Authorization successful,1
EVT00003926,PAY0001008,PaymentCaptured,Authorized,Captured,2024-05-13 10:49:00,201,Payment captured,2
EVT00003927,PAY0001008,PaymentSettled,Captured,Settled,2024-05-13 10:51:00,202,Settlement completed,3
EVT00003928,PAY0001009,PaymentCreated,NULL,Created,2024-11-27 01:01:00,100,Payment initiated,0
EVT00003929,PAY0001009,PaymentAuthorized,Created,Authorized,2024-11-27 01:03:00,200,Authorization successful,1
EVT00003930,PAY0001009,PaymentCaptured,Authorized,Captured,2024-11-27 01:05:00,201,Payment captured,2
EVT00003931,PAY0001009,PaymentSettled,Captured,Settled,2024-11-27 01:07:00,202,Settlement completed,3
EVT00003932,PAY0001010,PaymentCreated,NULL,Created,2024-05-25 03:54:00,100,Payment initiated,0
EVT00003933,PAY0001010,PaymentAuthorized,Created,Authorized,2024-05-25 03:56:00,200,Authorization successful,1
EVT00003934,PAY0001010,PaymentCaptured,Authorized,Captured,2024-05-25 03:58:00,201,Payment captured,2
EVT00003935,PAY0001010,PaymentSettled,Captured,Settled,2024-05-25 04:00:00,202,Settlement completed,3
EVT00003936,PAY0001011,PaymentCreated,NULL,Created,2025-01-08 02:23:00,100,Payment initiated,0
EVT00003937,PAY0001011,PaymentAuthorized,Created,Authorized,2025-01-08 02:25:00,200,Authorization successful,1
EVT00003938,PAY0001011,PaymentCaptured,Authorized,Captured,2025-01-08 02:27:00,201,Payment captured,2
EVT00003939,PAY0001011,PaymentSettled,Captured,Settled,2025-01-08 02:29:00,202,Settlement completed,3
EVT00003940,PAY0001012,PaymentCreated,NULL,Created,2025-11-09 12:37:00,100,Payment initiated,0
EVT00003941,PAY0001012,PaymentAuthorized,Created,Authorized,2025-11-09 12:39:00,200,Authorization successful,1
EVT00003942,PAY0001012,PaymentFailed,Authorized,Failed,2025-11-09 12:41:00,500,Transaction failed,2
EVT00003943,PAY0001013,PaymentCreated,NULL,Created,2024-11-05 10:08:00,100,Payment initiated,0
EVT00003944,PAY0001013,PaymentAuthorized,Created,Authorized,2024-11-05 10:10:00,200,Authorization successful,1
EVT00003945,PAY0001013,PaymentCaptured,Authorized,Captured,2024-11-05 10:12:00,201,Payment captured,2
EVT00003946,PAY0001013,PaymentSettled,Captured,Settled,2024-11-05 10:14:00,202,Settlement completed,3
EVT00003947,PAY0001014,PaymentCreated,NULL,Created,2025-03-23 20:31:00,100,Payment initiated,0
EVT00003948,PAY0001014,PaymentAuthorized,Created,Authorized,2025-03-23 20:33:00,200,Authorization successful,1
EVT00003949,PAY0001014,PaymentCaptured,Authorized,Captured,2025-03-23 20:35:00,201,Payment captured,2
EVT00003950,PAY0001014,PaymentSettled,Captured,Settled,2025-03-23 20:37:00,202,Settlement completed,3
EVT00003951,PAY0001015,PaymentCreated,NULL,Created,2024-06-27 22:35:00,100,Payment initiated,0
EVT00003952,PAY0001015,PaymentAuthorized,Created,Authorized,2024-06-27 22:37:00,200,Authorization successful,1
EVT00003953,PAY0001015,PaymentCaptured,Authorized,Captured,2024-06-27 22:39:00,201,Payment captured,2
EVT00003954,PAY0001015,PaymentSettled,Captured,Settled,2024-06-27 22:41:00,202,Settlement completed,3
EVT00003955,PAY0001016,PaymentCreated,NULL,Created,2025-09-20 11:14:00,100,Payment initiated,0
EVT00003956,PAY0001016,PaymentAuthorized,Created,Authorized,2025-09-20 11:16:00,200,Authorization successful,1
EVT00003957,PAY0001016,PaymentCaptured,Authorized,Captured,2025-09-20 11:18:00,201,Payment captured,2
EVT00003958,PAY0001016,PaymentSettled,Captured,Settled,2025-09-20 11:20:00,202,Settlement completed,3
EVT00003959,PAY0001017,PaymentCreated,NULL,Created,2024-06-28 12:19:00,100,Payment initiated,0
EVT00003960,PAY0001017,PaymentAuthorized,Created,Authorized,2024-06-28 12:21:00,200,Authorization successful,1
EVT00003961,PAY0001017,PaymentCaptured,Authorized,Captured,2024-06-28 12:23:00,201,Payment captured,2
EVT00003962,PAY0001017,PaymentSettled,Captured,Settled,2024-06-28 12:25:00,202,Settlement completed,3
EVT00003963,PAY0001018,PaymentCreated,NULL,Created,2024-10-28 04:11:00,100,Payment initiated,0
EVT00003964,PAY0001018,PaymentAuthorized,Created,Authorized,2024-10-28 04:13:00,200,Authorization successful,1
EVT00003965,PAY0001018,PaymentCaptured,Authorized,Captured,2024-10-28 04:15:00,201,Payment captured,2
EVT00003966,PAY0001018,PaymentSettled,Captured,Settled,2024-10-28 04:17:00,202,Settlement completed,3
EVT00003967,PAY0001019,PaymentCreated,NULL,Created,2025-08-09 12:54:00,100,Payment initiated,0
EVT00003968,PAY0001019,PaymentAuthorized,Created,Authorized,2025-08-09 12:56:00,200,Authorization successful,1
EVT00003969,PAY0001019,PaymentCaptured,Authorized,Captured,2025-08-09 12:58:00,201,Payment captured,2
EVT00003970,PAY0001019,PaymentSettled,Captured,Settled,2025-08-09 13:00:00,202,Settlement completed,3
EVT00003971,PAY0001020,PaymentCreated,NULL,Created,2025-08-04 01:11:00,100,Payment initiated,0
EVT00003972,PAY0001020,PaymentAuthorized,Created,Authorized,2025-08-04 01:13:00,200,Authorization successful,1
EVT00003973,PAY0001020,PaymentCaptured,Authorized,Captured,2025-08-04 01:15:00,201,Payment captured,2
EVT00003974,PAY0001020,PaymentSettled,Captured,Settled,2025-08-04 01:17:00,202,Settlement completed,3
EVT00003975,PAY0001021,PaymentCreated,NULL,Created,2025-09-18 07:40:00,100,Payment initiated,0
EVT00003976,PAY0001021,PaymentAuthorized,Created,Authorized,2025-09-18 07:42:00,200,Authorization successful,1
EVT00003977,PAY0001021,PaymentCaptured,Authorized,Captured,2025-09-18 07:44:00,201,Payment captured,2
EVT00003978,PAY0001021,PaymentSettled,Captured,Settled,2025-09-18 07:46:00,202,Settlement completed,3
EVT00003979,PAY0001022,PaymentCreated,NULL,Created,2025-05-23 04:21:00,100,Payment initiated,0
EVT00003980,PAY0001022,PaymentAuthorized,Created,Authorized,2025-05-23 04:23:00,200,Authorization successful,1
EVT00003981,PAY0001022,PaymentCaptured,Authorized,Captured,2025-05-23 04:25:00,201,Payment captured,2
EVT00003982,PAY0001022,PaymentSettled,Captured,Settled,2025-05-23 04:27:00,202,Settlement completed,3
EVT00003983,PAY0001023,PaymentCreated,NULL,Created,2024-08-31 11:20:00,100,Payment initiated,0
EVT00003984,PAY0001023,PaymentAuthorized,Created,Authorized,2024-08-31 11:22:00,200,Authorization successful,1
EVT00003985,PAY0001023,PaymentCaptured,Authorized,Captured,2024-08-31 11:24:00,201,Payment captured,2
EVT00003986,PAY0001023,PaymentSettled,Captured,Settled,2024-08-31 11:26:00,202,Settlement completed,3
EVT00003987,PAY0001024,PaymentCreated,NULL,Created,2024-03-31 22:42:00,100,Payment initiated,0
EVT00003988,PAY0001024,PaymentAuthorized,Created,Authorized,2024-03-31 22:44:00,200,Authorization successful,1
EVT00003989,PAY0001024,PaymentCaptured,Authorized,Captured,2024-03-31 22:46:00,201,Payment captured,2
EVT00003990,PAY0001024,PaymentSettled,Captured,Settled,2024-03-31 22:48:00,202,Settlement completed,3
EVT00003991,PAY0001025,PaymentCreated,NULL,Created,2024-12-09 14:00:00,100,Payment initiated,0
EVT00003992,PAY0001025,PaymentAuthorized,Created,Authorized,2024-12-09 14:02:00,200,Authorization successful,1
EVT00003993,PAY0001025,PaymentCaptured,Authorized,Captured,2024-12-09 14:04:00,201,Payment captured,2
EVT00003994,PAY0001025,PaymentSettled,Captured,Settled,2024-12-09 14:06:00,202,Settlement completed,3
EVT00003995,PAY0001026,PaymentCreated,NULL,Created,2024-09-12 22:04:00,100,Payment initiated,0
EVT00003996,PAY0001026,PaymentAuthorized,Created,Authorized,2024-09-12 22:06:00,200,Authorization successful,1
EVT00003997,PAY0001026,PaymentCaptured,Authorized,Captured,2024-09-12 22:08:00,201,Payment captured,2
EVT00003998,PAY0001026,PaymentSettled,Captured,Settled,2024-09-12 22:10:00,202,Settlement completed,3
EVT00003999,PAY0001027,PaymentCreated,NULL,Created,2024-04-20 23:00:00,100,Payment initiated,0
EVT00004000,PAY0001027,PaymentAuthorized,Created,Authorized,2024-04-20 23:02:00,200,Authorization successful,1
EVT00004001,PAY0001027,PaymentFailed,Authorized,Failed,2024-04-20 23:04:00,500,Transaction failed,2
EVT00004002,PAY0001028,PaymentCreated,NULL,Created,2025-03-24 23:26:00,100,Payment initiated,0
EVT00004003,PAY0001028,PaymentAuthorized,Created,Authorized,2025-03-24 23:28:00,200,Authorization successful,1
EVT00004004,PAY0001028,PaymentCaptured,Authorized,Captured,2025-03-24 23:30:00,201,Payment captured,2
EVT00004005,PAY0001028,PaymentSettled,Captured,Settled,2025-03-24 23:32:00,202,Settlement completed,3
EVT00004006,PAY0001029,PaymentCreated,NULL,Created,2025-02-27 15:56:00,100,Payment initiated,0
EVT00004007,PAY0001029,PaymentAuthorized,Created,Authorized,2025-02-27 15:58:00,200,Authorization successful,1
EVT00004008,PAY0001029,PaymentCaptured,Authorized,Captured,2025-02-27 16:00:00,201,Payment captured,2
EVT00004009,PAY0001029,PaymentSettled,Captured,Settled,2025-02-27 16:02:00,202,Settlement completed,3
EVT00004010,PAY0001030,PaymentCreated,NULL,Created,2025-07-13 12:06:00,100,Payment initiated,0
EVT00004011,PAY0001030,PaymentAuthorized,Created,Authorized,2025-07-13 12:08:00,200,Authorization successful,1
EVT00004012,PAY0001030,PaymentCaptured,Authorized,Captured,2025-07-13 12:10:00,201,Payment captured,2
EVT00004013,PAY0001030,PaymentSettled,Captured,Settled,2025-07-13 12:12:00,202,Settlement completed,3
EVT00004014,PAY0001031,PaymentCreated,NULL,Created,2025-08-14 20:48:00,100,Payment initiated,0
EVT00004015,PAY0001031,PaymentAuthorized,Created,Authorized,2025-08-14 20:50:00,200,Authorization successful,1
EVT00004016,PAY0001031,PaymentCaptured,Authorized,Captured,2025-08-14 20:52:00,201,Payment captured,2
EVT00004017,PAY0001031,PaymentSettled,Captured,Settled,2025-08-14 20:54:00,202,Settlement completed,3
EVT00004018,PAY0001032,PaymentCreated,NULL,Created,2024-06-15 14:04:00,100,Payment initiated,0
EVT00004019,PAY0001032,PaymentAuthorized,Created,Authorized,2024-06-15 14:06:00,200,Authorization successful,1
EVT00004020,PAY0001032,PaymentCaptured,Authorized,Captured,2024-06-15 14:08:00,201,Payment captured,2
EVT00004021,PAY0001032,PaymentSettled,Captured,Settled,2024-06-15 14:10:00,202,Settlement completed,3
EVT00004022,PAY0001033,PaymentCreated,NULL,Created,2024-02-04 09:01:00,100,Payment initiated,0
EVT00004023,PAY0001033,PaymentAuthorized,Created,Authorized,2024-02-04 09:03:00,200,Authorization successful,1
EVT00004024,PAY0001033,PaymentCaptured,Authorized,Captured,2024-02-04 09:05:00,201,Payment captured,2
EVT00004025,PAY0001033,PaymentSettled,Captured,Settled,2024-02-04 09:07:00,202,Settlement completed,3
EVT00004026,PAY0001034,PaymentCreated,NULL,Created,2024-04-17 02:21:00,100,Payment initiated,0
EVT00004027,PAY0001034,PaymentAuthorized,Created,Authorized,2024-04-17 02:23:00,200,Authorization successful,1
EVT00004028,PAY0001034,PaymentCaptured,Authorized,Captured,2024-04-17 02:25:00,201,Payment captured,2
EVT00004029,PAY0001034,PaymentSettled,Captured,Settled,2024-04-17 02:27:00,202,Settlement completed,3
EVT00004030,PAY0001035,PaymentCreated,NULL,Created,2025-01-19 05:46:00,100,Payment initiated,0
EVT00004031,PAY0001035,PaymentAuthorized,Created,Authorized,2025-01-19 05:48:00,200,Authorization successful,1
EVT00004032,PAY0001035,PaymentFailed,Authorized,Failed,2025-01-19 05:50:00,500,Transaction failed,2
EVT00004033,PAY0001036,PaymentCreated,NULL,Created,2024-04-05 10:38:00,100,Payment initiated,0
EVT00004034,PAY0001036,PaymentAuthorized,Created,Authorized,2024-04-05 10:40:00,200,Authorization successful,1
EVT00004035,PAY0001036,PaymentCaptured,Authorized,Captured,2024-04-05 10:42:00,201,Payment captured,2
EVT00004036,PAY0001036,PaymentSettled,Captured,Settled,2024-04-05 10:44:00,202,Settlement completed,3
EVT00004037,PAY0001037,PaymentCreated,NULL,Created,2025-05-09 22:01:00,100,Payment initiated,0
EVT00004038,PAY0001037,PaymentAuthorized,Created,Authorized,2025-05-09 22:03:00,200,Authorization successful,1
EVT00004039,PAY0001037,PaymentCaptured,Authorized,Captured,2025-05-09 22:05:00,201,Payment captured,2
EVT00004040,PAY0001037,PaymentSettled,Captured,Settled,2025-05-09 22:07:00,202,Settlement completed,3
EVT00004041,PAY0001038,PaymentCreated,NULL,Created,2025-10-31 05:38:00,100,Payment initiated,0
EVT00004042,PAY0001038,PaymentAuthorized,Created,Authorized,2025-10-31 05:40:00,200,Authorization successful,1
EVT00004043,PAY0001038,PaymentCaptured,Authorized,Captured,2025-10-31 05:42:00,201,Payment captured,2
EVT00004044,PAY0001038,PaymentSettled,Captured,Settled,2025-10-31 05:44:00,202,Settlement completed,3
EVT00004045,PAY0001039,PaymentCreated,NULL,Created,2024-06-09 01:06:00,100,Payment initiated,0
EVT00004046,PAY0001039,PaymentAuthorized,Created,Authorized,2024-06-09 01:08:00,200,Authorization successful,1
EVT00004047,PAY0001039,PaymentCaptured,Authorized,Captured,2024-06-09 01:10:00,201,Payment captured,2
EVT00004048,PAY0001039,PaymentSettled,Captured,Settled,2024-06-09 01:12:00,202,Settlement completed,3
EVT00004049,PAY0001040,PaymentCreated,NULL,Created,2024-07-13 13:44:00,100,Payment initiated,0
EVT00004050,PAY0001040,PaymentAuthorized,Created,Authorized,2024-07-13 13:46:00,200,Authorization successful,1
EVT00004051,PAY0001040,PaymentCaptured,Authorized,Captured,2024-07-13 13:48:00,201,Payment captured,2
EVT00004052,PAY0001040,PaymentSettled,Captured,Settled,2024-07-13 13:50:00,202,Settlement completed,3
EVT00004053,PAY0001041,PaymentCreated,NULL,Created,2025-07-07 08:42:00,100,Payment initiated,0
EVT00004054,PAY0001041,PaymentAuthorized,Created,Authorized,2025-07-07 08:44:00,200,Authorization successful,1
EVT00004055,PAY0001041,PaymentCaptured,Authorized,Captured,2025-07-07 08:46:00,201,Payment captured,2
EVT00004056,PAY0001041,PaymentSettled,Captured,Settled,2025-07-07 08:48:00,202,Settlement completed,3
EVT00004057,PAY0001042,PaymentCreated,NULL,Created,2024-08-31 03:03:00,100,Payment initiated,0
EVT00004058,PAY0001042,PaymentAuthorized,Created,Authorized,2024-08-31 03:05:00,200,Authorization successful,1
EVT00004059,PAY0001042,PaymentCaptured,Authorized,Captured,2024-08-31 03:07:00,201,Payment captured,2
EVT00004060,PAY0001042,PaymentSettled,Captured,Settled,2024-08-31 03:09:00,202,Settlement completed,3
EVT00004061,PAY0001043,PaymentCreated,NULL,Created,2025-07-16 15:09:00,100,Payment initiated,0
EVT00004062,PAY0001043,PaymentAuthorized,Created,Authorized,2025-07-16 15:11:00,200,Authorization successful,1
EVT00004063,PAY0001043,PaymentFailed,Authorized,Failed,2025-07-16 15:13:00,500,Transaction failed,2
EVT00004064,PAY0001044,PaymentCreated,NULL,Created,2024-01-04 13:05:00,100,Payment initiated,0
EVT00004065,PAY0001044,PaymentAuthorized,Created,Authorized,2024-01-04 13:07:00,200,Authorization successful,1
EVT00004066,PAY0001044,PaymentCaptured,Authorized,Captured,2024-01-04 13:09:00,201,Payment captured,2
EVT00004067,PAY0001044,PaymentSettled,Captured,Settled,2024-01-04 13:11:00,202,Settlement completed,3
EVT00004068,PAY0001045,PaymentCreated,NULL,Created,2025-11-08 20:38:00,100,Payment initiated,0
EVT00004069,PAY0001045,PaymentAuthorized,Created,Authorized,2025-11-08 20:40:00,200,Authorization successful,1
EVT00004070,PAY0001045,PaymentCaptured,Authorized,Captured,2025-11-08 20:42:00,201,Payment captured,2
EVT00004071,PAY0001045,PaymentSettled,Captured,Settled,2025-11-08 20:44:00,202,Settlement completed,3
EVT00004072,PAY0001046,PaymentCreated,NULL,Created,2024-04-09 00:13:00,100,Payment initiated,0
EVT00004073,PAY0001046,PaymentAuthorized,Created,Authorized,2024-04-09 00:15:00,200,Authorization successful,1
EVT00004074,PAY0001046,PaymentCaptured,Authorized,Captured,2024-04-09 00:17:00,201,Payment captured,2
EVT00004075,PAY0001046,PaymentSettled,Captured,Settled,2024-04-09 00:19:00,202,Settlement completed,3
EVT00004076,PAY0001047,PaymentCreated,NULL,Created,2024-10-25 02:30:00,100,Payment initiated,0
EVT00004077,PAY0001047,PaymentAuthorized,Created,Authorized,2024-10-25 02:32:00,200,Authorization successful,1
EVT00004078,PAY0001047,PaymentCaptured,Authorized,Captured,2024-10-25 02:34:00,201,Payment captured,2
EVT00004079,PAY0001047,PaymentSettled,Captured,Settled,2024-10-25 02:36:00,202,Settlement completed,3
EVT00004080,PAY0001048,PaymentCreated,NULL,Created,2024-11-11 12:30:00,100,Payment initiated,0
EVT00004081,PAY0001048,PaymentAuthorized,Created,Authorized,2024-11-11 12:32:00,200,Authorization successful,1
EVT00004082,PAY0001048,PaymentCaptured,Authorized,Captured,2024-11-11 12:34:00,201,Payment captured,2
EVT00004083,PAY0001048,PaymentSettled,Captured,Settled,2024-11-11 12:36:00,202,Settlement completed,3
EVT00004084,PAY0001049,PaymentCreated,NULL,Created,2025-11-07 08:05:00,100,Payment initiated,0
EVT00004085,PAY0001049,PaymentAuthorized,Created,Authorized,2025-11-07 08:07:00,200,Authorization successful,1
EVT00004086,PAY0001049,PaymentCaptured,Authorized,Captured,2025-11-07 08:09:00,201,Payment captured,2
EVT00004087,PAY0001049,PaymentSettled,Captured,Settled,2025-11-07 08:11:00,202,Settlement completed,3
EVT00004088,PAY0001050,PaymentCreated,NULL,Created,2025-01-31 05:23:00,100,Payment initiated,0
EVT00004089,PAY0001050,PaymentAuthorized,Created,Authorized,2025-01-31 05:25:00,200,Authorization successful,1
EVT00004090,PAY0001050,PaymentCaptured,Authorized,Captured,2025-01-31 05:27:00,201,Payment captured,2
EVT00004091,PAY0001050,PaymentSettled,Captured,Settled,2025-01-31 05:29:00,202,Settlement completed,3
EVT00004092,PAY0001051,PaymentCreated,NULL,Created,2025-01-13 05:28:00,100,Payment initiated,0
EVT00004093,PAY0001051,PaymentAuthorized,Created,Authorized,2025-01-13 05:30:00,200,Authorization successful,1
EVT00004094,PAY0001051,PaymentFailed,Authorized,Failed,2025-01-13 05:32:00,500,Transaction failed,2
EVT00004095,PAY0001052,PaymentCreated,NULL,Created,2025-03-26 14:16:00,100,Payment initiated,0
EVT00004096,PAY0001052,PaymentAuthorized,Created,Authorized,2025-03-26 14:18:00,200,Authorization successful,1
EVT00004097,PAY0001052,PaymentCaptured,Authorized,Captured,2025-03-26 14:20:00,201,Payment captured,2
EVT00004098,PAY0001052,PaymentSettled,Captured,Settled,2025-03-26 14:22:00,202,Settlement completed,3
EVT00004099,PAY0001053,PaymentCreated,NULL,Created,2024-10-02 18:03:00,100,Payment initiated,0
EVT00004100,PAY0001053,PaymentAuthorized,Created,Authorized,2024-10-02 18:05:00,200,Authorization successful,1
EVT00004101,PAY0001053,PaymentCaptured,Authorized,Captured,2024-10-02 18:07:00,201,Payment captured,2
EVT00004102,PAY0001053,PaymentSettled,Captured,Settled,2024-10-02 18:09:00,202,Settlement completed,3
EVT00004103,PAY0001054,PaymentCreated,NULL,Created,2025-11-14 03:05:00,100,Payment initiated,0
EVT00004104,PAY0001054,PaymentAuthorized,Created,Authorized,2025-11-14 03:07:00,200,Authorization successful,1
EVT00004105,PAY0001054,PaymentCaptured,Authorized,Captured,2025-11-14 03:09:00,201,Payment captured,2
EVT00004106,PAY0001054,PaymentSettled,Captured,Settled,2025-11-14 03:11:00,202,Settlement completed,3
EVT00004107,PAY0001055,PaymentCreated,NULL,Created,2025-07-08 13:48:00,100,Payment initiated,0
EVT00004108,PAY0001055,PaymentAuthorized,Created,Authorized,2025-07-08 13:50:00,200,Authorization successful,1
EVT00004109,PAY0001055,PaymentCaptured,Authorized,Captured,2025-07-08 13:52:00,201,Payment captured,2
EVT00004110,PAY0001055,PaymentSettled,Captured,Settled,2025-07-08 13:54:00,202,Settlement completed,3
EVT00004111,PAY0001056,PaymentCreated,NULL,Created,2025-07-20 01:53:00,100,Payment initiated,0
EVT00004112,PAY0001056,PaymentAuthorized,Created,Authorized,2025-07-20 01:55:00,200,Authorization successful,1
EVT00004113,PAY0001056,PaymentCaptured,Authorized,Captured,2025-07-20 01:57:00,201,Payment captured,2
EVT00004114,PAY0001056,PaymentSettled,Captured,Settled,2025-07-20 01:59:00,202,Settlement completed,3
EVT00004115,PAY0001057,PaymentCreated,NULL,Created,2025-06-19 13:34:00,100,Payment initiated,0
EVT00004116,PAY0001057,PaymentAuthorized,Created,Authorized,2025-06-19 13:36:00,200,Authorization successful,1
EVT00004117,PAY0001057,PaymentCaptured,Authorized,Captured,2025-06-19 13:38:00,201,Payment captured,2
EVT00004118,PAY0001057,PaymentSettled,Captured,Settled,2025-06-19 13:40:00,202,Settlement completed,3
EVT00004119,PAY0001058,PaymentCreated,NULL,Created,2025-05-01 18:56:00,100,Payment initiated,0
EVT00004120,PAY0001058,PaymentAuthorized,Created,Authorized,2025-05-01 18:58:00,200,Authorization successful,1
EVT00004121,PAY0001058,PaymentCaptured,Authorized,Captured,2025-05-01 19:00:00,201,Payment captured,2
EVT00004122,PAY0001058,PaymentSettled,Captured,Settled,2025-05-01 19:02:00,202,Settlement completed,3
EVT00004123,PAY0001059,PaymentCreated,NULL,Created,2024-11-02 02:25:00,100,Payment initiated,0
EVT00004124,PAY0001059,PaymentAuthorized,Created,Authorized,2024-11-02 02:27:00,200,Authorization successful,1
EVT00004125,PAY0001059,PaymentCaptured,Authorized,Captured,2024-11-02 02:29:00,201,Payment captured,2
EVT00004126,PAY0001059,PaymentSettled,Captured,Settled,2024-11-02 02:31:00,202,Settlement completed,3
EVT00004127,PAY0001060,PaymentCreated,NULL,Created,2024-02-05 16:36:00,100,Payment initiated,0
EVT00004128,PAY0001060,PaymentAuthorized,Created,Authorized,2024-02-05 16:38:00,200,Authorization successful,1
EVT00004129,PAY0001060,PaymentCaptured,Authorized,Captured,2024-02-05 16:40:00,201,Payment captured,2
EVT00004130,PAY0001060,PaymentSettled,Captured,Settled,2024-02-05 16:42:00,202,Settlement completed,3
EVT00004131,PAY0001061,PaymentCreated,NULL,Created,2025-08-08 21:39:00,100,Payment initiated,0
EVT00004132,PAY0001061,PaymentAuthorized,Created,Authorized,2025-08-08 21:41:00,200,Authorization successful,1
EVT00004133,PAY0001061,PaymentCaptured,Authorized,Captured,2025-08-08 21:43:00,201,Payment captured,2
EVT00004134,PAY0001061,PaymentSettled,Captured,Settled,2025-08-08 21:45:00,202,Settlement completed,3
EVT00004135,PAY0001062,PaymentCreated,NULL,Created,2025-04-04 05:10:00,100,Payment initiated,0
EVT00004136,PAY0001062,PaymentAuthorized,Created,Authorized,2025-04-04 05:12:00,200,Authorization successful,1
EVT00004137,PAY0001062,PaymentCaptured,Authorized,Captured,2025-04-04 05:14:00,201,Payment captured,2
EVT00004138,PAY0001062,PaymentSettled,Captured,Settled,2025-04-04 05:16:00,202,Settlement completed,3
EVT00004139,PAY0001063,PaymentCreated,NULL,Created,2024-07-16 04:02:00,100,Payment initiated,0
EVT00004140,PAY0001063,PaymentAuthorized,Created,Authorized,2024-07-16 04:04:00,200,Authorization successful,1
EVT00004141,PAY0001063,PaymentCaptured,Authorized,Captured,2024-07-16 04:06:00,201,Payment captured,2
EVT00004142,PAY0001063,PaymentSettled,Captured,Settled,2024-07-16 04:08:00,202,Settlement completed,3
EVT00004143,PAY0001064,PaymentCreated,NULL,Created,2025-11-30 13:12:00,100,Payment initiated,0
EVT00004144,PAY0001064,PaymentAuthorized,Created,Authorized,2025-11-30 13:14:00,200,Authorization successful,1
EVT00004145,PAY0001064,PaymentCaptured,Authorized,Captured,2025-11-30 13:16:00,201,Payment captured,2
EVT00004146,PAY0001064,PaymentSettled,Captured,Settled,2025-11-30 13:18:00,202,Settlement completed,3
EVT00004147,PAY0001065,PaymentCreated,NULL,Created,2025-10-04 04:53:00,100,Payment initiated,0
EVT00004148,PAY0001065,PaymentAuthorized,Created,Authorized,2025-10-04 04:55:00,200,Authorization successful,1
EVT00004149,PAY0001065,PaymentCaptured,Authorized,Captured,2025-10-04 04:57:00,201,Payment captured,2
EVT00004150,PAY0001065,PaymentSettled,Captured,Settled,2025-10-04 04:59:00,202,Settlement completed,3
EVT00004151,PAY0001066,PaymentCreated,NULL,Created,2024-11-23 23:58:00,100,Payment initiated,0
EVT00004152,PAY0001066,PaymentAuthorized,Created,Authorized,2024-11-24 00:00:00,200,Authorization successful,1
EVT00004153,PAY0001066,PaymentCaptured,Authorized,Captured,2024-11-24 00:02:00,201,Payment captured,2
EVT00004154,PAY0001066,PaymentSettled,Captured,Settled,2024-11-24 00:04:00,202,Settlement completed,3
EVT00004155,PAY0001067,PaymentCreated,NULL,Created,2024-03-30 12:35:00,100,Payment initiated,0
EVT00004156,PAY0001067,PaymentAuthorized,Created,Authorized,2024-03-30 12:37:00,200,Authorization successful,1
EVT00004157,PAY0001067,PaymentCaptured,Authorized,Captured,2024-03-30 12:39:00,201,Payment captured,2
EVT00004158,PAY0001067,PaymentSettled,Captured,Settled,2024-03-30 12:41:00,202,Settlement completed,3
EVT00004159,PAY0001068,PaymentCreated,NULL,Created,2024-11-29 08:33:00,100,Payment initiated,0
EVT00004160,PAY0001068,PaymentAuthorized,Created,Authorized,2024-11-29 08:35:00,200,Authorization successful,1
EVT00004161,PAY0001068,PaymentCaptured,Authorized,Captured,2024-11-29 08:37:00,201,Payment captured,2
EVT00004162,PAY0001068,PaymentSettled,Captured,Settled,2024-11-29 08:39:00,202,Settlement completed,3
EVT00004163,PAY0001069,PaymentCreated,NULL,Created,2024-01-13 22:39:00,100,Payment initiated,0
EVT00004164,PAY0001069,PaymentAuthorized,Created,Authorized,2024-01-13 22:41:00,200,Authorization successful,1
EVT00004165,PAY0001069,PaymentCaptured,Authorized,Captured,2024-01-13 22:43:00,201,Payment captured,2
EVT00004166,PAY0001069,PaymentSettled,Captured,Settled,2024-01-13 22:45:00,202,Settlement completed,3
EVT00004167,PAY0001070,PaymentCreated,NULL,Created,2025-03-05 03:26:00,100,Payment initiated,0
EVT00004168,PAY0001070,PaymentAuthorized,Created,Authorized,2025-03-05 03:28:00,200,Authorization successful,1
EVT00004169,PAY0001070,PaymentCaptured,Authorized,Captured,2025-03-05 03:30:00,201,Payment captured,2
EVT00004170,PAY0001070,PaymentSettled,Captured,Settled,2025-03-05 03:32:00,202,Settlement completed,3
EVT00004171,PAY0001071,PaymentCreated,NULL,Created,2025-08-03 18:37:00,100,Payment initiated,0
EVT00004172,PAY0001071,PaymentAuthorized,Created,Authorized,2025-08-03 18:39:00,200,Authorization successful,1
EVT00004173,PAY0001071,PaymentCaptured,Authorized,Captured,2025-08-03 18:41:00,201,Payment captured,2
EVT00004174,PAY0001071,PaymentSettled,Captured,Settled,2025-08-03 18:43:00,202,Settlement completed,3
EVT00004175,PAY0001072,PaymentCreated,NULL,Created,2024-04-12 03:36:00,100,Payment initiated,0
EVT00004176,PAY0001072,PaymentAuthorized,Created,Authorized,2024-04-12 03:38:00,200,Authorization successful,1
EVT00004177,PAY0001072,PaymentCaptured,Authorized,Captured,2024-04-12 03:40:00,201,Payment captured,2
EVT00004178,PAY0001072,PaymentSettled,Captured,Settled,2024-04-12 03:42:00,202,Settlement completed,3
EVT00004179,PAY0001073,PaymentCreated,NULL,Created,2024-10-19 17:56:00,100,Payment initiated,0
EVT00004180,PAY0001073,PaymentAuthorized,Created,Authorized,2024-10-19 17:58:00,200,Authorization successful,1
EVT00004181,PAY0001073,PaymentCaptured,Authorized,Captured,2024-10-19 18:00:00,201,Payment captured,2
EVT00004182,PAY0001073,PaymentSettled,Captured,Settled,2024-10-19 18:02:00,202,Settlement completed,3
EVT00004183,PAY0001074,PaymentCreated,NULL,Created,2025-02-24 08:24:00,100,Payment initiated,0
EVT00004184,PAY0001074,PaymentAuthorized,Created,Authorized,2025-02-24 08:26:00,200,Authorization successful,1
EVT00004185,PAY0001074,PaymentCaptured,Authorized,Captured,2025-02-24 08:28:00,201,Payment captured,2
EVT00004186,PAY0001074,PaymentSettled,Captured,Settled,2025-02-24 08:30:00,202,Settlement completed,3
EVT00004187,PAY0001075,PaymentCreated,NULL,Created,2025-08-08 19:30:00,100,Payment initiated,0
EVT00004188,PAY0001075,PaymentAuthorized,Created,Authorized,2025-08-08 19:32:00,200,Authorization successful,1
EVT00004189,PAY0001075,PaymentFailed,Authorized,Failed,2025-08-08 19:34:00,500,Transaction failed,2
EVT00004190,PAY0001076,PaymentCreated,NULL,Created,2024-10-09 12:09:00,100,Payment initiated,0
EVT00004191,PAY0001076,PaymentAuthorized,Created,Authorized,2024-10-09 12:11:00,200,Authorization successful,1
EVT00004192,PAY0001076,PaymentCaptured,Authorized,Captured,2024-10-09 12:13:00,201,Payment captured,2
EVT00004193,PAY0001076,PaymentSettled,Captured,Settled,2024-10-09 12:15:00,202,Settlement completed,3
EVT00004194,PAY0001077,PaymentCreated,NULL,Created,2025-11-28 22:25:00,100,Payment initiated,0
EVT00004195,PAY0001077,PaymentAuthorized,Created,Authorized,2025-11-28 22:27:00,200,Authorization successful,1
EVT00004196,PAY0001077,PaymentFailed,Authorized,Failed,2025-11-28 22:29:00,500,Transaction failed,2
EVT00004197,PAY0001078,PaymentCreated,NULL,Created,2024-12-05 22:15:00,100,Payment initiated,0
EVT00004198,PAY0001078,PaymentAuthorized,Created,Authorized,2024-12-05 22:17:00,200,Authorization successful,1
EVT00004199,PAY0001078,PaymentFailed,Authorized,Failed,2024-12-05 22:19:00,500,Transaction failed,2
EVT00004200,PAY0001079,PaymentCreated,NULL,Created,2025-05-01 08:57:00,100,Payment initiated,0
EVT00004201,PAY0001079,PaymentAuthorized,Created,Authorized,2025-05-01 08:59:00,200,Authorization successful,1
EVT00004202,PAY0001079,PaymentCaptured,Authorized,Captured,2025-05-01 09:01:00,201,Payment captured,2
EVT00004203,PAY0001079,PaymentSettled,Captured,Settled,2025-05-01 09:03:00,202,Settlement completed,3
EVT00004204,PAY0001080,PaymentCreated,NULL,Created,2024-12-11 09:19:00,100,Payment initiated,0
EVT00004205,PAY0001080,PaymentAuthorized,Created,Authorized,2024-12-11 09:21:00,200,Authorization successful,1
EVT00004206,PAY0001080,PaymentCaptured,Authorized,Captured,2024-12-11 09:23:00,201,Payment captured,2
EVT00004207,PAY0001080,PaymentSettled,Captured,Settled,2024-12-11 09:25:00,202,Settlement completed,3
EVT00004208,PAY0001081,PaymentCreated,NULL,Created,2025-05-18 22:43:00,100,Payment initiated,0
EVT00004209,PAY0001081,PaymentAuthorized,Created,Authorized,2025-05-18 22:45:00,200,Authorization successful,1
EVT00004210,PAY0001081,PaymentFailed,Authorized,Failed,2025-05-18 22:47:00,500,Transaction failed,2
EVT00004211,PAY0001082,PaymentCreated,NULL,Created,2024-08-21 04:19:00,100,Payment initiated,0
EVT00004212,PAY0001082,PaymentAuthorized,Created,Authorized,2024-08-21 04:21:00,200,Authorization successful,1
EVT00004213,PAY0001082,PaymentCaptured,Authorized,Captured,2024-08-21 04:23:00,201,Payment captured,2
EVT00004214,PAY0001082,PaymentSettled,Captured,Settled,2024-08-21 04:25:00,202,Settlement completed,3
EVT00004215,PAY0001083,PaymentCreated,NULL,Created,2025-03-29 10:17:00,100,Payment initiated,0
EVT00004216,PAY0001083,PaymentAuthorized,Created,Authorized,2025-03-29 10:19:00,200,Authorization successful,1
EVT00004217,PAY0001083,PaymentCaptured,Authorized,Captured,2025-03-29 10:21:00,201,Payment captured,2
EVT00004218,PAY0001083,PaymentSettled,Captured,Settled,2025-03-29 10:23:00,202,Settlement completed,3
EVT00004219,PAY0001084,PaymentCreated,NULL,Created,2025-09-11 20:05:00,100,Payment initiated,0
EVT00004220,PAY0001084,PaymentAuthorized,Created,Authorized,2025-09-11 20:07:00,200,Authorization successful,1
EVT00004221,PAY0001084,PaymentCaptured,Authorized,Captured,2025-09-11 20:09:00,201,Payment captured,2
EVT00004222,PAY0001084,PaymentSettled,Captured,Settled,2025-09-11 20:11:00,202,Settlement completed,3
EVT00004223,PAY0001085,PaymentCreated,NULL,Created,2024-08-04 13:47:00,100,Payment initiated,0
EVT00004224,PAY0001085,PaymentAuthorized,Created,Authorized,2024-08-04 13:49:00,200,Authorization successful,1
EVT00004225,PAY0001085,PaymentCaptured,Authorized,Captured,2024-08-04 13:51:00,201,Payment captured,2
EVT00004226,PAY0001085,PaymentSettled,Captured,Settled,2024-08-04 13:53:00,202,Settlement completed,3
EVT00004227,PAY0001086,PaymentCreated,NULL,Created,2025-06-12 11:52:00,100,Payment initiated,0
EVT00004228,PAY0001086,PaymentAuthorized,Created,Authorized,2025-06-12 11:54:00,200,Authorization successful,1
EVT00004229,PAY0001086,PaymentFailed,Authorized,Failed,2025-06-12 11:56:00,500,Transaction failed,2
EVT00004230,PAY0001087,PaymentCreated,NULL,Created,2024-06-11 02:19:00,100,Payment initiated,0
EVT00004231,PAY0001087,PaymentAuthorized,Created,Authorized,2024-06-11 02:21:00,200,Authorization successful,1
EVT00004232,PAY0001087,PaymentCaptured,Authorized,Captured,2024-06-11 02:23:00,201,Payment captured,2
EVT00004233,PAY0001087,PaymentSettled,Captured,Settled,2024-06-11 02:25:00,202,Settlement completed,3
EVT00004234,PAY0001088,PaymentCreated,NULL,Created,2025-02-17 04:49:00,100,Payment initiated,0
EVT00004235,PAY0001088,PaymentAuthorized,Created,Authorized,2025-02-17 04:51:00,200,Authorization successful,1
EVT00004236,PAY0001088,PaymentCaptured,Authorized,Captured,2025-02-17 04:53:00,201,Payment captured,2
EVT00004237,PAY0001088,PaymentSettled,Captured,Settled,2025-02-17 04:55:00,202,Settlement completed,3
EVT00004238,PAY0001089,PaymentCreated,NULL,Created,2025-08-05 00:11:00,100,Payment initiated,0
EVT00004239,PAY0001089,PaymentAuthorized,Created,Authorized,2025-08-05 00:13:00,200,Authorization successful,1
EVT00004240,PAY0001089,PaymentCaptured,Authorized,Captured,2025-08-05 00:15:00,201,Payment captured,2
EVT00004241,PAY0001089,PaymentSettled,Captured,Settled,2025-08-05 00:17:00,202,Settlement completed,3
EVT00004242,PAY0001090,PaymentCreated,NULL,Created,2024-07-24 01:15:00,100,Payment initiated,0
EVT00004243,PAY0001090,PaymentAuthorized,Created,Authorized,2024-07-24 01:17:00,200,Authorization successful,1
EVT00004244,PAY0001090,PaymentFailed,Authorized,Failed,2024-07-24 01:19:00,500,Transaction failed,2
EVT00004245,PAY0001091,PaymentCreated,NULL,Created,2024-02-21 11:45:00,100,Payment initiated,0
EVT00004246,PAY0001091,PaymentAuthorized,Created,Authorized,2024-02-21 11:47:00,200,Authorization successful,1
EVT00004247,PAY0001091,PaymentCaptured,Authorized,Captured,2024-02-21 11:49:00,201,Payment captured,2
EVT00004248,PAY0001091,PaymentSettled,Captured,Settled,2024-02-21 11:51:00,202,Settlement completed,3
EVT00004249,PAY0001092,PaymentCreated,NULL,Created,2025-01-12 14:32:00,100,Payment initiated,0
EVT00004250,PAY0001092,PaymentAuthorized,Created,Authorized,2025-01-12 14:34:00,200,Authorization successful,1
EVT00004251,PAY0001092,PaymentCaptured,Authorized,Captured,2025-01-12 14:36:00,201,Payment captured,2
EVT00004252,PAY0001092,PaymentSettled,Captured,Settled,2025-01-12 14:38:00,202,Settlement completed,3
EVT00004253,PAY0001093,PaymentCreated,NULL,Created,2024-05-06 21:01:00,100,Payment initiated,0
EVT00004254,PAY0001093,PaymentAuthorized,Created,Authorized,2024-05-06 21:03:00,200,Authorization successful,1
EVT00004255,PAY0001093,PaymentCaptured,Authorized,Captured,2024-05-06 21:05:00,201,Payment captured,2
EVT00004256,PAY0001093,PaymentSettled,Captured,Settled,2024-05-06 21:07:00,202,Settlement completed,3
EVT00004257,PAY0001094,PaymentCreated,NULL,Created,2025-05-15 19:28:00,100,Payment initiated,0
EVT00004258,PAY0001094,PaymentAuthorized,Created,Authorized,2025-05-15 19:30:00,200,Authorization successful,1
EVT00004259,PAY0001094,PaymentCaptured,Authorized,Captured,2025-05-15 19:32:00,201,Payment captured,2
EVT00004260,PAY0001094,PaymentSettled,Captured,Settled,2025-05-15 19:34:00,202,Settlement completed,3
EVT00004261,PAY0001095,PaymentCreated,NULL,Created,2025-04-30 18:35:00,100,Payment initiated,0
EVT00004262,PAY0001095,PaymentAuthorized,Created,Authorized,2025-04-30 18:37:00,200,Authorization successful,1
EVT00004263,PAY0001095,PaymentCaptured,Authorized,Captured,2025-04-30 18:39:00,201,Payment captured,2
EVT00004264,PAY0001095,PaymentSettled,Captured,Settled,2025-04-30 18:41:00,202,Settlement completed,3
EVT00004265,PAY0001096,PaymentCreated,NULL,Created,2024-06-16 08:47:00,100,Payment initiated,0
EVT00004266,PAY0001096,PaymentAuthorized,Created,Authorized,2024-06-16 08:49:00,200,Authorization successful,1
EVT00004267,PAY0001096,PaymentCaptured,Authorized,Captured,2024-06-16 08:51:00,201,Payment captured,2
EVT00004268,PAY0001096,PaymentSettled,Captured,Settled,2024-06-16 08:53:00,202,Settlement completed,3
EVT00004269,PAY0001097,PaymentCreated,NULL,Created,2024-04-02 09:01:00,100,Payment initiated,0
EVT00004270,PAY0001097,PaymentAuthorized,Created,Authorized,2024-04-02 09:03:00,200,Authorization successful,1
EVT00004271,PAY0001097,PaymentCaptured,Authorized,Captured,2024-04-02 09:05:00,201,Payment captured,2
EVT00004272,PAY0001097,PaymentSettled,Captured,Settled,2024-04-02 09:07:00,202,Settlement completed,3
EVT00004273,PAY0001098,PaymentCreated,NULL,Created,2024-06-15 18:49:00,100,Payment initiated,0
EVT00004274,PAY0001098,PaymentAuthorized,Created,Authorized,2024-06-15 18:51:00,200,Authorization successful,1
EVT00004275,PAY0001098,PaymentCaptured,Authorized,Captured,2024-06-15 18:53:00,201,Payment captured,2
EVT00004276,PAY0001098,PaymentSettled,Captured,Settled,2024-06-15 18:55:00,202,Settlement completed,3
EVT00004277,PAY0001099,PaymentCreated,NULL,Created,2024-08-14 20:14:00,100,Payment initiated,0
EVT00004278,PAY0001099,PaymentAuthorized,Created,Authorized,2024-08-14 20:16:00,200,Authorization successful,1
EVT00004279,PAY0001099,PaymentCaptured,Authorized,Captured,2024-08-14 20:18:00,201,Payment captured,2
EVT00004280,PAY0001099,PaymentSettled,Captured,Settled,2024-08-14 20:20:00,202,Settlement completed,3
EVT00004281,PAY0001100,PaymentCreated,NULL,Created,2024-10-02 20:26:00,100,Payment initiated,0
EVT00004282,PAY0001100,PaymentAuthorized,Created,Authorized,2024-10-02 20:28:00,200,Authorization successful,1
EVT00004283,PAY0001100,PaymentCaptured,Authorized,Captured,2024-10-02 20:30:00,201,Payment captured,2
EVT00004284,PAY0001100,PaymentSettled,Captured,Settled,2024-10-02 20:32:00,202,Settlement completed,3
EVT00004285,PAY0001101,PaymentCreated,NULL,Created,2025-11-29 00:30:00,100,Payment initiated,0
EVT00004286,PAY0001101,PaymentAuthorized,Created,Authorized,2025-11-29 00:32:00,200,Authorization successful,1
EVT00004287,PAY0001101,PaymentCaptured,Authorized,Captured,2025-11-29 00:34:00,201,Payment captured,2
EVT00004288,PAY0001101,PaymentSettled,Captured,Settled,2025-11-29 00:36:00,202,Settlement completed,3
EVT00004289,PAY0001102,PaymentCreated,NULL,Created,2025-10-24 05:38:00,100,Payment initiated,0
EVT00004290,PAY0001102,PaymentAuthorized,Created,Authorized,2025-10-24 05:40:00,200,Authorization successful,1
EVT00004291,PAY0001102,PaymentCaptured,Authorized,Captured,2025-10-24 05:42:00,201,Payment captured,2
EVT00004292,PAY0001102,PaymentSettled,Captured,Settled,2025-10-24 05:44:00,202,Settlement completed,3
EVT00004293,PAY0001103,PaymentCreated,NULL,Created,2024-08-17 08:38:00,100,Payment initiated,0
EVT00004294,PAY0001103,PaymentAuthorized,Created,Authorized,2024-08-17 08:40:00,200,Authorization successful,1
EVT00004295,PAY0001103,PaymentCaptured,Authorized,Captured,2024-08-17 08:42:00,201,Payment captured,2
EVT00004296,PAY0001103,PaymentSettled,Captured,Settled,2024-08-17 08:44:00,202,Settlement completed,3
EVT00004297,PAY0001104,PaymentCreated,NULL,Created,2024-11-08 22:45:00,100,Payment initiated,0
EVT00004298,PAY0001104,PaymentAuthorized,Created,Authorized,2024-11-08 22:47:00,200,Authorization successful,1
EVT00004299,PAY0001104,PaymentCaptured,Authorized,Captured,2024-11-08 22:49:00,201,Payment captured,2
EVT00004300,PAY0001104,PaymentSettled,Captured,Settled,2024-11-08 22:51:00,202,Settlement completed,3
EVT00004301,PAY0001105,PaymentCreated,NULL,Created,2025-03-09 12:54:00,100,Payment initiated,0
EVT00004302,PAY0001105,PaymentAuthorized,Created,Authorized,2025-03-09 12:56:00,200,Authorization successful,1
EVT00004303,PAY0001105,PaymentCaptured,Authorized,Captured,2025-03-09 12:58:00,201,Payment captured,2
EVT00004304,PAY0001105,PaymentSettled,Captured,Settled,2025-03-09 13:00:00,202,Settlement completed,3
EVT00004305,PAY0001106,PaymentCreated,NULL,Created,2024-09-15 06:29:00,100,Payment initiated,0
EVT00004306,PAY0001106,PaymentAuthorized,Created,Authorized,2024-09-15 06:31:00,200,Authorization successful,1
EVT00004307,PAY0001106,PaymentCaptured,Authorized,Captured,2024-09-15 06:33:00,201,Payment captured,2
EVT00004308,PAY0001106,PaymentSettled,Captured,Settled,2024-09-15 06:35:00,202,Settlement completed,3
EVT00004309,PAY0001107,PaymentCreated,NULL,Created,2025-06-17 19:25:00,100,Payment initiated,0
EVT00004310,PAY0001107,PaymentAuthorized,Created,Authorized,2025-06-17 19:27:00,200,Authorization successful,1
EVT00004311,PAY0001107,PaymentCaptured,Authorized,Captured,2025-06-17 19:29:00,201,Payment captured,2
EVT00004312,PAY0001107,PaymentSettled,Captured,Settled,2025-06-17 19:31:00,202,Settlement completed,3
EVT00004313,PAY0001108,PaymentCreated,NULL,Created,2024-01-08 16:42:00,100,Payment initiated,0
EVT00004314,PAY0001108,PaymentAuthorized,Created,Authorized,2024-01-08 16:44:00,200,Authorization successful,1
EVT00004315,PAY0001108,PaymentCaptured,Authorized,Captured,2024-01-08 16:46:00,201,Payment captured,2
EVT00004316,PAY0001108,PaymentSettled,Captured,Settled,2024-01-08 16:48:00,202,Settlement completed,3
EVT00004317,PAY0001109,PaymentCreated,NULL,Created,2025-01-18 17:41:00,100,Payment initiated,0
EVT00004318,PAY0001109,PaymentAuthorized,Created,Authorized,2025-01-18 17:43:00,200,Authorization successful,1
EVT00004319,PAY0001109,PaymentCaptured,Authorized,Captured,2025-01-18 17:45:00,201,Payment captured,2
EVT00004320,PAY0001109,PaymentSettled,Captured,Settled,2025-01-18 17:47:00,202,Settlement completed,3
EVT00004321,PAY0001110,PaymentCreated,NULL,Created,2024-10-16 09:43:00,100,Payment initiated,0
EVT00004322,PAY0001110,PaymentAuthorized,Created,Authorized,2024-10-16 09:45:00,200,Authorization successful,1
EVT00004323,PAY0001110,PaymentFailed,Authorized,Failed,2024-10-16 09:47:00,500,Transaction failed,2
EVT00004324,PAY0001111,PaymentCreated,NULL,Created,2024-03-06 10:17:00,100,Payment initiated,0
EVT00004325,PAY0001111,PaymentAuthorized,Created,Authorized,2024-03-06 10:19:00,200,Authorization successful,1
EVT00004326,PAY0001111,PaymentCaptured,Authorized,Captured,2024-03-06 10:21:00,201,Payment captured,2
EVT00004327,PAY0001111,PaymentSettled,Captured,Settled,2024-03-06 10:23:00,202,Settlement completed,3
EVT00004328,PAY0001112,PaymentCreated,NULL,Created,2024-10-10 08:41:00,100,Payment initiated,0
EVT00004329,PAY0001112,PaymentAuthorized,Created,Authorized,2024-10-10 08:43:00,200,Authorization successful,1
EVT00004330,PAY0001112,PaymentCaptured,Authorized,Captured,2024-10-10 08:45:00,201,Payment captured,2
EVT00004331,PAY0001112,PaymentSettled,Captured,Settled,2024-10-10 08:47:00,202,Settlement completed,3
EVT00004332,PAY0001113,PaymentCreated,NULL,Created,2025-10-29 09:12:00,100,Payment initiated,0
EVT00004333,PAY0001113,PaymentAuthorized,Created,Authorized,2025-10-29 09:14:00,200,Authorization successful,1
EVT00004334,PAY0001113,PaymentCaptured,Authorized,Captured,2025-10-29 09:16:00,201,Payment captured,2
EVT00004335,PAY0001113,PaymentSettled,Captured,Settled,2025-10-29 09:18:00,202,Settlement completed,3
EVT00004336,PAY0001114,PaymentCreated,NULL,Created,2024-09-03 01:51:00,100,Payment initiated,0
EVT00004337,PAY0001114,PaymentAuthorized,Created,Authorized,2024-09-03 01:53:00,200,Authorization successful,1
EVT00004338,PAY0001114,PaymentCaptured,Authorized,Captured,2024-09-03 01:55:00,201,Payment captured,2
EVT00004339,PAY0001114,PaymentSettled,Captured,Settled,2024-09-03 01:57:00,202,Settlement completed,3
EVT00004340,PAY0001115,PaymentCreated,NULL,Created,2025-09-06 12:42:00,100,Payment initiated,0
EVT00004341,PAY0001115,PaymentAuthorized,Created,Authorized,2025-09-06 12:44:00,200,Authorization successful,1
EVT00004342,PAY0001115,PaymentCaptured,Authorized,Captured,2025-09-06 12:46:00,201,Payment captured,2
EVT00004343,PAY0001115,PaymentSettled,Captured,Settled,2025-09-06 12:48:00,202,Settlement completed,3
EVT00004344,PAY0001116,PaymentCreated,NULL,Created,2024-05-23 23:01:00,100,Payment initiated,0
EVT00004345,PAY0001116,PaymentAuthorized,Created,Authorized,2024-05-23 23:03:00,200,Authorization successful,1
EVT00004346,PAY0001116,PaymentCaptured,Authorized,Captured,2024-05-23 23:05:00,201,Payment captured,2
EVT00004347,PAY0001116,PaymentSettled,Captured,Settled,2024-05-23 23:07:00,202,Settlement completed,3
EVT00004348,PAY0001117,PaymentCreated,NULL,Created,2024-10-29 08:58:00,100,Payment initiated,0
EVT00004349,PAY0001117,PaymentAuthorized,Created,Authorized,2024-10-29 09:00:00,200,Authorization successful,1
EVT00004350,PAY0001117,PaymentCaptured,Authorized,Captured,2024-10-29 09:02:00,201,Payment captured,2
EVT00004351,PAY0001117,PaymentSettled,Captured,Settled,2024-10-29 09:04:00,202,Settlement completed,3
EVT00004352,PAY0001118,PaymentCreated,NULL,Created,2025-02-01 23:02:00,100,Payment initiated,0
EVT00004353,PAY0001118,PaymentAuthorized,Created,Authorized,2025-02-01 23:04:00,200,Authorization successful,1
EVT00004354,PAY0001118,PaymentCaptured,Authorized,Captured,2025-02-01 23:06:00,201,Payment captured,2
EVT00004355,PAY0001118,PaymentSettled,Captured,Settled,2025-02-01 23:08:00,202,Settlement completed,3
EVT00004356,PAY0001119,PaymentCreated,NULL,Created,2025-08-08 06:21:00,100,Payment initiated,0
EVT00004357,PAY0001119,PaymentAuthorized,Created,Authorized,2025-08-08 06:23:00,200,Authorization successful,1
EVT00004358,PAY0001119,PaymentCaptured,Authorized,Captured,2025-08-08 06:25:00,201,Payment captured,2
EVT00004359,PAY0001119,PaymentSettled,Captured,Settled,2025-08-08 06:27:00,202,Settlement completed,3
EVT00004360,PAY0001120,PaymentCreated,NULL,Created,2024-08-15 21:34:00,100,Payment initiated,0
EVT00004361,PAY0001120,PaymentAuthorized,Created,Authorized,2024-08-15 21:36:00,200,Authorization successful,1
EVT00004362,PAY0001120,PaymentCaptured,Authorized,Captured,2024-08-15 21:38:00,201,Payment captured,2
EVT00004363,PAY0001120,PaymentSettled,Captured,Settled,2024-08-15 21:40:00,202,Settlement completed,3
EVT00004364,PAY0001121,PaymentCreated,NULL,Created,2025-05-02 21:22:00,100,Payment initiated,0
EVT00004365,PAY0001121,PaymentAuthorized,Created,Authorized,2025-05-02 21:24:00,200,Authorization successful,1
EVT00004366,PAY0001121,PaymentCaptured,Authorized,Captured,2025-05-02 21:26:00,201,Payment captured,2
EVT00004367,PAY0001121,PaymentSettled,Captured,Settled,2025-05-02 21:28:00,202,Settlement completed,3
EVT00004368,PAY0001122,PaymentCreated,NULL,Created,2024-06-23 21:56:00,100,Payment initiated,0
EVT00004369,PAY0001122,PaymentAuthorized,Created,Authorized,2024-06-23 21:58:00,200,Authorization successful,1
EVT00004370,PAY0001122,PaymentCaptured,Authorized,Captured,2024-06-23 22:00:00,201,Payment captured,2
EVT00004371,PAY0001122,PaymentSettled,Captured,Settled,2024-06-23 22:02:00,202,Settlement completed,3
EVT00004372,PAY0001123,PaymentCreated,NULL,Created,2024-10-27 03:30:00,100,Payment initiated,0
EVT00004373,PAY0001123,PaymentAuthorized,Created,Authorized,2024-10-27 03:32:00,200,Authorization successful,1
EVT00004374,PAY0001123,PaymentCaptured,Authorized,Captured,2024-10-27 03:34:00,201,Payment captured,2
EVT00004375,PAY0001123,PaymentSettled,Captured,Settled,2024-10-27 03:36:00,202,Settlement completed,3
EVT00004376,PAY0001124,PaymentCreated,NULL,Created,2024-09-21 23:51:00,100,Payment initiated,0
EVT00004377,PAY0001124,PaymentAuthorized,Created,Authorized,2024-09-21 23:53:00,200,Authorization successful,1
EVT00004378,PAY0001124,PaymentCaptured,Authorized,Captured,2024-09-21 23:55:00,201,Payment captured,2
EVT00004379,PAY0001124,PaymentSettled,Captured,Settled,2024-09-21 23:57:00,202,Settlement completed,3
EVT00004380,PAY0001125,PaymentCreated,NULL,Created,2024-07-06 21:57:00,100,Payment initiated,0
EVT00004381,PAY0001125,PaymentAuthorized,Created,Authorized,2024-07-06 21:59:00,200,Authorization successful,1
EVT00004382,PAY0001125,PaymentCaptured,Authorized,Captured,2024-07-06 22:01:00,201,Payment captured,2
EVT00004383,PAY0001125,PaymentSettled,Captured,Settled,2024-07-06 22:03:00,202,Settlement completed,3
EVT00004384,PAY0001126,PaymentCreated,NULL,Created,2024-04-01 07:22:00,100,Payment initiated,0
EVT00004385,PAY0001126,PaymentAuthorized,Created,Authorized,2024-04-01 07:24:00,200,Authorization successful,1
EVT00004386,PAY0001126,PaymentCaptured,Authorized,Captured,2024-04-01 07:26:00,201,Payment captured,2
EVT00004387,PAY0001126,PaymentSettled,Captured,Settled,2024-04-01 07:28:00,202,Settlement completed,3
EVT00004388,PAY0001127,PaymentCreated,NULL,Created,2024-11-10 13:50:00,100,Payment initiated,0
EVT00004389,PAY0001127,PaymentAuthorized,Created,Authorized,2024-11-10 13:52:00,200,Authorization successful,1
EVT00004390,PAY0001127,PaymentCaptured,Authorized,Captured,2024-11-10 13:54:00,201,Payment captured,2
EVT00004391,PAY0001127,PaymentSettled,Captured,Settled,2024-11-10 13:56:00,202,Settlement completed,3
EVT00004392,PAY0001128,PaymentCreated,NULL,Created,2025-01-15 08:37:00,100,Payment initiated,0
EVT00004393,PAY0001128,PaymentAuthorized,Created,Authorized,2025-01-15 08:39:00,200,Authorization successful,1
EVT00004394,PAY0001128,PaymentCaptured,Authorized,Captured,2025-01-15 08:41:00,201,Payment captured,2
EVT00004395,PAY0001128,PaymentSettled,Captured,Settled,2025-01-15 08:43:00,202,Settlement completed,3
EVT00004396,PAY0001129,PaymentCreated,NULL,Created,2024-04-30 15:03:00,100,Payment initiated,0
EVT00004397,PAY0001129,PaymentAuthorized,Created,Authorized,2024-04-30 15:05:00,200,Authorization successful,1
EVT00004398,PAY0001129,PaymentCaptured,Authorized,Captured,2024-04-30 15:07:00,201,Payment captured,2
EVT00004399,PAY0001129,PaymentSettled,Captured,Settled,2024-04-30 15:09:00,202,Settlement completed,3
EVT00004400,PAY0001130,PaymentCreated,NULL,Created,2025-08-20 18:39:00,100,Payment initiated,0
EVT00004401,PAY0001130,PaymentAuthorized,Created,Authorized,2025-08-20 18:41:00,200,Authorization successful,1
EVT00004402,PAY0001130,PaymentFailed,Authorized,Failed,2025-08-20 18:43:00,500,Transaction failed,2
EVT00004403,PAY0001131,PaymentCreated,NULL,Created,2024-07-18 16:07:00,100,Payment initiated,0
EVT00004404,PAY0001131,PaymentAuthorized,Created,Authorized,2024-07-18 16:09:00,200,Authorization successful,1
EVT00004405,PAY0001131,PaymentCaptured,Authorized,Captured,2024-07-18 16:11:00,201,Payment captured,2
EVT00004406,PAY0001131,PaymentSettled,Captured,Settled,2024-07-18 16:13:00,202,Settlement completed,3
EVT00004407,PAY0001132,PaymentCreated,NULL,Created,2025-01-25 16:19:00,100,Payment initiated,0
EVT00004408,PAY0001132,PaymentAuthorized,Created,Authorized,2025-01-25 16:21:00,200,Authorization successful,1
EVT00004409,PAY0001132,PaymentCaptured,Authorized,Captured,2025-01-25 16:23:00,201,Payment captured,2
EVT00004410,PAY0001132,PaymentSettled,Captured,Settled,2025-01-25 16:25:00,202,Settlement completed,3
EVT00004411,PAY0001133,PaymentCreated,NULL,Created,2024-06-03 04:12:00,100,Payment initiated,0
EVT00004412,PAY0001133,PaymentAuthorized,Created,Authorized,2024-06-03 04:14:00,200,Authorization successful,1
EVT00004413,PAY0001133,PaymentCaptured,Authorized,Captured,2024-06-03 04:16:00,201,Payment captured,2
EVT00004414,PAY0001133,PaymentSettled,Captured,Settled,2024-06-03 04:18:00,202,Settlement completed,3
EVT00004415,PAY0001134,PaymentCreated,NULL,Created,2025-08-06 14:09:00,100,Payment initiated,0
EVT00004416,PAY0001134,PaymentAuthorized,Created,Authorized,2025-08-06 14:11:00,200,Authorization successful,1
EVT00004417,PAY0001134,PaymentCaptured,Authorized,Captured,2025-08-06 14:13:00,201,Payment captured,2
EVT00004418,PAY0001134,PaymentSettled,Captured,Settled,2025-08-06 14:15:00,202,Settlement completed,3
EVT00004419,PAY0001135,PaymentCreated,NULL,Created,2024-07-03 02:31:00,100,Payment initiated,0
EVT00004420,PAY0001135,PaymentAuthorized,Created,Authorized,2024-07-03 02:33:00,200,Authorization successful,1
EVT00004421,PAY0001135,PaymentCaptured,Authorized,Captured,2024-07-03 02:35:00,201,Payment captured,2
EVT00004422,PAY0001135,PaymentSettled,Captured,Settled,2024-07-03 02:37:00,202,Settlement completed,3
EVT00004423,PAY0001136,PaymentCreated,NULL,Created,2024-06-30 10:40:00,100,Payment initiated,0
EVT00004424,PAY0001136,PaymentAuthorized,Created,Authorized,2024-06-30 10:42:00,200,Authorization successful,1
EVT00004425,PAY0001136,PaymentFailed,Authorized,Failed,2024-06-30 10:44:00,500,Transaction failed,2
EVT00004426,PAY0001137,PaymentCreated,NULL,Created,2025-04-07 08:13:00,100,Payment initiated,0
EVT00004427,PAY0001137,PaymentAuthorized,Created,Authorized,2025-04-07 08:15:00,200,Authorization successful,1
EVT00004428,PAY0001137,PaymentCaptured,Authorized,Captured,2025-04-07 08:17:00,201,Payment captured,2
EVT00004429,PAY0001137,PaymentSettled,Captured,Settled,2025-04-07 08:19:00,202,Settlement completed,3
EVT00004430,PAY0001138,PaymentCreated,NULL,Created,2024-06-21 18:48:00,100,Payment initiated,0
EVT00004431,PAY0001138,PaymentAuthorized,Created,Authorized,2024-06-21 18:50:00,200,Authorization successful,1
EVT00004432,PAY0001138,PaymentCaptured,Authorized,Captured,2024-06-21 18:52:00,201,Payment captured,2
EVT00004433,PAY0001138,PaymentSettled,Captured,Settled,2024-06-21 18:54:00,202,Settlement completed,3
EVT00004434,PAY0001139,PaymentCreated,NULL,Created,2024-03-31 04:39:00,100,Payment initiated,0
EVT00004435,PAY0001139,PaymentAuthorized,Created,Authorized,2024-03-31 04:41:00,200,Authorization successful,1
EVT00004436,PAY0001139,PaymentCaptured,Authorized,Captured,2024-03-31 04:43:00,201,Payment captured,2
EVT00004437,PAY0001139,PaymentSettled,Captured,Settled,2024-03-31 04:45:00,202,Settlement completed,3
EVT00004438,PAY0001140,PaymentCreated,NULL,Created,2025-03-15 12:27:00,100,Payment initiated,0
EVT00004439,PAY0001140,PaymentAuthorized,Created,Authorized,2025-03-15 12:29:00,200,Authorization successful,1
EVT00004440,PAY0001140,PaymentCaptured,Authorized,Captured,2025-03-15 12:31:00,201,Payment captured,2
EVT00004441,PAY0001140,PaymentSettled,Captured,Settled,2025-03-15 12:33:00,202,Settlement completed,3
EVT00004442,PAY0001141,PaymentCreated,NULL,Created,2025-01-27 00:02:00,100,Payment initiated,0
EVT00004443,PAY0001141,PaymentAuthorized,Created,Authorized,2025-01-27 00:04:00,200,Authorization successful,1
EVT00004444,PAY0001141,PaymentCaptured,Authorized,Captured,2025-01-27 00:06:00,201,Payment captured,2
EVT00004445,PAY0001141,PaymentSettled,Captured,Settled,2025-01-27 00:08:00,202,Settlement completed,3
EVT00004446,PAY0001142,PaymentCreated,NULL,Created,2025-01-17 00:57:00,100,Payment initiated,0
EVT00004447,PAY0001142,PaymentAuthorized,Created,Authorized,2025-01-17 00:59:00,200,Authorization successful,1
EVT00004448,PAY0001142,PaymentCaptured,Authorized,Captured,2025-01-17 01:01:00,201,Payment captured,2
EVT00004449,PAY0001142,PaymentSettled,Captured,Settled,2025-01-17 01:03:00,202,Settlement completed,3
EVT00004450,PAY0001143,PaymentCreated,NULL,Created,2025-06-27 06:01:00,100,Payment initiated,0
EVT00004451,PAY0001143,PaymentAuthorized,Created,Authorized,2025-06-27 06:03:00,200,Authorization successful,1
EVT00004452,PAY0001143,PaymentCaptured,Authorized,Captured,2025-06-27 06:05:00,201,Payment captured,2
EVT00004453,PAY0001143,PaymentSettled,Captured,Settled,2025-06-27 06:07:00,202,Settlement completed,3
EVT00004454,PAY0001144,PaymentCreated,NULL,Created,2025-10-03 23:15:00,100,Payment initiated,0
EVT00004455,PAY0001144,PaymentAuthorized,Created,Authorized,2025-10-03 23:17:00,200,Authorization successful,1
EVT00004456,PAY0001144,PaymentCaptured,Authorized,Captured,2025-10-03 23:19:00,201,Payment captured,2
EVT00004457,PAY0001144,PaymentSettled,Captured,Settled,2025-10-03 23:21:00,202,Settlement completed,3
EVT00004458,PAY0001145,PaymentCreated,NULL,Created,2024-12-18 09:08:00,100,Payment initiated,0
EVT00004459,PAY0001145,PaymentAuthorized,Created,Authorized,2024-12-18 09:10:00,200,Authorization successful,1
EVT00004460,PAY0001145,PaymentFailed,Authorized,Failed,2024-12-18 09:12:00,500,Transaction failed,2
EVT00004461,PAY0001146,PaymentCreated,NULL,Created,2025-05-30 18:19:00,100,Payment initiated,0
EVT00004462,PAY0001146,PaymentAuthorized,Created,Authorized,2025-05-30 18:21:00,200,Authorization successful,1
EVT00004463,PAY0001146,PaymentCaptured,Authorized,Captured,2025-05-30 18:23:00,201,Payment captured,2
EVT00004464,PAY0001146,PaymentSettled,Captured,Settled,2025-05-30 18:25:00,202,Settlement completed,3
EVT00004465,PAY0001147,PaymentCreated,NULL,Created,2024-02-16 09:18:00,100,Payment initiated,0
EVT00004466,PAY0001147,PaymentAuthorized,Created,Authorized,2024-02-16 09:20:00,200,Authorization successful,1
EVT00004467,PAY0001147,PaymentCaptured,Authorized,Captured,2024-02-16 09:22:00,201,Payment captured,2
EVT00004468,PAY0001147,PaymentSettled,Captured,Settled,2024-02-16 09:24:00,202,Settlement completed,3
EVT00004469,PAY0001148,PaymentCreated,NULL,Created,2025-06-16 19:33:00,100,Payment initiated,0
EVT00004470,PAY0001148,PaymentAuthorized,Created,Authorized,2025-06-16 19:35:00,200,Authorization successful,1
EVT00004471,PAY0001148,PaymentCaptured,Authorized,Captured,2025-06-16 19:37:00,201,Payment captured,2
EVT00004472,PAY0001148,PaymentSettled,Captured,Settled,2025-06-16 19:39:00,202,Settlement completed,3
EVT00004473,PAY0001149,PaymentCreated,NULL,Created,2024-05-17 10:57:00,100,Payment initiated,0
EVT00004474,PAY0001149,PaymentAuthorized,Created,Authorized,2024-05-17 10:59:00,200,Authorization successful,1
EVT00004475,PAY0001149,PaymentCaptured,Authorized,Captured,2024-05-17 11:01:00,201,Payment captured,2
EVT00004476,PAY0001149,PaymentSettled,Captured,Settled,2024-05-17 11:03:00,202,Settlement completed,3
EVT00004477,PAY0001150,PaymentCreated,NULL,Created,2024-07-11 05:58:00,100,Payment initiated,0
EVT00004478,PAY0001150,PaymentAuthorized,Created,Authorized,2024-07-11 06:00:00,200,Authorization successful,1
EVT00004479,PAY0001150,PaymentCaptured,Authorized,Captured,2024-07-11 06:02:00,201,Payment captured,2
EVT00004480,PAY0001150,PaymentSettled,Captured,Settled,2024-07-11 06:04:00,202,Settlement completed,3
EVT00004481,PAY0001151,PaymentCreated,NULL,Created,2025-02-17 00:14:00,100,Payment initiated,0
EVT00004482,PAY0001151,PaymentAuthorized,Created,Authorized,2025-02-17 00:16:00,200,Authorization successful,1
EVT00004483,PAY0001151,PaymentCaptured,Authorized,Captured,2025-02-17 00:18:00,201,Payment captured,2
EVT00004484,PAY0001151,PaymentSettled,Captured,Settled,2025-02-17 00:20:00,202,Settlement completed,3
EVT00004485,PAY0001152,PaymentCreated,NULL,Created,2024-05-14 06:46:00,100,Payment initiated,0
EVT00004486,PAY0001152,PaymentAuthorized,Created,Authorized,2024-05-14 06:48:00,200,Authorization successful,1
EVT00004487,PAY0001152,PaymentFailed,Authorized,Failed,2024-05-14 06:50:00,500,Transaction failed,2
EVT00004488,PAY0001153,PaymentCreated,NULL,Created,2025-05-31 05:07:00,100,Payment initiated,0
EVT00004489,PAY0001153,PaymentAuthorized,Created,Authorized,2025-05-31 05:09:00,200,Authorization successful,1
EVT00004490,PAY0001153,PaymentCaptured,Authorized,Captured,2025-05-31 05:11:00,201,Payment captured,2
EVT00004491,PAY0001153,PaymentSettled,Captured,Settled,2025-05-31 05:13:00,202,Settlement completed,3
EVT00004492,PAY0001154,PaymentCreated,NULL,Created,2025-10-28 01:24:00,100,Payment initiated,0
EVT00004493,PAY0001154,PaymentAuthorized,Created,Authorized,2025-10-28 01:26:00,200,Authorization successful,1
EVT00004494,PAY0001154,PaymentCaptured,Authorized,Captured,2025-10-28 01:28:00,201,Payment captured,2
EVT00004495,PAY0001154,PaymentSettled,Captured,Settled,2025-10-28 01:30:00,202,Settlement completed,3
EVT00004496,PAY0001155,PaymentCreated,NULL,Created,2024-09-18 17:39:00,100,Payment initiated,0
EVT00004497,PAY0001155,PaymentAuthorized,Created,Authorized,2024-09-18 17:41:00,200,Authorization successful,1
EVT00004498,PAY0001155,PaymentFailed,Authorized,Failed,2024-09-18 17:43:00,500,Transaction failed,2
EVT00004499,PAY0001156,PaymentCreated,NULL,Created,2024-02-19 21:06:00,100,Payment initiated,0
EVT00004500,PAY0001156,PaymentAuthorized,Created,Authorized,2024-02-19 21:08:00,200,Authorization successful,1
EVT00004501,PAY0001156,PaymentCaptured,Authorized,Captured,2024-02-19 21:10:00,201,Payment captured,2
EVT00004502,PAY0001156,PaymentSettled,Captured,Settled,2024-02-19 21:12:00,202,Settlement completed,3
EVT00004503,PAY0001157,PaymentCreated,NULL,Created,2024-01-21 01:44:00,100,Payment initiated,0
EVT00004504,PAY0001157,PaymentAuthorized,Created,Authorized,2024-01-21 01:46:00,200,Authorization successful,1
EVT00004505,PAY0001157,PaymentFailed,Authorized,Failed,2024-01-21 01:48:00,500,Transaction failed,2
EVT00004506,PAY0001158,PaymentCreated,NULL,Created,2025-03-30 12:07:00,100,Payment initiated,0
EVT00004507,PAY0001158,PaymentAuthorized,Created,Authorized,2025-03-30 12:09:00,200,Authorization successful,1
EVT00004508,PAY0001158,PaymentCaptured,Authorized,Captured,2025-03-30 12:11:00,201,Payment captured,2
EVT00004509,PAY0001158,PaymentSettled,Captured,Settled,2025-03-30 12:13:00,202,Settlement completed,3
EVT00004510,PAY0001159,PaymentCreated,NULL,Created,2025-04-30 22:09:00,100,Payment initiated,0
EVT00004511,PAY0001159,PaymentAuthorized,Created,Authorized,2025-04-30 22:11:00,200,Authorization successful,1
EVT00004512,PAY0001159,PaymentCaptured,Authorized,Captured,2025-04-30 22:13:00,201,Payment captured,2
EVT00004513,PAY0001159,PaymentSettled,Captured,Settled,2025-04-30 22:15:00,202,Settlement completed,3
EVT00004514,PAY0001160,PaymentCreated,NULL,Created,2025-10-07 00:19:00,100,Payment initiated,0
EVT00004515,PAY0001160,PaymentAuthorized,Created,Authorized,2025-10-07 00:21:00,200,Authorization successful,1
EVT00004516,PAY0001160,PaymentCaptured,Authorized,Captured,2025-10-07 00:23:00,201,Payment captured,2
EVT00004517,PAY0001160,PaymentSettled,Captured,Settled,2025-10-07 00:25:00,202,Settlement completed,3
EVT00004518,PAY0001161,PaymentCreated,NULL,Created,2024-04-13 21:33:00,100,Payment initiated,0
EVT00004519,PAY0001161,PaymentAuthorized,Created,Authorized,2024-04-13 21:35:00,200,Authorization successful,1
EVT00004520,PAY0001161,PaymentCaptured,Authorized,Captured,2024-04-13 21:37:00,201,Payment captured,2
EVT00004521,PAY0001161,PaymentSettled,Captured,Settled,2024-04-13 21:39:00,202,Settlement completed,3
EVT00004522,PAY0001162,PaymentCreated,NULL,Created,2025-09-12 22:08:00,100,Payment initiated,0
EVT00004523,PAY0001162,PaymentAuthorized,Created,Authorized,2025-09-12 22:10:00,200,Authorization successful,1
EVT00004524,PAY0001162,PaymentCaptured,Authorized,Captured,2025-09-12 22:12:00,201,Payment captured,2
EVT00004525,PAY0001162,PaymentSettled,Captured,Settled,2025-09-12 22:14:00,202,Settlement completed,3
EVT00004526,PAY0001163,PaymentCreated,NULL,Created,2024-04-17 16:46:00,100,Payment initiated,0
EVT00004527,PAY0001163,PaymentAuthorized,Created,Authorized,2024-04-17 16:48:00,200,Authorization successful,1
EVT00004528,PAY0001163,PaymentCaptured,Authorized,Captured,2024-04-17 16:50:00,201,Payment captured,2
EVT00004529,PAY0001163,PaymentSettled,Captured,Settled,2024-04-17 16:52:00,202,Settlement completed,3
EVT00004530,PAY0001164,PaymentCreated,NULL,Created,2024-10-16 03:50:00,100,Payment initiated,0
EVT00004531,PAY0001164,PaymentAuthorized,Created,Authorized,2024-10-16 03:52:00,200,Authorization successful,1
EVT00004532,PAY0001164,PaymentFailed,Authorized,Failed,2024-10-16 03:54:00,500,Transaction failed,2
EVT00004533,PAY0001165,PaymentCreated,NULL,Created,2024-07-22 19:12:00,100,Payment initiated,0
EVT00004534,PAY0001165,PaymentAuthorized,Created,Authorized,2024-07-22 19:14:00,200,Authorization successful,1
EVT00004535,PAY0001165,PaymentCaptured,Authorized,Captured,2024-07-22 19:16:00,201,Payment captured,2
EVT00004536,PAY0001165,PaymentSettled,Captured,Settled,2024-07-22 19:18:00,202,Settlement completed,3
EVT00004537,PAY0001166,PaymentCreated,NULL,Created,2025-06-19 06:22:00,100,Payment initiated,0
EVT00004538,PAY0001166,PaymentAuthorized,Created,Authorized,2025-06-19 06:24:00,200,Authorization successful,1
EVT00004539,PAY0001166,PaymentCaptured,Authorized,Captured,2025-06-19 06:26:00,201,Payment captured,2
EVT00004540,PAY0001166,PaymentSettled,Captured,Settled,2025-06-19 06:28:00,202,Settlement completed,3
EVT00004541,PAY0001167,PaymentCreated,NULL,Created,2024-10-29 05:02:00,100,Payment initiated,0
EVT00004542,PAY0001167,PaymentAuthorized,Created,Authorized,2024-10-29 05:04:00,200,Authorization successful,1
EVT00004543,PAY0001167,PaymentCaptured,Authorized,Captured,2024-10-29 05:06:00,201,Payment captured,2
EVT00004544,PAY0001167,PaymentSettled,Captured,Settled,2024-10-29 05:08:00,202,Settlement completed,3
EVT00004545,PAY0001168,PaymentCreated,NULL,Created,2024-07-31 22:59:00,100,Payment initiated,0
EVT00004546,PAY0001168,PaymentAuthorized,Created,Authorized,2024-07-31 23:01:00,200,Authorization successful,1
EVT00004547,PAY0001168,PaymentCaptured,Authorized,Captured,2024-07-31 23:03:00,201,Payment captured,2
EVT00004548,PAY0001168,PaymentSettled,Captured,Settled,2024-07-31 23:05:00,202,Settlement completed,3
EVT00004549,PAY0001169,PaymentCreated,NULL,Created,2024-08-28 00:00:00,100,Payment initiated,0
EVT00004550,PAY0001169,PaymentAuthorized,Created,Authorized,2024-08-28 00:02:00,200,Authorization successful,1
EVT00004551,PAY0001169,PaymentCaptured,Authorized,Captured,2024-08-28 00:04:00,201,Payment captured,2
EVT00004552,PAY0001169,PaymentSettled,Captured,Settled,2024-08-28 00:06:00,202,Settlement completed,3
EVT00004553,PAY0001170,PaymentCreated,NULL,Created,2024-04-23 18:42:00,100,Payment initiated,0
EVT00004554,PAY0001170,PaymentAuthorized,Created,Authorized,2024-04-23 18:44:00,200,Authorization successful,1
EVT00004555,PAY0001170,PaymentCaptured,Authorized,Captured,2024-04-23 18:46:00,201,Payment captured,2
EVT00004556,PAY0001170,PaymentSettled,Captured,Settled,2024-04-23 18:48:00,202,Settlement completed,3
EVT00004557,PAY0001171,PaymentCreated,NULL,Created,2024-04-02 16:04:00,100,Payment initiated,0
EVT00004558,PAY0001171,PaymentAuthorized,Created,Authorized,2024-04-02 16:06:00,200,Authorization successful,1
EVT00004559,PAY0001171,PaymentCaptured,Authorized,Captured,2024-04-02 16:08:00,201,Payment captured,2
EVT00004560,PAY0001171,PaymentSettled,Captured,Settled,2024-04-02 16:10:00,202,Settlement completed,3
EVT00004561,PAY0001172,PaymentCreated,NULL,Created,2024-04-13 08:41:00,100,Payment initiated,0
EVT00004562,PAY0001172,PaymentAuthorized,Created,Authorized,2024-04-13 08:43:00,200,Authorization successful,1
EVT00004563,PAY0001172,PaymentCaptured,Authorized,Captured,2024-04-13 08:45:00,201,Payment captured,2
EVT00004564,PAY0001172,PaymentSettled,Captured,Settled,2024-04-13 08:47:00,202,Settlement completed,3
EVT00004565,PAY0001173,PaymentCreated,NULL,Created,2024-10-30 08:29:00,100,Payment initiated,0
EVT00004566,PAY0001173,PaymentAuthorized,Created,Authorized,2024-10-30 08:31:00,200,Authorization successful,1
EVT00004567,PAY0001173,PaymentFailed,Authorized,Failed,2024-10-30 08:33:00,500,Transaction failed,2
EVT00004568,PAY0001174,PaymentCreated,NULL,Created,2024-06-27 01:54:00,100,Payment initiated,0
EVT00004569,PAY0001174,PaymentAuthorized,Created,Authorized,2024-06-27 01:56:00,200,Authorization successful,1
EVT00004570,PAY0001174,PaymentCaptured,Authorized,Captured,2024-06-27 01:58:00,201,Payment captured,2
EVT00004571,PAY0001174,PaymentSettled,Captured,Settled,2024-06-27 02:00:00,202,Settlement completed,3
EVT00004572,PAY0001175,PaymentCreated,NULL,Created,2025-11-24 10:27:00,100,Payment initiated,0
EVT00004573,PAY0001175,PaymentAuthorized,Created,Authorized,2025-11-24 10:29:00,200,Authorization successful,1
EVT00004574,PAY0001175,PaymentCaptured,Authorized,Captured,2025-11-24 10:31:00,201,Payment captured,2
EVT00004575,PAY0001175,PaymentSettled,Captured,Settled,2025-11-24 10:33:00,202,Settlement completed,3
EVT00004576,PAY0001176,PaymentCreated,NULL,Created,2024-04-07 01:00:00,100,Payment initiated,0
EVT00004577,PAY0001176,PaymentAuthorized,Created,Authorized,2024-04-07 01:02:00,200,Authorization successful,1
EVT00004578,PAY0001176,PaymentCaptured,Authorized,Captured,2024-04-07 01:04:00,201,Payment captured,2
EVT00004579,PAY0001176,PaymentSettled,Captured,Settled,2024-04-07 01:06:00,202,Settlement completed,3
EVT00004580,PAY0001177,PaymentCreated,NULL,Created,2025-11-10 20:10:00,100,Payment initiated,0
EVT00004581,PAY0001177,PaymentAuthorized,Created,Authorized,2025-11-10 20:12:00,200,Authorization successful,1
EVT00004582,PAY0001177,PaymentCaptured,Authorized,Captured,2025-11-10 20:14:00,201,Payment captured,2
EVT00004583,PAY0001177,PaymentSettled,Captured,Settled,2025-11-10 20:16:00,202,Settlement completed,3
EVT00004584,PAY0001178,PaymentCreated,NULL,Created,2025-03-24 19:17:00,100,Payment initiated,0
EVT00004585,PAY0001178,PaymentAuthorized,Created,Authorized,2025-03-24 19:19:00,200,Authorization successful,1
EVT00004586,PAY0001178,PaymentCaptured,Authorized,Captured,2025-03-24 19:21:00,201,Payment captured,2
EVT00004587,PAY0001178,PaymentSettled,Captured,Settled,2025-03-24 19:23:00,202,Settlement completed,3
EVT00004588,PAY0001179,PaymentCreated,NULL,Created,2024-04-05 11:52:00,100,Payment initiated,0
EVT00004589,PAY0001179,PaymentAuthorized,Created,Authorized,2024-04-05 11:54:00,200,Authorization successful,1
EVT00004590,PAY0001179,PaymentCaptured,Authorized,Captured,2024-04-05 11:56:00,201,Payment captured,2
EVT00004591,PAY0001179,PaymentSettled,Captured,Settled,2024-04-05 11:58:00,202,Settlement completed,3
EVT00004592,PAY0001180,PaymentCreated,NULL,Created,2024-04-26 12:25:00,100,Payment initiated,0
EVT00004593,PAY0001180,PaymentAuthorized,Created,Authorized,2024-04-26 12:27:00,200,Authorization successful,1
EVT00004594,PAY0001180,PaymentCaptured,Authorized,Captured,2024-04-26 12:29:00,201,Payment captured,2
EVT00004595,PAY0001180,PaymentSettled,Captured,Settled,2024-04-26 12:31:00,202,Settlement completed,3
EVT00004596,PAY0001181,PaymentCreated,NULL,Created,2024-10-05 12:44:00,100,Payment initiated,0
EVT00004597,PAY0001181,PaymentAuthorized,Created,Authorized,2024-10-05 12:46:00,200,Authorization successful,1
EVT00004598,PAY0001181,PaymentCaptured,Authorized,Captured,2024-10-05 12:48:00,201,Payment captured,2
EVT00004599,PAY0001181,PaymentSettled,Captured,Settled,2024-10-05 12:50:00,202,Settlement completed,3
EVT00004600,PAY0001182,PaymentCreated,NULL,Created,2025-03-07 20:56:00,100,Payment initiated,0
EVT00004601,PAY0001182,PaymentAuthorized,Created,Authorized,2025-03-07 20:58:00,200,Authorization successful,1
EVT00004602,PAY0001182,PaymentCaptured,Authorized,Captured,2025-03-07 21:00:00,201,Payment captured,2
EVT00004603,PAY0001182,PaymentSettled,Captured,Settled,2025-03-07 21:02:00,202,Settlement completed,3
EVT00004604,PAY0001183,PaymentCreated,NULL,Created,2024-04-25 04:44:00,100,Payment initiated,0
EVT00004605,PAY0001183,PaymentAuthorized,Created,Authorized,2024-04-25 04:46:00,200,Authorization successful,1
EVT00004606,PAY0001183,PaymentCaptured,Authorized,Captured,2024-04-25 04:48:00,201,Payment captured,2
EVT00004607,PAY0001183,PaymentSettled,Captured,Settled,2024-04-25 04:50:00,202,Settlement completed,3
EVT00004608,PAY0001184,PaymentCreated,NULL,Created,2024-06-12 03:26:00,100,Payment initiated,0
EVT00004609,PAY0001184,PaymentAuthorized,Created,Authorized,2024-06-12 03:28:00,200,Authorization successful,1
EVT00004610,PAY0001184,PaymentCaptured,Authorized,Captured,2024-06-12 03:30:00,201,Payment captured,2
EVT00004611,PAY0001184,PaymentSettled,Captured,Settled,2024-06-12 03:32:00,202,Settlement completed,3
EVT00004612,PAY0001185,PaymentCreated,NULL,Created,2025-05-09 18:43:00,100,Payment initiated,0
EVT00004613,PAY0001185,PaymentAuthorized,Created,Authorized,2025-05-09 18:45:00,200,Authorization successful,1
EVT00004614,PAY0001185,PaymentCaptured,Authorized,Captured,2025-05-09 18:47:00,201,Payment captured,2
EVT00004615,PAY0001185,PaymentSettled,Captured,Settled,2025-05-09 18:49:00,202,Settlement completed,3
EVT00004616,PAY0001186,PaymentCreated,NULL,Created,2025-09-17 12:49:00,100,Payment initiated,0
EVT00004617,PAY0001186,PaymentAuthorized,Created,Authorized,2025-09-17 12:51:00,200,Authorization successful,1
EVT00004618,PAY0001186,PaymentCaptured,Authorized,Captured,2025-09-17 12:53:00,201,Payment captured,2
EVT00004619,PAY0001186,PaymentSettled,Captured,Settled,2025-09-17 12:55:00,202,Settlement completed,3
EVT00004620,PAY0001187,PaymentCreated,NULL,Created,2024-01-30 21:56:00,100,Payment initiated,0
EVT00004621,PAY0001187,PaymentAuthorized,Created,Authorized,2024-01-30 21:58:00,200,Authorization successful,1
EVT00004622,PAY0001187,PaymentCaptured,Authorized,Captured,2024-01-30 22:00:00,201,Payment captured,2
EVT00004623,PAY0001187,PaymentSettled,Captured,Settled,2024-01-30 22:02:00,202,Settlement completed,3
EVT00004624,PAY0001188,PaymentCreated,NULL,Created,2024-05-13 15:58:00,100,Payment initiated,0
EVT00004625,PAY0001188,PaymentAuthorized,Created,Authorized,2024-05-13 16:00:00,200,Authorization successful,1
EVT00004626,PAY0001188,PaymentCaptured,Authorized,Captured,2024-05-13 16:02:00,201,Payment captured,2
EVT00004627,PAY0001188,PaymentSettled,Captured,Settled,2024-05-13 16:04:00,202,Settlement completed,3
EVT00004628,PAY0001189,PaymentCreated,NULL,Created,2025-02-25 14:02:00,100,Payment initiated,0
EVT00004629,PAY0001189,PaymentAuthorized,Created,Authorized,2025-02-25 14:04:00,200,Authorization successful,1
EVT00004630,PAY0001189,PaymentFailed,Authorized,Failed,2025-02-25 14:06:00,500,Transaction failed,2
EVT00004631,PAY0001190,PaymentCreated,NULL,Created,2025-11-01 10:00:00,100,Payment initiated,0
EVT00004632,PAY0001190,PaymentAuthorized,Created,Authorized,2025-11-01 10:02:00,200,Authorization successful,1
EVT00004633,PAY0001190,PaymentCaptured,Authorized,Captured,2025-11-01 10:04:00,201,Payment captured,2
EVT00004634,PAY0001190,PaymentSettled,Captured,Settled,2025-11-01 10:06:00,202,Settlement completed,3
EVT00004635,PAY0001191,PaymentCreated,NULL,Created,2025-11-25 16:49:00,100,Payment initiated,0
EVT00004636,PAY0001191,PaymentAuthorized,Created,Authorized,2025-11-25 16:51:00,200,Authorization successful,1
EVT00004637,PAY0001191,PaymentCaptured,Authorized,Captured,2025-11-25 16:53:00,201,Payment captured,2
EVT00004638,PAY0001191,PaymentSettled,Captured,Settled,2025-11-25 16:55:00,202,Settlement completed,3
EVT00004639,PAY0001192,PaymentCreated,NULL,Created,2025-08-01 07:42:00,100,Payment initiated,0
EVT00004640,PAY0001192,PaymentAuthorized,Created,Authorized,2025-08-01 07:44:00,200,Authorization successful,1
EVT00004641,PAY0001192,PaymentCaptured,Authorized,Captured,2025-08-01 07:46:00,201,Payment captured,2
EVT00004642,PAY0001192,PaymentSettled,Captured,Settled,2025-08-01 07:48:00,202,Settlement completed,3
EVT00004643,PAY0001193,PaymentCreated,NULL,Created,2025-06-15 16:44:00,100,Payment initiated,0
EVT00004644,PAY0001193,PaymentAuthorized,Created,Authorized,2025-06-15 16:46:00,200,Authorization successful,1
EVT00004645,PAY0001193,PaymentCaptured,Authorized,Captured,2025-06-15 16:48:00,201,Payment captured,2
EVT00004646,PAY0001193,PaymentSettled,Captured,Settled,2025-06-15 16:50:00,202,Settlement completed,3
EVT00004647,PAY0001194,PaymentCreated,NULL,Created,2024-04-07 13:42:00,100,Payment initiated,0
EVT00004648,PAY0001194,PaymentAuthorized,Created,Authorized,2024-04-07 13:44:00,200,Authorization successful,1
EVT00004649,PAY0001194,PaymentCaptured,Authorized,Captured,2024-04-07 13:46:00,201,Payment captured,2
EVT00004650,PAY0001194,PaymentSettled,Captured,Settled,2024-04-07 13:48:00,202,Settlement completed,3
EVT00004651,PAY0001195,PaymentCreated,NULL,Created,2025-05-08 11:42:00,100,Payment initiated,0
EVT00004652,PAY0001195,PaymentAuthorized,Created,Authorized,2025-05-08 11:44:00,200,Authorization successful,1
EVT00004653,PAY0001195,PaymentCaptured,Authorized,Captured,2025-05-08 11:46:00,201,Payment captured,2
EVT00004654,PAY0001195,PaymentSettled,Captured,Settled,2025-05-08 11:48:00,202,Settlement completed,3
EVT00004655,PAY0001196,PaymentCreated,NULL,Created,2025-01-29 04:53:00,100,Payment initiated,0
EVT00004656,PAY0001196,PaymentAuthorized,Created,Authorized,2025-01-29 04:55:00,200,Authorization successful,1
EVT00004657,PAY0001196,PaymentCaptured,Authorized,Captured,2025-01-29 04:57:00,201,Payment captured,2
EVT00004658,PAY0001196,PaymentSettled,Captured,Settled,2025-01-29 04:59:00,202,Settlement completed,3
EVT00004659,PAY0001197,PaymentCreated,NULL,Created,2025-09-19 01:00:00,100,Payment initiated,0
EVT00004660,PAY0001197,PaymentAuthorized,Created,Authorized,2025-09-19 01:02:00,200,Authorization successful,1
EVT00004661,PAY0001197,PaymentCaptured,Authorized,Captured,2025-09-19 01:04:00,201,Payment captured,2
EVT00004662,PAY0001197,PaymentSettled,Captured,Settled,2025-09-19 01:06:00,202,Settlement completed,3
EVT00004663,PAY0001198,PaymentCreated,NULL,Created,2024-06-09 16:54:00,100,Payment initiated,0
EVT00004664,PAY0001198,PaymentAuthorized,Created,Authorized,2024-06-09 16:56:00,200,Authorization successful,1
EVT00004665,PAY0001198,PaymentCaptured,Authorized,Captured,2024-06-09 16:58:00,201,Payment captured,2
EVT00004666,PAY0001198,PaymentSettled,Captured,Settled,2024-06-09 17:00:00,202,Settlement completed,3
EVT00004667,PAY0001199,PaymentCreated,NULL,Created,2025-05-22 05:04:00,100,Payment initiated,0
EVT00004668,PAY0001199,PaymentAuthorized,Created,Authorized,2025-05-22 05:06:00,200,Authorization successful,1
EVT00004669,PAY0001199,PaymentCaptured,Authorized,Captured,2025-05-22 05:08:00,201,Payment captured,2
EVT00004670,PAY0001199,PaymentSettled,Captured,Settled,2025-05-22 05:10:00,202,Settlement completed,3
EVT00004671,PAY0001200,PaymentCreated,NULL,Created,2024-11-24 07:21:00,100,Payment initiated,0
EVT00004672,PAY0001200,PaymentAuthorized,Created,Authorized,2024-11-24 07:23:00,200,Authorization successful,1
EVT00004673,PAY0001200,PaymentCaptured,Authorized,Captured,2024-11-24 07:25:00,201,Payment captured,2
EVT00004674,PAY0001200,PaymentSettled,Captured,Settled,2024-11-24 07:27:00,202,Settlement completed,3
EVT00004675,PAY0001201,PaymentCreated,NULL,Created,2024-02-21 16:14:00,100,Payment initiated,0
EVT00004676,PAY0001201,PaymentAuthorized,Created,Authorized,2024-02-21 16:16:00,200,Authorization successful,1
EVT00004677,PAY0001201,PaymentCaptured,Authorized,Captured,2024-02-21 16:18:00,201,Payment captured,2
EVT00004678,PAY0001201,PaymentSettled,Captured,Settled,2024-02-21 16:20:00,202,Settlement completed,3
EVT00004679,PAY0001202,PaymentCreated,NULL,Created,2025-01-22 12:52:00,100,Payment initiated,0
EVT00004680,PAY0001202,PaymentAuthorized,Created,Authorized,2025-01-22 12:54:00,200,Authorization successful,1
EVT00004681,PAY0001202,PaymentCaptured,Authorized,Captured,2025-01-22 12:56:00,201,Payment captured,2
EVT00004682,PAY0001202,PaymentSettled,Captured,Settled,2025-01-22 12:58:00,202,Settlement completed,3
EVT00004683,PAY0001203,PaymentCreated,NULL,Created,2025-04-15 14:51:00,100,Payment initiated,0
EVT00004684,PAY0001203,PaymentAuthorized,Created,Authorized,2025-04-15 14:53:00,200,Authorization successful,1
EVT00004685,PAY0001203,PaymentCaptured,Authorized,Captured,2025-04-15 14:55:00,201,Payment captured,2
EVT00004686,PAY0001203,PaymentSettled,Captured,Settled,2025-04-15 14:57:00,202,Settlement completed,3
EVT00004687,PAY0001204,PaymentCreated,NULL,Created,2024-03-31 15:28:00,100,Payment initiated,0
EVT00004688,PAY0001204,PaymentAuthorized,Created,Authorized,2024-03-31 15:30:00,200,Authorization successful,1
EVT00004689,PAY0001204,PaymentCaptured,Authorized,Captured,2024-03-31 15:32:00,201,Payment captured,2
EVT00004690,PAY0001204,PaymentSettled,Captured,Settled,2024-03-31 15:34:00,202,Settlement completed,3
EVT00004691,PAY0001205,PaymentCreated,NULL,Created,2025-05-24 23:41:00,100,Payment initiated,0
EVT00004692,PAY0001205,PaymentAuthorized,Created,Authorized,2025-05-24 23:43:00,200,Authorization successful,1
EVT00004693,PAY0001205,PaymentFailed,Authorized,Failed,2025-05-24 23:45:00,500,Transaction failed,2
EVT00004694,PAY0001206,PaymentCreated,NULL,Created,2025-02-17 13:02:00,100,Payment initiated,0
EVT00004695,PAY0001206,PaymentAuthorized,Created,Authorized,2025-02-17 13:04:00,200,Authorization successful,1
EVT00004696,PAY0001206,PaymentCaptured,Authorized,Captured,2025-02-17 13:06:00,201,Payment captured,2
EVT00004697,PAY0001206,PaymentSettled,Captured,Settled,2025-02-17 13:08:00,202,Settlement completed,3
EVT00004698,PAY0001207,PaymentCreated,NULL,Created,2024-01-01 02:50:00,100,Payment initiated,0
EVT00004699,PAY0001207,PaymentAuthorized,Created,Authorized,2024-01-01 02:52:00,200,Authorization successful,1
EVT00004700,PAY0001207,PaymentCaptured,Authorized,Captured,2024-01-01 02:54:00,201,Payment captured,2
EVT00004701,PAY0001207,PaymentSettled,Captured,Settled,2024-01-01 02:56:00,202,Settlement completed,3
EVT00004702,PAY0001208,PaymentCreated,NULL,Created,2025-09-25 20:19:00,100,Payment initiated,0
EVT00004703,PAY0001208,PaymentAuthorized,Created,Authorized,2025-09-25 20:21:00,200,Authorization successful,1
EVT00004704,PAY0001208,PaymentCaptured,Authorized,Captured,2025-09-25 20:23:00,201,Payment captured,2
EVT00004705,PAY0001208,PaymentSettled,Captured,Settled,2025-09-25 20:25:00,202,Settlement completed,3
EVT00004706,PAY0001209,PaymentCreated,NULL,Created,2025-07-29 06:41:00,100,Payment initiated,0
EVT00004707,PAY0001209,PaymentAuthorized,Created,Authorized,2025-07-29 06:43:00,200,Authorization successful,1
EVT00004708,PAY0001209,PaymentCaptured,Authorized,Captured,2025-07-29 06:45:00,201,Payment captured,2
EVT00004709,PAY0001209,PaymentSettled,Captured,Settled,2025-07-29 06:47:00,202,Settlement completed,3
EVT00004710,PAY0001210,PaymentCreated,NULL,Created,2024-12-15 11:52:00,100,Payment initiated,0
EVT00004711,PAY0001210,PaymentAuthorized,Created,Authorized,2024-12-15 11:54:00,200,Authorization successful,1
EVT00004712,PAY0001210,PaymentFailed,Authorized,Failed,2024-12-15 11:56:00,500,Transaction failed,2
EVT00004713,PAY0001211,PaymentCreated,NULL,Created,2024-08-16 14:21:00,100,Payment initiated,0
EVT00004714,PAY0001211,PaymentAuthorized,Created,Authorized,2024-08-16 14:23:00,200,Authorization successful,1
EVT00004715,PAY0001211,PaymentCaptured,Authorized,Captured,2024-08-16 14:25:00,201,Payment captured,2
EVT00004716,PAY0001211,PaymentSettled,Captured,Settled,2024-08-16 14:27:00,202,Settlement completed,3
EVT00004717,PAY0001212,PaymentCreated,NULL,Created,2025-09-26 19:30:00,100,Payment initiated,0
EVT00004718,PAY0001212,PaymentAuthorized,Created,Authorized,2025-09-26 19:32:00,200,Authorization successful,1
EVT00004719,PAY0001212,PaymentCaptured,Authorized,Captured,2025-09-26 19:34:00,201,Payment captured,2
EVT00004720,PAY0001212,PaymentSettled,Captured,Settled,2025-09-26 19:36:00,202,Settlement completed,3
EVT00004721,PAY0001213,PaymentCreated,NULL,Created,2025-01-07 22:28:00,100,Payment initiated,0
EVT00004722,PAY0001213,PaymentAuthorized,Created,Authorized,2025-01-07 22:30:00,200,Authorization successful,1
EVT00004723,PAY0001213,PaymentFailed,Authorized,Failed,2025-01-07 22:32:00,500,Transaction failed,2
EVT00004724,PAY0001214,PaymentCreated,NULL,Created,2025-11-05 07:00:00,100,Payment initiated,0
EVT00004725,PAY0001214,PaymentAuthorized,Created,Authorized,2025-11-05 07:02:00,200,Authorization successful,1
EVT00004726,PAY0001214,PaymentCaptured,Authorized,Captured,2025-11-05 07:04:00,201,Payment captured,2
EVT00004727,PAY0001214,PaymentSettled,Captured,Settled,2025-11-05 07:06:00,202,Settlement completed,3
EVT00004728,PAY0001215,PaymentCreated,NULL,Created,2025-10-10 09:35:00,100,Payment initiated,0
EVT00004729,PAY0001215,PaymentAuthorized,Created,Authorized,2025-10-10 09:37:00,200,Authorization successful,1
EVT00004730,PAY0001215,PaymentCaptured,Authorized,Captured,2025-10-10 09:39:00,201,Payment captured,2
EVT00004731,PAY0001215,PaymentSettled,Captured,Settled,2025-10-10 09:41:00,202,Settlement completed,3
EVT00004732,PAY0001216,PaymentCreated,NULL,Created,2024-04-18 01:57:00,100,Payment initiated,0
EVT00004733,PAY0001216,PaymentAuthorized,Created,Authorized,2024-04-18 01:59:00,200,Authorization successful,1
EVT00004734,PAY0001216,PaymentCaptured,Authorized,Captured,2024-04-18 02:01:00,201,Payment captured,2
EVT00004735,PAY0001216,PaymentSettled,Captured,Settled,2024-04-18 02:03:00,202,Settlement completed,3
EVT00004736,PAY0001217,PaymentCreated,NULL,Created,2024-05-23 22:47:00,100,Payment initiated,0
EVT00004737,PAY0001217,PaymentAuthorized,Created,Authorized,2024-05-23 22:49:00,200,Authorization successful,1
EVT00004738,PAY0001217,PaymentCaptured,Authorized,Captured,2024-05-23 22:51:00,201,Payment captured,2
EVT00004739,PAY0001217,PaymentSettled,Captured,Settled,2024-05-23 22:53:00,202,Settlement completed,3
EVT00004740,PAY0001218,PaymentCreated,NULL,Created,2024-04-19 08:39:00,100,Payment initiated,0
EVT00004741,PAY0001218,PaymentAuthorized,Created,Authorized,2024-04-19 08:41:00,200,Authorization successful,1
EVT00004742,PAY0001218,PaymentCaptured,Authorized,Captured,2024-04-19 08:43:00,201,Payment captured,2
EVT00004743,PAY0001218,PaymentSettled,Captured,Settled,2024-04-19 08:45:00,202,Settlement completed,3
EVT00004744,PAY0001219,PaymentCreated,NULL,Created,2024-05-03 12:13:00,100,Payment initiated,0
EVT00004745,PAY0001219,PaymentAuthorized,Created,Authorized,2024-05-03 12:15:00,200,Authorization successful,1
EVT00004746,PAY0001219,PaymentCaptured,Authorized,Captured,2024-05-03 12:17:00,201,Payment captured,2
EVT00004747,PAY0001219,PaymentSettled,Captured,Settled,2024-05-03 12:19:00,202,Settlement completed,3
EVT00004748,PAY0001220,PaymentCreated,NULL,Created,2024-07-14 22:21:00,100,Payment initiated,0
EVT00004749,PAY0001220,PaymentAuthorized,Created,Authorized,2024-07-14 22:23:00,200,Authorization successful,1
EVT00004750,PAY0001220,PaymentFailed,Authorized,Failed,2024-07-14 22:25:00,500,Transaction failed,2
EVT00004751,PAY0001221,PaymentCreated,NULL,Created,2025-02-28 01:59:00,100,Payment initiated,0
EVT00004752,PAY0001221,PaymentAuthorized,Created,Authorized,2025-02-28 02:01:00,200,Authorization successful,1
EVT00004753,PAY0001221,PaymentCaptured,Authorized,Captured,2025-02-28 02:03:00,201,Payment captured,2
EVT00004754,PAY0001221,PaymentSettled,Captured,Settled,2025-02-28 02:05:00,202,Settlement completed,3
EVT00004755,PAY0001222,PaymentCreated,NULL,Created,2025-11-19 18:07:00,100,Payment initiated,0
EVT00004756,PAY0001222,PaymentAuthorized,Created,Authorized,2025-11-19 18:09:00,200,Authorization successful,1
EVT00004757,PAY0001222,PaymentCaptured,Authorized,Captured,2025-11-19 18:11:00,201,Payment captured,2
EVT00004758,PAY0001222,PaymentSettled,Captured,Settled,2025-11-19 18:13:00,202,Settlement completed,3
EVT00004759,PAY0001223,PaymentCreated,NULL,Created,2025-04-06 14:42:00,100,Payment initiated,0
EVT00004760,PAY0001223,PaymentAuthorized,Created,Authorized,2025-04-06 14:44:00,200,Authorization successful,1
EVT00004761,PAY0001223,PaymentCaptured,Authorized,Captured,2025-04-06 14:46:00,201,Payment captured,2
EVT00004762,PAY0001223,PaymentSettled,Captured,Settled,2025-04-06 14:48:00,202,Settlement completed,3
EVT00004763,PAY0001224,PaymentCreated,NULL,Created,2025-05-31 04:31:00,100,Payment initiated,0
EVT00004764,PAY0001224,PaymentAuthorized,Created,Authorized,2025-05-31 04:33:00,200,Authorization successful,1
EVT00004765,PAY0001224,PaymentFailed,Authorized,Failed,2025-05-31 04:35:00,500,Transaction failed,2
EVT00004766,PAY0001225,PaymentCreated,NULL,Created,2024-02-19 17:59:00,100,Payment initiated,0
EVT00004767,PAY0001225,PaymentAuthorized,Created,Authorized,2024-02-19 18:01:00,200,Authorization successful,1
EVT00004768,PAY0001225,PaymentCaptured,Authorized,Captured,2024-02-19 18:03:00,201,Payment captured,2
EVT00004769,PAY0001225,PaymentSettled,Captured,Settled,2024-02-19 18:05:00,202,Settlement completed,3
EVT00004770,PAY0001226,PaymentCreated,NULL,Created,2025-08-22 15:59:00,100,Payment initiated,0
EVT00004771,PAY0001226,PaymentAuthorized,Created,Authorized,2025-08-22 16:01:00,200,Authorization successful,1
EVT00004772,PAY0001226,PaymentCaptured,Authorized,Captured,2025-08-22 16:03:00,201,Payment captured,2
EVT00004773,PAY0001226,PaymentSettled,Captured,Settled,2025-08-22 16:05:00,202,Settlement completed,3
EVT00004774,PAY0001227,PaymentCreated,NULL,Created,2024-06-30 22:37:00,100,Payment initiated,0
EVT00004775,PAY0001227,PaymentAuthorized,Created,Authorized,2024-06-30 22:39:00,200,Authorization successful,1
EVT00004776,PAY0001227,PaymentCaptured,Authorized,Captured,2024-06-30 22:41:00,201,Payment captured,2
EVT00004777,PAY0001227,PaymentSettled,Captured,Settled,2024-06-30 22:43:00,202,Settlement completed,3
EVT00004778,PAY0001228,PaymentCreated,NULL,Created,2024-05-11 03:24:00,100,Payment initiated,0
EVT00004779,PAY0001228,PaymentAuthorized,Created,Authorized,2024-05-11 03:26:00,200,Authorization successful,1
EVT00004780,PAY0001228,PaymentCaptured,Authorized,Captured,2024-05-11 03:28:00,201,Payment captured,2
EVT00004781,PAY0001228,PaymentSettled,Captured,Settled,2024-05-11 03:30:00,202,Settlement completed,3
EVT00004782,PAY0001229,PaymentCreated,NULL,Created,2025-09-12 10:32:00,100,Payment initiated,0
EVT00004783,PAY0001229,PaymentAuthorized,Created,Authorized,2025-09-12 10:34:00,200,Authorization successful,1
EVT00004784,PAY0001229,PaymentCaptured,Authorized,Captured,2025-09-12 10:36:00,201,Payment captured,2
EVT00004785,PAY0001229,PaymentSettled,Captured,Settled,2025-09-12 10:38:00,202,Settlement completed,3
EVT00004786,PAY0001230,PaymentCreated,NULL,Created,2025-03-04 19:58:00,100,Payment initiated,0
EVT00004787,PAY0001230,PaymentAuthorized,Created,Authorized,2025-03-04 20:00:00,200,Authorization successful,1
EVT00004788,PAY0001230,PaymentCaptured,Authorized,Captured,2025-03-04 20:02:00,201,Payment captured,2
EVT00004789,PAY0001230,PaymentSettled,Captured,Settled,2025-03-04 20:04:00,202,Settlement completed,3
EVT00004790,PAY0001231,PaymentCreated,NULL,Created,2024-09-11 08:25:00,100,Payment initiated,0
EVT00004791,PAY0001231,PaymentAuthorized,Created,Authorized,2024-09-11 08:27:00,200,Authorization successful,1
EVT00004792,PAY0001231,PaymentCaptured,Authorized,Captured,2024-09-11 08:29:00,201,Payment captured,2
EVT00004793,PAY0001231,PaymentSettled,Captured,Settled,2024-09-11 08:31:00,202,Settlement completed,3
EVT00004794,PAY0001232,PaymentCreated,NULL,Created,2024-10-28 14:51:00,100,Payment initiated,0
EVT00004795,PAY0001232,PaymentAuthorized,Created,Authorized,2024-10-28 14:53:00,200,Authorization successful,1
EVT00004796,PAY0001232,PaymentCaptured,Authorized,Captured,2024-10-28 14:55:00,201,Payment captured,2
EVT00004797,PAY0001232,PaymentSettled,Captured,Settled,2024-10-28 14:57:00,202,Settlement completed,3
EVT00004798,PAY0001233,PaymentCreated,NULL,Created,2025-02-26 19:44:00,100,Payment initiated,0
EVT00004799,PAY0001233,PaymentAuthorized,Created,Authorized,2025-02-26 19:46:00,200,Authorization successful,1
EVT00004800,PAY0001233,PaymentCaptured,Authorized,Captured,2025-02-26 19:48:00,201,Payment captured,2
EVT00004801,PAY0001233,PaymentSettled,Captured,Settled,2025-02-26 19:50:00,202,Settlement completed,3
EVT00004802,PAY0001234,PaymentCreated,NULL,Created,2025-06-08 09:53:00,100,Payment initiated,0
EVT00004803,PAY0001234,PaymentAuthorized,Created,Authorized,2025-06-08 09:55:00,200,Authorization successful,1
EVT00004804,PAY0001234,PaymentCaptured,Authorized,Captured,2025-06-08 09:57:00,201,Payment captured,2
EVT00004805,PAY0001234,PaymentSettled,Captured,Settled,2025-06-08 09:59:00,202,Settlement completed,3
EVT00004806,PAY0001235,PaymentCreated,NULL,Created,2024-11-17 22:47:00,100,Payment initiated,0
EVT00004807,PAY0001235,PaymentAuthorized,Created,Authorized,2024-11-17 22:49:00,200,Authorization successful,1
EVT00004808,PAY0001235,PaymentCaptured,Authorized,Captured,2024-11-17 22:51:00,201,Payment captured,2
EVT00004809,PAY0001235,PaymentSettled,Captured,Settled,2024-11-17 22:53:00,202,Settlement completed,3
EVT00004810,PAY0001236,PaymentCreated,NULL,Created,2025-10-09 06:12:00,100,Payment initiated,0
EVT00004811,PAY0001236,PaymentAuthorized,Created,Authorized,2025-10-09 06:14:00,200,Authorization successful,1
EVT00004812,PAY0001236,PaymentCaptured,Authorized,Captured,2025-10-09 06:16:00,201,Payment captured,2
EVT00004813,PAY0001236,PaymentSettled,Captured,Settled,2025-10-09 06:18:00,202,Settlement completed,3
EVT00004814,PAY0001237,PaymentCreated,NULL,Created,2024-10-24 21:22:00,100,Payment initiated,0
EVT00004815,PAY0001237,PaymentAuthorized,Created,Authorized,2024-10-24 21:24:00,200,Authorization successful,1
EVT00004816,PAY0001237,PaymentCaptured,Authorized,Captured,2024-10-24 21:26:00,201,Payment captured,2
EVT00004817,PAY0001237,PaymentSettled,Captured,Settled,2024-10-24 21:28:00,202,Settlement completed,3
EVT00004818,PAY0001238,PaymentCreated,NULL,Created,2024-05-15 22:41:00,100,Payment initiated,0
EVT00004819,PAY0001238,PaymentAuthorized,Created,Authorized,2024-05-15 22:43:00,200,Authorization successful,1
EVT00004820,PAY0001238,PaymentCaptured,Authorized,Captured,2024-05-15 22:45:00,201,Payment captured,2
EVT00004821,PAY0001238,PaymentSettled,Captured,Settled,2024-05-15 22:47:00,202,Settlement completed,3
EVT00004822,PAY0001239,PaymentCreated,NULL,Created,2024-07-01 16:34:00,100,Payment initiated,0
EVT00004823,PAY0001239,PaymentAuthorized,Created,Authorized,2024-07-01 16:36:00,200,Authorization successful,1
EVT00004824,PAY0001239,PaymentCaptured,Authorized,Captured,2024-07-01 16:38:00,201,Payment captured,2
EVT00004825,PAY0001239,PaymentSettled,Captured,Settled,2024-07-01 16:40:00,202,Settlement completed,3
EVT00004826,PAY0001240,PaymentCreated,NULL,Created,2024-11-26 22:07:00,100,Payment initiated,0
EVT00004827,PAY0001240,PaymentAuthorized,Created,Authorized,2024-11-26 22:09:00,200,Authorization successful,1
EVT00004828,PAY0001240,PaymentCaptured,Authorized,Captured,2024-11-26 22:11:00,201,Payment captured,2
EVT00004829,PAY0001240,PaymentSettled,Captured,Settled,2024-11-26 22:13:00,202,Settlement completed,3
EVT00004830,PAY0001241,PaymentCreated,NULL,Created,2025-07-29 15:37:00,100,Payment initiated,0
EVT00004831,PAY0001241,PaymentAuthorized,Created,Authorized,2025-07-29 15:39:00,200,Authorization successful,1
EVT00004832,PAY0001241,PaymentCaptured,Authorized,Captured,2025-07-29 15:41:00,201,Payment captured,2
EVT00004833,PAY0001241,PaymentSettled,Captured,Settled,2025-07-29 15:43:00,202,Settlement completed,3
EVT00004834,PAY0001242,PaymentCreated,NULL,Created,2025-11-14 22:26:00,100,Payment initiated,0
EVT00004835,PAY0001242,PaymentAuthorized,Created,Authorized,2025-11-14 22:28:00,200,Authorization successful,1
EVT00004836,PAY0001242,PaymentCaptured,Authorized,Captured,2025-11-14 22:30:00,201,Payment captured,2
EVT00004837,PAY0001242,PaymentSettled,Captured,Settled,2025-11-14 22:32:00,202,Settlement completed,3
EVT00004838,PAY0001243,PaymentCreated,NULL,Created,2025-06-30 09:56:00,100,Payment initiated,0
EVT00004839,PAY0001243,PaymentAuthorized,Created,Authorized,2025-06-30 09:58:00,200,Authorization successful,1
EVT00004840,PAY0001243,PaymentCaptured,Authorized,Captured,2025-06-30 10:00:00,201,Payment captured,2
EVT00004841,PAY0001243,PaymentSettled,Captured,Settled,2025-06-30 10:02:00,202,Settlement completed,3
EVT00004842,PAY0001244,PaymentCreated,NULL,Created,2024-01-14 16:06:00,100,Payment initiated,0
EVT00004843,PAY0001244,PaymentAuthorized,Created,Authorized,2024-01-14 16:08:00,200,Authorization successful,1
EVT00004844,PAY0001244,PaymentFailed,Authorized,Failed,2024-01-14 16:10:00,500,Transaction failed,2
EVT00004845,PAY0001245,PaymentCreated,NULL,Created,2024-05-28 01:42:00,100,Payment initiated,0
EVT00004846,PAY0001245,PaymentAuthorized,Created,Authorized,2024-05-28 01:44:00,200,Authorization successful,1
EVT00004847,PAY0001245,PaymentFailed,Authorized,Failed,2024-05-28 01:46:00,500,Transaction failed,2
EVT00004848,PAY0001246,PaymentCreated,NULL,Created,2024-09-30 05:18:00,100,Payment initiated,0
EVT00004849,PAY0001246,PaymentAuthorized,Created,Authorized,2024-09-30 05:20:00,200,Authorization successful,1
EVT00004850,PAY0001246,PaymentCaptured,Authorized,Captured,2024-09-30 05:22:00,201,Payment captured,2
EVT00004851,PAY0001246,PaymentSettled,Captured,Settled,2024-09-30 05:24:00,202,Settlement completed,3
EVT00004852,PAY0001247,PaymentCreated,NULL,Created,2024-05-29 01:44:00,100,Payment initiated,0
EVT00004853,PAY0001247,PaymentAuthorized,Created,Authorized,2024-05-29 01:46:00,200,Authorization successful,1
EVT00004854,PAY0001247,PaymentCaptured,Authorized,Captured,2024-05-29 01:48:00,201,Payment captured,2
EVT00004855,PAY0001247,PaymentSettled,Captured,Settled,2024-05-29 01:50:00,202,Settlement completed,3
EVT00004856,PAY0001248,PaymentCreated,NULL,Created,2024-07-27 17:02:00,100,Payment initiated,0
EVT00004857,PAY0001248,PaymentAuthorized,Created,Authorized,2024-07-27 17:04:00,200,Authorization successful,1
EVT00004858,PAY0001248,PaymentCaptured,Authorized,Captured,2024-07-27 17:06:00,201,Payment captured,2
EVT00004859,PAY0001248,PaymentSettled,Captured,Settled,2024-07-27 17:08:00,202,Settlement completed,3
EVT00004860,PAY0001249,PaymentCreated,NULL,Created,2025-04-08 03:39:00,100,Payment initiated,0
EVT00004861,PAY0001249,PaymentAuthorized,Created,Authorized,2025-04-08 03:41:00,200,Authorization successful,1
EVT00004862,PAY0001249,PaymentCaptured,Authorized,Captured,2025-04-08 03:43:00,201,Payment captured,2
EVT00004863,PAY0001249,PaymentSettled,Captured,Settled,2025-04-08 03:45:00,202,Settlement completed,3
EVT00004864,PAY0001250,PaymentCreated,NULL,Created,2025-07-29 07:47:00,100,Payment initiated,0
EVT00004865,PAY0001250,PaymentAuthorized,Created,Authorized,2025-07-29 07:49:00,200,Authorization successful,1
EVT00004866,PAY0001250,PaymentCaptured,Authorized,Captured,2025-07-29 07:51:00,201,Payment captured,2
EVT00004867,PAY0001250,PaymentSettled,Captured,Settled,2025-07-29 07:53:00,202,Settlement completed,3
EVT00004868,PAY0001251,PaymentCreated,NULL,Created,2025-02-02 07:32:00,100,Payment initiated,0
EVT00004869,PAY0001251,PaymentAuthorized,Created,Authorized,2025-02-02 07:34:00,200,Authorization successful,1
EVT00004870,PAY0001251,PaymentCaptured,Authorized,Captured,2025-02-02 07:36:00,201,Payment captured,2
EVT00004871,PAY0001251,PaymentSettled,Captured,Settled,2025-02-02 07:38:00,202,Settlement completed,3
EVT00004872,PAY0001252,PaymentCreated,NULL,Created,2024-10-21 22:42:00,100,Payment initiated,0
EVT00004873,PAY0001252,PaymentAuthorized,Created,Authorized,2024-10-21 22:44:00,200,Authorization successful,1
EVT00004874,PAY0001252,PaymentFailed,Authorized,Failed,2024-10-21 22:46:00,500,Transaction failed,2
EVT00004875,PAY0001253,PaymentCreated,NULL,Created,2025-01-25 12:26:00,100,Payment initiated,0
EVT00004876,PAY0001253,PaymentAuthorized,Created,Authorized,2025-01-25 12:28:00,200,Authorization successful,1
EVT00004877,PAY0001253,PaymentCaptured,Authorized,Captured,2025-01-25 12:30:00,201,Payment captured,2
EVT00004878,PAY0001253,PaymentSettled,Captured,Settled,2025-01-25 12:32:00,202,Settlement completed,3
EVT00004879,PAY0001254,PaymentCreated,NULL,Created,2024-11-16 17:03:00,100,Payment initiated,0
EVT00004880,PAY0001254,PaymentAuthorized,Created,Authorized,2024-11-16 17:05:00,200,Authorization successful,1
EVT00004881,PAY0001254,PaymentFailed,Authorized,Failed,2024-11-16 17:07:00,500,Transaction failed,2
EVT00004882,PAY0001255,PaymentCreated,NULL,Created,2024-09-14 06:39:00,100,Payment initiated,0
EVT00004883,PAY0001255,PaymentAuthorized,Created,Authorized,2024-09-14 06:41:00,200,Authorization successful,1
EVT00004884,PAY0001255,PaymentCaptured,Authorized,Captured,2024-09-14 06:43:00,201,Payment captured,2
EVT00004885,PAY0001255,PaymentSettled,Captured,Settled,2024-09-14 06:45:00,202,Settlement completed,3
EVT00004886,PAY0001256,PaymentCreated,NULL,Created,2025-03-29 07:58:00,100,Payment initiated,0
EVT00004887,PAY0001256,PaymentAuthorized,Created,Authorized,2025-03-29 08:00:00,200,Authorization successful,1
EVT00004888,PAY0001256,PaymentCaptured,Authorized,Captured,2025-03-29 08:02:00,201,Payment captured,2
EVT00004889,PAY0001256,PaymentSettled,Captured,Settled,2025-03-29 08:04:00,202,Settlement completed,3
EVT00004890,PAY0001257,PaymentCreated,NULL,Created,2025-10-25 11:48:00,100,Payment initiated,0
EVT00004891,PAY0001257,PaymentAuthorized,Created,Authorized,2025-10-25 11:50:00,200,Authorization successful,1
EVT00004892,PAY0001257,PaymentCaptured,Authorized,Captured,2025-10-25 11:52:00,201,Payment captured,2
EVT00004893,PAY0001257,PaymentSettled,Captured,Settled,2025-10-25 11:54:00,202,Settlement completed,3
EVT00004894,PAY0001258,PaymentCreated,NULL,Created,2025-09-09 06:49:00,100,Payment initiated,0
EVT00004895,PAY0001258,PaymentAuthorized,Created,Authorized,2025-09-09 06:51:00,200,Authorization successful,1
EVT00004896,PAY0001258,PaymentCaptured,Authorized,Captured,2025-09-09 06:53:00,201,Payment captured,2
EVT00004897,PAY0001258,PaymentSettled,Captured,Settled,2025-09-09 06:55:00,202,Settlement completed,3
EVT00004898,PAY0001259,PaymentCreated,NULL,Created,2024-07-17 09:28:00,100,Payment initiated,0
EVT00004899,PAY0001259,PaymentAuthorized,Created,Authorized,2024-07-17 09:30:00,200,Authorization successful,1
EVT00004900,PAY0001259,PaymentCaptured,Authorized,Captured,2024-07-17 09:32:00,201,Payment captured,2
EVT00004901,PAY0001259,PaymentSettled,Captured,Settled,2024-07-17 09:34:00,202,Settlement completed,3
EVT00004902,PAY0001260,PaymentCreated,NULL,Created,2025-11-30 02:11:00,100,Payment initiated,0
EVT00004903,PAY0001260,PaymentAuthorized,Created,Authorized,2025-11-30 02:13:00,200,Authorization successful,1
EVT00004904,PAY0001260,PaymentCaptured,Authorized,Captured,2025-11-30 02:15:00,201,Payment captured,2
EVT00004905,PAY0001260,PaymentSettled,Captured,Settled,2025-11-30 02:17:00,202,Settlement completed,3
EVT00004906,PAY0001261,PaymentCreated,NULL,Created,2025-06-10 03:24:00,100,Payment initiated,0
EVT00004907,PAY0001261,PaymentAuthorized,Created,Authorized,2025-06-10 03:26:00,200,Authorization successful,1
EVT00004908,PAY0001261,PaymentFailed,Authorized,Failed,2025-06-10 03:28:00,500,Transaction failed,2
EVT00004909,PAY0001262,PaymentCreated,NULL,Created,2024-10-12 17:16:00,100,Payment initiated,0
EVT00004910,PAY0001262,PaymentAuthorized,Created,Authorized,2024-10-12 17:18:00,200,Authorization successful,1
EVT00004911,PAY0001262,PaymentCaptured,Authorized,Captured,2024-10-12 17:20:00,201,Payment captured,2
EVT00004912,PAY0001262,PaymentSettled,Captured,Settled,2024-10-12 17:22:00,202,Settlement completed,3
EVT00004913,PAY0001263,PaymentCreated,NULL,Created,2025-08-21 08:00:00,100,Payment initiated,0
EVT00004914,PAY0001263,PaymentAuthorized,Created,Authorized,2025-08-21 08:02:00,200,Authorization successful,1
EVT00004915,PAY0001263,PaymentCaptured,Authorized,Captured,2025-08-21 08:04:00,201,Payment captured,2
EVT00004916,PAY0001263,PaymentSettled,Captured,Settled,2025-08-21 08:06:00,202,Settlement completed,3
EVT00004917,PAY0001264,PaymentCreated,NULL,Created,2024-06-07 01:09:00,100,Payment initiated,0
EVT00004918,PAY0001264,PaymentAuthorized,Created,Authorized,2024-06-07 01:11:00,200,Authorization successful,1
EVT00004919,PAY0001264,PaymentCaptured,Authorized,Captured,2024-06-07 01:13:00,201,Payment captured,2
EVT00004920,PAY0001264,PaymentSettled,Captured,Settled,2024-06-07 01:15:00,202,Settlement completed,3
EVT00004921,PAY0001265,PaymentCreated,NULL,Created,2025-09-03 01:49:00,100,Payment initiated,0
EVT00004922,PAY0001265,PaymentAuthorized,Created,Authorized,2025-09-03 01:51:00,200,Authorization successful,1
EVT00004923,PAY0001265,PaymentCaptured,Authorized,Captured,2025-09-03 01:53:00,201,Payment captured,2
EVT00004924,PAY0001265,PaymentSettled,Captured,Settled,2025-09-03 01:55:00,202,Settlement completed,3
EVT00004925,PAY0001266,PaymentCreated,NULL,Created,2025-09-22 21:19:00,100,Payment initiated,0
EVT00004926,PAY0001266,PaymentAuthorized,Created,Authorized,2025-09-22 21:21:00,200,Authorization successful,1
EVT00004927,PAY0001266,PaymentCaptured,Authorized,Captured,2025-09-22 21:23:00,201,Payment captured,2
EVT00004928,PAY0001266,PaymentSettled,Captured,Settled,2025-09-22 21:25:00,202,Settlement completed,3
EVT00004929,PAY0001267,PaymentCreated,NULL,Created,2025-08-09 17:22:00,100,Payment initiated,0
EVT00004930,PAY0001267,PaymentAuthorized,Created,Authorized,2025-08-09 17:24:00,200,Authorization successful,1
EVT00004931,PAY0001267,PaymentFailed,Authorized,Failed,2025-08-09 17:26:00,500,Transaction failed,2
EVT00004932,PAY0001268,PaymentCreated,NULL,Created,2024-11-21 16:14:00,100,Payment initiated,0
EVT00004933,PAY0001268,PaymentAuthorized,Created,Authorized,2024-11-21 16:16:00,200,Authorization successful,1
EVT00004934,PAY0001268,PaymentCaptured,Authorized,Captured,2024-11-21 16:18:00,201,Payment captured,2
EVT00004935,PAY0001268,PaymentSettled,Captured,Settled,2024-11-21 16:20:00,202,Settlement completed,3
EVT00004936,PAY0001269,PaymentCreated,NULL,Created,2025-06-17 02:50:00,100,Payment initiated,0
EVT00004937,PAY0001269,PaymentAuthorized,Created,Authorized,2025-06-17 02:52:00,200,Authorization successful,1
EVT00004938,PAY0001269,PaymentCaptured,Authorized,Captured,2025-06-17 02:54:00,201,Payment captured,2
EVT00004939,PAY0001269,PaymentSettled,Captured,Settled,2025-06-17 02:56:00,202,Settlement completed,3
EVT00004940,PAY0001270,PaymentCreated,NULL,Created,2025-03-01 17:34:00,100,Payment initiated,0
EVT00004941,PAY0001270,PaymentAuthorized,Created,Authorized,2025-03-01 17:36:00,200,Authorization successful,1
EVT00004942,PAY0001270,PaymentCaptured,Authorized,Captured,2025-03-01 17:38:00,201,Payment captured,2
EVT00004943,PAY0001270,PaymentSettled,Captured,Settled,2025-03-01 17:40:00,202,Settlement completed,3
EVT00004944,PAY0001271,PaymentCreated,NULL,Created,2024-12-23 07:56:00,100,Payment initiated,0
EVT00004945,PAY0001271,PaymentAuthorized,Created,Authorized,2024-12-23 07:58:00,200,Authorization successful,1
EVT00004946,PAY0001271,PaymentCaptured,Authorized,Captured,2024-12-23 08:00:00,201,Payment captured,2
EVT00004947,PAY0001271,PaymentSettled,Captured,Settled,2024-12-23 08:02:00,202,Settlement completed,3
EVT00004948,PAY0001272,PaymentCreated,NULL,Created,2024-12-05 10:23:00,100,Payment initiated,0
EVT00004949,PAY0001272,PaymentAuthorized,Created,Authorized,2024-12-05 10:25:00,200,Authorization successful,1
EVT00004950,PAY0001272,PaymentCaptured,Authorized,Captured,2024-12-05 10:27:00,201,Payment captured,2
EVT00004951,PAY0001272,PaymentSettled,Captured,Settled,2024-12-05 10:29:00,202,Settlement completed,3
EVT00004952,PAY0001273,PaymentCreated,NULL,Created,2025-09-25 16:30:00,100,Payment initiated,0
EVT00004953,PAY0001273,PaymentAuthorized,Created,Authorized,2025-09-25 16:32:00,200,Authorization successful,1
EVT00004954,PAY0001273,PaymentCaptured,Authorized,Captured,2025-09-25 16:34:00,201,Payment captured,2
EVT00004955,PAY0001273,PaymentSettled,Captured,Settled,2025-09-25 16:36:00,202,Settlement completed,3
EVT00004956,PAY0001274,PaymentCreated,NULL,Created,2025-10-26 00:07:00,100,Payment initiated,0
EVT00004957,PAY0001274,PaymentAuthorized,Created,Authorized,2025-10-26 00:09:00,200,Authorization successful,1
EVT00004958,PAY0001274,PaymentCaptured,Authorized,Captured,2025-10-26 00:11:00,201,Payment captured,2
EVT00004959,PAY0001274,PaymentSettled,Captured,Settled,2025-10-26 00:13:00,202,Settlement completed,3
EVT00004960,PAY0001275,PaymentCreated,NULL,Created,2025-04-01 07:57:00,100,Payment initiated,0
EVT00004961,PAY0001275,PaymentAuthorized,Created,Authorized,2025-04-01 07:59:00,200,Authorization successful,1
EVT00004962,PAY0001275,PaymentCaptured,Authorized,Captured,2025-04-01 08:01:00,201,Payment captured,2
EVT00004963,PAY0001275,PaymentSettled,Captured,Settled,2025-04-01 08:03:00,202,Settlement completed,3
EVT00004964,PAY0001276,PaymentCreated,NULL,Created,2025-09-28 07:02:00,100,Payment initiated,0
EVT00004965,PAY0001276,PaymentAuthorized,Created,Authorized,2025-09-28 07:04:00,200,Authorization successful,1
EVT00004966,PAY0001276,PaymentCaptured,Authorized,Captured,2025-09-28 07:06:00,201,Payment captured,2
EVT00004967,PAY0001276,PaymentSettled,Captured,Settled,2025-09-28 07:08:00,202,Settlement completed,3
EVT00004968,PAY0001277,PaymentCreated,NULL,Created,2024-11-24 12:58:00,100,Payment initiated,0
EVT00004969,PAY0001277,PaymentAuthorized,Created,Authorized,2024-11-24 13:00:00,200,Authorization successful,1
EVT00004970,PAY0001277,PaymentCaptured,Authorized,Captured,2024-11-24 13:02:00,201,Payment captured,2
EVT00004971,PAY0001277,PaymentSettled,Captured,Settled,2024-11-24 13:04:00,202,Settlement completed,3
EVT00004972,PAY0001278,PaymentCreated,NULL,Created,2024-04-26 12:16:00,100,Payment initiated,0
EVT00004973,PAY0001278,PaymentAuthorized,Created,Authorized,2024-04-26 12:18:00,200,Authorization successful,1
EVT00004974,PAY0001278,PaymentCaptured,Authorized,Captured,2024-04-26 12:20:00,201,Payment captured,2
EVT00004975,PAY0001278,PaymentSettled,Captured,Settled,2024-04-26 12:22:00,202,Settlement completed,3
EVT00004976,PAY0001279,PaymentCreated,NULL,Created,2024-10-16 00:58:00,100,Payment initiated,0
EVT00004977,PAY0001279,PaymentAuthorized,Created,Authorized,2024-10-16 01:00:00,200,Authorization successful,1
EVT00004978,PAY0001279,PaymentCaptured,Authorized,Captured,2024-10-16 01:02:00,201,Payment captured,2
EVT00004979,PAY0001279,PaymentSettled,Captured,Settled,2024-10-16 01:04:00,202,Settlement completed,3
EVT00004980,PAY0001280,PaymentCreated,NULL,Created,2025-01-18 16:51:00,100,Payment initiated,0
EVT00004981,PAY0001280,PaymentAuthorized,Created,Authorized,2025-01-18 16:53:00,200,Authorization successful,1
EVT00004982,PAY0001280,PaymentCaptured,Authorized,Captured,2025-01-18 16:55:00,201,Payment captured,2
EVT00004983,PAY0001280,PaymentSettled,Captured,Settled,2025-01-18 16:57:00,202,Settlement completed,3
EVT00004984,PAY0001281,PaymentCreated,NULL,Created,2025-05-13 01:18:00,100,Payment initiated,0
EVT00004985,PAY0001281,PaymentAuthorized,Created,Authorized,2025-05-13 01:20:00,200,Authorization successful,1
EVT00004986,PAY0001281,PaymentCaptured,Authorized,Captured,2025-05-13 01:22:00,201,Payment captured,2
EVT00004987,PAY0001281,PaymentSettled,Captured,Settled,2025-05-13 01:24:00,202,Settlement completed,3
EVT00004988,PAY0001282,PaymentCreated,NULL,Created,2024-07-16 10:32:00,100,Payment initiated,0
EVT00004989,PAY0001282,PaymentAuthorized,Created,Authorized,2024-07-16 10:34:00,200,Authorization successful,1
EVT00004990,PAY0001282,PaymentFailed,Authorized,Failed,2024-07-16 10:36:00,500,Transaction failed,2
EVT00004991,PAY0001283,PaymentCreated,NULL,Created,2024-04-08 05:49:00,100,Payment initiated,0
EVT00004992,PAY0001283,PaymentAuthorized,Created,Authorized,2024-04-08 05:51:00,200,Authorization successful,1
EVT00004993,PAY0001283,PaymentCaptured,Authorized,Captured,2024-04-08 05:53:00,201,Payment captured,2
EVT00004994,PAY0001283,PaymentSettled,Captured,Settled,2024-04-08 05:55:00,202,Settlement completed,3
EVT00004995,PAY0001284,PaymentCreated,NULL,Created,2024-01-08 20:04:00,100,Payment initiated,0
EVT00004996,PAY0001284,PaymentAuthorized,Created,Authorized,2024-01-08 20:06:00,200,Authorization successful,1
EVT00004997,PAY0001284,PaymentCaptured,Authorized,Captured,2024-01-08 20:08:00,201,Payment captured,2
EVT00004998,PAY0001284,PaymentSettled,Captured,Settled,2024-01-08 20:10:00,202,Settlement completed,3
EVT00004999,PAY0001285,PaymentCreated,NULL,Created,2025-10-06 06:55:00,100,Payment initiated,0
EVT00005000,PAY0001285,PaymentAuthorized,Created,Authorized,2025-10-06 06:57:00,200,Authorization successful,1
EVT00005001,PAY0001285,PaymentCaptured,Authorized,Captured,2025-10-06 06:59:00,201,Payment captured,2
EVT00005002,PAY0001285,PaymentSettled,Captured,Settled,2025-10-06 07:01:00,202,Settlement completed,3
EVT00005003,PAY0001286,PaymentCreated,NULL,Created,2024-04-16 06:34:00,100,Payment initiated,0
EVT00005004,PAY0001286,PaymentAuthorized,Created,Authorized,2024-04-16 06:36:00,200,Authorization successful,1
EVT00005005,PAY0001286,PaymentCaptured,Authorized,Captured,2024-04-16 06:38:00,201,Payment captured,2
EVT00005006,PAY0001286,PaymentSettled,Captured,Settled,2024-04-16 06:40:00,202,Settlement completed,3
EVT00005007,PAY0001287,PaymentCreated,NULL,Created,2025-03-21 20:52:00,100,Payment initiated,0
EVT00005008,PAY0001287,PaymentAuthorized,Created,Authorized,2025-03-21 20:54:00,200,Authorization successful,1
EVT00005009,PAY0001287,PaymentCaptured,Authorized,Captured,2025-03-21 20:56:00,201,Payment captured,2
EVT00005010,PAY0001287,PaymentSettled,Captured,Settled,2025-03-21 20:58:00,202,Settlement completed,3
EVT00005011,PAY0001288,PaymentCreated,NULL,Created,2024-06-06 00:29:00,100,Payment initiated,0
EVT00005012,PAY0001288,PaymentAuthorized,Created,Authorized,2024-06-06 00:31:00,200,Authorization successful,1
EVT00005013,PAY0001288,PaymentCaptured,Authorized,Captured,2024-06-06 00:33:00,201,Payment captured,2
EVT00005014,PAY0001288,PaymentSettled,Captured,Settled,2024-06-06 00:35:00,202,Settlement completed,3
EVT00005015,PAY0001289,PaymentCreated,NULL,Created,2024-02-08 02:04:00,100,Payment initiated,0
EVT00005016,PAY0001289,PaymentAuthorized,Created,Authorized,2024-02-08 02:06:00,200,Authorization successful,1
EVT00005017,PAY0001289,PaymentFailed,Authorized,Failed,2024-02-08 02:08:00,500,Transaction failed,2
EVT00005018,PAY0001290,PaymentCreated,NULL,Created,2024-09-14 17:04:00,100,Payment initiated,0
EVT00005019,PAY0001290,PaymentAuthorized,Created,Authorized,2024-09-14 17:06:00,200,Authorization successful,1
EVT00005020,PAY0001290,PaymentCaptured,Authorized,Captured,2024-09-14 17:08:00,201,Payment captured,2
EVT00005021,PAY0001290,PaymentSettled,Captured,Settled,2024-09-14 17:10:00,202,Settlement completed,3
EVT00005022,PAY0001291,PaymentCreated,NULL,Created,2024-08-21 08:26:00,100,Payment initiated,0
EVT00005023,PAY0001291,PaymentAuthorized,Created,Authorized,2024-08-21 08:28:00,200,Authorization successful,1
EVT00005024,PAY0001291,PaymentCaptured,Authorized,Captured,2024-08-21 08:30:00,201,Payment captured,2
EVT00005025,PAY0001291,PaymentSettled,Captured,Settled,2024-08-21 08:32:00,202,Settlement completed,3
EVT00005026,PAY0001292,PaymentCreated,NULL,Created,2025-10-07 12:27:00,100,Payment initiated,0
EVT00005027,PAY0001292,PaymentAuthorized,Created,Authorized,2025-10-07 12:29:00,200,Authorization successful,1
EVT00005028,PAY0001292,PaymentCaptured,Authorized,Captured,2025-10-07 12:31:00,201,Payment captured,2
EVT00005029,PAY0001292,PaymentSettled,Captured,Settled,2025-10-07 12:33:00,202,Settlement completed,3
EVT00005030,PAY0001293,PaymentCreated,NULL,Created,2025-02-02 21:07:00,100,Payment initiated,0
EVT00005031,PAY0001293,PaymentAuthorized,Created,Authorized,2025-02-02 21:09:00,200,Authorization successful,1
EVT00005032,PAY0001293,PaymentCaptured,Authorized,Captured,2025-02-02 21:11:00,201,Payment captured,2
EVT00005033,PAY0001293,PaymentSettled,Captured,Settled,2025-02-02 21:13:00,202,Settlement completed,3
EVT00005034,PAY0001294,PaymentCreated,NULL,Created,2025-10-18 23:39:00,100,Payment initiated,0
EVT00005035,PAY0001294,PaymentAuthorized,Created,Authorized,2025-10-18 23:41:00,200,Authorization successful,1
EVT00005036,PAY0001294,PaymentFailed,Authorized,Failed,2025-10-18 23:43:00,500,Transaction failed,2
EVT00005037,PAY0001295,PaymentCreated,NULL,Created,2025-08-22 01:44:00,100,Payment initiated,0
EVT00005038,PAY0001295,PaymentAuthorized,Created,Authorized,2025-08-22 01:46:00,200,Authorization successful,1
EVT00005039,PAY0001295,PaymentCaptured,Authorized,Captured,2025-08-22 01:48:00,201,Payment captured,2
EVT00005040,PAY0001295,PaymentSettled,Captured,Settled,2025-08-22 01:50:00,202,Settlement completed,3
EVT00005041,PAY0001296,PaymentCreated,NULL,Created,2025-01-01 16:06:00,100,Payment initiated,0
EVT00005042,PAY0001296,PaymentAuthorized,Created,Authorized,2025-01-01 16:08:00,200,Authorization successful,1
EVT00005043,PAY0001296,PaymentCaptured,Authorized,Captured,2025-01-01 16:10:00,201,Payment captured,2
EVT00005044,PAY0001296,PaymentSettled,Captured,Settled,2025-01-01 16:12:00,202,Settlement completed,3
EVT00005045,PAY0001297,PaymentCreated,NULL,Created,2024-11-04 19:05:00,100,Payment initiated,0
EVT00005046,PAY0001297,PaymentAuthorized,Created,Authorized,2024-11-04 19:07:00,200,Authorization successful,1
EVT00005047,PAY0001297,PaymentCaptured,Authorized,Captured,2024-11-04 19:09:00,201,Payment captured,2
EVT00005048,PAY0001297,PaymentSettled,Captured,Settled,2024-11-04 19:11:00,202,Settlement completed,3
EVT00005049,PAY0001298,PaymentCreated,NULL,Created,2025-03-24 12:25:00,100,Payment initiated,0
EVT00005050,PAY0001298,PaymentAuthorized,Created,Authorized,2025-03-24 12:27:00,200,Authorization successful,1
EVT00005051,PAY0001298,PaymentCaptured,Authorized,Captured,2025-03-24 12:29:00,201,Payment captured,2
EVT00005052,PAY0001298,PaymentSettled,Captured,Settled,2025-03-24 12:31:00,202,Settlement completed,3
EVT00005053,PAY0001299,PaymentCreated,NULL,Created,2024-02-01 15:10:00,100,Payment initiated,0
EVT00005054,PAY0001299,PaymentAuthorized,Created,Authorized,2024-02-01 15:12:00,200,Authorization successful,1
EVT00005055,PAY0001299,PaymentCaptured,Authorized,Captured,2024-02-01 15:14:00,201,Payment captured,2
EVT00005056,PAY0001299,PaymentSettled,Captured,Settled,2024-02-01 15:16:00,202,Settlement completed,3
EVT00005057,PAY0001300,PaymentCreated,NULL,Created,2024-05-19 23:25:00,100,Payment initiated,0
EVT00005058,PAY0001300,PaymentAuthorized,Created,Authorized,2024-05-19 23:27:00,200,Authorization successful,1
EVT00005059,PAY0001300,PaymentCaptured,Authorized,Captured,2024-05-19 23:29:00,201,Payment captured,2
EVT00005060,PAY0001300,PaymentSettled,Captured,Settled,2024-05-19 23:31:00,202,Settlement completed,3
EVT00005061,PAY0001301,PaymentCreated,NULL,Created,2025-07-12 09:40:00,100,Payment initiated,0
EVT00005062,PAY0001301,PaymentAuthorized,Created,Authorized,2025-07-12 09:42:00,200,Authorization successful,1
EVT00005063,PAY0001301,PaymentCaptured,Authorized,Captured,2025-07-12 09:44:00,201,Payment captured,2
EVT00005064,PAY0001301,PaymentSettled,Captured,Settled,2025-07-12 09:46:00,202,Settlement completed,3
EVT00005065,PAY0001302,PaymentCreated,NULL,Created,2025-11-24 23:41:00,100,Payment initiated,0
EVT00005066,PAY0001302,PaymentAuthorized,Created,Authorized,2025-11-24 23:43:00,200,Authorization successful,1
EVT00005067,PAY0001302,PaymentCaptured,Authorized,Captured,2025-11-24 23:45:00,201,Payment captured,2
EVT00005068,PAY0001302,PaymentSettled,Captured,Settled,2025-11-24 23:47:00,202,Settlement completed,3
EVT00005069,PAY0001303,PaymentCreated,NULL,Created,2024-01-12 17:55:00,100,Payment initiated,0
EVT00005070,PAY0001303,PaymentAuthorized,Created,Authorized,2024-01-12 17:57:00,200,Authorization successful,1
EVT00005071,PAY0001303,PaymentCaptured,Authorized,Captured,2024-01-12 17:59:00,201,Payment captured,2
EVT00005072,PAY0001303,PaymentSettled,Captured,Settled,2024-01-12 18:01:00,202,Settlement completed,3
EVT00005073,PAY0001304,PaymentCreated,NULL,Created,2024-05-06 01:00:00,100,Payment initiated,0
EVT00005074,PAY0001304,PaymentAuthorized,Created,Authorized,2024-05-06 01:02:00,200,Authorization successful,1
EVT00005075,PAY0001304,PaymentCaptured,Authorized,Captured,2024-05-06 01:04:00,201,Payment captured,2
EVT00005076,PAY0001304,PaymentSettled,Captured,Settled,2024-05-06 01:06:00,202,Settlement completed,3
EVT00005077,PAY0001305,PaymentCreated,NULL,Created,2025-02-07 17:35:00,100,Payment initiated,0
EVT00005078,PAY0001305,PaymentAuthorized,Created,Authorized,2025-02-07 17:37:00,200,Authorization successful,1
EVT00005079,PAY0001305,PaymentCaptured,Authorized,Captured,2025-02-07 17:39:00,201,Payment captured,2
EVT00005080,PAY0001305,PaymentSettled,Captured,Settled,2025-02-07 17:41:00,202,Settlement completed,3
EVT00005081,PAY0001306,PaymentCreated,NULL,Created,2024-11-08 06:47:00,100,Payment initiated,0
EVT00005082,PAY0001306,PaymentAuthorized,Created,Authorized,2024-11-08 06:49:00,200,Authorization successful,1
EVT00005083,PAY0001306,PaymentCaptured,Authorized,Captured,2024-11-08 06:51:00,201,Payment captured,2
EVT00005084,PAY0001306,PaymentSettled,Captured,Settled,2024-11-08 06:53:00,202,Settlement completed,3
EVT00005085,PAY0001307,PaymentCreated,NULL,Created,2024-12-18 06:26:00,100,Payment initiated,0
EVT00005086,PAY0001307,PaymentAuthorized,Created,Authorized,2024-12-18 06:28:00,200,Authorization successful,1
EVT00005087,PAY0001307,PaymentCaptured,Authorized,Captured,2024-12-18 06:30:00,201,Payment captured,2
EVT00005088,PAY0001307,PaymentSettled,Captured,Settled,2024-12-18 06:32:00,202,Settlement completed,3
EVT00005089,PAY0001308,PaymentCreated,NULL,Created,2025-06-08 04:10:00,100,Payment initiated,0
EVT00005090,PAY0001308,PaymentAuthorized,Created,Authorized,2025-06-08 04:12:00,200,Authorization successful,1
EVT00005091,PAY0001308,PaymentCaptured,Authorized,Captured,2025-06-08 04:14:00,201,Payment captured,2
EVT00005092,PAY0001308,PaymentSettled,Captured,Settled,2025-06-08 04:16:00,202,Settlement completed,3
EVT00005093,PAY0001309,PaymentCreated,NULL,Created,2025-09-23 08:12:00,100,Payment initiated,0
EVT00005094,PAY0001309,PaymentAuthorized,Created,Authorized,2025-09-23 08:14:00,200,Authorization successful,1
EVT00005095,PAY0001309,PaymentFailed,Authorized,Failed,2025-09-23 08:16:00,500,Transaction failed,2
EVT00005096,PAY0001310,PaymentCreated,NULL,Created,2025-11-18 18:54:00,100,Payment initiated,0
EVT00005097,PAY0001310,PaymentAuthorized,Created,Authorized,2025-11-18 18:56:00,200,Authorization successful,1
EVT00005098,PAY0001310,PaymentFailed,Authorized,Failed,2025-11-18 18:58:00,500,Transaction failed,2
EVT00005099,PAY0001311,PaymentCreated,NULL,Created,2025-07-16 14:41:00,100,Payment initiated,0
EVT00005100,PAY0001311,PaymentAuthorized,Created,Authorized,2025-07-16 14:43:00,200,Authorization successful,1
EVT00005101,PAY0001311,PaymentCaptured,Authorized,Captured,2025-07-16 14:45:00,201,Payment captured,2
EVT00005102,PAY0001311,PaymentSettled,Captured,Settled,2025-07-16 14:47:00,202,Settlement completed,3
EVT00005103,PAY0001312,PaymentCreated,NULL,Created,2024-10-24 21:04:00,100,Payment initiated,0
EVT00005104,PAY0001312,PaymentAuthorized,Created,Authorized,2024-10-24 21:06:00,200,Authorization successful,1
EVT00005105,PAY0001312,PaymentCaptured,Authorized,Captured,2024-10-24 21:08:00,201,Payment captured,2
EVT00005106,PAY0001312,PaymentSettled,Captured,Settled,2024-10-24 21:10:00,202,Settlement completed,3
EVT00005107,PAY0001313,PaymentCreated,NULL,Created,2024-07-21 23:37:00,100,Payment initiated,0
EVT00005108,PAY0001313,PaymentAuthorized,Created,Authorized,2024-07-21 23:39:00,200,Authorization successful,1
EVT00005109,PAY0001313,PaymentCaptured,Authorized,Captured,2024-07-21 23:41:00,201,Payment captured,2
EVT00005110,PAY0001313,PaymentSettled,Captured,Settled,2024-07-21 23:43:00,202,Settlement completed,3
EVT00005111,PAY0001314,PaymentCreated,NULL,Created,2024-12-04 11:08:00,100,Payment initiated,0
EVT00005112,PAY0001314,PaymentAuthorized,Created,Authorized,2024-12-04 11:10:00,200,Authorization successful,1
EVT00005113,PAY0001314,PaymentCaptured,Authorized,Captured,2024-12-04 11:12:00,201,Payment captured,2
EVT00005114,PAY0001314,PaymentSettled,Captured,Settled,2024-12-04 11:14:00,202,Settlement completed,3
EVT00005115,PAY0001315,PaymentCreated,NULL,Created,2024-08-28 03:18:00,100,Payment initiated,0
EVT00005116,PAY0001315,PaymentAuthorized,Created,Authorized,2024-08-28 03:20:00,200,Authorization successful,1
EVT00005117,PAY0001315,PaymentCaptured,Authorized,Captured,2024-08-28 03:22:00,201,Payment captured,2
EVT00005118,PAY0001315,PaymentSettled,Captured,Settled,2024-08-28 03:24:00,202,Settlement completed,3
EVT00005119,PAY0001316,PaymentCreated,NULL,Created,2024-07-17 10:31:00,100,Payment initiated,0
EVT00005120,PAY0001316,PaymentAuthorized,Created,Authorized,2024-07-17 10:33:00,200,Authorization successful,1
EVT00005121,PAY0001316,PaymentCaptured,Authorized,Captured,2024-07-17 10:35:00,201,Payment captured,2
EVT00005122,PAY0001316,PaymentSettled,Captured,Settled,2024-07-17 10:37:00,202,Settlement completed,3
EVT00005123,PAY0001317,PaymentCreated,NULL,Created,2025-09-23 21:19:00,100,Payment initiated,0
EVT00005124,PAY0001317,PaymentAuthorized,Created,Authorized,2025-09-23 21:21:00,200,Authorization successful,1
EVT00005125,PAY0001317,PaymentCaptured,Authorized,Captured,2025-09-23 21:23:00,201,Payment captured,2
EVT00005126,PAY0001317,PaymentSettled,Captured,Settled,2025-09-23 21:25:00,202,Settlement completed,3
EVT00005127,PAY0001318,PaymentCreated,NULL,Created,2024-06-05 18:36:00,100,Payment initiated,0
EVT00005128,PAY0001318,PaymentAuthorized,Created,Authorized,2024-06-05 18:38:00,200,Authorization successful,1
EVT00005129,PAY0001318,PaymentCaptured,Authorized,Captured,2024-06-05 18:40:00,201,Payment captured,2
EVT00005130,PAY0001318,PaymentSettled,Captured,Settled,2024-06-05 18:42:00,202,Settlement completed,3
EVT00005131,PAY0001319,PaymentCreated,NULL,Created,2024-11-19 13:10:00,100,Payment initiated,0
EVT00005132,PAY0001319,PaymentAuthorized,Created,Authorized,2024-11-19 13:12:00,200,Authorization successful,1
EVT00005133,PAY0001319,PaymentFailed,Authorized,Failed,2024-11-19 13:14:00,500,Transaction failed,2
EVT00005134,PAY0001320,PaymentCreated,NULL,Created,2024-09-09 07:45:00,100,Payment initiated,0
EVT00005135,PAY0001320,PaymentAuthorized,Created,Authorized,2024-09-09 07:47:00,200,Authorization successful,1
EVT00005136,PAY0001320,PaymentCaptured,Authorized,Captured,2024-09-09 07:49:00,201,Payment captured,2
EVT00005137,PAY0001320,PaymentSettled,Captured,Settled,2024-09-09 07:51:00,202,Settlement completed,3
EVT00005138,PAY0001321,PaymentCreated,NULL,Created,2025-03-22 08:53:00,100,Payment initiated,0
EVT00005139,PAY0001321,PaymentAuthorized,Created,Authorized,2025-03-22 08:55:00,200,Authorization successful,1
EVT00005140,PAY0001321,PaymentCaptured,Authorized,Captured,2025-03-22 08:57:00,201,Payment captured,2
EVT00005141,PAY0001321,PaymentSettled,Captured,Settled,2025-03-22 08:59:00,202,Settlement completed,3
EVT00005142,PAY0001322,PaymentCreated,NULL,Created,2025-11-26 23:21:00,100,Payment initiated,0
EVT00005143,PAY0001322,PaymentAuthorized,Created,Authorized,2025-11-26 23:23:00,200,Authorization successful,1
EVT00005144,PAY0001322,PaymentCaptured,Authorized,Captured,2025-11-26 23:25:00,201,Payment captured,2
EVT00005145,PAY0001322,PaymentSettled,Captured,Settled,2025-11-26 23:27:00,202,Settlement completed,3
EVT00005146,PAY0001323,PaymentCreated,NULL,Created,2025-04-18 14:22:00,100,Payment initiated,0
EVT00005147,PAY0001323,PaymentAuthorized,Created,Authorized,2025-04-18 14:24:00,200,Authorization successful,1
EVT00005148,PAY0001323,PaymentCaptured,Authorized,Captured,2025-04-18 14:26:00,201,Payment captured,2
EVT00005149,PAY0001323,PaymentSettled,Captured,Settled,2025-04-18 14:28:00,202,Settlement completed,3
EVT00005150,PAY0001324,PaymentCreated,NULL,Created,2025-05-13 17:06:00,100,Payment initiated,0
EVT00005151,PAY0001324,PaymentAuthorized,Created,Authorized,2025-05-13 17:08:00,200,Authorization successful,1
EVT00005152,PAY0001324,PaymentCaptured,Authorized,Captured,2025-05-13 17:10:00,201,Payment captured,2
EVT00005153,PAY0001324,PaymentSettled,Captured,Settled,2025-05-13 17:12:00,202,Settlement completed,3
EVT00005154,PAY0001325,PaymentCreated,NULL,Created,2025-09-13 02:53:00,100,Payment initiated,0
EVT00005155,PAY0001325,PaymentAuthorized,Created,Authorized,2025-09-13 02:55:00,200,Authorization successful,1
EVT00005156,PAY0001325,PaymentCaptured,Authorized,Captured,2025-09-13 02:57:00,201,Payment captured,2
EVT00005157,PAY0001325,PaymentSettled,Captured,Settled,2025-09-13 02:59:00,202,Settlement completed,3
EVT00005158,PAY0001326,PaymentCreated,NULL,Created,2024-05-23 17:12:00,100,Payment initiated,0
EVT00005159,PAY0001326,PaymentAuthorized,Created,Authorized,2024-05-23 17:14:00,200,Authorization successful,1
EVT00005160,PAY0001326,PaymentCaptured,Authorized,Captured,2024-05-23 17:16:00,201,Payment captured,2
EVT00005161,PAY0001326,PaymentSettled,Captured,Settled,2024-05-23 17:18:00,202,Settlement completed,3
EVT00005162,PAY0001327,PaymentCreated,NULL,Created,2025-10-03 02:46:00,100,Payment initiated,0
EVT00005163,PAY0001327,PaymentAuthorized,Created,Authorized,2025-10-03 02:48:00,200,Authorization successful,1
EVT00005164,PAY0001327,PaymentFailed,Authorized,Failed,2025-10-03 02:50:00,500,Transaction failed,2
EVT00005165,PAY0001328,PaymentCreated,NULL,Created,2024-01-20 16:40:00,100,Payment initiated,0
EVT00005166,PAY0001328,PaymentAuthorized,Created,Authorized,2024-01-20 16:42:00,200,Authorization successful,1
EVT00005167,PAY0001328,PaymentFailed,Authorized,Failed,2024-01-20 16:44:00,500,Transaction failed,2
EVT00005168,PAY0001329,PaymentCreated,NULL,Created,2025-08-18 18:25:00,100,Payment initiated,0
EVT00005169,PAY0001329,PaymentAuthorized,Created,Authorized,2025-08-18 18:27:00,200,Authorization successful,1
EVT00005170,PAY0001329,PaymentCaptured,Authorized,Captured,2025-08-18 18:29:00,201,Payment captured,2
EVT00005171,PAY0001329,PaymentSettled,Captured,Settled,2025-08-18 18:31:00,202,Settlement completed,3
EVT00005172,PAY0001330,PaymentCreated,NULL,Created,2024-08-05 01:35:00,100,Payment initiated,0
EVT00005173,PAY0001330,PaymentAuthorized,Created,Authorized,2024-08-05 01:37:00,200,Authorization successful,1
EVT00005174,PAY0001330,PaymentCaptured,Authorized,Captured,2024-08-05 01:39:00,201,Payment captured,2
EVT00005175,PAY0001330,PaymentSettled,Captured,Settled,2024-08-05 01:41:00,202,Settlement completed,3
EVT00005176,PAY0001331,PaymentCreated,NULL,Created,2025-07-06 15:41:00,100,Payment initiated,0
EVT00005177,PAY0001331,PaymentAuthorized,Created,Authorized,2025-07-06 15:43:00,200,Authorization successful,1
EVT00005178,PAY0001331,PaymentCaptured,Authorized,Captured,2025-07-06 15:45:00,201,Payment captured,2
EVT00005179,PAY0001331,PaymentSettled,Captured,Settled,2025-07-06 15:47:00,202,Settlement completed,3
EVT00005180,PAY0001332,PaymentCreated,NULL,Created,2025-01-09 12:14:00,100,Payment initiated,0
EVT00005181,PAY0001332,PaymentAuthorized,Created,Authorized,2025-01-09 12:16:00,200,Authorization successful,1
EVT00005182,PAY0001332,PaymentCaptured,Authorized,Captured,2025-01-09 12:18:00,201,Payment captured,2
EVT00005183,PAY0001332,PaymentSettled,Captured,Settled,2025-01-09 12:20:00,202,Settlement completed,3
EVT00005184,PAY0001333,PaymentCreated,NULL,Created,2025-08-26 23:54:00,100,Payment initiated,0
EVT00005185,PAY0001333,PaymentAuthorized,Created,Authorized,2025-08-26 23:56:00,200,Authorization successful,1
EVT00005186,PAY0001333,PaymentCaptured,Authorized,Captured,2025-08-26 23:58:00,201,Payment captured,2
EVT00005187,PAY0001333,PaymentSettled,Captured,Settled,2025-08-27 00:00:00,202,Settlement completed,3
EVT00005188,PAY0001334,PaymentCreated,NULL,Created,2025-04-20 16:32:00,100,Payment initiated,0
EVT00005189,PAY0001334,PaymentAuthorized,Created,Authorized,2025-04-20 16:34:00,200,Authorization successful,1
EVT00005190,PAY0001334,PaymentFailed,Authorized,Failed,2025-04-20 16:36:00,500,Transaction failed,2
EVT00005191,PAY0001335,PaymentCreated,NULL,Created,2025-01-07 16:00:00,100,Payment initiated,0
EVT00005192,PAY0001335,PaymentAuthorized,Created,Authorized,2025-01-07 16:02:00,200,Authorization successful,1
EVT00005193,PAY0001335,PaymentCaptured,Authorized,Captured,2025-01-07 16:04:00,201,Payment captured,2
EVT00005194,PAY0001335,PaymentSettled,Captured,Settled,2025-01-07 16:06:00,202,Settlement completed,3
EVT00005195,PAY0001336,PaymentCreated,NULL,Created,2025-09-20 21:10:00,100,Payment initiated,0
EVT00005196,PAY0001336,PaymentAuthorized,Created,Authorized,2025-09-20 21:12:00,200,Authorization successful,1
EVT00005197,PAY0001336,PaymentCaptured,Authorized,Captured,2025-09-20 21:14:00,201,Payment captured,2
EVT00005198,PAY0001336,PaymentSettled,Captured,Settled,2025-09-20 21:16:00,202,Settlement completed,3
EVT00005199,PAY0001337,PaymentCreated,NULL,Created,2024-05-23 14:10:00,100,Payment initiated,0
EVT00005200,PAY0001337,PaymentAuthorized,Created,Authorized,2024-05-23 14:12:00,200,Authorization successful,1
EVT00005201,PAY0001337,PaymentCaptured,Authorized,Captured,2024-05-23 14:14:00,201,Payment captured,2
EVT00005202,PAY0001337,PaymentSettled,Captured,Settled,2024-05-23 14:16:00,202,Settlement completed,3
EVT00005203,PAY0001338,PaymentCreated,NULL,Created,2025-08-02 21:55:00,100,Payment initiated,0
EVT00005204,PAY0001338,PaymentAuthorized,Created,Authorized,2025-08-02 21:57:00,200,Authorization successful,1
EVT00005205,PAY0001338,PaymentCaptured,Authorized,Captured,2025-08-02 21:59:00,201,Payment captured,2
EVT00005206,PAY0001338,PaymentSettled,Captured,Settled,2025-08-02 22:01:00,202,Settlement completed,3
EVT00005207,PAY0001339,PaymentCreated,NULL,Created,2025-05-10 11:02:00,100,Payment initiated,0
EVT00005208,PAY0001339,PaymentAuthorized,Created,Authorized,2025-05-10 11:04:00,200,Authorization successful,1
EVT00005209,PAY0001339,PaymentCaptured,Authorized,Captured,2025-05-10 11:06:00,201,Payment captured,2
EVT00005210,PAY0001339,PaymentSettled,Captured,Settled,2025-05-10 11:08:00,202,Settlement completed,3
EVT00005211,PAY0001340,PaymentCreated,NULL,Created,2025-05-14 07:04:00,100,Payment initiated,0
EVT00005212,PAY0001340,PaymentAuthorized,Created,Authorized,2025-05-14 07:06:00,200,Authorization successful,1
EVT00005213,PAY0001340,PaymentCaptured,Authorized,Captured,2025-05-14 07:08:00,201,Payment captured,2
EVT00005214,PAY0001340,PaymentSettled,Captured,Settled,2025-05-14 07:10:00,202,Settlement completed,3
EVT00005215,PAY0001341,PaymentCreated,NULL,Created,2024-08-27 01:42:00,100,Payment initiated,0
EVT00005216,PAY0001341,PaymentAuthorized,Created,Authorized,2024-08-27 01:44:00,200,Authorization successful,1
EVT00005217,PAY0001341,PaymentCaptured,Authorized,Captured,2024-08-27 01:46:00,201,Payment captured,2
EVT00005218,PAY0001341,PaymentSettled,Captured,Settled,2024-08-27 01:48:00,202,Settlement completed,3
EVT00005219,PAY0001342,PaymentCreated,NULL,Created,2025-01-04 12:30:00,100,Payment initiated,0
EVT00005220,PAY0001342,PaymentAuthorized,Created,Authorized,2025-01-04 12:32:00,200,Authorization successful,1
EVT00005221,PAY0001342,PaymentCaptured,Authorized,Captured,2025-01-04 12:34:00,201,Payment captured,2
EVT00005222,PAY0001342,PaymentSettled,Captured,Settled,2025-01-04 12:36:00,202,Settlement completed,3
EVT00005223,PAY0001343,PaymentCreated,NULL,Created,2024-02-17 01:41:00,100,Payment initiated,0
EVT00005224,PAY0001343,PaymentAuthorized,Created,Authorized,2024-02-17 01:43:00,200,Authorization successful,1
EVT00005225,PAY0001343,PaymentCaptured,Authorized,Captured,2024-02-17 01:45:00,201,Payment captured,2
EVT00005226,PAY0001343,PaymentSettled,Captured,Settled,2024-02-17 01:47:00,202,Settlement completed,3
EVT00005227,PAY0001344,PaymentCreated,NULL,Created,2025-06-17 20:53:00,100,Payment initiated,0
EVT00005228,PAY0001344,PaymentAuthorized,Created,Authorized,2025-06-17 20:55:00,200,Authorization successful,1
EVT00005229,PAY0001344,PaymentCaptured,Authorized,Captured,2025-06-17 20:57:00,201,Payment captured,2
EVT00005230,PAY0001344,PaymentSettled,Captured,Settled,2025-06-17 20:59:00,202,Settlement completed,3
EVT00005231,PAY0001345,PaymentCreated,NULL,Created,2024-09-26 18:34:00,100,Payment initiated,0
EVT00005232,PAY0001345,PaymentAuthorized,Created,Authorized,2024-09-26 18:36:00,200,Authorization successful,1
EVT00005233,PAY0001345,PaymentCaptured,Authorized,Captured,2024-09-26 18:38:00,201,Payment captured,2
EVT00005234,PAY0001345,PaymentSettled,Captured,Settled,2024-09-26 18:40:00,202,Settlement completed,3
EVT00005235,PAY0001346,PaymentCreated,NULL,Created,2025-01-20 20:24:00,100,Payment initiated,0
EVT00005236,PAY0001346,PaymentAuthorized,Created,Authorized,2025-01-20 20:26:00,200,Authorization successful,1
EVT00005237,PAY0001346,PaymentCaptured,Authorized,Captured,2025-01-20 20:28:00,201,Payment captured,2
EVT00005238,PAY0001346,PaymentSettled,Captured,Settled,2025-01-20 20:30:00,202,Settlement completed,3
EVT00005239,PAY0001347,PaymentCreated,NULL,Created,2025-10-31 02:33:00,100,Payment initiated,0
EVT00005240,PAY0001347,PaymentAuthorized,Created,Authorized,2025-10-31 02:35:00,200,Authorization successful,1
EVT00005241,PAY0001347,PaymentCaptured,Authorized,Captured,2025-10-31 02:37:00,201,Payment captured,2
EVT00005242,PAY0001347,PaymentSettled,Captured,Settled,2025-10-31 02:39:00,202,Settlement completed,3
EVT00005243,PAY0001348,PaymentCreated,NULL,Created,2024-08-16 16:25:00,100,Payment initiated,0
EVT00005244,PAY0001348,PaymentAuthorized,Created,Authorized,2024-08-16 16:27:00,200,Authorization successful,1
EVT00005245,PAY0001348,PaymentCaptured,Authorized,Captured,2024-08-16 16:29:00,201,Payment captured,2
EVT00005246,PAY0001348,PaymentSettled,Captured,Settled,2024-08-16 16:31:00,202,Settlement completed,3
EVT00005247,PAY0001349,PaymentCreated,NULL,Created,2024-12-19 15:50:00,100,Payment initiated,0
EVT00005248,PAY0001349,PaymentAuthorized,Created,Authorized,2024-12-19 15:52:00,200,Authorization successful,1
EVT00005249,PAY0001349,PaymentCaptured,Authorized,Captured,2024-12-19 15:54:00,201,Payment captured,2
EVT00005250,PAY0001349,PaymentSettled,Captured,Settled,2024-12-19 15:56:00,202,Settlement completed,3
EVT00005251,PAY0001350,PaymentCreated,NULL,Created,2025-09-10 00:32:00,100,Payment initiated,0
EVT00005252,PAY0001350,PaymentAuthorized,Created,Authorized,2025-09-10 00:34:00,200,Authorization successful,1
EVT00005253,PAY0001350,PaymentCaptured,Authorized,Captured,2025-09-10 00:36:00,201,Payment captured,2
EVT00005254,PAY0001350,PaymentSettled,Captured,Settled,2025-09-10 00:38:00,202,Settlement completed,3
EVT00005255,PAY0001351,PaymentCreated,NULL,Created,2025-03-26 05:14:00,100,Payment initiated,0
EVT00005256,PAY0001351,PaymentAuthorized,Created,Authorized,2025-03-26 05:16:00,200,Authorization successful,1
EVT00005257,PAY0001351,PaymentFailed,Authorized,Failed,2025-03-26 05:18:00,500,Transaction failed,2
EVT00005258,PAY0001352,PaymentCreated,NULL,Created,2025-10-20 08:13:00,100,Payment initiated,0
EVT00005259,PAY0001352,PaymentAuthorized,Created,Authorized,2025-10-20 08:15:00,200,Authorization successful,1
EVT00005260,PAY0001352,PaymentCaptured,Authorized,Captured,2025-10-20 08:17:00,201,Payment captured,2
EVT00005261,PAY0001352,PaymentSettled,Captured,Settled,2025-10-20 08:19:00,202,Settlement completed,3
EVT00005262,PAY0001353,PaymentCreated,NULL,Created,2024-06-10 11:38:00,100,Payment initiated,0
EVT00005263,PAY0001353,PaymentAuthorized,Created,Authorized,2024-06-10 11:40:00,200,Authorization successful,1
EVT00005264,PAY0001353,PaymentCaptured,Authorized,Captured,2024-06-10 11:42:00,201,Payment captured,2
EVT00005265,PAY0001353,PaymentSettled,Captured,Settled,2024-06-10 11:44:00,202,Settlement completed,3
EVT00005266,PAY0001354,PaymentCreated,NULL,Created,2024-05-01 21:14:00,100,Payment initiated,0
EVT00005267,PAY0001354,PaymentAuthorized,Created,Authorized,2024-05-01 21:16:00,200,Authorization successful,1
EVT00005268,PAY0001354,PaymentCaptured,Authorized,Captured,2024-05-01 21:18:00,201,Payment captured,2
EVT00005269,PAY0001354,PaymentSettled,Captured,Settled,2024-05-01 21:20:00,202,Settlement completed,3
EVT00005270,PAY0001355,PaymentCreated,NULL,Created,2024-12-04 23:07:00,100,Payment initiated,0
EVT00005271,PAY0001355,PaymentAuthorized,Created,Authorized,2024-12-04 23:09:00,200,Authorization successful,1
EVT00005272,PAY0001355,PaymentCaptured,Authorized,Captured,2024-12-04 23:11:00,201,Payment captured,2
EVT00005273,PAY0001355,PaymentSettled,Captured,Settled,2024-12-04 23:13:00,202,Settlement completed,3
EVT00005274,PAY0001356,PaymentCreated,NULL,Created,2025-05-05 15:13:00,100,Payment initiated,0
EVT00005275,PAY0001356,PaymentAuthorized,Created,Authorized,2025-05-05 15:15:00,200,Authorization successful,1
EVT00005276,PAY0001356,PaymentCaptured,Authorized,Captured,2025-05-05 15:17:00,201,Payment captured,2
EVT00005277,PAY0001356,PaymentSettled,Captured,Settled,2025-05-05 15:19:00,202,Settlement completed,3
EVT00005278,PAY0001357,PaymentCreated,NULL,Created,2025-10-24 13:01:00,100,Payment initiated,0
EVT00005279,PAY0001357,PaymentAuthorized,Created,Authorized,2025-10-24 13:03:00,200,Authorization successful,1
EVT00005280,PAY0001357,PaymentCaptured,Authorized,Captured,2025-10-24 13:05:00,201,Payment captured,2
EVT00005281,PAY0001357,PaymentSettled,Captured,Settled,2025-10-24 13:07:00,202,Settlement completed,3
EVT00005282,PAY0001358,PaymentCreated,NULL,Created,2024-05-10 18:37:00,100,Payment initiated,0
EVT00005283,PAY0001358,PaymentAuthorized,Created,Authorized,2024-05-10 18:39:00,200,Authorization successful,1
EVT00005284,PAY0001358,PaymentCaptured,Authorized,Captured,2024-05-10 18:41:00,201,Payment captured,2
EVT00005285,PAY0001358,PaymentSettled,Captured,Settled,2024-05-10 18:43:00,202,Settlement completed,3
EVT00005286,PAY0001359,PaymentCreated,NULL,Created,2025-10-06 16:02:00,100,Payment initiated,0
EVT00005287,PAY0001359,PaymentAuthorized,Created,Authorized,2025-10-06 16:04:00,200,Authorization successful,1
EVT00005288,PAY0001359,PaymentCaptured,Authorized,Captured,2025-10-06 16:06:00,201,Payment captured,2
EVT00005289,PAY0001359,PaymentSettled,Captured,Settled,2025-10-06 16:08:00,202,Settlement completed,3
EVT00005290,PAY0001360,PaymentCreated,NULL,Created,2024-05-30 01:10:00,100,Payment initiated,0
EVT00005291,PAY0001360,PaymentAuthorized,Created,Authorized,2024-05-30 01:12:00,200,Authorization successful,1
EVT00005292,PAY0001360,PaymentCaptured,Authorized,Captured,2024-05-30 01:14:00,201,Payment captured,2
EVT00005293,PAY0001360,PaymentSettled,Captured,Settled,2024-05-30 01:16:00,202,Settlement completed,3
EVT00005294,PAY0001361,PaymentCreated,NULL,Created,2024-07-03 16:25:00,100,Payment initiated,0
EVT00005295,PAY0001361,PaymentAuthorized,Created,Authorized,2024-07-03 16:27:00,200,Authorization successful,1
EVT00005296,PAY0001361,PaymentCaptured,Authorized,Captured,2024-07-03 16:29:00,201,Payment captured,2
EVT00005297,PAY0001361,PaymentSettled,Captured,Settled,2024-07-03 16:31:00,202,Settlement completed,3
EVT00005298,PAY0001362,PaymentCreated,NULL,Created,2025-07-31 20:01:00,100,Payment initiated,0
EVT00005299,PAY0001362,PaymentAuthorized,Created,Authorized,2025-07-31 20:03:00,200,Authorization successful,1
EVT00005300,PAY0001362,PaymentCaptured,Authorized,Captured,2025-07-31 20:05:00,201,Payment captured,2
EVT00005301,PAY0001362,PaymentSettled,Captured,Settled,2025-07-31 20:07:00,202,Settlement completed,3
EVT00005302,PAY0001363,PaymentCreated,NULL,Created,2025-11-08 09:05:00,100,Payment initiated,0
EVT00005303,PAY0001363,PaymentAuthorized,Created,Authorized,2025-11-08 09:07:00,200,Authorization successful,1
EVT00005304,PAY0001363,PaymentCaptured,Authorized,Captured,2025-11-08 09:09:00,201,Payment captured,2
EVT00005305,PAY0001363,PaymentSettled,Captured,Settled,2025-11-08 09:11:00,202,Settlement completed,3
EVT00005306,PAY0001364,PaymentCreated,NULL,Created,2025-09-13 15:55:00,100,Payment initiated,0
EVT00005307,PAY0001364,PaymentAuthorized,Created,Authorized,2025-09-13 15:57:00,200,Authorization successful,1
EVT00005308,PAY0001364,PaymentCaptured,Authorized,Captured,2025-09-13 15:59:00,201,Payment captured,2
EVT00005309,PAY0001364,PaymentSettled,Captured,Settled,2025-09-13 16:01:00,202,Settlement completed,3
EVT00005310,PAY0001365,PaymentCreated,NULL,Created,2024-08-12 13:38:00,100,Payment initiated,0
EVT00005311,PAY0001365,PaymentAuthorized,Created,Authorized,2024-08-12 13:40:00,200,Authorization successful,1
EVT00005312,PAY0001365,PaymentCaptured,Authorized,Captured,2024-08-12 13:42:00,201,Payment captured,2
EVT00005313,PAY0001365,PaymentSettled,Captured,Settled,2024-08-12 13:44:00,202,Settlement completed,3
EVT00005314,PAY0001366,PaymentCreated,NULL,Created,2025-08-19 05:39:00,100,Payment initiated,0
EVT00005315,PAY0001366,PaymentAuthorized,Created,Authorized,2025-08-19 05:41:00,200,Authorization successful,1
EVT00005316,PAY0001366,PaymentCaptured,Authorized,Captured,2025-08-19 05:43:00,201,Payment captured,2
EVT00005317,PAY0001366,PaymentSettled,Captured,Settled,2025-08-19 05:45:00,202,Settlement completed,3
EVT00005318,PAY0001367,PaymentCreated,NULL,Created,2024-09-27 05:46:00,100,Payment initiated,0
EVT00005319,PAY0001367,PaymentAuthorized,Created,Authorized,2024-09-27 05:48:00,200,Authorization successful,1
EVT00005320,PAY0001367,PaymentCaptured,Authorized,Captured,2024-09-27 05:50:00,201,Payment captured,2
EVT00005321,PAY0001367,PaymentSettled,Captured,Settled,2024-09-27 05:52:00,202,Settlement completed,3
EVT00005322,PAY0001368,PaymentCreated,NULL,Created,2025-04-09 19:37:00,100,Payment initiated,0
EVT00005323,PAY0001368,PaymentAuthorized,Created,Authorized,2025-04-09 19:39:00,200,Authorization successful,1
EVT00005324,PAY0001368,PaymentFailed,Authorized,Failed,2025-04-09 19:41:00,500,Transaction failed,2
EVT00005325,PAY0001369,PaymentCreated,NULL,Created,2025-01-22 12:08:00,100,Payment initiated,0
EVT00005326,PAY0001369,PaymentAuthorized,Created,Authorized,2025-01-22 12:10:00,200,Authorization successful,1
EVT00005327,PAY0001369,PaymentFailed,Authorized,Failed,2025-01-22 12:12:00,500,Transaction failed,2
EVT00005328,PAY0001370,PaymentCreated,NULL,Created,2024-07-26 16:55:00,100,Payment initiated,0
EVT00005329,PAY0001370,PaymentAuthorized,Created,Authorized,2024-07-26 16:57:00,200,Authorization successful,1
EVT00005330,PAY0001370,PaymentCaptured,Authorized,Captured,2024-07-26 16:59:00,201,Payment captured,2
EVT00005331,PAY0001370,PaymentSettled,Captured,Settled,2024-07-26 17:01:00,202,Settlement completed,3
EVT00005332,PAY0001371,PaymentCreated,NULL,Created,2025-12-01 13:52:00,100,Payment initiated,0
EVT00005333,PAY0001371,PaymentAuthorized,Created,Authorized,2025-12-01 13:54:00,200,Authorization successful,1
EVT00005334,PAY0001371,PaymentCaptured,Authorized,Captured,2025-12-01 13:56:00,201,Payment captured,2
EVT00005335,PAY0001371,PaymentSettled,Captured,Settled,2025-12-01 13:58:00,202,Settlement completed,3
EVT00005336,PAY0001372,PaymentCreated,NULL,Created,2024-04-08 05:30:00,100,Payment initiated,0
EVT00005337,PAY0001372,PaymentAuthorized,Created,Authorized,2024-04-08 05:32:00,200,Authorization successful,1
EVT00005338,PAY0001372,PaymentCaptured,Authorized,Captured,2024-04-08 05:34:00,201,Payment captured,2
EVT00005339,PAY0001372,PaymentSettled,Captured,Settled,2024-04-08 05:36:00,202,Settlement completed,3
EVT00005340,PAY0001373,PaymentCreated,NULL,Created,2025-09-06 01:56:00,100,Payment initiated,0
EVT00005341,PAY0001373,PaymentAuthorized,Created,Authorized,2025-09-06 01:58:00,200,Authorization successful,1
EVT00005342,PAY0001373,PaymentCaptured,Authorized,Captured,2025-09-06 02:00:00,201,Payment captured,2
EVT00005343,PAY0001373,PaymentSettled,Captured,Settled,2025-09-06 02:02:00,202,Settlement completed,3
EVT00005344,PAY0001374,PaymentCreated,NULL,Created,2025-05-30 03:05:00,100,Payment initiated,0
EVT00005345,PAY0001374,PaymentAuthorized,Created,Authorized,2025-05-30 03:07:00,200,Authorization successful,1
EVT00005346,PAY0001374,PaymentCaptured,Authorized,Captured,2025-05-30 03:09:00,201,Payment captured,2
EVT00005347,PAY0001374,PaymentSettled,Captured,Settled,2025-05-30 03:11:00,202,Settlement completed,3
EVT00005348,PAY0001375,PaymentCreated,NULL,Created,2024-05-13 19:34:00,100,Payment initiated,0
EVT00005349,PAY0001375,PaymentAuthorized,Created,Authorized,2024-05-13 19:36:00,200,Authorization successful,1
EVT00005350,PAY0001375,PaymentCaptured,Authorized,Captured,2024-05-13 19:38:00,201,Payment captured,2
EVT00005351,PAY0001375,PaymentSettled,Captured,Settled,2024-05-13 19:40:00,202,Settlement completed,3
EVT00005352,PAY0001376,PaymentCreated,NULL,Created,2025-11-25 20:27:00,100,Payment initiated,0
EVT00005353,PAY0001376,PaymentAuthorized,Created,Authorized,2025-11-25 20:29:00,200,Authorization successful,1
EVT00005354,PAY0001376,PaymentCaptured,Authorized,Captured,2025-11-25 20:31:00,201,Payment captured,2
EVT00005355,PAY0001376,PaymentSettled,Captured,Settled,2025-11-25 20:33:00,202,Settlement completed,3
EVT00005356,PAY0001377,PaymentCreated,NULL,Created,2025-01-14 01:44:00,100,Payment initiated,0
EVT00005357,PAY0001377,PaymentAuthorized,Created,Authorized,2025-01-14 01:46:00,200,Authorization successful,1
EVT00005358,PAY0001377,PaymentCaptured,Authorized,Captured,2025-01-14 01:48:00,201,Payment captured,2
EVT00005359,PAY0001377,PaymentSettled,Captured,Settled,2025-01-14 01:50:00,202,Settlement completed,3
EVT00005360,PAY0001378,PaymentCreated,NULL,Created,2024-08-22 15:50:00,100,Payment initiated,0
EVT00005361,PAY0001378,PaymentAuthorized,Created,Authorized,2024-08-22 15:52:00,200,Authorization successful,1
EVT00005362,PAY0001378,PaymentCaptured,Authorized,Captured,2024-08-22 15:54:00,201,Payment captured,2
EVT00005363,PAY0001378,PaymentSettled,Captured,Settled,2024-08-22 15:56:00,202,Settlement completed,3
EVT00005364,PAY0001379,PaymentCreated,NULL,Created,2024-12-24 18:51:00,100,Payment initiated,0
EVT00005365,PAY0001379,PaymentAuthorized,Created,Authorized,2024-12-24 18:53:00,200,Authorization successful,1
EVT00005366,PAY0001379,PaymentCaptured,Authorized,Captured,2024-12-24 18:55:00,201,Payment captured,2
EVT00005367,PAY0001379,PaymentSettled,Captured,Settled,2024-12-24 18:57:00,202,Settlement completed,3
EVT00005368,PAY0001380,PaymentCreated,NULL,Created,2025-08-12 03:27:00,100,Payment initiated,0
EVT00005369,PAY0001380,PaymentAuthorized,Created,Authorized,2025-08-12 03:29:00,200,Authorization successful,1
EVT00005370,PAY0001380,PaymentCaptured,Authorized,Captured,2025-08-12 03:31:00,201,Payment captured,2
EVT00005371,PAY0001380,PaymentSettled,Captured,Settled,2025-08-12 03:33:00,202,Settlement completed,3
EVT00005372,PAY0001381,PaymentCreated,NULL,Created,2025-05-03 07:58:00,100,Payment initiated,0
EVT00005373,PAY0001381,PaymentAuthorized,Created,Authorized,2025-05-03 08:00:00,200,Authorization successful,1
EVT00005374,PAY0001381,PaymentCaptured,Authorized,Captured,2025-05-03 08:02:00,201,Payment captured,2
EVT00005375,PAY0001381,PaymentSettled,Captured,Settled,2025-05-03 08:04:00,202,Settlement completed,3
EVT00005376,PAY0001382,PaymentCreated,NULL,Created,2024-10-17 19:56:00,100,Payment initiated,0
EVT00005377,PAY0001382,PaymentAuthorized,Created,Authorized,2024-10-17 19:58:00,200,Authorization successful,1
EVT00005378,PAY0001382,PaymentCaptured,Authorized,Captured,2024-10-17 20:00:00,201,Payment captured,2
EVT00005379,PAY0001382,PaymentSettled,Captured,Settled,2024-10-17 20:02:00,202,Settlement completed,3
EVT00005380,PAY0001383,PaymentCreated,NULL,Created,2024-09-20 06:00:00,100,Payment initiated,0
EVT00005381,PAY0001383,PaymentAuthorized,Created,Authorized,2024-09-20 06:02:00,200,Authorization successful,1
EVT00005382,PAY0001383,PaymentCaptured,Authorized,Captured,2024-09-20 06:04:00,201,Payment captured,2
EVT00005383,PAY0001383,PaymentSettled,Captured,Settled,2024-09-20 06:06:00,202,Settlement completed,3
EVT00005384,PAY0001384,PaymentCreated,NULL,Created,2024-01-08 18:33:00,100,Payment initiated,0
EVT00005385,PAY0001384,PaymentAuthorized,Created,Authorized,2024-01-08 18:35:00,200,Authorization successful,1
EVT00005386,PAY0001384,PaymentFailed,Authorized,Failed,2024-01-08 18:37:00,500,Transaction failed,2
EVT00005387,PAY0001385,PaymentCreated,NULL,Created,2024-01-08 12:41:00,100,Payment initiated,0
EVT00005388,PAY0001385,PaymentAuthorized,Created,Authorized,2024-01-08 12:43:00,200,Authorization successful,1
EVT00005389,PAY0001385,PaymentCaptured,Authorized,Captured,2024-01-08 12:45:00,201,Payment captured,2
EVT00005390,PAY0001385,PaymentSettled,Captured,Settled,2024-01-08 12:47:00,202,Settlement completed,3
EVT00005391,PAY0001386,PaymentCreated,NULL,Created,2024-11-19 13:23:00,100,Payment initiated,0
EVT00005392,PAY0001386,PaymentAuthorized,Created,Authorized,2024-11-19 13:25:00,200,Authorization successful,1
EVT00005393,PAY0001386,PaymentFailed,Authorized,Failed,2024-11-19 13:27:00,500,Transaction failed,2
EVT00005394,PAY0001387,PaymentCreated,NULL,Created,2025-03-12 20:37:00,100,Payment initiated,0
EVT00005395,PAY0001387,PaymentAuthorized,Created,Authorized,2025-03-12 20:39:00,200,Authorization successful,1
EVT00005396,PAY0001387,PaymentCaptured,Authorized,Captured,2025-03-12 20:41:00,201,Payment captured,2
EVT00005397,PAY0001387,PaymentSettled,Captured,Settled,2025-03-12 20:43:00,202,Settlement completed,3
EVT00005398,PAY0001388,PaymentCreated,NULL,Created,2025-07-02 13:36:00,100,Payment initiated,0
EVT00005399,PAY0001388,PaymentAuthorized,Created,Authorized,2025-07-02 13:38:00,200,Authorization successful,1
EVT00005400,PAY0001388,PaymentCaptured,Authorized,Captured,2025-07-02 13:40:00,201,Payment captured,2
EVT00005401,PAY0001388,PaymentSettled,Captured,Settled,2025-07-02 13:42:00,202,Settlement completed,3
EVT00005402,PAY0001389,PaymentCreated,NULL,Created,2024-10-09 21:25:00,100,Payment initiated,0
EVT00005403,PAY0001389,PaymentAuthorized,Created,Authorized,2024-10-09 21:27:00,200,Authorization successful,1
EVT00005404,PAY0001389,PaymentCaptured,Authorized,Captured,2024-10-09 21:29:00,201,Payment captured,2
EVT00005405,PAY0001389,PaymentSettled,Captured,Settled,2024-10-09 21:31:00,202,Settlement completed,3
EVT00005406,PAY0001390,PaymentCreated,NULL,Created,2025-02-27 17:50:00,100,Payment initiated,0
EVT00005407,PAY0001390,PaymentAuthorized,Created,Authorized,2025-02-27 17:52:00,200,Authorization successful,1
EVT00005408,PAY0001390,PaymentCaptured,Authorized,Captured,2025-02-27 17:54:00,201,Payment captured,2
EVT00005409,PAY0001390,PaymentSettled,Captured,Settled,2025-02-27 17:56:00,202,Settlement completed,3
EVT00005410,PAY0001391,PaymentCreated,NULL,Created,2024-07-02 11:35:00,100,Payment initiated,0
EVT00005411,PAY0001391,PaymentAuthorized,Created,Authorized,2024-07-02 11:37:00,200,Authorization successful,1
EVT00005412,PAY0001391,PaymentCaptured,Authorized,Captured,2024-07-02 11:39:00,201,Payment captured,2
EVT00005413,PAY0001391,PaymentSettled,Captured,Settled,2024-07-02 11:41:00,202,Settlement completed,3
EVT00005414,PAY0001392,PaymentCreated,NULL,Created,2024-09-16 09:36:00,100,Payment initiated,0
EVT00005415,PAY0001392,PaymentAuthorized,Created,Authorized,2024-09-16 09:38:00,200,Authorization successful,1
EVT00005416,PAY0001392,PaymentCaptured,Authorized,Captured,2024-09-16 09:40:00,201,Payment captured,2
EVT00005417,PAY0001392,PaymentSettled,Captured,Settled,2024-09-16 09:42:00,202,Settlement completed,3
EVT00005418,PAY0001393,PaymentCreated,NULL,Created,2025-02-11 23:08:00,100,Payment initiated,0
EVT00005419,PAY0001393,PaymentAuthorized,Created,Authorized,2025-02-11 23:10:00,200,Authorization successful,1
EVT00005420,PAY0001393,PaymentCaptured,Authorized,Captured,2025-02-11 23:12:00,201,Payment captured,2
EVT00005421,PAY0001393,PaymentSettled,Captured,Settled,2025-02-11 23:14:00,202,Settlement completed,3
EVT00005422,PAY0001394,PaymentCreated,NULL,Created,2025-11-06 03:47:00,100,Payment initiated,0
EVT00005423,PAY0001394,PaymentAuthorized,Created,Authorized,2025-11-06 03:49:00,200,Authorization successful,1
EVT00005424,PAY0001394,PaymentCaptured,Authorized,Captured,2025-11-06 03:51:00,201,Payment captured,2
EVT00005425,PAY0001394,PaymentSettled,Captured,Settled,2025-11-06 03:53:00,202,Settlement completed,3
EVT00005426,PAY0001395,PaymentCreated,NULL,Created,2024-06-14 03:13:00,100,Payment initiated,0
EVT00005427,PAY0001395,PaymentAuthorized,Created,Authorized,2024-06-14 03:15:00,200,Authorization successful,1
EVT00005428,PAY0001395,PaymentCaptured,Authorized,Captured,2024-06-14 03:17:00,201,Payment captured,2
EVT00005429,PAY0001395,PaymentSettled,Captured,Settled,2024-06-14 03:19:00,202,Settlement completed,3
EVT00005430,PAY0001396,PaymentCreated,NULL,Created,2024-12-12 17:39:00,100,Payment initiated,0
EVT00005431,PAY0001396,PaymentAuthorized,Created,Authorized,2024-12-12 17:41:00,200,Authorization successful,1
EVT00005432,PAY0001396,PaymentCaptured,Authorized,Captured,2024-12-12 17:43:00,201,Payment captured,2
EVT00005433,PAY0001396,PaymentSettled,Captured,Settled,2024-12-12 17:45:00,202,Settlement completed,3
EVT00005434,PAY0001397,PaymentCreated,NULL,Created,2024-02-23 05:24:00,100,Payment initiated,0
EVT00005435,PAY0001397,PaymentAuthorized,Created,Authorized,2024-02-23 05:26:00,200,Authorization successful,1
EVT00005436,PAY0001397,PaymentCaptured,Authorized,Captured,2024-02-23 05:28:00,201,Payment captured,2
EVT00005437,PAY0001397,PaymentSettled,Captured,Settled,2024-02-23 05:30:00,202,Settlement completed,3
EVT00005438,PAY0001398,PaymentCreated,NULL,Created,2024-01-06 02:52:00,100,Payment initiated,0
EVT00005439,PAY0001398,PaymentAuthorized,Created,Authorized,2024-01-06 02:54:00,200,Authorization successful,1
EVT00005440,PAY0001398,PaymentCaptured,Authorized,Captured,2024-01-06 02:56:00,201,Payment captured,2
EVT00005441,PAY0001398,PaymentSettled,Captured,Settled,2024-01-06 02:58:00,202,Settlement completed,3
EVT00005442,PAY0001399,PaymentCreated,NULL,Created,2025-09-06 13:05:00,100,Payment initiated,0
EVT00005443,PAY0001399,PaymentAuthorized,Created,Authorized,2025-09-06 13:07:00,200,Authorization successful,1
EVT00005444,PAY0001399,PaymentFailed,Authorized,Failed,2025-09-06 13:09:00,500,Transaction failed,2
EVT00005445,PAY0001400,PaymentCreated,NULL,Created,2024-08-15 11:05:00,100,Payment initiated,0
EVT00005446,PAY0001400,PaymentAuthorized,Created,Authorized,2024-08-15 11:07:00,200,Authorization successful,1
EVT00005447,PAY0001400,PaymentCaptured,Authorized,Captured,2024-08-15 11:09:00,201,Payment captured,2
EVT00005448,PAY0001400,PaymentSettled,Captured,Settled,2024-08-15 11:11:00,202,Settlement completed,3
EVT00005449,PAY0001401,PaymentCreated,NULL,Created,2025-01-28 12:39:00,100,Payment initiated,0
EVT00005450,PAY0001401,PaymentAuthorized,Created,Authorized,2025-01-28 12:41:00,200,Authorization successful,1
EVT00005451,PAY0001401,PaymentCaptured,Authorized,Captured,2025-01-28 12:43:00,201,Payment captured,2
EVT00005452,PAY0001401,PaymentSettled,Captured,Settled,2025-01-28 12:45:00,202,Settlement completed,3
EVT00005453,PAY0001402,PaymentCreated,NULL,Created,2024-10-20 22:38:00,100,Payment initiated,0
EVT00005454,PAY0001402,PaymentAuthorized,Created,Authorized,2024-10-20 22:40:00,200,Authorization successful,1
EVT00005455,PAY0001402,PaymentFailed,Authorized,Failed,2024-10-20 22:42:00,500,Transaction failed,2
EVT00005456,PAY0001403,PaymentCreated,NULL,Created,2024-06-28 20:31:00,100,Payment initiated,0
EVT00005457,PAY0001403,PaymentAuthorized,Created,Authorized,2024-06-28 20:33:00,200,Authorization successful,1
EVT00005458,PAY0001403,PaymentCaptured,Authorized,Captured,2024-06-28 20:35:00,201,Payment captured,2
EVT00005459,PAY0001403,PaymentSettled,Captured,Settled,2024-06-28 20:37:00,202,Settlement completed,3
EVT00005460,PAY0001404,PaymentCreated,NULL,Created,2024-07-25 21:59:00,100,Payment initiated,0
EVT00005461,PAY0001404,PaymentAuthorized,Created,Authorized,2024-07-25 22:01:00,200,Authorization successful,1
EVT00005462,PAY0001404,PaymentCaptured,Authorized,Captured,2024-07-25 22:03:00,201,Payment captured,2
EVT00005463,PAY0001404,PaymentSettled,Captured,Settled,2024-07-25 22:05:00,202,Settlement completed,3
EVT00005464,PAY0001405,PaymentCreated,NULL,Created,2024-10-19 06:02:00,100,Payment initiated,0
EVT00005465,PAY0001405,PaymentAuthorized,Created,Authorized,2024-10-19 06:04:00,200,Authorization successful,1
EVT00005466,PAY0001405,PaymentCaptured,Authorized,Captured,2024-10-19 06:06:00,201,Payment captured,2
EVT00005467,PAY0001405,PaymentSettled,Captured,Settled,2024-10-19 06:08:00,202,Settlement completed,3
EVT00005468,PAY0001406,PaymentCreated,NULL,Created,2025-06-06 16:44:00,100,Payment initiated,0
EVT00005469,PAY0001406,PaymentAuthorized,Created,Authorized,2025-06-06 16:46:00,200,Authorization successful,1
EVT00005470,PAY0001406,PaymentCaptured,Authorized,Captured,2025-06-06 16:48:00,201,Payment captured,2
EVT00005471,PAY0001406,PaymentSettled,Captured,Settled,2025-06-06 16:50:00,202,Settlement completed,3
EVT00005472,PAY0001407,PaymentCreated,NULL,Created,2024-06-22 21:02:00,100,Payment initiated,0
EVT00005473,PAY0001407,PaymentAuthorized,Created,Authorized,2024-06-22 21:04:00,200,Authorization successful,1
EVT00005474,PAY0001407,PaymentCaptured,Authorized,Captured,2024-06-22 21:06:00,201,Payment captured,2
EVT00005475,PAY0001407,PaymentSettled,Captured,Settled,2024-06-22 21:08:00,202,Settlement completed,3
EVT00005476,PAY0001408,PaymentCreated,NULL,Created,2025-11-01 00:10:00,100,Payment initiated,0
EVT00005477,PAY0001408,PaymentAuthorized,Created,Authorized,2025-11-01 00:12:00,200,Authorization successful,1
EVT00005478,PAY0001408,PaymentFailed,Authorized,Failed,2025-11-01 00:14:00,500,Transaction failed,2
EVT00005479,PAY0001409,PaymentCreated,NULL,Created,2024-10-09 12:22:00,100,Payment initiated,0
EVT00005480,PAY0001409,PaymentAuthorized,Created,Authorized,2024-10-09 12:24:00,200,Authorization successful,1
EVT00005481,PAY0001409,PaymentCaptured,Authorized,Captured,2024-10-09 12:26:00,201,Payment captured,2
EVT00005482,PAY0001409,PaymentSettled,Captured,Settled,2024-10-09 12:28:00,202,Settlement completed,3
EVT00005483,PAY0001410,PaymentCreated,NULL,Created,2025-02-19 18:12:00,100,Payment initiated,0
EVT00005484,PAY0001410,PaymentAuthorized,Created,Authorized,2025-02-19 18:14:00,200,Authorization successful,1
EVT00005485,PAY0001410,PaymentCaptured,Authorized,Captured,2025-02-19 18:16:00,201,Payment captured,2
EVT00005486,PAY0001410,PaymentSettled,Captured,Settled,2025-02-19 18:18:00,202,Settlement completed,3
EVT00005487,PAY0001411,PaymentCreated,NULL,Created,2024-03-11 02:35:00,100,Payment initiated,0
EVT00005488,PAY0001411,PaymentAuthorized,Created,Authorized,2024-03-11 02:37:00,200,Authorization successful,1
EVT00005489,PAY0001411,PaymentCaptured,Authorized,Captured,2024-03-11 02:39:00,201,Payment captured,2
EVT00005490,PAY0001411,PaymentSettled,Captured,Settled,2024-03-11 02:41:00,202,Settlement completed,3
EVT00005491,PAY0001412,PaymentCreated,NULL,Created,2025-07-26 18:22:00,100,Payment initiated,0
EVT00005492,PAY0001412,PaymentAuthorized,Created,Authorized,2025-07-26 18:24:00,200,Authorization successful,1
EVT00005493,PAY0001412,PaymentCaptured,Authorized,Captured,2025-07-26 18:26:00,201,Payment captured,2
EVT00005494,PAY0001412,PaymentSettled,Captured,Settled,2025-07-26 18:28:00,202,Settlement completed,3
EVT00005495,PAY0001413,PaymentCreated,NULL,Created,2024-10-10 07:38:00,100,Payment initiated,0
EVT00005496,PAY0001413,PaymentAuthorized,Created,Authorized,2024-10-10 07:40:00,200,Authorization successful,1
EVT00005497,PAY0001413,PaymentCaptured,Authorized,Captured,2024-10-10 07:42:00,201,Payment captured,2
EVT00005498,PAY0001413,PaymentSettled,Captured,Settled,2024-10-10 07:44:00,202,Settlement completed,3
EVT00005499,PAY0001414,PaymentCreated,NULL,Created,2025-04-10 12:36:00,100,Payment initiated,0
EVT00005500,PAY0001414,PaymentAuthorized,Created,Authorized,2025-04-10 12:38:00,200,Authorization successful,1
EVT00005501,PAY0001414,PaymentFailed,Authorized,Failed,2025-04-10 12:40:00,500,Transaction failed,2
EVT00005502,PAY0001415,PaymentCreated,NULL,Created,2024-06-28 13:32:00,100,Payment initiated,0
EVT00005503,PAY0001415,PaymentAuthorized,Created,Authorized,2024-06-28 13:34:00,200,Authorization successful,1
EVT00005504,PAY0001415,PaymentFailed,Authorized,Failed,2024-06-28 13:36:00,500,Transaction failed,2
EVT00005505,PAY0001416,PaymentCreated,NULL,Created,2024-03-15 16:18:00,100,Payment initiated,0
EVT00005506,PAY0001416,PaymentAuthorized,Created,Authorized,2024-03-15 16:20:00,200,Authorization successful,1
EVT00005507,PAY0001416,PaymentCaptured,Authorized,Captured,2024-03-15 16:22:00,201,Payment captured,2
EVT00005508,PAY0001416,PaymentSettled,Captured,Settled,2024-03-15 16:24:00,202,Settlement completed,3
EVT00005509,PAY0001417,PaymentCreated,NULL,Created,2024-04-29 16:16:00,100,Payment initiated,0
EVT00005510,PAY0001417,PaymentAuthorized,Created,Authorized,2024-04-29 16:18:00,200,Authorization successful,1
EVT00005511,PAY0001417,PaymentCaptured,Authorized,Captured,2024-04-29 16:20:00,201,Payment captured,2
EVT00005512,PAY0001417,PaymentSettled,Captured,Settled,2024-04-29 16:22:00,202,Settlement completed,3
EVT00005513,PAY0001418,PaymentCreated,NULL,Created,2025-08-11 08:44:00,100,Payment initiated,0
EVT00005514,PAY0001418,PaymentAuthorized,Created,Authorized,2025-08-11 08:46:00,200,Authorization successful,1
EVT00005515,PAY0001418,PaymentCaptured,Authorized,Captured,2025-08-11 08:48:00,201,Payment captured,2
EVT00005516,PAY0001418,PaymentSettled,Captured,Settled,2025-08-11 08:50:00,202,Settlement completed,3
EVT00005517,PAY0001419,PaymentCreated,NULL,Created,2025-01-21 18:30:00,100,Payment initiated,0
EVT00005518,PAY0001419,PaymentAuthorized,Created,Authorized,2025-01-21 18:32:00,200,Authorization successful,1
EVT00005519,PAY0001419,PaymentCaptured,Authorized,Captured,2025-01-21 18:34:00,201,Payment captured,2
EVT00005520,PAY0001419,PaymentSettled,Captured,Settled,2025-01-21 18:36:00,202,Settlement completed,3
EVT00005521,PAY0001420,PaymentCreated,NULL,Created,2024-12-13 14:43:00,100,Payment initiated,0
EVT00005522,PAY0001420,PaymentAuthorized,Created,Authorized,2024-12-13 14:45:00,200,Authorization successful,1
EVT00005523,PAY0001420,PaymentCaptured,Authorized,Captured,2024-12-13 14:47:00,201,Payment captured,2
EVT00005524,PAY0001420,PaymentSettled,Captured,Settled,2024-12-13 14:49:00,202,Settlement completed,3
EVT00005525,PAY0001421,PaymentCreated,NULL,Created,2025-08-23 00:30:00,100,Payment initiated,0
EVT00005526,PAY0001421,PaymentAuthorized,Created,Authorized,2025-08-23 00:32:00,200,Authorization successful,1
EVT00005527,PAY0001421,PaymentFailed,Authorized,Failed,2025-08-23 00:34:00,500,Transaction failed,2
EVT00005528,PAY0001422,PaymentCreated,NULL,Created,2024-03-10 12:40:00,100,Payment initiated,0
EVT00005529,PAY0001422,PaymentAuthorized,Created,Authorized,2024-03-10 12:42:00,200,Authorization successful,1
EVT00005530,PAY0001422,PaymentCaptured,Authorized,Captured,2024-03-10 12:44:00,201,Payment captured,2
EVT00005531,PAY0001422,PaymentSettled,Captured,Settled,2024-03-10 12:46:00,202,Settlement completed,3
EVT00005532,PAY0001423,PaymentCreated,NULL,Created,2024-08-13 21:44:00,100,Payment initiated,0
EVT00005533,PAY0001423,PaymentAuthorized,Created,Authorized,2024-08-13 21:46:00,200,Authorization successful,1
EVT00005534,PAY0001423,PaymentCaptured,Authorized,Captured,2024-08-13 21:48:00,201,Payment captured,2
EVT00005535,PAY0001423,PaymentSettled,Captured,Settled,2024-08-13 21:50:00,202,Settlement completed,3
EVT00005536,PAY0001424,PaymentCreated,NULL,Created,2024-11-19 13:22:00,100,Payment initiated,0
EVT00005537,PAY0001424,PaymentAuthorized,Created,Authorized,2024-11-19 13:24:00,200,Authorization successful,1
EVT00005538,PAY0001424,PaymentCaptured,Authorized,Captured,2024-11-19 13:26:00,201,Payment captured,2
EVT00005539,PAY0001424,PaymentSettled,Captured,Settled,2024-11-19 13:28:00,202,Settlement completed,3
EVT00005540,PAY0001425,PaymentCreated,NULL,Created,2024-01-10 22:53:00,100,Payment initiated,0
EVT00005541,PAY0001425,PaymentAuthorized,Created,Authorized,2024-01-10 22:55:00,200,Authorization successful,1
EVT00005542,PAY0001425,PaymentCaptured,Authorized,Captured,2024-01-10 22:57:00,201,Payment captured,2
EVT00005543,PAY0001425,PaymentSettled,Captured,Settled,2024-01-10 22:59:00,202,Settlement completed,3
EVT00005544,PAY0001426,PaymentCreated,NULL,Created,2024-10-21 02:25:00,100,Payment initiated,0
EVT00005545,PAY0001426,PaymentAuthorized,Created,Authorized,2024-10-21 02:27:00,200,Authorization successful,1
EVT00005546,PAY0001426,PaymentCaptured,Authorized,Captured,2024-10-21 02:29:00,201,Payment captured,2
EVT00005547,PAY0001426,PaymentSettled,Captured,Settled,2024-10-21 02:31:00,202,Settlement completed,3
EVT00005548,PAY0001427,PaymentCreated,NULL,Created,2024-12-16 02:35:00,100,Payment initiated,0
EVT00005549,PAY0001427,PaymentAuthorized,Created,Authorized,2024-12-16 02:37:00,200,Authorization successful,1
EVT00005550,PAY0001427,PaymentCaptured,Authorized,Captured,2024-12-16 02:39:00,201,Payment captured,2
EVT00005551,PAY0001427,PaymentSettled,Captured,Settled,2024-12-16 02:41:00,202,Settlement completed,3
EVT00005552,PAY0001428,PaymentCreated,NULL,Created,2025-05-02 10:22:00,100,Payment initiated,0
EVT00005553,PAY0001428,PaymentAuthorized,Created,Authorized,2025-05-02 10:24:00,200,Authorization successful,1
EVT00005554,PAY0001428,PaymentCaptured,Authorized,Captured,2025-05-02 10:26:00,201,Payment captured,2
EVT00005555,PAY0001428,PaymentSettled,Captured,Settled,2025-05-02 10:28:00,202,Settlement completed,3
EVT00005556,PAY0001429,PaymentCreated,NULL,Created,2025-08-10 08:11:00,100,Payment initiated,0
EVT00005557,PAY0001429,PaymentAuthorized,Created,Authorized,2025-08-10 08:13:00,200,Authorization successful,1
EVT00005558,PAY0001429,PaymentCaptured,Authorized,Captured,2025-08-10 08:15:00,201,Payment captured,2
EVT00005559,PAY0001429,PaymentSettled,Captured,Settled,2025-08-10 08:17:00,202,Settlement completed,3
EVT00005560,PAY0001430,PaymentCreated,NULL,Created,2025-11-30 06:31:00,100,Payment initiated,0
EVT00005561,PAY0001430,PaymentAuthorized,Created,Authorized,2025-11-30 06:33:00,200,Authorization successful,1
EVT00005562,PAY0001430,PaymentCaptured,Authorized,Captured,2025-11-30 06:35:00,201,Payment captured,2
EVT00005563,PAY0001430,PaymentSettled,Captured,Settled,2025-11-30 06:37:00,202,Settlement completed,3
EVT00005564,PAY0001431,PaymentCreated,NULL,Created,2024-08-28 23:15:00,100,Payment initiated,0
EVT00005565,PAY0001431,PaymentAuthorized,Created,Authorized,2024-08-28 23:17:00,200,Authorization successful,1
EVT00005566,PAY0001431,PaymentCaptured,Authorized,Captured,2024-08-28 23:19:00,201,Payment captured,2
EVT00005567,PAY0001431,PaymentSettled,Captured,Settled,2024-08-28 23:21:00,202,Settlement completed,3
EVT00005568,PAY0001432,PaymentCreated,NULL,Created,2024-07-30 07:12:00,100,Payment initiated,0
EVT00005569,PAY0001432,PaymentAuthorized,Created,Authorized,2024-07-30 07:14:00,200,Authorization successful,1
EVT00005570,PAY0001432,PaymentCaptured,Authorized,Captured,2024-07-30 07:16:00,201,Payment captured,2
EVT00005571,PAY0001432,PaymentSettled,Captured,Settled,2024-07-30 07:18:00,202,Settlement completed,3
EVT00005572,PAY0001433,PaymentCreated,NULL,Created,2025-09-25 11:09:00,100,Payment initiated,0
EVT00005573,PAY0001433,PaymentAuthorized,Created,Authorized,2025-09-25 11:11:00,200,Authorization successful,1
EVT00005574,PAY0001433,PaymentCaptured,Authorized,Captured,2025-09-25 11:13:00,201,Payment captured,2
EVT00005575,PAY0001433,PaymentSettled,Captured,Settled,2025-09-25 11:15:00,202,Settlement completed,3
EVT00005576,PAY0001434,PaymentCreated,NULL,Created,2024-05-02 02:43:00,100,Payment initiated,0
EVT00005577,PAY0001434,PaymentAuthorized,Created,Authorized,2024-05-02 02:45:00,200,Authorization successful,1
EVT00005578,PAY0001434,PaymentCaptured,Authorized,Captured,2024-05-02 02:47:00,201,Payment captured,2
EVT00005579,PAY0001434,PaymentSettled,Captured,Settled,2024-05-02 02:49:00,202,Settlement completed,3
EVT00005580,PAY0001435,PaymentCreated,NULL,Created,2025-05-19 19:00:00,100,Payment initiated,0
EVT00005581,PAY0001435,PaymentAuthorized,Created,Authorized,2025-05-19 19:02:00,200,Authorization successful,1
EVT00005582,PAY0001435,PaymentCaptured,Authorized,Captured,2025-05-19 19:04:00,201,Payment captured,2
EVT00005583,PAY0001435,PaymentSettled,Captured,Settled,2025-05-19 19:06:00,202,Settlement completed,3
EVT00005584,PAY0001436,PaymentCreated,NULL,Created,2025-07-08 01:54:00,100,Payment initiated,0
EVT00005585,PAY0001436,PaymentAuthorized,Created,Authorized,2025-07-08 01:56:00,200,Authorization successful,1
EVT00005586,PAY0001436,PaymentCaptured,Authorized,Captured,2025-07-08 01:58:00,201,Payment captured,2
EVT00005587,PAY0001436,PaymentSettled,Captured,Settled,2025-07-08 02:00:00,202,Settlement completed,3
EVT00005588,PAY0001437,PaymentCreated,NULL,Created,2025-09-27 10:31:00,100,Payment initiated,0
EVT00005589,PAY0001437,PaymentAuthorized,Created,Authorized,2025-09-27 10:33:00,200,Authorization successful,1
EVT00005590,PAY0001437,PaymentCaptured,Authorized,Captured,2025-09-27 10:35:00,201,Payment captured,2
EVT00005591,PAY0001437,PaymentSettled,Captured,Settled,2025-09-27 10:37:00,202,Settlement completed,3
EVT00005592,PAY0001438,PaymentCreated,NULL,Created,2025-08-11 08:31:00,100,Payment initiated,0
EVT00005593,PAY0001438,PaymentAuthorized,Created,Authorized,2025-08-11 08:33:00,200,Authorization successful,1
EVT00005594,PAY0001438,PaymentCaptured,Authorized,Captured,2025-08-11 08:35:00,201,Payment captured,2
EVT00005595,PAY0001438,PaymentSettled,Captured,Settled,2025-08-11 08:37:00,202,Settlement completed,3
EVT00005596,PAY0001439,PaymentCreated,NULL,Created,2025-06-07 08:25:00,100,Payment initiated,0
EVT00005597,PAY0001439,PaymentAuthorized,Created,Authorized,2025-06-07 08:27:00,200,Authorization successful,1
EVT00005598,PAY0001439,PaymentCaptured,Authorized,Captured,2025-06-07 08:29:00,201,Payment captured,2
EVT00005599,PAY0001439,PaymentSettled,Captured,Settled,2025-06-07 08:31:00,202,Settlement completed,3
EVT00005600,PAY0001440,PaymentCreated,NULL,Created,2025-08-13 04:03:00,100,Payment initiated,0
EVT00005601,PAY0001440,PaymentAuthorized,Created,Authorized,2025-08-13 04:05:00,200,Authorization successful,1
EVT00005602,PAY0001440,PaymentCaptured,Authorized,Captured,2025-08-13 04:07:00,201,Payment captured,2
EVT00005603,PAY0001440,PaymentSettled,Captured,Settled,2025-08-13 04:09:00,202,Settlement completed,3
EVT00005604,PAY0001441,PaymentCreated,NULL,Created,2025-03-09 15:34:00,100,Payment initiated,0
EVT00005605,PAY0001441,PaymentAuthorized,Created,Authorized,2025-03-09 15:36:00,200,Authorization successful,1
EVT00005606,PAY0001441,PaymentFailed,Authorized,Failed,2025-03-09 15:38:00,500,Transaction failed,2
EVT00005607,PAY0001442,PaymentCreated,NULL,Created,2024-12-21 12:55:00,100,Payment initiated,0
EVT00005608,PAY0001442,PaymentAuthorized,Created,Authorized,2024-12-21 12:57:00,200,Authorization successful,1
EVT00005609,PAY0001442,PaymentCaptured,Authorized,Captured,2024-12-21 12:59:00,201,Payment captured,2
EVT00005610,PAY0001442,PaymentSettled,Captured,Settled,2024-12-21 13:01:00,202,Settlement completed,3
EVT00005611,PAY0001443,PaymentCreated,NULL,Created,2024-06-27 14:07:00,100,Payment initiated,0
EVT00005612,PAY0001443,PaymentAuthorized,Created,Authorized,2024-06-27 14:09:00,200,Authorization successful,1
EVT00005613,PAY0001443,PaymentCaptured,Authorized,Captured,2024-06-27 14:11:00,201,Payment captured,2
EVT00005614,PAY0001443,PaymentSettled,Captured,Settled,2024-06-27 14:13:00,202,Settlement completed,3
EVT00005615,PAY0001444,PaymentCreated,NULL,Created,2025-04-16 10:44:00,100,Payment initiated,0
EVT00005616,PAY0001444,PaymentAuthorized,Created,Authorized,2025-04-16 10:46:00,200,Authorization successful,1
EVT00005617,PAY0001444,PaymentFailed,Authorized,Failed,2025-04-16 10:48:00,500,Transaction failed,2
EVT00005618,PAY0001445,PaymentCreated,NULL,Created,2025-11-21 06:24:00,100,Payment initiated,0
EVT00005619,PAY0001445,PaymentAuthorized,Created,Authorized,2025-11-21 06:26:00,200,Authorization successful,1
EVT00005620,PAY0001445,PaymentCaptured,Authorized,Captured,2025-11-21 06:28:00,201,Payment captured,2
EVT00005621,PAY0001445,PaymentSettled,Captured,Settled,2025-11-21 06:30:00,202,Settlement completed,3
EVT00005622,PAY0001446,PaymentCreated,NULL,Created,2024-11-29 11:39:00,100,Payment initiated,0
EVT00005623,PAY0001446,PaymentAuthorized,Created,Authorized,2024-11-29 11:41:00,200,Authorization successful,1
EVT00005624,PAY0001446,PaymentCaptured,Authorized,Captured,2024-11-29 11:43:00,201,Payment captured,2
EVT00005625,PAY0001446,PaymentSettled,Captured,Settled,2024-11-29 11:45:00,202,Settlement completed,3
EVT00005626,PAY0001447,PaymentCreated,NULL,Created,2024-07-10 17:16:00,100,Payment initiated,0
EVT00005627,PAY0001447,PaymentAuthorized,Created,Authorized,2024-07-10 17:18:00,200,Authorization successful,1
EVT00005628,PAY0001447,PaymentCaptured,Authorized,Captured,2024-07-10 17:20:00,201,Payment captured,2
EVT00005629,PAY0001447,PaymentSettled,Captured,Settled,2024-07-10 17:22:00,202,Settlement completed,3
EVT00005630,PAY0001448,PaymentCreated,NULL,Created,2025-04-27 19:21:00,100,Payment initiated,0
EVT00005631,PAY0001448,PaymentAuthorized,Created,Authorized,2025-04-27 19:23:00,200,Authorization successful,1
EVT00005632,PAY0001448,PaymentCaptured,Authorized,Captured,2025-04-27 19:25:00,201,Payment captured,2
EVT00005633,PAY0001448,PaymentSettled,Captured,Settled,2025-04-27 19:27:00,202,Settlement completed,3
EVT00005634,PAY0001449,PaymentCreated,NULL,Created,2025-05-25 13:13:00,100,Payment initiated,0
EVT00005635,PAY0001449,PaymentAuthorized,Created,Authorized,2025-05-25 13:15:00,200,Authorization successful,1
EVT00005636,PAY0001449,PaymentCaptured,Authorized,Captured,2025-05-25 13:17:00,201,Payment captured,2
EVT00005637,PAY0001449,PaymentSettled,Captured,Settled,2025-05-25 13:19:00,202,Settlement completed,3
EVT00005638,PAY0001450,PaymentCreated,NULL,Created,2025-01-16 11:54:00,100,Payment initiated,0
EVT00005639,PAY0001450,PaymentAuthorized,Created,Authorized,2025-01-16 11:56:00,200,Authorization successful,1
EVT00005640,PAY0001450,PaymentCaptured,Authorized,Captured,2025-01-16 11:58:00,201,Payment captured,2
EVT00005641,PAY0001450,PaymentSettled,Captured,Settled,2025-01-16 12:00:00,202,Settlement completed,3
EVT00005642,PAY0001451,PaymentCreated,NULL,Created,2025-04-06 05:36:00,100,Payment initiated,0
EVT00005643,PAY0001451,PaymentAuthorized,Created,Authorized,2025-04-06 05:38:00,200,Authorization successful,1
EVT00005644,PAY0001451,PaymentCaptured,Authorized,Captured,2025-04-06 05:40:00,201,Payment captured,2
EVT00005645,PAY0001451,PaymentSettled,Captured,Settled,2025-04-06 05:42:00,202,Settlement completed,3
EVT00005646,PAY0001452,PaymentCreated,NULL,Created,2025-08-12 21:14:00,100,Payment initiated,0
EVT00005647,PAY0001452,PaymentAuthorized,Created,Authorized,2025-08-12 21:16:00,200,Authorization successful,1
EVT00005648,PAY0001452,PaymentCaptured,Authorized,Captured,2025-08-12 21:18:00,201,Payment captured,2
EVT00005649,PAY0001452,PaymentSettled,Captured,Settled,2025-08-12 21:20:00,202,Settlement completed,3
EVT00005650,PAY0001453,PaymentCreated,NULL,Created,2024-10-03 07:35:00,100,Payment initiated,0
EVT00005651,PAY0001453,PaymentAuthorized,Created,Authorized,2024-10-03 07:37:00,200,Authorization successful,1
EVT00005652,PAY0001453,PaymentCaptured,Authorized,Captured,2024-10-03 07:39:00,201,Payment captured,2
EVT00005653,PAY0001453,PaymentSettled,Captured,Settled,2024-10-03 07:41:00,202,Settlement completed,3
EVT00005654,PAY0001454,PaymentCreated,NULL,Created,2025-01-25 06:09:00,100,Payment initiated,0
EVT00005655,PAY0001454,PaymentAuthorized,Created,Authorized,2025-01-25 06:11:00,200,Authorization successful,1
EVT00005656,PAY0001454,PaymentCaptured,Authorized,Captured,2025-01-25 06:13:00,201,Payment captured,2
EVT00005657,PAY0001454,PaymentSettled,Captured,Settled,2025-01-25 06:15:00,202,Settlement completed,3
EVT00005658,PAY0001455,PaymentCreated,NULL,Created,2024-06-02 15:51:00,100,Payment initiated,0
EVT00005659,PAY0001455,PaymentAuthorized,Created,Authorized,2024-06-02 15:53:00,200,Authorization successful,1
EVT00005660,PAY0001455,PaymentFailed,Authorized,Failed,2024-06-02 15:55:00,500,Transaction failed,2
EVT00005661,PAY0001456,PaymentCreated,NULL,Created,2025-03-07 15:08:00,100,Payment initiated,0
EVT00005662,PAY0001456,PaymentAuthorized,Created,Authorized,2025-03-07 15:10:00,200,Authorization successful,1
EVT00005663,PAY0001456,PaymentCaptured,Authorized,Captured,2025-03-07 15:12:00,201,Payment captured,2
EVT00005664,PAY0001456,PaymentSettled,Captured,Settled,2025-03-07 15:14:00,202,Settlement completed,3
EVT00005665,PAY0001457,PaymentCreated,NULL,Created,2025-10-07 16:34:00,100,Payment initiated,0
EVT00005666,PAY0001457,PaymentAuthorized,Created,Authorized,2025-10-07 16:36:00,200,Authorization successful,1
EVT00005667,PAY0001457,PaymentCaptured,Authorized,Captured,2025-10-07 16:38:00,201,Payment captured,2
EVT00005668,PAY0001457,PaymentSettled,Captured,Settled,2025-10-07 16:40:00,202,Settlement completed,3
EVT00005669,PAY0001458,PaymentCreated,NULL,Created,2025-05-13 09:16:00,100,Payment initiated,0
EVT00005670,PAY0001458,PaymentAuthorized,Created,Authorized,2025-05-13 09:18:00,200,Authorization successful,1
EVT00005671,PAY0001458,PaymentCaptured,Authorized,Captured,2025-05-13 09:20:00,201,Payment captured,2
EVT00005672,PAY0001458,PaymentSettled,Captured,Settled,2025-05-13 09:22:00,202,Settlement completed,3
EVT00005673,PAY0001459,PaymentCreated,NULL,Created,2025-08-04 01:25:00,100,Payment initiated,0
EVT00005674,PAY0001459,PaymentAuthorized,Created,Authorized,2025-08-04 01:27:00,200,Authorization successful,1
EVT00005675,PAY0001459,PaymentFailed,Authorized,Failed,2025-08-04 01:29:00,500,Transaction failed,2
EVT00005676,PAY0001460,PaymentCreated,NULL,Created,2024-06-16 01:13:00,100,Payment initiated,0
EVT00005677,PAY0001460,PaymentAuthorized,Created,Authorized,2024-06-16 01:15:00,200,Authorization successful,1
EVT00005678,PAY0001460,PaymentCaptured,Authorized,Captured,2024-06-16 01:17:00,201,Payment captured,2
EVT00005679,PAY0001460,PaymentSettled,Captured,Settled,2024-06-16 01:19:00,202,Settlement completed,3
EVT00005680,PAY0001461,PaymentCreated,NULL,Created,2025-05-02 20:06:00,100,Payment initiated,0
EVT00005681,PAY0001461,PaymentAuthorized,Created,Authorized,2025-05-02 20:08:00,200,Authorization successful,1
EVT00005682,PAY0001461,PaymentCaptured,Authorized,Captured,2025-05-02 20:10:00,201,Payment captured,2
EVT00005683,PAY0001461,PaymentSettled,Captured,Settled,2025-05-02 20:12:00,202,Settlement completed,3
EVT00005684,PAY0001462,PaymentCreated,NULL,Created,2024-12-08 08:23:00,100,Payment initiated,0
EVT00005685,PAY0001462,PaymentAuthorized,Created,Authorized,2024-12-08 08:25:00,200,Authorization successful,1
EVT00005686,PAY0001462,PaymentCaptured,Authorized,Captured,2024-12-08 08:27:00,201,Payment captured,2
EVT00005687,PAY0001462,PaymentSettled,Captured,Settled,2024-12-08 08:29:00,202,Settlement completed,3
EVT00005688,PAY0001463,PaymentCreated,NULL,Created,2025-07-24 08:22:00,100,Payment initiated,0
EVT00005689,PAY0001463,PaymentAuthorized,Created,Authorized,2025-07-24 08:24:00,200,Authorization successful,1
EVT00005690,PAY0001463,PaymentFailed,Authorized,Failed,2025-07-24 08:26:00,500,Transaction failed,2
EVT00005691,PAY0001464,PaymentCreated,NULL,Created,2024-05-04 11:55:00,100,Payment initiated,0
EVT00005692,PAY0001464,PaymentAuthorized,Created,Authorized,2024-05-04 11:57:00,200,Authorization successful,1
EVT00005693,PAY0001464,PaymentCaptured,Authorized,Captured,2024-05-04 11:59:00,201,Payment captured,2
EVT00005694,PAY0001464,PaymentSettled,Captured,Settled,2024-05-04 12:01:00,202,Settlement completed,3
EVT00005695,PAY0001465,PaymentCreated,NULL,Created,2025-09-12 06:36:00,100,Payment initiated,0
EVT00005696,PAY0001465,PaymentAuthorized,Created,Authorized,2025-09-12 06:38:00,200,Authorization successful,1
EVT00005697,PAY0001465,PaymentCaptured,Authorized,Captured,2025-09-12 06:40:00,201,Payment captured,2
EVT00005698,PAY0001465,PaymentSettled,Captured,Settled,2025-09-12 06:42:00,202,Settlement completed,3
EVT00005699,PAY0001466,PaymentCreated,NULL,Created,2025-10-26 17:11:00,100,Payment initiated,0
EVT00005700,PAY0001466,PaymentAuthorized,Created,Authorized,2025-10-26 17:13:00,200,Authorization successful,1
EVT00005701,PAY0001466,PaymentCaptured,Authorized,Captured,2025-10-26 17:15:00,201,Payment captured,2
EVT00005702,PAY0001466,PaymentSettled,Captured,Settled,2025-10-26 17:17:00,202,Settlement completed,3
EVT00005703,PAY0001467,PaymentCreated,NULL,Created,2024-10-18 11:20:00,100,Payment initiated,0
EVT00005704,PAY0001467,PaymentAuthorized,Created,Authorized,2024-10-18 11:22:00,200,Authorization successful,1
EVT00005705,PAY0001467,PaymentCaptured,Authorized,Captured,2024-10-18 11:24:00,201,Payment captured,2
EVT00005706,PAY0001467,PaymentSettled,Captured,Settled,2024-10-18 11:26:00,202,Settlement completed,3
EVT00005707,PAY0001468,PaymentCreated,NULL,Created,2025-05-14 23:28:00,100,Payment initiated,0
EVT00005708,PAY0001468,PaymentAuthorized,Created,Authorized,2025-05-14 23:30:00,200,Authorization successful,1
EVT00005709,PAY0001468,PaymentCaptured,Authorized,Captured,2025-05-14 23:32:00,201,Payment captured,2
EVT00005710,PAY0001468,PaymentSettled,Captured,Settled,2025-05-14 23:34:00,202,Settlement completed,3
EVT00005711,PAY0001469,PaymentCreated,NULL,Created,2025-01-25 19:18:00,100,Payment initiated,0
EVT00005712,PAY0001469,PaymentAuthorized,Created,Authorized,2025-01-25 19:20:00,200,Authorization successful,1
EVT00005713,PAY0001469,PaymentCaptured,Authorized,Captured,2025-01-25 19:22:00,201,Payment captured,2
EVT00005714,PAY0001469,PaymentSettled,Captured,Settled,2025-01-25 19:24:00,202,Settlement completed,3
EVT00005715,PAY0001470,PaymentCreated,NULL,Created,2024-05-28 05:40:00,100,Payment initiated,0
EVT00005716,PAY0001470,PaymentAuthorized,Created,Authorized,2024-05-28 05:42:00,200,Authorization successful,1
EVT00005717,PAY0001470,PaymentCaptured,Authorized,Captured,2024-05-28 05:44:00,201,Payment captured,2
EVT00005718,PAY0001470,PaymentSettled,Captured,Settled,2024-05-28 05:46:00,202,Settlement completed,3
EVT00005719,PAY0001471,PaymentCreated,NULL,Created,2024-12-11 13:40:00,100,Payment initiated,0
EVT00005720,PAY0001471,PaymentAuthorized,Created,Authorized,2024-12-11 13:42:00,200,Authorization successful,1
EVT00005721,PAY0001471,PaymentCaptured,Authorized,Captured,2024-12-11 13:44:00,201,Payment captured,2
EVT00005722,PAY0001471,PaymentSettled,Captured,Settled,2024-12-11 13:46:00,202,Settlement completed,3
EVT00005723,PAY0001472,PaymentCreated,NULL,Created,2025-02-18 02:05:00,100,Payment initiated,0
EVT00005724,PAY0001472,PaymentAuthorized,Created,Authorized,2025-02-18 02:07:00,200,Authorization successful,1
EVT00005725,PAY0001472,PaymentCaptured,Authorized,Captured,2025-02-18 02:09:00,201,Payment captured,2
EVT00005726,PAY0001472,PaymentSettled,Captured,Settled,2025-02-18 02:11:00,202,Settlement completed,3
EVT00005727,PAY0001473,PaymentCreated,NULL,Created,2024-08-21 10:20:00,100,Payment initiated,0
EVT00005728,PAY0001473,PaymentAuthorized,Created,Authorized,2024-08-21 10:22:00,200,Authorization successful,1
EVT00005729,PAY0001473,PaymentCaptured,Authorized,Captured,2024-08-21 10:24:00,201,Payment captured,2
EVT00005730,PAY0001473,PaymentSettled,Captured,Settled,2024-08-21 10:26:00,202,Settlement completed,3
EVT00005731,PAY0001474,PaymentCreated,NULL,Created,2024-09-30 19:41:00,100,Payment initiated,0
EVT00005732,PAY0001474,PaymentAuthorized,Created,Authorized,2024-09-30 19:43:00,200,Authorization successful,1
EVT00005733,PAY0001474,PaymentCaptured,Authorized,Captured,2024-09-30 19:45:00,201,Payment captured,2
EVT00005734,PAY0001474,PaymentSettled,Captured,Settled,2024-09-30 19:47:00,202,Settlement completed,3
EVT00005735,PAY0001475,PaymentCreated,NULL,Created,2025-03-31 11:47:00,100,Payment initiated,0
EVT00005736,PAY0001475,PaymentAuthorized,Created,Authorized,2025-03-31 11:49:00,200,Authorization successful,1
EVT00005737,PAY0001475,PaymentCaptured,Authorized,Captured,2025-03-31 11:51:00,201,Payment captured,2
EVT00005738,PAY0001475,PaymentSettled,Captured,Settled,2025-03-31 11:53:00,202,Settlement completed,3
EVT00005739,PAY0001476,PaymentCreated,NULL,Created,2025-04-06 13:10:00,100,Payment initiated,0
EVT00005740,PAY0001476,PaymentAuthorized,Created,Authorized,2025-04-06 13:12:00,200,Authorization successful,1
EVT00005741,PAY0001476,PaymentCaptured,Authorized,Captured,2025-04-06 13:14:00,201,Payment captured,2
EVT00005742,PAY0001476,PaymentSettled,Captured,Settled,2025-04-06 13:16:00,202,Settlement completed,3
EVT00005743,PAY0001477,PaymentCreated,NULL,Created,2024-01-24 04:46:00,100,Payment initiated,0
EVT00005744,PAY0001477,PaymentAuthorized,Created,Authorized,2024-01-24 04:48:00,200,Authorization successful,1
EVT00005745,PAY0001477,PaymentCaptured,Authorized,Captured,2024-01-24 04:50:00,201,Payment captured,2
EVT00005746,PAY0001477,PaymentSettled,Captured,Settled,2024-01-24 04:52:00,202,Settlement completed,3
EVT00005747,PAY0001478,PaymentCreated,NULL,Created,2024-09-14 23:44:00,100,Payment initiated,0
EVT00005748,PAY0001478,PaymentAuthorized,Created,Authorized,2024-09-14 23:46:00,200,Authorization successful,1
EVT00005749,PAY0001478,PaymentCaptured,Authorized,Captured,2024-09-14 23:48:00,201,Payment captured,2
EVT00005750,PAY0001478,PaymentSettled,Captured,Settled,2024-09-14 23:50:00,202,Settlement completed,3
EVT00005751,PAY0001479,PaymentCreated,NULL,Created,2024-08-03 05:25:00,100,Payment initiated,0
EVT00005752,PAY0001479,PaymentAuthorized,Created,Authorized,2024-08-03 05:27:00,200,Authorization successful,1
EVT00005753,PAY0001479,PaymentFailed,Authorized,Failed,2024-08-03 05:29:00,500,Transaction failed,2
EVT00005754,PAY0001480,PaymentCreated,NULL,Created,2024-03-06 15:35:00,100,Payment initiated,0
EVT00005755,PAY0001480,PaymentAuthorized,Created,Authorized,2024-03-06 15:37:00,200,Authorization successful,1
EVT00005756,PAY0001480,PaymentFailed,Authorized,Failed,2024-03-06 15:39:00,500,Transaction failed,2
EVT00005757,PAY0001481,PaymentCreated,NULL,Created,2025-02-10 16:48:00,100,Payment initiated,0
EVT00005758,PAY0001481,PaymentAuthorized,Created,Authorized,2025-02-10 16:50:00,200,Authorization successful,1
EVT00005759,PAY0001481,PaymentCaptured,Authorized,Captured,2025-02-10 16:52:00,201,Payment captured,2
EVT00005760,PAY0001481,PaymentSettled,Captured,Settled,2025-02-10 16:54:00,202,Settlement completed,3
EVT00005761,PAY0001482,PaymentCreated,NULL,Created,2024-04-16 08:39:00,100,Payment initiated,0
EVT00005762,PAY0001482,PaymentAuthorized,Created,Authorized,2024-04-16 08:41:00,200,Authorization successful,1
EVT00005763,PAY0001482,PaymentCaptured,Authorized,Captured,2024-04-16 08:43:00,201,Payment captured,2
EVT00005764,PAY0001482,PaymentSettled,Captured,Settled,2024-04-16 08:45:00,202,Settlement completed,3
EVT00005765,PAY0001483,PaymentCreated,NULL,Created,2025-11-01 12:19:00,100,Payment initiated,0
EVT00005766,PAY0001483,PaymentAuthorized,Created,Authorized,2025-11-01 12:21:00,200,Authorization successful,1
EVT00005767,PAY0001483,PaymentCaptured,Authorized,Captured,2025-11-01 12:23:00,201,Payment captured,2
EVT00005768,PAY0001483,PaymentSettled,Captured,Settled,2025-11-01 12:25:00,202,Settlement completed,3
EVT00005769,PAY0001484,PaymentCreated,NULL,Created,2024-10-17 14:40:00,100,Payment initiated,0
EVT00005770,PAY0001484,PaymentAuthorized,Created,Authorized,2024-10-17 14:42:00,200,Authorization successful,1
EVT00005771,PAY0001484,PaymentCaptured,Authorized,Captured,2024-10-17 14:44:00,201,Payment captured,2
EVT00005772,PAY0001484,PaymentSettled,Captured,Settled,2024-10-17 14:46:00,202,Settlement completed,3
EVT00005773,PAY0001485,PaymentCreated,NULL,Created,2025-06-23 05:01:00,100,Payment initiated,0
EVT00005774,PAY0001485,PaymentAuthorized,Created,Authorized,2025-06-23 05:03:00,200,Authorization successful,1
EVT00005775,PAY0001485,PaymentFailed,Authorized,Failed,2025-06-23 05:05:00,500,Transaction failed,2
EVT00005776,PAY0001486,PaymentCreated,NULL,Created,2024-12-31 10:55:00,100,Payment initiated,0
EVT00005777,PAY0001486,PaymentAuthorized,Created,Authorized,2024-12-31 10:57:00,200,Authorization successful,1
EVT00005778,PAY0001486,PaymentCaptured,Authorized,Captured,2024-12-31 10:59:00,201,Payment captured,2
EVT00005779,PAY0001486,PaymentSettled,Captured,Settled,2024-12-31 11:01:00,202,Settlement completed,3
EVT00005780,PAY0001487,PaymentCreated,NULL,Created,2025-07-07 08:35:00,100,Payment initiated,0
EVT00005781,PAY0001487,PaymentAuthorized,Created,Authorized,2025-07-07 08:37:00,200,Authorization successful,1
EVT00005782,PAY0001487,PaymentCaptured,Authorized,Captured,2025-07-07 08:39:00,201,Payment captured,2
EVT00005783,PAY0001487,PaymentSettled,Captured,Settled,2025-07-07 08:41:00,202,Settlement completed,3
EVT00005784,PAY0001488,PaymentCreated,NULL,Created,2025-07-06 05:37:00,100,Payment initiated,0
EVT00005785,PAY0001488,PaymentAuthorized,Created,Authorized,2025-07-06 05:39:00,200,Authorization successful,1
EVT00005786,PAY0001488,PaymentCaptured,Authorized,Captured,2025-07-06 05:41:00,201,Payment captured,2
EVT00005787,PAY0001488,PaymentSettled,Captured,Settled,2025-07-06 05:43:00,202,Settlement completed,3
EVT00005788,PAY0001489,PaymentCreated,NULL,Created,2025-10-08 23:40:00,100,Payment initiated,0
EVT00005789,PAY0001489,PaymentAuthorized,Created,Authorized,2025-10-08 23:42:00,200,Authorization successful,1
EVT00005790,PAY0001489,PaymentCaptured,Authorized,Captured,2025-10-08 23:44:00,201,Payment captured,2
EVT00005791,PAY0001489,PaymentSettled,Captured,Settled,2025-10-08 23:46:00,202,Settlement completed,3
EVT00005792,PAY0001490,PaymentCreated,NULL,Created,2025-03-21 16:40:00,100,Payment initiated,0
EVT00005793,PAY0001490,PaymentAuthorized,Created,Authorized,2025-03-21 16:42:00,200,Authorization successful,1
EVT00005794,PAY0001490,PaymentCaptured,Authorized,Captured,2025-03-21 16:44:00,201,Payment captured,2
EVT00005795,PAY0001490,PaymentSettled,Captured,Settled,2025-03-21 16:46:00,202,Settlement completed,3
EVT00005796,PAY0001491,PaymentCreated,NULL,Created,2024-11-13 11:30:00,100,Payment initiated,0
EVT00005797,PAY0001491,PaymentAuthorized,Created,Authorized,2024-11-13 11:32:00,200,Authorization successful,1
EVT00005798,PAY0001491,PaymentCaptured,Authorized,Captured,2024-11-13 11:34:00,201,Payment captured,2
EVT00005799,PAY0001491,PaymentSettled,Captured,Settled,2024-11-13 11:36:00,202,Settlement completed,3
EVT00005800,PAY0001492,PaymentCreated,NULL,Created,2024-04-01 14:19:00,100,Payment initiated,0
EVT00005801,PAY0001492,PaymentAuthorized,Created,Authorized,2024-04-01 14:21:00,200,Authorization successful,1
EVT00005802,PAY0001492,PaymentCaptured,Authorized,Captured,2024-04-01 14:23:00,201,Payment captured,2
EVT00005803,PAY0001492,PaymentSettled,Captured,Settled,2024-04-01 14:25:00,202,Settlement completed,3
EVT00005804,PAY0001493,PaymentCreated,NULL,Created,2024-09-23 04:19:00,100,Payment initiated,0
EVT00005805,PAY0001493,PaymentAuthorized,Created,Authorized,2024-09-23 04:21:00,200,Authorization successful,1
EVT00005806,PAY0001493,PaymentFailed,Authorized,Failed,2024-09-23 04:23:00,500,Transaction failed,2
EVT00005807,PAY0001494,PaymentCreated,NULL,Created,2025-06-19 04:22:00,100,Payment initiated,0
EVT00005808,PAY0001494,PaymentAuthorized,Created,Authorized,2025-06-19 04:24:00,200,Authorization successful,1
EVT00005809,PAY0001494,PaymentCaptured,Authorized,Captured,2025-06-19 04:26:00,201,Payment captured,2
EVT00005810,PAY0001494,PaymentSettled,Captured,Settled,2025-06-19 04:28:00,202,Settlement completed,3
EVT00005811,PAY0001495,PaymentCreated,NULL,Created,2025-07-01 00:44:00,100,Payment initiated,0
EVT00005812,PAY0001495,PaymentAuthorized,Created,Authorized,2025-07-01 00:46:00,200,Authorization successful,1
EVT00005813,PAY0001495,PaymentCaptured,Authorized,Captured,2025-07-01 00:48:00,201,Payment captured,2
EVT00005814,PAY0001495,PaymentSettled,Captured,Settled,2025-07-01 00:50:00,202,Settlement completed,3
EVT00005815,PAY0001496,PaymentCreated,NULL,Created,2025-05-03 09:00:00,100,Payment initiated,0
EVT00005816,PAY0001496,PaymentAuthorized,Created,Authorized,2025-05-03 09:02:00,200,Authorization successful,1
EVT00005817,PAY0001496,PaymentCaptured,Authorized,Captured,2025-05-03 09:04:00,201,Payment captured,2
EVT00005818,PAY0001496,PaymentSettled,Captured,Settled,2025-05-03 09:06:00,202,Settlement completed,3
EVT00005819,PAY0001497,PaymentCreated,NULL,Created,2024-10-26 19:14:00,100,Payment initiated,0
EVT00005820,PAY0001497,PaymentAuthorized,Created,Authorized,2024-10-26 19:16:00,200,Authorization successful,1
EVT00005821,PAY0001497,PaymentCaptured,Authorized,Captured,2024-10-26 19:18:00,201,Payment captured,2
EVT00005822,PAY0001497,PaymentSettled,Captured,Settled,2024-10-26 19:20:00,202,Settlement completed,3
EVT00005823,PAY0001498,PaymentCreated,NULL,Created,2025-07-15 11:12:00,100,Payment initiated,0
EVT00005824,PAY0001498,PaymentAuthorized,Created,Authorized,2025-07-15 11:14:00,200,Authorization successful,1
EVT00005825,PAY0001498,PaymentCaptured,Authorized,Captured,2025-07-15 11:16:00,201,Payment captured,2
EVT00005826,PAY0001498,PaymentSettled,Captured,Settled,2025-07-15 11:18:00,202,Settlement completed,3
EVT00005827,PAY0001499,PaymentCreated,NULL,Created,2025-07-28 13:25:00,100,Payment initiated,0
EVT00005828,PAY0001499,PaymentAuthorized,Created,Authorized,2025-07-28 13:27:00,200,Authorization successful,1
EVT00005829,PAY0001499,PaymentCaptured,Authorized,Captured,2025-07-28 13:29:00,201,Payment captured,2
EVT00005830,PAY0001499,PaymentSettled,Captured,Settled,2025-07-28 13:31:00,202,Settlement completed,3
EVT00005831,PAY0001500,PaymentCreated,NULL,Created,2025-10-23 12:53:00,100,Payment initiated,0
EVT00005832,PAY0001500,PaymentAuthorized,Created,Authorized,2025-10-23 12:55:00,200,Authorization successful,1
EVT00005833,PAY0001500,PaymentCaptured,Authorized,Captured,2025-10-23 12:57:00,201,Payment captured,2
EVT00005834,PAY0001500,PaymentSettled,Captured,Settled,2025-10-23 12:59:00,202,Settlement completed,3
