payment_id,merchant_id,customer_id,invoice_id,gateway_id,payment_method_id,amount,currency,payment_status,payment_reference,initiated_at,completed_at,processing_time_ms
PAY0000001,MER000070,CUS000023,INV0000026,GTW019,PM014,4265,INR,Captured,TXN100000000,2024-10-08 07:14:00,2024-10-08 07:16:00,394
PAY0000002,MER000070,CUS000108,INV0000239,GTW008,PM015,77336,INR,Captured,TXN100000001,2025-06-01 19:01:00,2025-06-01 19:13:00,2428
PAY0000003,MER000028,CUS000246,INV0000007,GTW011,PM004,12256,INR,Captured,TXN100000002,2024-06-12 22:27:00,2024-06-12 22:30:00,3262
PAY0000004,MER000059,CUS000138,INV0000868,GTW004,PM013,10428,INR,Pending,TXN100000003,2024-12-18 19:16:00,,4672
PAY0000005,MER000006,CUS000170,INV0000644,GTW008,PM010,10558,INR,Captured,TXN100000004,2025-09-25 11:36:00,2025-09-25 11:38:00,7156
PAY0000006,MER000021,CUS000095,INV0000104,GTW012,PM007,87941,INR,Captured,TXN100000005,2025-01-24 08:29:00,2025-01-24 08:35:00,2337
PAY0000007,MER000032,CUS000042,INV0000700,GTW015,PM013,35482,INR,Captured,TXN100000006,2025-10-25 02:38:00,2025-10-25 02:47:00,7730
PAY0000008,MER000008,CUS000059,INV0000571,GTW002,PM011,52681,INR,Pending,TXN100000007,2024-08-12 21:20:00,,2343
PAY0000009,MER000051,CUS000227,INV0000936,GTW015,PM005,34818,INR,Captured,TXN100000008,2025-08-03 22:20:00,2025-08-03 22:28:00,1293
PAY0000010,MER000052,CUS000093,INV0000575,GTW008,PM005,66884,INR,Captured,TXN100000009,2025-07-05 08:47:00,2025-07-05 09:02:00,4192
PAY0000011,MER000055,CUS000153,INV0000049,GTW003,PM013,50119,INR,Captured,TXN100000010,2024-04-22 04:40:00,2024-04-22 04:51:00,5031
PAY0000012,MER000002,CUS000175,,GTW004,PM018,98519,INR,Authorized,TXN100000011,2025-06-25 08:35:00,,2335
PAY0000013,MER000034,CUS000249,INV0000349,GTW017,PM006,66642,INR,Captured,TXN100000012,2024-04-24 09:27:00,2024-04-24 09:28:00,7626
PAY0000014,MER000048,CUS000196,INV0000641,GTW006,PM018,69614,INR,Captured,TXN100000013,2024-11-01 20:32:00,2024-11-01 20:35:00,7674
PAY0000015,MER000040,CUS000062,INV0000332,GTW002,PM008,74464,INR,Authorized,TXN100000014,2025-05-15 00:07:00,,7907
PAY0000016,MER000017,CUS000169,INV0000750,GTW016,PM018,21743,INR,Captured,TXN100000015,2025-05-12 02:48:00,2025-05-12 02:51:00,2321
PAY0000017,MER000026,CUS000183,INV0000622,GTW010,PM013,88139,INR,Captured,TXN100000016,2025-03-09 06:59:00,2025-03-09 07:11:00,5473
PAY0000018,MER000044,CUS000006,INV0000922,GTW019,PM018,30261,INR,Captured,TXN100000017,2025-06-13 14:07:00,2025-06-13 14:09:00,4970
PAY0000019,MER000043,CUS000019,INV0000073,GTW017,PM008,36600,INR,Captured,TXN100000018,2025-10-08 01:14:00,2025-10-08 01:15:00,5630
PAY0000020,MER000061,CUS000063,INV0000553,GTW016,PM014,25057,INR,Authorized,TXN100000019,2024-05-15 23:59:00,,922
PAY0000021,MER000007,CUS000173,INV0000442,GTW004,PM002,52872,INR,Captured,TXN100000020,2024-12-28 13:26:00,2024-12-28 13:38:00,6115
PAY0000022,MER000018,CUS000109,INV0000883,GTW006,PM009,60737,INR,Captured,TXN100000021,2024-04-21 07:12:00,2024-04-21 07:20:00,2196
PAY0000023,MER000013,CUS000013,,GTW018,PM001,12324,INR,Authorized,TXN100000022,2024-03-18 14:51:00,,7738
PAY0000024,MER000052,CUS000232,INV0000243,GTW002,PM006,49772,INR,Captured,TXN100000023,2024-06-19 13:31:00,2024-06-19 13:45:00,167
PAY0000025,MER000063,CUS000040,,GTW007,PM010,28634,INR,Captured,TXN100000024,2024-09-28 14:18:00,2024-09-28 14:30:00,629
PAY0000026,MER000062,CUS000129,INV0000556,GTW017,PM006,7555,INR,Captured,TXN100000025,2024-03-03 23:20:00,2024-03-03 23:30:00,4310
PAY0000027,MER000052,CUS000031,INV0000191,GTW019,PM008,75980,INR,Failed,TXN100000026,2024-03-11 19:04:00,2024-03-11 19:08:00,5020
PAY0000028,MER000034,CUS000053,INV0000084,GTW011,PM008,34914,INR,Captured,TXN100000027,2025-03-05 21:37:00,2025-03-05 21:43:00,3392
PAY0000029,MER000010,CUS000003,INV0000661,GTW015,PM020,73892,INR,Authorized,TXN100000028,2024-11-03 14:20:00,,969
PAY0000030,MER000009,CUS000226,INV0000219,GTW008,PM012,37453,INR,Authorized,TXN100000029,2025-06-02 08:08:00,,1442
PAY0000031,MER000039,CUS000239,INV0000557,GTW004,PM005,34764,INR,Failed,TXN100000030,2024-11-05 19:51:00,2024-11-05 19:52:00,1095
PAY0000032,MER000044,CUS000053,,GTW009,PM017,64132,INR,Captured,TXN100000031,2025-07-20 04:17:00,2025-07-20 04:21:00,2207
PAY0000033,MER000006,CUS000001,,GTW011,PM005,83607,INR,Captured,TXN100000032,2024-02-22 02:40:00,2024-02-22 02:45:00,2295
PAY0000034,MER000010,CUS000242,INV0000453,GTW005,PM018,4822,INR,Captured,TXN100000033,2025-07-18 22:27:00,2025-07-18 22:29:00,6987
PAY0000035,MER000006,CUS000231,INV0000566,GTW012,PM007,89499,INR,Captured,TXN100000034,2024-05-31 13:08:00,2024-05-31 13:14:00,2194
PAY0000036,MER000031,CUS000222,INV0000363,GTW006,PM006,54140,INR,Failed,TXN100000035,2025-07-27 13:39:00,2025-07-27 13:54:00,353
PAY0000037,MER000032,CUS000069,INV0000947,GTW006,PM004,50240,INR,Failed,TXN100000036,2024-12-06 13:51:00,2024-12-06 14:03:00,7294
PAY0000038,MER000045,CUS000079,INV0000482,GTW008,PM008,3201,INR,Authorized,TXN100000037,2024-08-15 06:52:00,,5556
PAY0000039,MER000066,CUS000103,INV0000337,GTW018,PM011,3717,INR,Captured,TXN100000038,2024-10-12 02:49:00,2024-10-12 03:00:00,1094
PAY0000040,MER000005,CUS000028,,GTW020,PM014,45409,INR,Settled,TXN100000039,2024-09-24 05:37:00,2024-09-24 05:42:00,6118
PAY0000041,MER000025,CUS000066,INV0000447,GTW002,PM014,321,INR,Captured,TXN100000040,2025-09-12 16:07:00,2025-09-12 16:17:00,4409
PAY0000042,MER000026,CUS000094,,GTW014,PM003,87162,INR,Authorized,TXN100000041,2025-07-05 21:46:00,,7692
PAY0000043,MER000065,CUS000080,INV0000322,GTW014,PM011,52843,INR,Authorized,TXN100000042,2025-11-10 03:46:00,,5861
PAY0000044,MER000023,CUS000158,INV0000131,GTW019,PM010,53325,INR,Authorized,TXN100000043,2024-07-15 13:42:00,,4638
PAY0000045,MER000042,CUS000120,INV0000312,GTW015,PM015,88655,INR,Pending,TXN100000044,2024-10-20 06:27:00,,1900
PAY0000046,MER000043,CUS000024,INV0000813,GTW008,PM010,29544,INR,Captured,TXN100000045,2024-06-22 21:05:00,2024-06-22 21:16:00,6757
PAY0000047,MER000010,CUS000117,INV0000026,GTW014,PM019,25585,INR,Captured,TXN100000046,2024-02-17 07:30:00,2024-02-17 07:43:00,6034
PAY0000048,MER000014,CUS000200,INV0000507,GTW014,PM008,23153,INR,Failed,TXN100000047,2025-02-13 07:09:00,2025-02-13 07:10:00,6737
PAY0000049,MER000016,CUS000117,,GTW005,PM015,87600,INR,Captured,TXN100000048,2025-06-14 14:03:00,2025-06-14 14:18:00,4501
PAY0000050,MER000065,CUS000110,,GTW018,PM015,20961,INR,Authorized,TXN100000049,2025-09-01 10:48:00,,6242
PAY0000051,MER000036,CUS000197,,GTW017,PM016,82249,INR,Captured,TXN100000050,2025-04-05 08:48:00,2025-04-05 08:59:00,2109
PAY0000052,MER000070,CUS000021,INV0000080,GTW005,PM005,30411,INR,Captured,TXN100000051,2024-10-19 07:17:00,2024-10-19 07:32:00,3287
PAY0000053,MER000060,CUS000107,INV0000724,GTW002,PM007,55169,INR,Captured,TXN100000052,2024-08-07 02:26:00,2024-08-07 02:35:00,3340
PAY0000054,MER000049,CUS000123,,GTW001,PM012,39239,INR,Authorized,TXN100000053,2025-08-21 22:01:00,,6322
PAY0000055,MER000029,CUS000125,INV0000914,GTW008,PM009,57225,INR,Failed,TXN100000054,2025-03-05 17:47:00,2025-03-05 18:00:00,4128
PAY0000056,MER000060,CUS000236,INV0000345,GTW005,PM020,70108,INR,Captured,TXN100000055,2025-11-15 21:51:00,2025-11-15 21:54:00,370
PAY0000057,MER000055,CUS000035,,GTW015,PM006,6690,INR,Captured,TXN100000056,2025-08-29 18:42:00,2025-08-29 18:53:00,2281
PAY0000058,MER000049,CUS000072,INV0000217,GTW014,PM009,10835,INR,Pending,TXN100000057,2025-04-10 10:21:00,,4002
PAY0000059,MER000006,CUS000194,INV0000553,GTW001,PM008,26230,INR,Failed,TXN100000058,2024-02-23 11:14:00,2024-02-23 11:27:00,7024
PAY0000060,MER000028,CUS000120,INV0000157,GTW009,PM012,22092,INR,Failed,TXN100000059,2024-09-01 04:30:00,2024-09-01 04:40:00,5113
PAY0000061,MER000040,CUS000148,INV0000766,GTW013,PM013,93818,INR,Captured,TXN100000060,2024-04-27 05:19:00,2024-04-27 05:20:00,1774
PAY0000062,MER000016,CUS000204,INV0000708,GTW019,PM002,45608,INR,Failed,TXN100000061,2025-10-04 07:06:00,2025-10-04 07:11:00,4514
PAY0000063,MER000054,CUS000211,INV0000380,GTW016,PM004,56922,INR,Captured,TXN100000062,2024-03-11 16:41:00,2024-03-11 16:55:00,3117
PAY0000064,MER000067,CUS000248,INV0000849,GTW009,PM020,70639,INR,Captured,TXN100000063,2025-04-15 22:09:00,2025-04-15 22:21:00,6495
PAY0000065,MER000012,CUS000072,INV0000447,GTW015,PM008,98466,INR,Authorized,TXN100000064,2025-08-29 08:20:00,,3956
PAY0000066,MER000024,CUS000125,INV0000685,GTW007,PM012,33962,INR,Captured,TXN100000065,2025-01-23 10:01:00,2025-01-23 10:07:00,2938
PAY0000067,MER000011,CUS000062,INV0000611,GTW014,PM016,72868,INR,Captured,TXN100000066,2024-10-09 17:00:00,2024-10-09 17:04:00,6360
PAY0000068,MER000012,CUS000076,INV0000488,GTW008,PM013,90773,INR,Captured,TXN100000067,2025-10-23 22:31:00,2025-10-23 22:32:00,2143
PAY0000069,MER000043,CUS000091,INV0000596,GTW015,PM009,40289,INR,Captured,TXN100000068,2025-01-12 15:35:00,2025-01-12 15:42:00,2209
PAY0000070,MER000024,CUS000050,INV0000739,GTW007,PM016,36341,INR,Failed,TXN100000069,2024-07-16 10:07:00,2024-07-16 10:20:00,6085
PAY0000071,MER000025,CUS000076,INV0000779,GTW008,PM012,23619,INR,Settled,TXN100000070,2025-06-21 19:18:00,2025-06-21 19:32:00,2626
PAY0000072,MER000038,CUS000179,INV0000547,GTW005,PM016,13546,INR,Settled,TXN100000071,2024-05-09 08:02:00,2024-05-09 08:11:00,7299
PAY0000073,MER000033,CUS000241,INV0000292,GTW016,PM004,8664,INR,Captured,TXN100000072,2025-04-25 15:28:00,2025-04-25 15:29:00,3432
PAY0000074,MER000039,CUS000022,INV0000591,GTW008,PM004,73247,INR,Captured,TXN100000073,2025-10-06 21:03:00,2025-10-06 21:16:00,6412
PAY0000075,MER000057,CUS000077,INV0000611,GTW019,PM014,40126,INR,Captured,TXN100000074,2025-09-25 07:49:00,2025-09-25 07:57:00,4808
PAY0000076,MER000011,CUS000041,INV0000625,GTW008,PM006,72450,INR,Captured,TXN100000075,2024-04-11 06:40:00,2024-04-11 06:51:00,764
PAY0000077,MER000030,CUS000074,INV0000419,GTW010,PM015,9429,INR,Captured,TXN100000076,2025-04-06 22:38:00,2025-04-06 22:39:00,5781
PAY0000078,MER000026,CUS000109,INV0000271,GTW004,PM018,29566,INR,Pending,TXN100000077,2025-10-02 18:42:00,,5455
PAY0000079,MER000037,CUS000113,INV0000273,GTW004,PM015,90366,INR,Captured,TXN100000078,2024-05-25 02:03:00,2024-05-25 02:08:00,2641
PAY0000080,MER000006,CUS000228,INV0000966,GTW014,PM011,79229,INR,Captured,TXN100000079,2024-10-05 16:34:00,2024-10-05 16:36:00,2201
PAY0000081,MER000035,CUS000148,INV0000235,GTW002,PM006,61769,INR,Settled,TXN100000080,2025-11-21 18:37:00,2025-11-21 18:50:00,4401
PAY0000082,MER000063,CUS000249,INV0000939,GTW003,PM016,45707,INR,Captured,TXN100000081,2024-10-11 05:37:00,2024-10-11 05:51:00,3495
PAY0000083,MER000037,CUS000170,INV0000687,GTW013,PM018,4909,INR,Captured,TXN100000082,2024-04-17 05:21:00,2024-04-17 05:29:00,3875
PAY0000084,MER000001,CUS000169,INV0000259,GTW018,PM015,54265,INR,Captured,TXN100000083,2024-11-27 03:49:00,2024-11-27 03:58:00,594
PAY0000085,MER000027,CUS000069,INV0000371,GTW018,PM005,37852,INR,Captured,TXN100000084,2025-09-29 15:40:00,2025-09-29 15:41:00,3739
PAY0000086,MER000031,CUS000182,,GTW006,PM010,72299,INR,Settled,TXN100000085,2025-05-11 03:01:00,2025-05-11 03:11:00,262
PAY0000087,MER000020,CUS000128,INV0000096,GTW010,PM017,92559,INR,Authorized,TXN100000086,2024-08-18 03:29:00,,2389
PAY0000088,MER000025,CUS000236,INV0000495,GTW020,PM017,97918,INR,Captured,TXN100000087,2025-04-28 07:29:00,2025-04-28 07:36:00,7353
PAY0000089,MER000065,CUS000069,INV0000072,GTW001,PM010,95264,INR,Authorized,TXN100000088,2024-10-09 13:21:00,,2595
PAY0000090,MER000062,CUS000089,INV0000594,GTW011,PM018,71328,INR,Captured,TXN100000089,2025-11-06 15:55:00,2025-11-06 16:04:00,3240
PAY0000091,MER000053,CUS000012,INV0000330,GTW011,PM016,92535,INR,Captured,TXN100000090,2024-07-12 22:15:00,2024-07-12 22:19:00,7632
PAY0000092,MER000017,CUS000129,INV0000396,GTW019,PM011,13254,INR,Captured,TXN100000091,2025-11-10 20:09:00,2025-11-10 20:10:00,7311
PAY0000093,MER000020,CUS000020,INV0000103,GTW016,PM009,44475,INR,Failed,TXN100000092,2025-06-22 14:00:00,2025-06-22 14:07:00,5255
PAY0000094,MER000049,CUS000245,INV0000666,GTW011,PM016,71012,INR,Failed,TXN100000093,2024-03-23 10:54:00,2024-03-23 11:03:00,444
PAY0000095,MER000012,CUS000112,INV0000241,GTW004,PM004,58253,INR,Captured,TXN100000094,2025-10-08 21:58:00,2025-10-08 22:02:00,1512
PAY0000096,MER000038,CUS000092,INV0000926,GTW012,PM014,19180,INR,Pending,TXN100000095,2024-01-30 01:20:00,,2150
PAY0000097,MER000049,CUS000159,INV0000580,GTW008,PM016,76535,INR,Captured,TXN100000096,2025-11-29 05:10:00,2025-11-29 05:20:00,1322
PAY0000098,MER000060,CUS000231,INV0000654,GTW010,PM018,20806,INR,Failed,TXN100000097,2024-09-17 14:16:00,2024-09-17 14:31:00,755
PAY0000099,MER000033,CUS000117,INV0000354,GTW010,PM007,50522,INR,Settled,TXN100000098,2025-08-24 09:40:00,2025-08-24 09:52:00,7140
PAY0000100,MER000038,CUS000006,INV0000243,GTW013,PM009,1161,INR,Captured,TXN100000099,2025-01-25 18:22:00,2025-01-25 18:34:00,4786
PAY0000101,MER000037,CUS000199,,GTW008,PM020,46279,INR,Captured,TXN100000100,2024-02-20 19:47:00,2024-02-20 20:02:00,1944
PAY0000102,MER000018,CUS000161,INV0000636,GTW004,PM002,40592,INR,Failed,TXN100000101,2024-09-13 21:48:00,2024-09-13 21:59:00,6610
PAY0000103,MER000042,CUS000192,INV0000594,GTW014,PM006,26418,INR,Captured,TXN100000102,2025-01-08 23:08:00,2025-01-08 23:13:00,1232
PAY0000104,MER000022,CUS000066,INV0000898,GTW016,PM010,97953,INR,Authorized,TXN100000103,2025-01-09 16:32:00,,7280
PAY0000105,MER000029,CUS000221,INV0000118,GTW013,PM018,48042,INR,Pending,TXN100000104,2025-04-24 02:09:00,,889
PAY0000106,MER000034,CUS000150,INV0000015,GTW013,PM012,14301,INR,Captured,TXN100000105,2024-09-27 17:07:00,2024-09-27 17:18:00,5678
PAY0000107,MER000029,CUS000166,INV0000026,GTW003,PM015,91991,INR,Authorized,TXN100000106,2025-09-26 17:20:00,,2625
PAY0000108,MER000015,CUS000025,INV0000120,GTW008,PM018,17881,INR,Captured,TXN100000107,2024-05-23 01:02:00,2024-05-23 01:10:00,3333
PAY0000109,MER000054,CUS000168,INV0000687,GTW004,PM016,80794,INR,Failed,TXN100000108,2025-07-07 13:37:00,2025-07-07 13:40:00,3493
PAY0000110,MER000057,CUS000244,,GTW008,PM012,13122,INR,Captured,TXN100000109,2024-10-13 01:44:00,2024-10-13 01:52:00,5767
PAY0000111,MER000016,CUS000243,INV0000924,GTW015,PM003,86970,INR,Captured,TXN100000110,2025-10-22 11:03:00,2025-10-22 11:07:00,1887
PAY0000112,MER000027,CUS000018,INV0000612,GTW018,PM007,76958,INR,Captured,TXN100000111,2024-01-22 01:50:00,2024-01-22 01:53:00,1919
PAY0000113,MER000001,CUS000071,INV0000239,GTW005,PM005,70907,INR,Authorized,TXN100000112,2024-12-02 04:50:00,,2203
PAY0000114,MER000031,CUS000151,INV0000113,GTW011,PM001,22938,INR,Captured,TXN100000113,2025-11-07 00:08:00,2025-11-07 00:21:00,2323
PAY0000115,MER000058,CUS000200,INV0000760,GTW012,PM017,77912,INR,Failed,TXN100000114,2025-03-07 16:07:00,2025-03-07 16:15:00,1043
PAY0000116,MER000067,CUS000078,INV0000227,GTW015,PM001,8072,INR,Pending,TXN100000115,2025-09-21 01:46:00,,4073
PAY0000117,MER000010,CUS000231,INV0000437,GTW003,PM011,79830,INR,Authorized,TXN100000116,2024-04-20 15:45:00,,1365
PAY0000118,MER000049,CUS000153,INV0000282,GTW017,PM010,59569,INR,Captured,TXN100000117,2025-10-01 20:37:00,2025-10-01 20:43:00,4291
PAY0000119,MER000028,CUS000111,INV0000102,GTW015,PM008,54339,INR,Authorized,TXN100000118,2024-04-27 20:41:00,,2926
PAY0000120,MER000033,CUS000096,INV0000409,GTW005,PM016,8899,INR,Captured,TXN100000119,2025-03-01 23:06:00,2025-03-01 23:12:00,897
PAY0000121,MER000017,CUS000143,INV0000096,GTW002,PM019,73708,INR,Failed,TXN100000120,2025-03-18 03:47:00,2025-03-18 04:00:00,4751
PAY0000122,MER000055,CUS000223,INV0000126,GTW002,PM010,78796,INR,Failed,TXN100000121,2025-02-24 11:55:00,2025-02-24 12:08:00,2709
PAY0000123,MER000014,CUS000090,INV0000592,GTW018,PM012,15158,INR,Failed,TXN100000122,2025-06-03 06:09:00,2025-06-03 06:13:00,6397
PAY0000124,MER000004,CUS000156,INV0000232,GTW009,PM001,23747,INR,Pending,TXN100000123,2025-03-15 17:49:00,,2388
PAY0000125,MER000052,CUS000018,INV0000317,GTW005,PM001,12126,INR,Captured,TXN100000124,2024-12-13 11:00:00,2024-12-13 11:03:00,6262
PAY0000126,MER000042,CUS000199,INV0000386,GTW019,PM020,11235,INR,Captured,TXN100000125,2025-03-05 14:21:00,2025-03-05 14:26:00,7386
PAY0000127,MER000055,CUS000125,INV0000162,GTW020,PM015,54387,INR,Captured,TXN100000126,2025-09-24 01:43:00,2025-09-24 01:51:00,2387
PAY0000128,MER000063,CUS000135,INV0000525,GTW010,PM002,29003,INR,Captured,TXN100000127,2024-04-26 11:27:00,2024-04-26 11:38:00,3387
PAY0000129,MER000018,CUS000196,,GTW009,PM010,43107,INR,Captured,TXN100000128,2024-02-26 00:13:00,2024-02-26 00:17:00,1132
PAY0000130,MER000030,CUS000129,INV0000765,GTW018,PM012,9547,INR,Captured,TXN100000129,2025-03-16 05:08:00,2025-03-16 05:20:00,3402
PAY0000131,MER000041,CUS000148,,GTW014,PM019,53108,INR,Captured,TXN100000130,2024-02-13 13:01:00,2024-02-13 13:03:00,5962
PAY0000132,MER000059,CUS000213,INV0000297,GTW012,PM003,57340,INR,Settled,TXN100000131,2024-04-27 12:01:00,2024-04-27 12:04:00,7068
PAY0000133,MER000040,CUS000191,INV0000447,GTW011,PM008,43755,INR,Captured,TXN100000132,2025-08-26 12:33:00,2025-08-26 12:47:00,6532
PAY0000134,MER000045,CUS000090,INV0000523,GTW005,PM008,13574,INR,Captured,TXN100000133,2025-10-10 03:33:00,2025-10-10 03:48:00,1349
PAY0000135,MER000010,CUS000046,INV0000178,GTW016,PM015,98986,INR,Pending,TXN100000134,2025-09-08 04:48:00,,4768
PAY0000136,MER000042,CUS000222,INV0000460,GTW011,PM005,57740,INR,Captured,TXN100000135,2025-11-28 18:41:00,2025-11-28 18:51:00,709
PAY0000137,MER000010,CUS000080,INV0000647,GTW015,PM015,5029,INR,Captured,TXN100000136,2024-11-06 08:37:00,2024-11-06 08:46:00,616
PAY0000138,MER000065,CUS000099,INV0000294,GTW015,PM019,72755,INR,Settled,TXN100000137,2024-03-19 20:55:00,2024-03-19 20:57:00,7967
PAY0000139,MER000025,CUS000083,INV0000918,GTW020,PM016,65815,INR,Pending,TXN100000138,2024-02-12 14:58:00,,1385
PAY0000140,MER000044,CUS000183,,GTW003,PM017,84789,INR,Authorized,TXN100000139,2025-04-06 03:51:00,,1563
PAY0000141,MER000047,CUS000096,INV0000725,GTW010,PM013,53678,INR,Captured,TXN100000140,2025-03-24 14:33:00,2025-03-24 14:36:00,6494
PAY0000142,MER000013,CUS000143,INV0000613,GTW013,PM010,33129,INR,Captured,TXN100000141,2024-02-23 20:41:00,2024-02-23 20:47:00,6078
PAY0000143,MER000019,CUS000235,,GTW012,PM010,86090,INR,Captured,TXN100000142,2025-09-09 04:21:00,2025-09-09 04:32:00,5871
PAY0000144,MER000043,CUS000209,INV0000133,GTW005,PM017,12349,INR,Captured,TXN100000143,2025-09-01 22:05:00,2025-09-01 22:12:00,5442
PAY0000145,MER000044,CUS000243,INV0000521,GTW016,PM007,29793,INR,Captured,TXN100000144,2025-01-05 00:23:00,2025-01-05 00:27:00,1276
PAY0000146,MER000068,CUS000010,INV0000303,GTW011,PM020,17276,INR,Captured,TXN100000145,2024-04-13 16:49:00,2024-04-13 17:01:00,5042
PAY0000147,MER000022,CUS000185,INV0000167,GTW015,PM002,53952,INR,Captured,TXN100000146,2024-07-04 22:49:00,2024-07-04 23:04:00,3134
PAY0000148,MER000058,CUS000060,INV0000244,GTW018,PM008,40662,INR,Pending,TXN100000147,2025-03-30 19:18:00,,6774
PAY0000149,MER000057,CUS000119,INV0000926,GTW010,PM013,66016,INR,Authorized,TXN100000148,2024-07-17 11:43:00,,4470
PAY0000150,MER000007,CUS000165,INV0000166,GTW016,PM012,72784,INR,Authorized,TXN100000149,2024-07-23 19:08:00,,7803
PAY0000151,MER000035,CUS000116,INV0000867,GTW017,PM005,57440,INR,Captured,TXN100000150,2025-06-12 03:18:00,2025-06-12 03:21:00,901
PAY0000152,MER000054,CUS000014,,GTW013,PM017,49115,INR,Captured,TXN100000151,2024-08-15 14:56:00,2024-08-15 14:57:00,2081
PAY0000153,MER000043,CUS000203,INV0000084,GTW005,PM005,5120,INR,Captured,TXN100000152,2025-01-18 07:01:00,2025-01-18 07:03:00,2500
PAY0000154,MER000061,CUS000115,,GTW020,PM001,10484,INR,Captured,TXN100000153,2025-04-28 22:53:00,2025-04-28 23:05:00,305
PAY0000155,MER000015,CUS000199,INV0000856,GTW010,PM008,39572,INR,Captured,TXN100000154,2024-06-02 17:46:00,2024-06-02 17:53:00,1148
PAY0000156,MER000064,CUS000153,INV0000430,GTW018,PM001,82931,INR,Captured,TXN100000155,2025-10-16 19:29:00,2025-10-16 19:43:00,4371
PAY0000157,MER000031,CUS000147,INV0000736,GTW014,PM006,87180,INR,Captured,TXN100000156,2024-05-27 09:27:00,2024-05-27 09:33:00,5624
PAY0000158,MER000065,CUS000142,INV0000999,GTW001,PM013,61721,INR,Captured,TXN100000157,2025-01-04 02:33:00,2025-01-04 02:46:00,506
PAY0000159,MER000045,CUS000062,INV0000383,GTW004,PM019,96462,INR,Captured,TXN100000158,2024-09-16 23:01:00,2024-09-16 23:03:00,6348
PAY0000160,MER000023,CUS000213,INV0000046,GTW015,PM016,82902,INR,Pending,TXN100000159,2024-12-26 17:21:00,,1643
PAY0000161,MER000026,CUS000227,INV0000065,GTW002,PM011,40742,INR,Captured,TXN100000160,2025-04-13 01:18:00,2025-04-13 01:31:00,4372
PAY0000162,MER000025,CUS000074,INV0000835,GTW012,PM002,86048,INR,Captured,TXN100000161,2025-07-10 15:16:00,2025-07-10 15:27:00,2869
PAY0000163,MER000050,CUS000087,INV0000819,GTW006,PM016,90810,INR,Captured,TXN100000162,2025-01-11 13:56:00,2025-01-11 14:04:00,4225
PAY0000164,MER000011,CUS000111,INV0000817,GTW020,PM006,71596,INR,Captured,TXN100000163,2025-06-15 08:51:00,2025-06-15 08:58:00,2556
PAY0000165,MER000055,CUS000043,INV0000082,GTW015,PM012,58706,INR,Captured,TXN100000164,2024-12-01 21:18:00,2024-12-01 21:28:00,496
PAY0000166,MER000008,CUS000020,INV0000934,GTW013,PM012,67351,INR,Captured,TXN100000165,2024-12-27 19:27:00,2024-12-27 19:40:00,6712
PAY0000167,MER000057,CUS000009,INV0000164,GTW005,PM003,31032,INR,Captured,TXN100000166,2024-02-01 04:54:00,2024-02-01 05:07:00,6527
PAY0000168,MER000058,CUS000243,INV0000371,GTW012,PM012,58288,INR,Captured,TXN100000167,2025-01-27 18:02:00,2025-01-27 18:13:00,6401
PAY0000169,MER000032,CUS000246,INV0000141,GTW004,PM001,96526,INR,Captured,TXN100000168,2025-06-26 11:25:00,2025-06-26 11:30:00,1674
PAY0000170,MER000058,CUS000055,INV0000397,GTW020,PM010,91061,INR,Pending,TXN100000169,2025-07-29 03:16:00,,7657
PAY0000171,MER000058,CUS000045,,GTW015,PM003,89481,INR,Authorized,TXN100000170,2024-07-23 03:08:00,,7076
PAY0000172,MER000038,CUS000229,,GTW010,PM006,93398,INR,Captured,TXN100000171,2025-11-14 11:45:00,2025-11-14 11:54:00,5962
PAY0000173,MER000016,CUS000052,,GTW005,PM008,64852,INR,Captured,TXN100000172,2025-10-15 05:50:00,2025-10-15 05:54:00,365
PAY0000174,MER000012,CUS000017,INV0000587,GTW010,PM013,94069,INR,Settled,TXN100000173,2025-01-12 14:51:00,2025-01-12 14:54:00,6038
PAY0000175,MER000010,CUS000116,INV0000421,GTW015,PM017,45256,INR,Captured,TXN100000174,2025-02-23 18:04:00,2025-02-23 18:10:00,1201
PAY0000176,MER000056,CUS000129,,GTW002,PM004,68008,INR,Captured,TXN100000175,2025-07-18 20:37:00,2025-07-18 20:40:00,1403
PAY0000177,MER000037,CUS000217,INV0000166,GTW003,PM009,25829,INR,Captured,TXN100000176,2024-11-26 22:14:00,2024-11-26 22:23:00,5352
PAY0000178,MER000012,CUS000129,,GTW006,PM019,76206,INR,Captured,TXN100000177,2024-10-08 04:40:00,2024-10-08 04:49:00,1413
PAY0000179,MER000006,CUS000212,INV0000640,GTW001,PM003,6058,INR,Authorized,TXN100000178,2025-09-11 10:53:00,,7920
PAY0000180,MER000054,CUS000159,INV0000591,GTW001,PM016,82303,INR,Pending,TXN100000179,2024-09-28 20:13:00,,4619
PAY0000181,MER000052,CUS000077,INV0000980,GTW015,PM003,90357,INR,Pending,TXN100000180,2024-11-05 15:15:00,,640
PAY0000182,MER000041,CUS000221,INV0000426,GTW011,PM012,52360,INR,Captured,TXN100000181,2025-05-10 14:13:00,2025-05-10 14:16:00,1221
PAY0000183,MER000035,CUS000116,INV0000528,GTW008,PM005,12789,INR,Captured,TXN100000182,2025-07-29 03:20:00,2025-07-29 03:22:00,564
PAY0000184,MER000021,CUS000209,INV0000394,GTW011,PM019,94619,INR,Settled,TXN100000183,2025-09-22 13:15:00,2025-09-22 13:30:00,2711
PAY0000185,MER000064,CUS000006,INV0000164,GTW003,PM013,66349,INR,Captured,TXN100000184,2025-05-25 16:29:00,2025-05-25 16:34:00,3895
PAY0000186,MER000064,CUS000153,,GTW016,PM010,70445,INR,Captured,TXN100000185,2024-08-08 18:22:00,2024-08-08 18:27:00,216
PAY0000187,MER000047,CUS000012,INV0000442,GTW013,PM002,74847,INR,Captured,TXN100000186,2024-05-17 08:46:00,2024-05-17 08:53:00,4752
PAY0000188,MER000036,CUS000212,INV0000567,GTW020,PM020,15672,INR,Captured,TXN100000187,2024-10-22 02:24:00,2024-10-22 02:37:00,1204
PAY0000189,MER000047,CUS000194,,GTW005,PM007,79066,INR,Settled,TXN100000188,2025-02-07 11:50:00,2025-02-07 11:59:00,4320
PAY0000190,MER000061,CUS000133,INV0000042,GTW015,PM005,79563,INR,Failed,TXN100000189,2024-02-16 01:08:00,2024-02-16 01:21:00,7466
PAY0000191,MER000039,CUS000152,INV0000336,GTW011,PM017,66909,INR,Captured,TXN100000190,2025-09-19 10:10:00,2025-09-19 10:20:00,4510
PAY0000192,MER000015,CUS000107,INV0000577,GTW019,PM010,95169,INR,Captured,TXN100000191,2024-11-02 15:52:00,2024-11-02 15:58:00,7294
PAY0000193,MER000030,CUS000185,INV0000028,GTW002,PM019,63073,INR,Settled,TXN100000192,2025-09-03 15:16:00,2025-09-03 15:29:00,1546
PAY0000194,MER000032,CUS000009,INV0000739,GTW019,PM004,25106,INR,Pending,TXN100000193,2025-09-26 12:09:00,,305
PAY0000195,MER000061,CUS000224,INV0000429,GTW002,PM005,68084,INR,Captured,TXN100000194,2024-06-04 13:44:00,2024-06-04 13:53:00,1848
PAY0000196,MER000059,CUS000234,INV0000679,GTW018,PM011,71701,INR,Captured,TXN100000195,2025-05-04 16:24:00,2025-05-04 16:27:00,3052
PAY0000197,MER000062,CUS000050,INV0000889,GTW008,PM009,73249,INR,Failed,TXN100000196,2025-11-28 20:51:00,2025-11-28 21:01:00,2595
PAY0000198,MER000063,CUS000082,INV0000997,GTW016,PM012,73564,INR,Captured,TXN100000197,2024-10-31 09:45:00,2024-10-31 09:57:00,7798
PAY0000199,MER000049,CUS000230,,GTW013,PM012,19298,INR,Captured,TXN100000198,2024-10-07 09:07:00,2024-10-07 09:16:00,2529
PAY0000200,MER000062,CUS000055,INV0000979,GTW007,PM018,35637,INR,Captured,TXN100000199,2024-03-21 11:59:00,2024-03-21 12:04:00,7793
PAY0000201,MER000032,CUS000013,INV0000279,GTW017,PM008,83716,INR,Failed,TXN100000200,2024-05-20 03:39:00,2024-05-20 03:43:00,2057
PAY0000202,MER000018,CUS000002,INV0000424,GTW018,PM006,53434,INR,Captured,TXN100000201,2024-12-04 22:30:00,2024-12-04 22:43:00,5498
PAY0000203,MER000042,CUS000074,,GTW002,PM003,85598,INR,Captured,TXN100000202,2025-05-02 15:41:00,2025-05-02 15:46:00,4853
PAY0000204,MER000023,CUS000240,INV0000757,GTW002,PM013,65030,INR,Authorized,TXN100000203,2024-02-08 05:26:00,,1676
PAY0000205,MER000014,CUS000238,,GTW011,PM010,59652,INR,Captured,TXN100000204,2024-10-23 01:00:00,2024-10-23 01:10:00,5403
PAY0000206,MER000015,CUS000085,INV0000506,GTW006,PM015,85072,INR,Captured,TXN100000205,2024-05-17 16:29:00,2024-05-17 16:42:00,2257
PAY0000207,MER000023,CUS000157,INV0000015,GTW013,PM014,67638,INR,Failed,TXN100000206,2024-12-11 09:36:00,2024-12-11 09:40:00,2836
PAY0000208,MER000032,CUS000002,INV0000686,GTW009,PM013,30970,INR,Captured,TXN100000207,2024-04-07 05:08:00,2024-04-07 05:23:00,3809
PAY0000209,MER000034,CUS000168,INV0000977,GTW012,PM008,8242,INR,Failed,TXN100000208,2024-12-03 09:37:00,2024-12-03 09:38:00,5620
PAY0000210,MER000040,CUS000177,INV0000315,GTW004,PM010,48274,INR,Captured,TXN100000209,2024-06-12 12:43:00,2024-06-12 12:58:00,5185
PAY0000211,MER000048,CUS000107,INV0000981,GTW018,PM016,99367,INR,Captured,TXN100000210,2024-05-16 15:09:00,2024-05-16 15:19:00,4553
PAY0000212,MER000011,CUS000135,INV0000846,GTW015,PM017,92344,INR,Pending,TXN100000211,2024-08-11 07:43:00,,3113
PAY0000213,MER000026,CUS000147,INV0000578,GTW018,PM005,21666,INR,Captured,TXN100000212,2024-04-24 01:53:00,2024-04-24 02:02:00,2837
PAY0000214,MER000063,CUS000024,,GTW017,PM015,7392,INR,Captured,TXN100000213,2025-03-28 03:43:00,2025-03-28 03:53:00,3864
PAY0000215,MER000040,CUS000186,INV0000426,GTW001,PM013,33452,INR,Captured,TXN100000214,2025-04-12 18:03:00,2025-04-12 18:14:00,6838
PAY0000216,MER000009,CUS000139,INV0000224,GTW002,PM003,61975,INR,Captured,TXN100000215,2025-08-15 02:02:00,2025-08-15 02:14:00,409
PAY0000217,MER000048,CUS000229,INV0000185,GTW013,PM015,49579,INR,Captured,TXN100000216,2024-05-18 20:46:00,2024-05-18 20:53:00,3227
PAY0000218,MER000016,CUS000046,INV0000988,GTW018,PM013,69416,INR,Failed,TXN100000217,2025-11-08 17:08:00,2025-11-08 17:14:00,1193
PAY0000219,MER000070,CUS000109,INV0000229,GTW018,PM013,30202,INR,Captured,TXN100000218,2024-01-04 00:19:00,2024-01-04 00:31:00,2177
PAY0000220,MER000015,CUS000009,INV0000159,GTW014,PM020,2150,INR,Authorized,TXN100000219,2024-10-09 06:59:00,,2121
PAY0000221,MER000007,CUS000063,INV0000104,GTW002,PM013,57635,INR,Captured,TXN100000220,2025-08-31 01:28:00,2025-08-31 01:40:00,2069
PAY0000222,MER000041,CUS000148,INV0000773,GTW020,PM011,31151,INR,Settled,TXN100000221,2024-02-27 04:32:00,2024-02-27 04:36:00,2622
PAY0000223,MER000008,CUS000143,,GTW019,PM006,82150,INR,Captured,TXN100000222,2025-11-07 16:14:00,2025-11-07 16:19:00,5710
PAY0000224,MER000068,CUS000082,INV0000508,GTW014,PM014,19658,INR,Failed,TXN100000223,2024-02-18 11:41:00,2024-02-18 11:54:00,2606
PAY0000225,MER000039,CUS000220,INV0000773,GTW005,PM015,7652,INR,Pending,TXN100000224,2025-07-04 15:15:00,,4757
PAY0000226,MER000027,CUS000085,INV0000427,GTW003,PM015,48737,INR,Captured,TXN100000225,2025-07-24 16:08:00,2025-07-24 16:13:00,907
PAY0000227,MER000006,CUS000224,INV0000850,GTW003,PM007,99937,INR,Captured,TXN100000226,2024-07-14 01:17:00,2024-07-14 01:27:00,4963
PAY0000228,MER000043,CUS000078,INV0000573,GTW001,PM007,25006,INR,Authorized,TXN100000227,2024-08-10 15:13:00,,6224
PAY0000229,MER000051,CUS000235,INV0000773,GTW008,PM018,42254,INR,Captured,TXN100000228,2025-05-05 07:44:00,2025-05-05 07:48:00,6503
PAY0000230,MER000066,CUS000226,INV0000478,GTW016,PM015,13024,INR,Captured,TXN100000229,2025-06-30 20:22:00,2025-06-30 20:28:00,6726
PAY0000231,MER000053,CUS000012,,GTW019,PM008,97257,INR,Captured,TXN100000230,2025-04-25 10:58:00,2025-04-25 11:04:00,1345
PAY0000232,MER000026,CUS000085,INV0000567,GTW008,PM013,74783,INR,Captured,TXN100000231,2025-08-21 18:46:00,2025-08-21 18:49:00,6976
PAY0000233,MER000063,CUS000248,INV0000564,GTW016,PM015,22150,INR,Captured,TXN100000232,2025-11-01 21:21:00,2025-11-01 21:35:00,6152
PAY0000234,MER000070,CUS000165,INV0000174,GTW002,PM017,4533,INR,Captured,TXN100000233,2024-05-23 23:34:00,2024-05-23 23:49:00,7023
PAY0000235,MER000030,CUS000018,INV0000968,GTW005,PM001,28768,INR,Captured,TXN100000234,2025-11-15 01:48:00,2025-11-15 01:51:00,4292
PAY0000236,MER000062,CUS000169,INV0000062,GTW016,PM001,966,INR,Authorized,TXN100000235,2025-09-24 20:42:00,,4509
PAY0000237,MER000003,CUS000129,INV0000013,GTW014,PM006,14126,INR,Captured,TXN100000236,2024-01-18 16:46:00,2024-01-18 16:51:00,7670
PAY0000238,MER000046,CUS000069,INV0000153,GTW013,PM003,48996,INR,Captured,TXN100000237,2024-09-03 06:39:00,2024-09-03 06:53:00,3476
PAY0000239,MER000011,CUS000168,INV0000250,GTW002,PM003,53220,INR,Pending,TXN100000238,2024-08-19 09:43:00,,3256
PAY0000240,MER000064,CUS000217,INV0000488,GTW014,PM011,74267,INR,Failed,TXN100000239,2024-02-27 20:00:00,2024-02-27 20:02:00,7178
PAY0000241,MER000061,CUS000070,,GTW002,PM003,89809,INR,Captured,TXN100000240,2025-06-24 01:14:00,2025-06-24 01:28:00,7732
PAY0000242,MER000041,CUS000005,INV0000557,GTW007,PM019,18999,INR,Captured,TXN100000241,2025-07-31 21:02:00,2025-07-31 21:16:00,6312
PAY0000243,MER000050,CUS000174,INV0000841,GTW018,PM011,50411,INR,Captured,TXN100000242,2025-02-11 02:19:00,2025-02-11 02:23:00,6339
PAY0000244,MER000013,CUS000112,INV0000810,GTW008,PM003,44742,INR,Settled,TXN100000243,2024-03-21 16:47:00,2024-03-21 16:48:00,5107
PAY0000245,MER000035,CUS000201,INV0000978,GTW015,PM016,30002,INR,Captured,TXN100000244,2025-09-01 12:49:00,2025-09-01 13:00:00,3064
PAY0000246,MER000011,CUS000198,INV0000385,GTW020,PM010,32402,INR,Captured,TXN100000245,2025-03-18 05:43:00,2025-03-18 05:50:00,5991
PAY0000247,MER000020,CUS000190,INV0000275,GTW013,PM011,47377,INR,Pending,TXN100000246,2024-06-06 12:45:00,,1022
PAY0000248,MER000014,CUS000034,INV0000966,GTW003,PM006,56589,INR,Pending,TXN100000247,2024-11-11 14:23:00,,3826
PAY0000249,MER000012,CUS000153,INV0000525,GTW020,PM011,50593,INR,Captured,TXN100000248,2025-02-21 03:01:00,2025-02-21 03:10:00,251
PAY0000250,MER000067,CUS000044,INV0000398,GTW013,PM006,18298,INR,Captured,TXN100000249,2024-03-27 23:57:00,2024-03-28 00:01:00,2352
PAY0000251,MER000039,CUS000124,INV0000505,GTW003,PM012,33090,INR,Captured,TXN100000250,2024-05-29 02:10:00,2024-05-29 02:17:00,7885
PAY0000252,MER000018,CUS000078,INV0000641,GTW001,PM013,43644,INR,Captured,TXN100000251,2025-05-22 19:39:00,2025-05-22 19:41:00,7044
PAY0000253,MER000018,CUS000077,INV0000824,GTW011,PM020,91233,INR,Captured,TXN100000252,2024-12-03 14:21:00,2024-12-03 14:35:00,1795
PAY0000254,MER000063,CUS000248,INV0000182,GTW019,PM008,42814,INR,Failed,TXN100000253,2025-02-11 10:18:00,2025-02-11 10:29:00,3230
PAY0000255,MER000026,CUS000152,INV0000805,GTW018,PM006,89453,INR,Authorized,TXN100000254,2025-02-06 11:07:00,,6438
PAY0000256,MER000009,CUS000210,INV0000976,GTW014,PM016,18342,INR,Captured,TXN100000255,2025-04-17 22:13:00,2025-04-17 22:18:00,5338
PAY0000257,MER000010,CUS000115,INV0000259,GTW020,PM016,76415,INR,Captured,TXN100000256,2025-11-05 04:45:00,2025-11-05 04:52:00,3433
PAY0000258,MER000047,CUS000180,INV0000946,GTW018,PM020,83747,INR,Pending,TXN100000257,2025-03-04 17:02:00,,7640
PAY0000259,MER000006,CUS000145,INV0000788,GTW013,PM011,56520,INR,Captured,TXN100000258,2024-09-11 21:42:00,2024-09-11 21:53:00,1017
PAY0000260,MER000029,CUS000115,INV0000265,GTW012,PM013,60794,INR,Captured,TXN100000259,2024-08-15 16:47:00,2024-08-15 16:57:00,6477
PAY0000261,MER000014,CUS000076,INV0000708,GTW014,PM003,15313,INR,Settled,TXN100000260,2025-05-27 04:22:00,2025-05-27 04:30:00,6960
PAY0000262,MER000027,CUS000134,,GTW016,PM012,62511,INR,Captured,TXN100000261,2024-05-25 11:19:00,2024-05-25 11:32:00,949
PAY0000263,MER000015,CUS000006,INV0000714,GTW011,PM004,88854,INR,Captured,TXN100000262,2025-04-08 10:04:00,2025-04-08 10:17:00,6704
PAY0000264,MER000055,CUS000246,INV0000759,GTW015,PM008,53190,INR,Captured,TXN100000263,2024-09-06 16:11:00,2024-09-06 16:17:00,5308
PAY0000265,MER000026,CUS000116,INV0000656,GTW019,PM014,51065,INR,Captured,TXN100000264,2025-11-04 13:25:00,2025-11-04 13:35:00,186
PAY0000266,MER000014,CUS000205,INV0000211,GTW018,PM006,48045,INR,Pending,TXN100000265,2024-10-12 22:51:00,,2820
PAY0000267,MER000041,CUS000153,INV0000117,GTW013,PM020,51551,INR,Captured,TXN100000266,2024-09-25 21:55:00,2024-09-25 22:06:00,4958
PAY0000268,MER000039,CUS000236,INV0000361,GTW020,PM019,11208,INR,Pending,TXN100000267,2025-04-13 19:11:00,,5655
PAY0000269,MER000019,CUS000131,INV0000121,GTW013,PM014,78274,INR,Captured,TXN100000268,2024-09-01 09:07:00,2024-09-01 09:19:00,1279
PAY0000270,MER000023,CUS000143,INV0000434,GTW006,PM016,37958,INR,Captured,TXN100000269,2024-07-09 15:40:00,2024-07-09 15:55:00,1299
PAY0000271,MER000002,CUS000125,INV0000863,GTW005,PM007,50424,INR,Authorized,TXN100000270,2025-04-06 19:03:00,,4750
PAY0000272,MER000057,CUS000126,INV0000507,GTW006,PM003,74207,INR,Captured,TXN100000271,2025-02-22 21:31:00,2025-02-22 21:45:00,402
PAY0000273,MER000022,CUS000200,INV0000226,GTW015,PM019,97423,INR,Captured,TXN100000272,2024-10-26 01:17:00,2024-10-26 01:22:00,6478
PAY0000274,MER000070,CUS000211,INV0000563,GTW012,PM018,99293,INR,Captured,TXN100000273,2025-06-07 03:36:00,2025-06-07 03:49:00,490
PAY0000275,MER000032,CUS000077,INV0000452,GTW002,PM015,34547,INR,Captured,TXN100000274,2025-07-13 06:27:00,2025-07-13 06:41:00,3005
PAY0000276,MER000031,CUS000054,,GTW019,PM012,93259,INR,Settled,TXN100000275,2024-03-30 14:55:00,2024-03-30 15:08:00,5149
PAY0000277,MER000008,CUS000146,INV0000170,GTW012,PM018,36942,INR,Captured,TXN100000276,2025-09-22 04:50:00,2025-09-22 04:54:00,5039
PAY0000278,MER000066,CUS000231,INV0000332,GTW004,PM005,98416,INR,Captured,TXN100000277,2024-10-26 09:36:00,2024-10-26 09:50:00,6586
PAY0000279,MER000032,CUS000038,INV0000061,GTW011,PM008,99907,INR,Failed,TXN100000278,2024-10-10 20:08:00,2024-10-10 20:11:00,7060
PAY0000280,MER000049,CUS000116,INV0000502,GTW003,PM003,52902,INR,Captured,TXN100000279,2024-05-25 18:40:00,2024-05-25 18:47:00,4373
PAY0000281,MER000012,CUS000188,INV0000712,GTW015,PM012,8400,INR,Captured,TXN100000280,2025-01-12 14:31:00,2025-01-12 14:32:00,6668
PAY0000282,MER000037,CUS000087,INV0000224,GTW018,PM019,17217,INR,Captured,TXN100000281,2025-03-15 06:31:00,2025-03-15 06:45:00,4787
PAY0000283,MER000059,CUS000005,,GTW004,PM006,57940,INR,Captured,TXN100000282,2024-12-17 21:48:00,2024-12-17 21:50:00,3889
PAY0000284,MER000039,CUS000041,INV0000982,GTW009,PM003,85898,INR,Authorized,TXN100000283,2025-03-14 06:44:00,,3102
PAY0000285,MER000040,CUS000186,INV0000381,GTW008,PM014,86015,INR,Captured,TXN100000284,2025-11-11 20:10:00,2025-11-11 20:21:00,897
PAY0000286,MER000067,CUS000175,INV0000002,GTW015,PM001,1156,INR,Captured,TXN100000285,2024-08-06 15:04:00,2024-08-06 15:08:00,5848
PAY0000287,MER000050,CUS000023,INV0000124,GTW004,PM004,41171,INR,Captured,TXN100000286,2025-03-08 22:08:00,2025-03-08 22:12:00,3161
PAY0000288,MER000018,CUS000165,,GTW005,PM003,69634,INR,Pending,TXN100000287,2024-05-20 12:49:00,,4764
PAY0000289,MER000020,CUS000236,INV0000666,GTW014,PM020,90089,INR,Failed,TXN100000288,2024-06-17 14:22:00,2024-06-17 14:33:00,3774
PAY0000290,MER000050,CUS000090,,GTW014,PM011,18427,INR,Pending,TXN100000289,2024-03-29 03:08:00,,2179
PAY0000291,MER000037,CUS000200,INV0000087,GTW001,PM010,27028,INR,Captured,TXN100000290,2024-09-11 17:38:00,2024-09-11 17:48:00,4391
PAY0000292,MER000031,CUS000127,INV0000194,GTW013,PM004,31699,INR,Captured,TXN100000291,2025-02-05 09:41:00,2025-02-05 09:56:00,4242
PAY0000293,MER000017,CUS000100,INV0000073,GTW019,PM014,47995,INR,Authorized,TXN100000292,2025-06-24 00:23:00,,4625
PAY0000294,MER000034,CUS000056,INV0000782,GTW002,PM002,52263,INR,Captured,TXN100000293,2025-04-27 02:01:00,2025-04-27 02:02:00,4300
PAY0000295,MER000069,CUS000138,INV0000730,GTW020,PM005,36468,INR,Failed,TXN100000294,2025-05-28 13:27:00,2025-05-28 13:29:00,834
PAY0000296,MER000009,CUS000080,INV0000524,GTW014,PM008,7689,INR,Captured,TXN100000295,2024-07-27 04:34:00,2024-07-27 04:44:00,2152
PAY0000297,MER000023,CUS000031,INV0000445,GTW001,PM005,92046,INR,Captured,TXN100000296,2024-04-28 14:39:00,2024-04-28 14:44:00,242
PAY0000298,MER000034,CUS000043,INV0000976,GTW012,PM005,98374,INR,Pending,TXN100000297,2024-12-21 16:33:00,,6548
PAY0000299,MER000035,CUS000135,,GTW003,PM009,93465,INR,Pending,TXN100000298,2024-04-30 00:21:00,,4873
PAY0000300,MER000022,CUS000095,INV0000509,GTW006,PM009,13587,INR,Captured,TXN100000299,2025-04-11 16:23:00,2025-04-11 16:37:00,7475
PAY0000301,MER000002,CUS000063,INV0000741,GTW002,PM016,47807,INR,Captured,TXN100000300,2024-04-28 07:47:00,2024-04-28 07:48:00,3287
PAY0000302,MER000054,CUS000058,,GTW011,PM008,54659,INR,Pending,TXN100000301,2024-07-02 01:35:00,,7652
PAY0000303,MER000007,CUS000046,INV0000278,GTW008,PM017,6119,INR,Captured,TXN100000302,2024-03-20 18:23:00,2024-03-20 18:34:00,7965
PAY0000304,MER000042,CUS000023,INV0000899,GTW018,PM015,1144,INR,Pending,TXN100000303,2025-04-21 09:49:00,,3172
PAY0000305,MER000064,CUS000198,INV0000578,GTW007,PM018,99777,INR,Captured,TXN100000304,2024-11-07 23:39:00,2024-11-07 23:45:00,6670
PAY0000306,MER000002,CUS000244,INV0000007,GTW011,PM001,99574,INR,Captured,TXN100000305,2025-02-23 00:14:00,2025-02-23 00:25:00,5534
PAY0000307,MER000054,CUS000126,INV0000756,GTW002,PM005,93377,INR,Captured,TXN100000306,2024-11-10 03:13:00,2024-11-10 03:17:00,2442
PAY0000308,MER000059,CUS000250,INV0000944,GTW003,PM019,12627,INR,Failed,TXN100000307,2024-08-25 16:26:00,2024-08-25 16:32:00,4290
PAY0000309,MER000017,CUS000061,INV0000840,GTW010,PM009,41388,INR,Captured,TXN100000308,2025-02-07 02:37:00,2025-02-07 02:44:00,7736
PAY0000310,MER000026,CUS000035,INV0000718,GTW019,PM004,20469,INR,Captured,TXN100000309,2024-11-30 10:28:00,2024-11-30 10:30:00,1015
PAY0000311,MER000027,CUS000116,INV0000478,GTW010,PM015,34835,INR,Captured,TXN100000310,2024-11-17 13:07:00,2024-11-17 13:20:00,7133
PAY0000312,MER000042,CUS000038,INV0000162,GTW003,PM008,46727,INR,Captured,TXN100000311,2024-11-07 22:44:00,2024-11-07 22:48:00,3396
PAY0000313,MER000052,CUS000219,INV0000694,GTW015,PM018,98152,INR,Settled,TXN100000312,2024-11-02 08:52:00,2024-11-02 08:53:00,4656
PAY0000314,MER000029,CUS000034,INV0000474,GTW007,PM013,48890,INR,Captured,TXN100000313,2024-04-14 04:07:00,2024-04-14 04:21:00,5772
PAY0000315,MER000010,CUS000006,INV0000661,GTW003,PM007,84770,INR,Captured,TXN100000314,2024-03-27 18:37:00,2024-03-27 18:51:00,3782
PAY0000316,MER000007,CUS000044,INV0000095,GTW019,PM014,95052,INR,Authorized,TXN100000315,2024-12-05 03:02:00,,3385
PAY0000317,MER000024,CUS000071,INV0000392,GTW009,PM015,19581,INR,Captured,TXN100000316,2025-11-30 13:11:00,2025-11-30 13:26:00,433
PAY0000318,MER000062,CUS000016,INV0000632,GTW003,PM009,50302,INR,Captured,TXN100000317,2024-09-08 20:18:00,2024-09-08 20:33:00,1274
PAY0000319,MER000003,CUS000098,INV0000659,GTW012,PM016,71471,INR,Settled,TXN100000318,2025-06-22 07:40:00,2025-06-22 07:49:00,6551
PAY0000320,MER000004,CUS000082,INV0000935,GTW020,PM008,3940,INR,Captured,TXN100000319,2025-08-02 16:20:00,2025-08-02 16:23:00,7488
PAY0000321,MER000030,CUS000250,INV0000288,GTW006,PM004,32587,INR,Captured,TXN100000320,2024-02-29 15:33:00,2024-02-29 15:43:00,5531
PAY0000322,MER000050,CUS000091,INV0000547,GTW006,PM006,31105,INR,Pending,TXN100000321,2024-02-27 07:36:00,,5003
PAY0000323,MER000019,CUS000145,INV0000756,GTW007,PM016,71157,INR,Failed,TXN100000322,2025-01-02 18:01:00,2025-01-02 18:07:00,2681
PAY0000324,MER000068,CUS000123,INV0000039,GTW001,PM011,80595,INR,Captured,TXN100000323,2024-04-02 01:14:00,2024-04-02 01:15:00,1800
PAY0000325,MER000019,CUS000199,INV0000349,GTW004,PM017,47926,INR,Captured,TXN100000324,2024-06-30 10:03:00,2024-06-30 10:13:00,744
PAY0000326,MER000042,CUS000035,INV0000965,GTW006,PM014,83889,INR,Captured,TXN100000325,2025-11-09 12:37:00,2025-11-09 12:42:00,4141
PAY0000327,MER000046,CUS000058,INV0000179,GTW019,PM006,49695,INR,Authorized,TXN100000326,2025-07-29 22:56:00,,2663
PAY0000328,MER000051,CUS000218,INV0000302,GTW019,PM002,23965,INR,Captured,TXN100000327,2024-05-10 05:46:00,2024-05-10 05:58:00,5084
PAY0000329,MER000064,CUS000037,INV0000829,GTW011,PM003,31294,INR,Captured,TXN100000328,2025-09-18 07:40:00,2025-09-18 07:55:00,2991
PAY0000330,MER000043,CUS000115,,GTW001,PM009,27583,INR,Settled,TXN100000329,2024-06-20 20:56:00,2024-06-20 21:10:00,2194
PAY0000331,MER000057,CUS000188,INV0000359,GTW014,PM006,54366,INR,Captured,TXN100000330,2024-09-19 03:46:00,2024-09-19 03:53:00,4189
PAY0000332,MER000029,CUS000042,,GTW015,PM003,4479,INR,Captured,TXN100000331,2024-12-25 17:24:00,2024-12-25 17:32:00,2565
PAY0000333,MER000021,CUS000188,INV0000268,GTW003,PM018,12303,INR,Captured,TXN100000332,2024-04-17 02:21:00,2024-04-17 02:28:00,2918
PAY0000334,MER000022,CUS000156,INV0000629,GTW014,PM006,7119,INR,Captured,TXN100000333,2025-05-09 22:01:00,2025-05-09 22:12:00,979
PAY0000335,MER000070,CUS000068,INV0000998,GTW010,PM010,31235,INR,Captured,TXN100000334,2024-07-13 13:44:00,2024-07-13 13:59:00,935
PAY0000336,MER000055,CUS000023,INV0000586,GTW010,PM020,63057,INR,Captured,TXN100000335,2025-07-16 15:09:00,2025-07-16 15:10:00,1785
PAY0000337,MER000015,CUS000079,INV0000212,GTW013,PM016,64206,INR,Settled,TXN100000336,2024-06-23 20:18:00,2024-06-23 20:26:00,7480
PAY0000338,MER000049,CUS000095,INV0000094,GTW006,PM015,5948,INR,Captured,TXN100000337,2025-10-19 17:24:00,2025-10-19 17:39:00,2306
PAY0000339,MER000013,CUS000022,INV0000270,GTW012,PM018,54362,INR,Captured,TXN100000338,2024-08-19 08:36:00,2024-08-19 08:49:00,6346
PAY0000340,MER000061,CUS000147,INV0000567,GTW008,PM016,39271,INR,Captured,TXN100000339,2024-03-03 12:52:00,2024-03-03 13:01:00,796
PAY0000341,MER000019,CUS000031,INV0000875,GTW015,PM006,22010,INR,Authorized,TXN100000340,2024-02-05 16:36:00,,1885
PAY0000342,MER000026,CUS000211,INV0000130,GTW005,PM020,33901,INR,Settled,TXN100000341,2024-02-13 13:05:00,2024-02-13 13:12:00,2769
PAY0000343,MER000042,CUS000220,,GTW009,PM017,60151,INR,Captured,TXN100000342,2024-03-09 02:24:00,2024-03-09 02:33:00,7663
PAY0000344,MER000015,CUS000107,,GTW005,PM005,74364,INR,Pending,TXN100000343,2025-09-30 18:33:00,,4966
PAY0000345,MER000037,CUS000223,INV0000988,GTW018,PM012,53956,INR,Pending,TXN100000344,2024-04-12 03:36:00,,2313
PAY0000346,MER000052,CUS000037,INV0000498,GTW020,PM020,89335,INR,Captured,TXN100000345,2025-08-08 19:30:00,2025-08-08 19:35:00,5832
PAY0000347,MER000035,CUS000230,INV0000406,GTW012,PM001,44384,INR,Captured,TXN100000346,2024-12-05 22:15:00,2024-12-05 22:23:00,6846
PAY0000348,MER000030,CUS000035,INV0000319,GTW010,PM015,42156,INR,Failed,TXN100000347,2024-10-14 15:54:00,2024-10-14 15:56:00,2357
PAY0000349,MER000053,CUS000190,INV0000620,GTW016,PM017,49109,INR,Captured,TXN100000348,2025-10-23 02:12:00,2025-10-23 02:27:00,6875
PAY0000350,MER000018,CUS000200,INV0000811,GTW017,PM019,3894,INR,Failed,TXN100000349,2024-06-11 02:19:00,2024-06-11 02:26:00,1573
PAY0000351,MER000047,CUS000181,INV0000853,GTW007,PM009,48380,INR,Captured,TXN100000350,2024-07-24 01:15:00,2024-07-24 01:16:00,6896
PAY0000352,MER000063,CUS000153,INV0000407,GTW015,PM006,62304,INR,Captured,TXN100000351,2025-10-12 03:43:00,2025-10-12 03:49:00,4957
PAY0000353,MER000012,CUS000073,INV0000353,GTW001,PM013,6607,INR,Pending,TXN100000352,2024-06-16 08:47:00,,1484
PAY0000354,MER000035,CUS000167,,GTW014,PM017,2728,INR,Captured,TXN100000353,2024-08-07 07:41:00,2024-08-07 07:45:00,7233
PAY0000355,MER000023,CUS000154,INV0000786,GTW001,PM008,33181,INR,Authorized,TXN100000354,2025-11-29 00:30:00,,5133
PAY0000356,MER000045,CUS000118,INV0000313,GTW009,PM007,61271,INR,Authorized,TXN100000355,2025-10-20 08:27:00,,2625
PAY0000357,MER000048,CUS000144,INV0000845,GTW020,PM020,37151,INR,Captured,TXN100000356,2025-09-30 12:37:00,2025-09-30 12:46:00,2595
PAY0000358,MER000036,CUS000067,INV0000494,GTW010,PM007,19751,INR,Captured,TXN100000357,2024-03-06 10:17:00,2024-03-06 10:31:00,4387
PAY0000359,MER000018,CUS000185,INV0000922,GTW001,PM016,38845,INR,Failed,TXN100000358,2024-02-28 19:25:00,2024-02-28 19:36:00,2275
PAY0000360,MER000025,CUS000088,,GTW008,PM018,83765,INR,Captured,TXN100000359,2025-02-18 12:47:00,2025-02-18 12:59:00,6579
PAY0000361,MER000024,CUS000076,INV0000964,GTW004,PM016,16869,INR,Captured,TXN100000360,2025-11-18 11:32:00,2025-11-18 11:35:00,6219
PAY0000362,MER000012,CUS000057,INV0000828,GTW012,PM008,97645,INR,Authorized,TXN100000361,2025-07-26 05:43:00,,7288
PAY0000363,MER000016,CUS000121,INV0000808,GTW002,PM019,76162,INR,Captured,TXN100000362,2024-12-05 11:16:00,2024-12-05 11:24:00,7885
PAY0000364,MER000049,CUS000136,INV0000484,GTW010,PM014,7186,INR,Authorized,TXN100000363,2024-07-18 16:07:00,,7283
PAY0000365,MER000059,CUS000037,,GTW011,PM006,10692,INR,Captured,TXN100000364,2024-05-20 06:21:00,2024-05-20 06:31:00,4144
PAY0000366,MER000027,CUS000195,INV0000182,GTW006,PM019,20866,INR,Captured,TXN100000365,2024-11-16 20:03:00,2024-11-16 20:08:00,4160
PAY0000367,MER000052,CUS000110,INV0000799,GTW016,PM013,711,INR,Captured,TXN100000366,2024-03-31 04:39:00,2024-03-31 04:46:00,459
PAY0000368,MER000068,CUS000049,INV0000749,GTW001,PM001,82241,INR,Captured,TXN100000367,2025-01-17 00:57:00,2025-01-17 01:11:00,6159
PAY0000369,MER000040,CUS000043,INV0000711,GTW003,PM002,39185,INR,Captured,TXN100000368,2024-12-18 09:08:00,2024-12-18 09:17:00,7919
PAY0000370,MER000018,CUS000088,INV0000746,GTW016,PM012,98419,INR,Captured,TXN100000369,2025-06-16 19:33:00,2025-06-16 19:48:00,1693
PAY0000371,MER000028,CUS000188,INV0000929,GTW001,PM019,66243,INR,Captured,TXN100000370,2025-02-17 00:14:00,2025-02-17 00:17:00,1534
PAY0000372,MER000033,CUS000198,INV0000729,GTW018,PM020,6468,INR,Authorized,TXN100000371,2025-10-28 01:24:00,,5015
PAY0000373,MER000007,CUS000177,,GTW004,PM014,58337,INR,Pending,TXN100000372,2025-11-08 03:41:00,,3265
PAY0000374,MER000002,CUS000078,INV0000259,GTW014,PM004,86932,INR,Captured,TXN100000373,2025-04-30 22:09:00,2025-04-30 22:20:00,4412
PAY0000375,MER000066,CUS000185,INV0000621,GTW020,PM004,37154,INR,Authorized,TXN100000374,2024-05-20 13:53:00,,1083
PAY0000376,MER000067,CUS000250,INV0000510,GTW007,PM012,92300,INR,Pending,TXN100000375,2024-07-22 19:12:00,,3506
PAY0000377,MER000062,CUS000085,INV0000041,GTW008,PM001,1771,INR,Captured,TXN100000376,2025-07-15 15:58:00,2025-07-15 16:13:00,5652
PAY0000378,MER000066,CUS000020,INV0000114,GTW004,PM009,84554,INR,Captured,TXN100000377,2025-08-10 21:31:00,2025-08-10 21:33:00,2043
PAY0000379,MER000006,CUS000219,INV0000304,GTW010,PM012,88805,INR,Captured,TXN100000378,2024-09-27 14:03:00,2024-09-27 14:06:00,2711
PAY0000380,MER000022,CUS000085,INV0000119,GTW012,PM015,81601,INR,Authorized,TXN100000379,2024-04-07 01:00:00,,2347
PAY0000381,MER000052,CUS000103,,GTW015,PM009,50656,INR,Captured,TXN100000380,2024-04-05 11:52:00,2024-04-05 11:54:00,5801
PAY0000382,MER000015,CUS000034,,GTW002,PM006,13693,INR,Pending,TXN100000381,2025-03-07 20:56:00,,3558
PAY0000383,MER000049,CUS000200,,GTW012,PM020,3877,INR,Captured,TXN100000382,2025-05-09 18:43:00,2025-05-09 18:53:00,7216
PAY0000384,MER000053,CUS000113,INV0000859,GTW002,PM003,34390,INR,Captured,TXN100000383,2024-05-13 15:58:00,2024-05-13 16:13:00,5515
PAY0000385,MER000029,CUS000245,INV0000722,GTW011,PM017,68664,INR,Failed,TXN100000384,2025-11-25 16:49:00,2025-11-25 17:01:00,5788
PAY0000386,MER000050,CUS000039,INV0000098,GTW018,PM020,7252,INR,Captured,TXN100000385,2025-03-19 21:46:00,2025-03-19 21:52:00,245
PAY0000387,MER000010,CUS000193,INV0000161,GTW016,PM011,31674,INR,Captured,TXN100000386,2025-06-01 15:54:00,2025-06-01 15:57:00,2860
PAY0000388,MER000052,CUS000210,,GTW008,PM003,60274,INR,Captured,TXN100000387,2024-02-21 16:14:00,2024-02-21 16:21:00,3788
PAY0000389,MER000003,CUS000027,INV0000459,GTW013,PM014,4796,INR,Captured,TXN100000388,2024-03-31 15:28:00,2024-03-31 15:36:00,4714
PAY0000390,MER000066,CUS000144,INV0000846,GTW007,PM015,44776,INR,Captured,TXN100000389,2024-04-03 19:39:00,2024-04-03 19:54:00,3126
PAY0000391,MER000061,CUS000184,INV0000837,GTW012,PM015,15045,INR,Captured,TXN100000390,2024-08-16 14:21:00,2024-08-16 14:31:00,948
PAY0000392,MER000038,CUS000141,INV0000228,GTW017,PM012,92125,INR,Pending,TXN100000391,2024-01-03 10:22:00,,1020
PAY0000393,MER000053,CUS000028,INV0000169,GTW009,PM020,25779,INR,Failed,TXN100000392,2025-05-19 04:52:00,2025-05-19 05:04:00,1686
PAY0000394,MER000025,CUS000184,INV0000873,GTW011,PM004,99341,INR,Pending,TXN100000393,2025-02-06 06:29:00,,3545
PAY0000395,MER000058,CUS000118,INV0000649,GTW019,PM017,17747,INR,Pending,TXN100000394,2025-11-19 18:07:00,,4236
PAY0000396,MER000062,CUS000237,INV0000754,GTW017,PM006,90777,INR,Captured,TXN100000395,2024-02-19 17:59:00,2024-02-19 18:09:00,4889
PAY0000397,MER000042,CUS000130,INV0000835,GTW013,PM014,79922,INR,Failed,TXN100000396,2024-05-11 03:24:00,2024-05-11 03:34:00,7653
PAY0000398,MER000018,CUS000036,INV0000255,GTW014,PM020,91852,INR,Settled,TXN100000397,2024-10-07 12:21:00,2024-10-07 12:29:00,7411
PAY0000399,MER000028,CUS000052,INV0000307,GTW007,PM020,93735,INR,Failed,TXN100000398,2025-07-14 10:45:00,2025-07-14 10:54:00,2530
PAY0000400,MER000065,CUS000139,INV0000944,GTW011,PM004,99816,INR,Failed,TXN100000399,2025-11-19 04:45:00,2025-11-19 04:48:00,3035
PAY0000401,MER000069,CUS000074,INV0000597,GTW014,PM001,68615,INR,Captured,TXN100000400,2025-08-07 21:45:00,2025-08-07 21:57:00,1022
PAY0000402,MER000021,CUS000074,INV0000149,GTW009,PM005,8230,INR,Captured,TXN100000401,2024-02-24 21:03:00,2024-02-24 21:16:00,5807
PAY0000403,MER000014,CUS000158,INV0000209,GTW018,PM008,97409,INR,Pending,TXN100000402,2025-07-08 01:22:00,,5451
PAY0000404,MER000049,CUS000100,INV0000244,GTW014,PM011,72468,INR,Failed,TXN100000403,2025-06-07 22:18:00,2025-06-07 22:19:00,590
PAY0000405,MER000057,CUS000213,INV0000258,GTW008,PM012,99073,INR,Pending,TXN100000404,2024-07-26 19:55:00,,4970
PAY0000406,MER000010,CUS000048,INV0000618,GTW006,PM017,15743,INR,Captured,TXN100000405,2024-07-20 23:12:00,2024-07-20 23:15:00,3240
PAY0000407,MER000033,CUS000002,INV0000286,GTW011,PM015,93120,INR,Captured,TXN100000406,2025-07-23 08:08:00,2025-07-23 08:22:00,7829
PAY0000408,MER000039,CUS000126,INV0000158,GTW019,PM018,47034,INR,Pending,TXN100000407,2024-11-26 19:03:00,,747
PAY0000409,MER000065,CUS000041,INV0000326,GTW014,PM018,70490,INR,Captured,TXN100000408,2025-06-22 07:11:00,2025-06-22 07:24:00,3454
PAY0000410,MER000028,CUS000244,INV0000227,GTW020,PM017,62340,INR,Captured,TXN100000409,2024-08-06 21:21:00,2024-08-06 21:26:00,4748
PAY0000411,MER000032,CUS000246,INV0000665,GTW002,PM011,50087,INR,Captured,TXN100000410,2024-01-10 03:42:00,2024-01-10 03:46:00,7653
PAY0000412,MER000067,CUS000211,INV0000117,GTW012,PM017,66780,INR,Failed,TXN100000411,2025-01-30 08:34:00,2025-01-30 08:35:00,3800
PAY0000413,MER000022,CUS000249,INV0000304,GTW018,PM018,1060,INR,Captured,TXN100000412,2025-10-29 06:20:00,2025-10-29 06:22:00,5285
PAY0000414,MER000014,CUS000053,INV0000687,GTW018,PM014,84846,INR,Failed,TXN100000413,2025-10-06 06:55:00,2025-10-06 07:09:00,6840
PAY0000415,MER000012,CUS000019,,GTW002,PM006,33118,INR,Failed,TXN100000414,2024-06-06 00:29:00,2024-06-06 00:30:00,4721
PAY0000416,MER000052,CUS000111,INV0000842,GTW011,PM001,51152,INR,Captured,TXN100000415,2024-08-21 08:26:00,2024-08-21 08:37:00,5665
PAY0000417,MER000006,CUS000180,INV0000007,GTW003,PM012,66007,INR,Captured,TXN100000416,2025-10-18 23:39:00,2025-10-18 23:51:00,1019
PAY0000418,MER000057,CUS000098,INV0000703,GTW013,PM001,62226,INR,Captured,TXN100000417,2024-11-04 19:05:00,2024-11-04 19:20:00,1430
PAY0000419,MER000039,CUS000174,INV0000140,GTW012,PM001,72651,INR,Settled,TXN100000418,2025-02-04 17:18:00,2025-02-04 17:21:00,7316
PAY0000420,MER000011,CUS000079,INV0000127,GTW007,PM012,27852,INR,Captured,TXN100000419,2024-02-12 00:36:00,2024-02-12 00:45:00,3530
PAY0000421,MER000033,CUS000050,,GTW004,PM006,88046,INR,Captured,TXN100000420,2025-06-08 04:10:00,2025-06-08 04:20:00,6700
PAY0000422,MER000009,CUS000065,INV0000056,GTW004,PM007,95204,INR,Captured,TXN100000421,2025-07-16 14:41:00,2025-07-16 14:46:00,4906
PAY0000423,MER000037,CUS000159,INV0000339,GTW003,PM007,41752,INR,Failed,TXN100000422,2024-12-31 04:42:00,2024-12-31 04:44:00,4130
PAY0000424,MER000047,CUS000207,INV0000632,GTW011,PM014,22203,INR,Captured,TXN100000423,2025-11-06 09:44:00,2025-11-06 09:54:00,189
PAY0000425,MER000047,CUS000035,INV0000805,GTW011,PM016,60766,INR,Captured,TXN100000424,2024-08-14 22:47:00,2024-08-14 22:52:00,3798
PAY0000426,MER000011,CUS000216,INV0000313,GTW009,PM005,70697,INR,Captured,TXN100000425,2025-05-13 17:06:00,2025-05-13 17:16:00,1759
PAY0000427,MER000065,CUS000162,INV0000908,GTW001,PM019,75977,INR,Captured,TXN100000426,2025-10-03 02:46:00,2025-10-03 02:47:00,3468
PAY0000428,MER000061,CUS000168,INV0000218,GTW005,PM012,51545,INR,Captured,TXN100000427,2024-02-07 17:16:00,2024-02-07 17:25:00,1979
PAY0000429,MER000065,CUS000131,,GTW003,PM013,47792,INR,Captured,TXN100000428,2025-08-26 23:54:00,2025-08-27 00:02:00,4263
PAY0000430,MER000018,CUS000115,INV0000245,GTW006,PM006,74333,INR,Pending,TXN100000429,2025-09-20 21:10:00,,7921
PAY0000431,MER000006,CUS000057,INV0000894,GTW016,PM008,8339,INR,Captured,TXN100000430,2024-05-29 23:46:00,2024-05-29 23:52:00,2315
PAY0000432,MER000047,CUS000100,INV0000044,GTW016,PM015,6186,INR,Authorized,TXN100000431,2025-11-15 06:33:00,,476
PAY0000433,MER000036,CUS000214,,GTW009,PM019,71449,INR,Settled,TXN100000432,2024-11-27 03:45:00,2024-11-27 03:56:00,4820
PAY0000434,MER000010,CUS000133,INV0000670,GTW009,PM013,29315,INR,Failed,TXN100000433,2025-01-22 11:37:00,2025-01-22 11:51:00,4380
PAY0000435,MER000001,CUS000129,INV0000837,GTW005,PM015,21806,INR,Captured,TXN100000434,2024-12-19 15:50:00,2024-12-19 16:00:00,2034
PAY0000436,MER000016,CUS000170,INV0000659,GTW008,PM014,43383,INR,Captured,TXN100000435,2024-10-14 06:09:00,2024-10-14 06:15:00,6050
PAY0000437,MER000053,CUS000006,INV0000692,GTW008,PM002,16862,INR,Captured,TXN100000436,2025-05-05 15:13:00,2025-05-05 15:24:00,4848
PAY0000438,MER000019,CUS000015,INV0000138,GTW006,PM009,23697,INR,Authorized,TXN100000437,2025-10-06 16:02:00,,4382
PAY0000439,MER000037,CUS000243,,GTW003,PM007,58977,INR,Captured,TXN100000438,2025-09-05 18:40:00,2025-09-05 18:52:00,5118
PAY0000440,MER000019,CUS000204,,GTW019,PM006,81785,INR,Pending,TXN100000439,2025-05-08 05:14:00,,5553
PAY0000441,MER000049,CUS000099,INV0000172,GTW005,PM004,2270,INR,Captured,TXN100000440,2024-12-16 14:38:00,2024-12-16 14:42:00,1807
PAY0000442,MER000013,CUS000046,INV0000932,GTW016,PM020,78718,INR,Pending,TXN100000441,2025-05-31 21:26:00,,469
PAY0000443,MER000017,CUS000231,,GTW020,PM018,257,INR,Captured,TXN100000442,2025-06-28 16:48:00,2025-06-28 16:56:00,7497
PAY0000444,MER000006,CUS000179,,GTW017,PM014,30179,INR,Captured,TXN100000443,2025-11-25 20:27:00,2025-11-25 20:33:00,7837
PAY0000445,MER000013,CUS000109,INV0000809,GTW005,PM009,62639,INR,Pending,TXN100000444,2025-01-25 11:37:00,,6423
PAY0000446,MER000053,CUS000066,INV0000880,GTW007,PM001,93049,INR,Authorized,TXN100000445,2024-03-26 09:38:00,,6241
PAY0000447,MER000027,CUS000177,INV0000592,GTW011,PM014,47583,INR,Captured,TXN100000446,2025-06-19 03:33:00,2025-06-19 03:44:00,1023
PAY0000448,MER000055,CUS000145,INV0000668,GTW012,PM020,36218,INR,Authorized,TXN100000447,2025-08-22 08:16:00,,5725
PAY0000449,MER000048,CUS000144,INV0000209,GTW018,PM016,33363,INR,Captured,TXN100000448,2025-02-27 17:50:00,2025-02-27 17:53:00,2662
PAY0000450,MER000016,CUS000192,INV0000793,GTW008,PM015,91760,INR,Authorized,TXN100000449,2025-02-11 23:08:00,,7926
PAY0000451,MER000007,CUS000042,INV0000220,GTW013,PM001,12039,INR,Captured,TXN100000450,2025-06-04 12:50:00,2025-06-04 12:59:00,6894
PAY0000452,MER000048,CUS000021,INV0000949,GTW020,PM002,95060,INR,Captured,TXN100000451,2025-09-06 13:05:00,2025-09-06 13:09:00,3298
PAY0000453,MER000008,CUS000243,,GTW006,PM016,57636,INR,Captured,TXN100000452,2025-02-14 19:41:00,2025-02-14 19:53:00,237
PAY0000454,MER000066,CUS000133,INV0000673,GTW008,PM020,22314,INR,Captured,TXN100000453,2025-06-14 09:12:00,2025-06-14 09:22:00,5671
PAY0000455,MER000052,CUS000091,INV0000245,GTW013,PM013,76918,INR,Captured,TXN100000454,2025-11-01 00:10:00,2025-11-01 00:15:00,1790
PAY0000456,MER000045,CUS000089,INV0000755,GTW009,PM008,79577,INR,Captured,TXN100000455,2024-03-11 02:35:00,2024-03-11 02:49:00,1743
PAY0000457,MER000014,CUS000144,INV0000414,GTW003,PM017,38668,INR,Captured,TXN100000456,2025-08-11 00:16:00,2025-08-11 00:25:00,2935
PAY0000458,MER000033,CUS000178,,GTW015,PM013,73915,INR,Captured,TXN100000457,2025-06-09 08:56:00,2025-06-09 09:09:00,4111
PAY0000459,MER000004,CUS000124,INV0000776,GTW004,PM009,8954,INR,Captured,TXN100000458,2024-12-13 14:43:00,2024-12-13 14:53:00,3284
PAY0000460,MER000053,CUS000245,INV0000226,GTW012,PM017,70308,INR,Pending,TXN100000459,2025-11-24 22:14:00,,229
PAY0000461,MER000044,CUS000020,INV0000270,GTW018,PM006,62563,INR,Captured,TXN100000460,2024-09-11 09:05:00,2024-09-11 09:17:00,2721
PAY0000462,MER000025,CUS000128,INV0000916,GTW007,PM008,96494,INR,Authorized,TXN100000461,2025-08-10 08:11:00,,2132
PAY0000463,MER000046,CUS000040,,GTW004,PM004,10387,INR,Pending,TXN100000462,2024-07-30 07:12:00,,5686
PAY0000464,MER000070,CUS000246,,GTW002,PM016,48753,INR,Pending,TXN100000463,2025-05-19 19:00:00,,5234
PAY0000465,MER000066,CUS000072,INV0000920,GTW013,PM008,98426,INR,Captured,TXN100000464,2025-08-11 08:31:00,2025-08-11 08:44:00,4874
PAY0000466,MER000051,CUS000221,INV0000539,GTW006,PM015,15876,INR,Captured,TXN100000465,2025-03-09 15:34:00,2025-03-09 15:40:00,5870
PAY0000467,MER000013,CUS000084,INV0000324,GTW012,PM020,34139,INR,Captured,TXN100000466,2024-01-09 00:43:00,2024-01-09 00:53:00,1683
PAY0000468,MER000064,CUS000109,INV0000243,GTW007,PM014,91943,INR,Captured,TXN100000467,2024-10-02 15:39:00,2024-10-02 15:42:00,6311
PAY0000469,MER000030,CUS000209,INV0000875,GTW004,PM009,31007,INR,Captured,TXN100000468,2025-02-14 08:28:00,2025-02-14 08:31:00,4699
PAY0000470,MER000061,CUS000207,INV0000391,GTW001,PM006,55349,INR,Settled,TXN100000469,2024-07-19 04:51:00,2024-07-19 04:54:00,4242
PAY0000471,MER000063,CUS000077,INV0000915,GTW009,PM018,74527,INR,Failed,TXN100000470,2025-10-07 16:34:00,2025-10-07 16:47:00,540
PAY0000472,MER000061,CUS000215,INV0000708,GTW004,PM015,97695,INR,Pending,TXN100000471,2024-06-16 01:13:00,,2891
PAY0000473,MER000045,CUS000006,INV0000369,GTW014,PM004,46118,INR,Pending,TXN100000472,2025-07-27 17:59:00,,7255
PAY0000474,MER000023,CUS000200,INV0000621,GTW010,PM012,42710,INR,Captured,TXN100000473,2024-07-22 18:36:00,2024-07-22 18:45:00,5664
PAY0000475,MER000019,CUS000223,INV0000794,GTW006,PM011,55388,INR,Captured,TXN100000474,2025-04-02 02:24:00,2025-04-02 02:32:00,5321
PAY0000476,MER000041,CUS000168,INV0000415,GTW010,PM009,79449,INR,Captured,TXN100000475,2024-03-14 02:10:00,2024-03-14 02:16:00,5430
PAY0000477,MER000053,CUS000043,INV0000909,GTW006,PM001,16489,INR,Captured,TXN100000476,2025-03-31 11:47:00,2025-03-31 11:55:00,6111
PAY0000478,MER000009,CUS000240,INV0000258,GTW016,PM018,7155,INR,Captured,TXN100000477,2024-03-22 06:10:00,2024-03-22 06:12:00,365
PAY0000479,MER000050,CUS000080,INV0000537,GTW008,PM008,96777,INR,Captured,TXN100000478,2024-03-26 03:16:00,2024-03-26 03:18:00,2477
PAY0000480,MER000046,CUS000221,INV0000130,GTW011,PM016,61335,INR,Captured,TXN100000479,2024-05-14 16:53:00,2024-05-14 16:54:00,7284
PAY0000481,MER000070,CUS000046,INV0000279,GTW019,PM020,59940,INR,Settled,TXN100000480,2025-07-15 14:08:00,2025-07-15 14:20:00,5319
PAY0000482,MER000040,CUS000233,INV0000899,GTW012,PM016,70835,INR,Captured,TXN100000481,2025-07-31 13:33:00,2025-07-31 13:42:00,2010
PAY0000483,MER000002,CUS000001,INV0000453,GTW017,PM005,45173,INR,Captured,TXN100000482,2024-11-11 11:26:00,2024-11-11 11:31:00,2499
PAY0000484,MER000038,CUS000153,INV0000009,GTW008,PM001,71955,INR,Captured,TXN100000483,2025-05-18 15:19:00,2025-05-18 15:26:00,3210
PAY0000485,MER000050,CUS000213,INV0000904,GTW013,PM008,34569,INR,Captured,TXN100000484,2025-07-28 13:25:00,2025-07-28 13:37:00,798
PAY0000486,MER000037,CUS000167,INV0000246,GTW018,PM009,54220,INR,Failed,TXN100000485,2025-06-13 19:51:00,2025-06-13 19:56:00,1690
PAY0000487,MER000058,CUS000070,,GTW020,PM016,24713,INR,Captured,TXN100000486,2024-07-05 04:18:00,2024-07-05 04:26:00,2776
PAY0000488,MER000035,CUS000033,INV0000051,GTW015,PM001,30614,INR,Settled,TXN100000487,2025-07-01 00:11:00,2025-07-01 00:16:00,888
PAY0000489,MER000064,CUS000096,INV0000506,GTW015,PM002,43386,INR,Captured,TXN100000488,2024-08-10 10:26:00,2024-08-10 10:39:00,807
PAY0000490,MER000010,CUS000140,INV0000975,GTW016,PM006,25291,INR,Pending,TXN100000489,2024-05-29 01:17:00,,7487
PAY0000491,MER000032,CUS000099,INV0000837,GTW015,PM008,96781,INR,Settled,TXN100000490,2025-01-25 00:07:00,2025-01-25 00:19:00,424
PAY0000492,MER000050,CUS000175,INV0000753,GTW010,PM011,20889,INR,Settled,TXN100000491,2024-04-06 16:42:00,2024-04-06 16:50:00,5304
PAY0000493,MER000039,CUS000051,INV0000763,GTW012,PM002,87485,INR,Captured,TXN100000492,2025-07-16 16:07:00,2025-07-16 16:18:00,1934
PAY0000494,MER000036,CUS000150,,GTW004,PM013,31962,INR,Captured,TXN100000493,2024-08-29 20:27:00,2024-08-29 20:30:00,223
PAY0000495,MER000048,CUS000198,,GTW003,PM008,20769,INR,Failed,TXN100000494,2025-08-18 22:30:00,2025-08-18 22:33:00,4245
PAY0000496,MER000020,CUS000180,INV0000634,GTW018,PM004,16592,INR,Captured,TXN100000495,2024-12-12 20:03:00,2024-12-12 20:14:00,4146
PAY0000497,MER000025,CUS000006,INV0000572,GTW013,PM012,95048,INR,Authorized,TXN100000496,2025-10-22 11:51:00,,1253
PAY0000498,MER000063,CUS000049,INV0000041,GTW019,PM006,71353,INR,Captured,TXN100000497,2025-05-11 22:28:00,2025-05-11 22:37:00,2998
PAY0000499,MER000021,CUS000018,INV0000480,GTW017,PM005,59001,INR,Authorized,TXN100000498,2024-10-08 19:58:00,,2572
PAY0000500,MER000065,CUS000098,INV0000555,GTW006,PM001,81329,INR,Pending,TXN100000499,2025-01-10 14:00:00,,7169
PAY0000501,MER000050,CUS000049,INV0000636,GTW017,PM016,72381,INR,Captured,TXN100000500,2024-09-01 10:46:00,2024-09-01 10:55:00,1412
PAY0000502,MER000009,CUS000012,INV0000331,GTW005,PM006,4199,INR,Captured,TXN100000501,2025-02-23 20:20:00,2025-02-23 20:29:00,1805
PAY0000503,MER000063,CUS000135,INV0000197,GTW020,PM019,33646,INR,Captured,TXN100000502,2024-04-11 01:36:00,2024-04-11 01:43:00,552
PAY0000504,MER000063,CUS000238,INV0000621,GTW003,PM015,83844,INR,Authorized,TXN100000503,2024-03-13 00:59:00,,647
PAY0000505,MER000035,CUS000136,INV0000762,GTW002,PM003,39933,INR,Failed,TXN100000504,2025-03-01 11:50:00,2025-03-01 12:04:00,788
PAY0000506,MER000050,CUS000049,,GTW007,PM017,86198,INR,Failed,TXN100000505,2025-06-15 03:06:00,2025-06-15 03:15:00,2187
PAY0000507,MER000014,CUS000197,INV0000971,GTW019,PM012,88507,INR,Captured,TXN100000506,2024-07-02 17:47:00,2024-07-02 17:59:00,3907
PAY0000508,MER000065,CUS000087,INV0000438,GTW006,PM018,78732,INR,Captured,TXN100000507,2024-04-16 05:50:00,2024-04-16 05:57:00,3779
PAY0000509,MER000053,CUS000196,,GTW014,PM011,79845,INR,Pending,TXN100000508,2024-11-18 17:20:00,,2121
PAY0000510,MER000058,CUS000115,INV0000220,GTW013,PM001,95299,INR,Failed,TXN100000509,2025-01-19 17:59:00,2025-01-19 18:05:00,433
PAY0000511,MER000039,CUS000002,,GTW010,PM008,28257,INR,Captured,TXN100000510,2025-09-02 00:33:00,2025-09-02 00:48:00,7160
PAY0000512,MER000020,CUS000025,INV0000791,GTW002,PM015,46716,INR,Captured,TXN100000511,2024-10-09 17:32:00,2024-10-09 17:47:00,1428
PAY0000513,MER000012,CUS000147,INV0000376,GTW013,PM019,28599,INR,Captured,TXN100000512,2025-08-19 07:14:00,2025-08-19 07:19:00,6165
PAY0000514,MER000013,CUS000153,INV0000333,GTW010,PM002,95886,INR,Pending,TXN100000513,2025-05-09 05:31:00,,6771
PAY0000515,MER000056,CUS000107,INV0000081,GTW004,PM008,98099,INR,Authorized,TXN100000514,2024-02-27 10:22:00,,5497
PAY0000516,MER000040,CUS000135,INV0000951,GTW002,PM011,70869,INR,Captured,TXN100000515,2024-01-12 20:49:00,2024-01-12 20:50:00,4777
PAY0000517,MER000058,CUS000193,INV0000515,GTW020,PM019,66255,INR,Failed,TXN100000516,2024-08-14 04:03:00,2024-08-14 04:10:00,887
PAY0000518,MER000007,CUS000141,INV0000297,GTW013,PM009,11251,INR,Captured,TXN100000517,2025-02-07 04:08:00,2025-02-07 04:16:00,3414
PAY0000519,MER000051,CUS000167,INV0000793,GTW019,PM007,73653,INR,Captured,TXN100000518,2024-05-13 04:30:00,2024-05-13 04:38:00,5196
PAY0000520,MER000056,CUS000083,,GTW019,PM003,14849,INR,Captured,TXN100000519,2025-06-20 07:15:00,2025-06-20 07:28:00,5652
PAY0000521,MER000004,CUS000198,INV0000375,GTW010,PM006,45938,INR,Captured,TXN100000520,2024-12-22 06:20:00,2024-12-22 06:31:00,5198
PAY0000522,MER000030,CUS000052,INV0000823,GTW012,PM005,99417,INR,Captured,TXN100000521,2025-03-28 19:09:00,2025-03-28 19:24:00,6117
PAY0000523,MER000019,CUS000223,,GTW010,PM001,45093,INR,Captured,TXN100000522,2024-04-25 23:03:00,2024-04-25 23:13:00,5833
PAY0000524,MER000069,CUS000055,INV0000313,GTW007,PM018,68685,INR,Captured,TXN100000523,2025-04-05 15:01:00,2025-04-05 15:13:00,6296
PAY0000525,MER000003,CUS000097,INV0000495,GTW019,PM017,5799,INR,Failed,TXN100000524,2025-09-29 23:09:00,2025-09-29 23:20:00,2242
PAY0000526,MER000002,CUS000018,INV0000291,GTW013,PM009,86998,INR,Captured,TXN100000525,2024-07-24 22:39:00,2024-07-24 22:47:00,7130
PAY0000527,MER000050,CUS000060,,GTW013,PM017,93120,INR,Captured,TXN100000526,2025-01-03 03:01:00,2025-01-03 03:16:00,965
PAY0000528,MER000065,CUS000248,,GTW015,PM018,93484,INR,Captured,TXN100000527,2025-05-11 19:34:00,2025-05-11 19:38:00,326
PAY0000529,MER000021,CUS000005,INV0000945,GTW012,PM012,46680,INR,Captured,TXN100000528,2025-06-26 09:21:00,2025-06-26 09:33:00,5271
PAY0000530,MER000004,CUS000242,INV0000514,GTW018,PM009,29667,INR,Captured,TXN100000529,2024-10-09 01:40:00,2024-10-09 01:47:00,1392
PAY0000531,MER000030,CUS000107,INV0000403,GTW008,PM019,20121,INR,Failed,TXN100000530,2025-11-03 04:05:00,2025-11-03 04:14:00,3643
PAY0000532,MER000018,CUS000149,,GTW018,PM007,18202,INR,Captured,TXN100000531,2025-09-11 10:28:00,2025-09-11 10:32:00,2681
PAY0000533,MER000019,CUS000168,INV0000921,GTW019,PM006,41714,INR,Settled,TXN100000532,2025-06-20 04:27:00,2025-06-20 04:40:00,705
PAY0000534,MER000019,CUS000187,INV0000972,GTW001,PM011,54369,INR,Pending,TXN100000533,2024-05-01 05:20:00,,3518
PAY0000535,MER000014,CUS000034,INV0000764,GTW006,PM001,80313,INR,Captured,TXN100000534,2025-10-14 23:17:00,2025-10-14 23:21:00,5204
PAY0000536,MER000004,CUS000092,INV0000581,GTW003,PM016,17675,INR,Captured,TXN100000535,2025-09-19 07:38:00,2025-09-19 07:49:00,4265
PAY0000537,MER000063,CUS000122,INV0000481,GTW005,PM006,25430,INR,Authorized,TXN100000536,2025-10-27 11:11:00,,2003
PAY0000538,MER000026,CUS000194,INV0000783,GTW007,PM003,23309,INR,Captured,TXN100000537,2024-01-16 08:26:00,2024-01-16 08:37:00,7744
PAY0000539,MER000059,CUS000228,,GTW008,PM014,53166,INR,Failed,TXN100000538,2025-03-25 19:31:00,2025-03-25 19:45:00,6508
PAY0000540,MER000069,CUS000135,INV0000753,GTW002,PM017,14428,INR,Captured,TXN100000539,2025-01-24 23:20:00,2025-01-24 23:32:00,3849
PAY0000541,MER000006,CUS000143,INV0000899,GTW013,PM017,82760,INR,Captured,TXN100000540,2024-02-13 07:33:00,2024-02-13 07:45:00,553
PAY0000542,MER000060,CUS000043,INV0000451,GTW014,PM010,80464,INR,Pending,TXN100000541,2025-02-11 09:49:00,,7678
PAY0000543,MER000065,CUS000029,INV0000530,GTW006,PM019,91341,INR,Captured,TXN100000542,2024-05-25 14:53:00,2024-05-25 14:55:00,4626
PAY0000544,MER000026,CUS000226,INV0000424,GTW015,PM003,32878,INR,Captured,TXN100000543,2024-11-27 14:01:00,2024-11-27 14:11:00,2804
PAY0000545,MER000058,CUS000163,INV0000929,GTW012,PM003,68757,INR,Captured,TXN100000544,2024-06-16 22:46:00,2024-06-16 22:48:00,5944
PAY0000546,MER000006,CUS000197,INV0000811,GTW006,PM011,74220,INR,Captured,TXN100000545,2025-06-07 19:10:00,2025-06-07 19:17:00,7287
PAY0000547,MER000007,CUS000108,INV0000154,GTW010,PM010,95803,INR,Pending,TXN100000546,2024-06-15 04:11:00,,6446
PAY0000548,MER000026,CUS000001,,GTW020,PM009,1700,INR,Captured,TXN100000547,2024-10-22 20:11:00,2024-10-22 20:14:00,3907
PAY0000549,MER000031,CUS000056,INV0000511,GTW019,PM016,59572,INR,Authorized,TXN100000548,2025-07-10 00:38:00,,3509
PAY0000550,MER000036,CUS000159,INV0000616,GTW018,PM007,6511,INR,Authorized,TXN100000549,2025-09-06 00:15:00,,1664
PAY0000551,MER000039,CUS000085,INV0000669,GTW003,PM002,14372,INR,Authorized,TXN100000550,2024-12-23 01:09:00,,3565
PAY0000552,MER000023,CUS000248,,GTW015,PM019,47310,INR,Captured,TXN100000551,2024-06-14 21:18:00,2024-06-14 21:30:00,7780
PAY0000553,MER000009,CUS000195,INV0000787,GTW014,PM018,8609,INR,Authorized,TXN100000552,2024-11-02 10:23:00,,2548
PAY0000554,MER000027,CUS000157,INV0000125,GTW002,PM004,74990,INR,Captured,TXN100000553,2024-10-08 10:33:00,2024-10-08 10:37:00,6127
PAY0000555,MER000037,CUS000110,,GTW020,PM011,34134,INR,Failed,TXN100000554,2025-06-25 02:30:00,2025-06-25 02:40:00,4454
PAY0000556,MER000064,CUS000127,INV0000639,GTW006,PM020,30603,INR,Captured,TXN100000555,2024-12-28 04:39:00,2024-12-28 04:48:00,5954
PAY0000557,MER000016,CUS000189,INV0000199,GTW007,PM020,54446,INR,Captured,TXN100000556,2024-01-02 03:01:00,2024-01-02 03:14:00,3541
PAY0000558,MER000037,CUS000066,INV0000359,GTW003,PM010,39458,INR,Captured,TXN100000557,2025-07-27 20:13:00,2025-07-27 20:17:00,4300
PAY0000559,MER000004,CUS000214,INV0000786,GTW006,PM007,43421,INR,Captured,TXN100000558,2024-01-07 03:43:00,2024-01-07 03:50:00,6980
PAY0000560,MER000062,CUS000040,INV0000689,GTW015,PM018,44023,INR,Captured,TXN100000559,2025-05-05 15:51:00,2025-05-05 15:54:00,3938
PAY0000561,MER000041,CUS000143,INV0000424,GTW018,PM001,27397,INR,Captured,TXN100000560,2024-02-27 16:19:00,2024-02-27 16:30:00,4880
PAY0000562,MER000044,CUS000097,INV0000819,GTW018,PM006,74939,INR,Captured,TXN100000561,2024-12-28 02:09:00,2024-12-28 02:10:00,5111
PAY0000563,MER000005,CUS000070,INV0000610,GTW014,PM003,65249,INR,Authorized,TXN100000562,2024-04-29 09:45:00,,7334
PAY0000564,MER000048,CUS000201,INV0000463,GTW002,PM007,12237,INR,Captured,TXN100000563,2024-11-05 06:33:00,2024-11-05 06:35:00,3785
PAY0000565,MER000062,CUS000188,INV0000819,GTW017,PM010,43004,INR,Captured,TXN100000564,2025-05-09 16:09:00,2025-05-09 16:24:00,1323
PAY0000566,MER000059,CUS000100,INV0000101,GTW017,PM004,638,INR,Captured,TXN100000565,2025-06-12 21:08:00,2025-06-12 21:09:00,2697
PAY0000567,MER000014,CUS000134,,GTW010,PM001,75801,INR,Captured,TXN100000566,2025-08-31 02:21:00,2025-08-31 02:22:00,6363
PAY0000568,MER000069,CUS000082,INV0000914,GTW015,PM004,35837,INR,Captured,TXN100000567,2024-08-02 10:12:00,2024-08-02 10:17:00,1373
PAY0000569,MER000070,CUS000090,INV0000118,GTW018,PM011,35627,INR,Captured,TXN100000568,2024-01-16 19:35:00,2024-01-16 19:39:00,1309
PAY0000570,MER000044,CUS000139,,GTW015,PM002,17149,INR,Captured,TXN100000569,2024-10-17 18:15:00,2024-10-17 18:20:00,387
PAY0000571,MER000051,CUS000046,INV0000692,GTW020,PM019,82605,INR,Captured,TXN100000570,2024-02-21 03:24:00,2024-02-21 03:31:00,6999
PAY0000572,MER000069,CUS000021,INV0000457,GTW015,PM019,17374,INR,Captured,TXN100000571,2025-09-23 11:19:00,2025-09-23 11:23:00,911
PAY0000573,MER000060,CUS000121,INV0000942,GTW008,PM008,18937,INR,Captured,TXN100000572,2025-04-24 03:29:00,2025-04-24 03:40:00,7204
PAY0000574,MER000043,CUS000202,,GTW011,PM015,63998,INR,Captured,TXN100000573,2024-09-21 11:25:00,2024-09-21 11:40:00,397
PAY0000575,MER000037,CUS000197,INV0000116,GTW012,PM020,75424,INR,Pending,TXN100000574,2024-12-25 15:29:00,,1193
PAY0000576,MER000039,CUS000137,INV0000416,GTW015,PM013,77502,INR,Captured,TXN100000575,2024-04-19 10:35:00,2024-04-19 10:48:00,3536
PAY0000577,MER000027,CUS000209,INV0000250,GTW019,PM014,57162,INR,Captured,TXN100000576,2025-07-15 05:30:00,2025-07-15 05:36:00,4796
PAY0000578,MER000063,CUS000030,INV0000558,GTW019,PM020,60774,INR,Failed,TXN100000577,2024-08-29 05:42:00,2024-08-29 05:54:00,2815
PAY0000579,MER000014,CUS000176,INV0000842,GTW020,PM013,43014,INR,Settled,TXN100000578,2025-03-31 05:19:00,2025-03-31 05:21:00,4199
PAY0000580,MER000001,CUS000194,INV0000063,GTW005,PM005,59472,INR,Captured,TXN100000579,2024-04-02 06:52:00,2024-04-02 07:02:00,4502
PAY0000581,MER000041,CUS000077,INV0000631,GTW019,PM010,57080,INR,Captured,TXN100000580,2025-08-14 14:12:00,2025-08-14 14:27:00,6030
PAY0000582,MER000052,CUS000217,,GTW005,PM010,8280,INR,Captured,TXN100000581,2024-12-18 02:37:00,2024-12-18 02:46:00,3174
PAY0000583,MER000015,CUS000221,,GTW010,PM001,30933,INR,Captured,TXN100000582,2024-02-24 00:45:00,2024-02-24 00:51:00,3686
PAY0000584,MER000056,CUS000140,INV0000404,GTW007,PM006,62342,INR,Captured,TXN100000583,2025-10-02 10:45:00,2025-10-02 10:52:00,1289
PAY0000585,MER000017,CUS000035,INV0000394,GTW001,PM003,85085,INR,Captured,TXN100000584,2025-01-03 13:09:00,2025-01-03 13:23:00,278
PAY0000586,MER000011,CUS000036,INV0000907,GTW014,PM015,91246,INR,Settled,TXN100000585,2025-05-13 21:27:00,2025-05-13 21:30:00,5101
PAY0000587,MER000058,CUS000099,,GTW012,PM008,24452,INR,Captured,TXN100000586,2025-09-30 05:29:00,2025-09-30 05:38:00,3629
PAY0000588,MER000053,CUS000238,INV0000592,GTW018,PM019,48199,INR,Failed,TXN100000587,2025-05-25 23:15:00,2025-05-25 23:20:00,424
PAY0000589,MER000062,CUS000247,,GTW003,PM005,95806,INR,Captured,TXN100000588,2025-08-04 15:45:00,2025-08-04 15:55:00,6140
PAY0000590,MER000012,CUS000063,INV0000880,GTW016,PM003,89762,INR,Captured,TXN100000589,2024-10-13 14:33:00,2024-10-13 14:48:00,5341
PAY0000591,MER000069,CUS000200,INV0000594,GTW001,PM016,59611,INR,Authorized,TXN100000590,2024-11-15 19:03:00,,4349
PAY0000592,MER000038,CUS000075,,GTW006,PM002,91201,INR,Captured,TXN100000591,2025-08-10 23:21:00,2025-08-10 23:34:00,7710
PAY0000593,MER000022,CUS000147,INV0000312,GTW002,PM010,96749,INR,Captured,TXN100000592,2025-07-31 08:03:00,2025-07-31 08:13:00,5264
PAY0000594,MER000036,CUS000065,INV0000497,GTW005,PM020,36927,INR,Captured,TXN100000593,2024-03-25 04:32:00,2024-03-25 04:45:00,2404
PAY0000595,MER000020,CUS000169,,GTW015,PM012,23089,INR,Captured,TXN100000594,2024-01-15 23:07:00,2024-01-15 23:22:00,2290
PAY0000596,MER000044,CUS000022,INV0000242,GTW005,PM020,20304,INR,Captured,TXN100000595,2025-05-11 05:51:00,2025-05-11 05:52:00,7011
PAY0000597,MER000022,CUS000054,INV0000423,GTW019,PM012,7220,INR,Captured,TXN100000596,2025-01-27 07:42:00,2025-01-27 07:53:00,5411
PAY0000598,MER000039,CUS000122,INV0000840,GTW018,PM008,49881,INR,Captured,TXN100000597,2024-04-28 01:10:00,2024-04-28 01:18:00,5749
PAY0000599,MER000002,CUS000074,INV0000486,GTW015,PM013,89031,INR,Authorized,TXN100000598,2024-09-25 04:33:00,,2736
PAY0000600,MER000046,CUS000245,,GTW014,PM020,85567,INR,Authorized,TXN100000599,2025-11-30 01:06:00,,7181
PAY0000601,MER000060,CUS000198,INV0000277,GTW008,PM019,25649,INR,Failed,TXN100000600,2024-09-30 03:16:00,2024-09-30 03:23:00,4409
PAY0000602,MER000009,CUS000004,INV0000707,GTW014,PM004,68947,INR,Captured,TXN100000601,2024-07-03 10:35:00,2024-07-03 10:36:00,1001
PAY0000603,MER000004,CUS000159,INV0000360,GTW003,PM002,77974,INR,Captured,TXN100000602,2024-08-12 23:18:00,2024-08-12 23:19:00,5528
PAY0000604,MER000012,CUS000220,,GTW020,PM005,49377,INR,Captured,TXN100000603,2024-08-10 19:40:00,2024-08-10 19:42:00,5527
PAY0000605,MER000033,CUS000076,INV0000664,GTW015,PM003,83826,INR,Captured,TXN100000604,2025-08-02 05:57:00,2025-08-02 06:00:00,3864
PAY0000606,MER000042,CUS000066,,GTW006,PM003,36444,INR,Authorized,TXN100000605,2024-10-10 13:44:00,,6516
PAY0000607,MER000023,CUS000113,INV0000398,GTW003,PM016,26402,INR,Settled,TXN100000606,2024-12-06 01:16:00,2024-12-06 01:21:00,5149
PAY0000608,MER000028,CUS000158,INV0000661,GTW004,PM015,93868,INR,Captured,TXN100000607,2025-05-18 03:09:00,2025-05-18 03:16:00,2271
PAY0000609,MER000003,CUS000230,INV0000075,GTW016,PM005,85672,INR,Captured,TXN100000608,2024-03-13 18:46:00,2024-03-13 18:54:00,5395
PAY0000610,MER000051,CUS000148,INV0000039,GTW001,PM017,92847,INR,Captured,TXN100000609,2025-11-11 12:17:00,2025-11-11 12:23:00,7849
PAY0000611,MER000009,CUS000139,INV0000490,GTW008,PM001,50487,INR,Failed,TXN100000610,2025-03-22 12:54:00,2025-03-22 13:07:00,7966
PAY0000612,MER000043,CUS000175,INV0000799,GTW010,PM013,7334,INR,Captured,TXN100000611,2025-05-08 03:36:00,2025-05-08 03:42:00,5329
PAY0000613,MER000011,CUS000216,,GTW015,PM010,85007,INR,Captured,TXN100000612,2025-10-24 02:23:00,2025-10-24 02:29:00,1813
PAY0000614,MER000014,CUS000162,INV0000041,GTW012,PM016,11223,INR,Captured,TXN100000613,2025-01-28 21:12:00,2025-01-28 21:19:00,7401
PAY0000615,MER000031,CUS000126,INV0000753,GTW013,PM003,70951,INR,Captured,TXN100000614,2024-07-13 04:02:00,2024-07-13 04:14:00,5420
PAY0000616,MER000006,CUS000104,INV0000547,GTW004,PM007,85801,INR,Captured,TXN100000615,2025-04-05 00:02:00,2025-04-05 00:08:00,5616
PAY0000617,MER000010,CUS000010,INV0000963,GTW005,PM016,85799,INR,Failed,TXN100000616,2025-11-25 17:09:00,2025-11-25 17:13:00,306
PAY0000618,MER000002,CUS000045,INV0000941,GTW002,PM010,12852,INR,Failed,TXN100000617,2025-09-25 01:15:00,2025-09-25 01:18:00,3887
PAY0000619,MER000015,CUS000128,INV0000856,GTW020,PM020,29010,INR,Pending,TXN100000618,2025-08-28 02:52:00,,666
PAY0000620,MER000070,CUS000036,INV0000437,GTW011,PM007,6075,INR,Captured,TXN100000619,2024-12-11 23:43:00,2024-12-11 23:45:00,5008
PAY0000621,MER000022,CUS000179,INV0000065,GTW012,PM018,21727,INR,Pending,TXN100000620,2024-05-03 08:09:00,,3743
PAY0000622,MER000049,CUS000200,INV0000596,GTW006,PM001,63927,INR,Pending,TXN100000621,2024-02-11 04:06:00,,811
PAY0000623,MER000054,CUS000178,INV0000184,GTW016,PM005,27121,INR,Captured,TXN100000622,2024-04-01 22:41:00,2024-04-01 22:46:00,1322
PAY0000624,MER000005,CUS000153,INV0000536,GTW006,PM016,80322,INR,Authorized,TXN100000623,2025-04-06 13:15:00,,7934
PAY0000625,MER000025,CUS000031,INV0000847,GTW017,PM004,81223,INR,Captured,TXN100000624,2024-11-04 11:26:00,2024-11-04 11:30:00,3114
PAY0000626,MER000027,CUS000071,,GTW002,PM007,14869,INR,Captured,TXN100000625,2025-07-06 16:14:00,2025-07-06 16:25:00,6675
PAY0000627,MER000006,CUS000014,INV0000865,GTW012,PM010,27571,INR,Captured,TXN100000626,2025-04-30 15:11:00,2025-04-30 15:26:00,3710
PAY0000628,MER000069,CUS000046,INV0000632,GTW006,PM001,63677,INR,Failed,TXN100000627,2025-04-09 01:06:00,2025-04-09 01:21:00,4368
PAY0000629,MER000054,CUS000051,INV0000917,GTW011,PM008,14535,INR,Captured,TXN100000628,2024-08-28 23:28:00,2024-08-28 23:34:00,2821
PAY0000630,MER000010,CUS000121,INV0000243,GTW019,PM016,7222,INR,Authorized,TXN100000629,2025-02-26 06:24:00,,7444
PAY0000631,MER000059,CUS000185,INV0000222,GTW007,PM012,35449,INR,Captured,TXN100000630,2025-09-16 14:11:00,2025-09-16 14:14:00,1806
PAY0000632,MER000060,CUS000118,INV0000033,GTW014,PM006,99759,INR,Captured,TXN100000631,2025-08-05 01:17:00,2025-08-05 01:31:00,2964
PAY0000633,MER000022,CUS000148,INV0000303,GTW018,PM008,11434,INR,Pending,TXN100000632,2025-09-10 05:50:00,,3522
PAY0000634,MER000036,CUS000004,,GTW014,PM008,32583,INR,Captured,TXN100000633,2025-05-15 06:37:00,2025-05-15 06:45:00,2831
PAY0000635,MER000054,CUS000012,INV0000228,GTW002,PM016,96238,INR,Captured,TXN100000634,2025-08-28 04:58:00,2025-08-28 04:59:00,6446
PAY0000636,MER000013,CUS000116,INV0000436,GTW016,PM008,10990,INR,Pending,TXN100000635,2025-06-27 12:30:00,,4725
PAY0000637,MER000012,CUS000005,INV0000710,GTW016,PM010,21307,INR,Captured,TXN100000636,2025-02-20 06:08:00,2025-02-20 06:12:00,5911
PAY0000638,MER000052,CUS000048,INV0000585,GTW012,PM015,92361,INR,Captured,TXN100000637,2025-08-20 00:29:00,2025-08-20 00:32:00,5338
PAY0000639,MER000005,CUS000076,INV0000643,GTW014,PM009,91595,INR,Failed,TXN100000638,2024-03-13 12:57:00,2024-03-13 13:06:00,7900
PAY0000640,MER000008,CUS000132,INV0000590,GTW012,PM002,14644,INR,Captured,TXN100000639,2024-07-31 21:05:00,2024-07-31 21:11:00,3287
PAY0000641,MER000009,CUS000144,INV0000634,GTW007,PM005,43999,INR,Captured,TXN100000640,2024-02-11 11:23:00,2024-02-11 11:32:00,2104
PAY0000642,MER000027,CUS000193,INV0000665,GTW008,PM011,46330,INR,Captured,TXN100000641,2025-05-04 23:48:00,2025-05-05 00:00:00,7505
PAY0000643,MER000058,CUS000125,INV0000697,GTW017,PM017,16183,INR,Captured,TXN100000642,2025-03-09 08:03:00,2025-03-09 08:09:00,4001
PAY0000644,MER000009,CUS000049,INV0000695,GTW015,PM003,10608,INR,Captured,TXN100000643,2025-06-29 09:28:00,2025-06-29 09:41:00,3350
PAY0000645,MER000019,CUS000128,,GTW005,PM007,68347,INR,Captured,TXN100000644,2024-10-22 02:06:00,2024-10-22 02:08:00,7949
PAY0000646,MER000061,CUS000089,INV0000301,GTW014,PM015,96793,INR,Authorized,TXN100000645,2025-03-02 21:34:00,,5431
PAY0000647,MER000067,CUS000166,INV0000194,GTW011,PM014,75951,INR,Pending,TXN100000646,2024-03-05 00:55:00,,2958
PAY0000648,MER000057,CUS000118,INV0000806,GTW010,PM019,17395,INR,Failed,TXN100000647,2024-11-30 15:37:00,2024-11-30 15:46:00,7508
PAY0000649,MER000007,CUS000038,INV0000176,GTW012,PM010,59859,INR,Captured,TXN100000648,2024-09-23 07:30:00,2024-09-23 07:35:00,7983
PAY0000650,MER000020,CUS000042,INV0000947,GTW008,PM004,5493,INR,Captured,TXN100000649,2024-06-13 22:34:00,2024-06-13 22:37:00,2743
PAY0000651,MER000005,CUS000171,INV0000452,GTW011,PM012,19491,INR,Captured,TXN100000650,2024-09-23 11:11:00,2024-09-23 11:23:00,3204
PAY0000652,MER000052,CUS000239,INV0000999,GTW016,PM005,60136,INR,Captured,TXN100000651,2024-06-15 17:19:00,2024-06-15 17:20:00,7750
PAY0000653,MER000061,CUS000230,INV0000005,GTW010,PM019,87510,INR,Captured,TXN100000652,2025-07-13 16:21:00,2025-07-13 16:26:00,1354
PAY0000654,MER000006,CUS000036,INV0000747,GTW018,PM004,40480,INR,Captured,TXN100000653,2025-03-28 10:44:00,2025-03-28 10:52:00,353
PAY0000655,MER000025,CUS000150,INV0000862,GTW017,PM008,36528,INR,Captured,TXN100000654,2024-08-13 14:22:00,2024-08-13 14:23:00,1753
PAY0000656,MER000051,CUS000050,INV0000552,GTW016,PM011,79158,INR,Settled,TXN100000655,2025-04-01 21:42:00,2025-04-01 21:51:00,5106
PAY0000657,MER000055,CUS000095,INV0000058,GTW013,PM012,1697,INR,Captured,TXN100000656,2025-11-13 11:25:00,2025-11-13 11:39:00,2481
PAY0000658,MER000057,CUS000190,INV0000316,GTW014,PM015,37931,INR,Captured,TXN100000657,2025-04-01 17:05:00,2025-04-01 17:20:00,1491
PAY0000659,MER000012,CUS000037,INV0000994,GTW007,PM010,62308,INR,Captured,TXN100000658,2025-03-10 23:57:00,2025-03-11 00:11:00,7256
PAY0000660,MER000053,CUS000164,INV0000344,GTW009,PM014,23023,INR,Captured,TXN100000659,2024-03-08 18:48:00,2024-03-08 18:49:00,4703
PAY0000661,MER000038,CUS000142,INV0000582,GTW016,PM002,39682,INR,Pending,TXN100000660,2024-05-20 06:11:00,,6986
PAY0000662,MER000001,CUS000040,INV0000506,GTW009,PM010,84058,INR,Captured,TXN100000661,2025-07-26 23:29:00,2025-07-26 23:42:00,6984
PAY0000663,MER000063,CUS000233,INV0000128,GTW008,PM001,15744,INR,Captured,TXN100000662,2025-10-31 21:57:00,2025-10-31 22:00:00,6414
PAY0000664,MER000056,CUS000223,INV0000994,GTW009,PM016,91096,INR,Captured,TXN100000663,2024-03-09 19:47:00,2024-03-09 19:55:00,6853
PAY0000665,MER000008,CUS000038,INV0000525,GTW011,PM015,90969,INR,Captured,TXN100000664,2025-08-12 00:54:00,2025-08-12 01:04:00,1259
PAY0000666,MER000007,CUS000075,INV0000055,GTW010,PM017,83847,INR,Captured,TXN100000665,2024-10-06 11:26:00,2024-10-06 11:32:00,7820
PAY0000667,MER000022,CUS000140,INV0000199,GTW011,PM011,89880,INR,Captured,TXN100000666,2025-10-05 05:48:00,2025-10-05 06:01:00,6702
PAY0000668,MER000019,CUS000004,INV0000702,GTW005,PM017,36985,INR,Captured,TXN100000667,2025-01-06 03:34:00,2025-01-06 03:48:00,3205
PAY0000669,MER000029,CUS000213,INV0000422,GTW007,PM018,80503,INR,Captured,TXN100000668,2024-12-14 05:06:00,2024-12-14 05:15:00,5799
PAY0000670,MER000015,CUS000107,INV0000539,GTW015,PM003,15378,INR,Failed,TXN100000669,2025-06-28 22:35:00,2025-06-28 22:48:00,6857
PAY0000671,MER000057,CUS000228,INV0000018,GTW020,PM017,44932,INR,Failed,TXN100000670,2025-05-06 11:19:00,2025-05-06 11:22:00,1560
PAY0000672,MER000019,CUS000177,INV0000030,GTW008,PM010,16529,INR,Authorized,TXN100000671,2024-05-01 07:08:00,,1869
PAY0000673,MER000010,CUS000005,INV0000081,GTW016,PM014,5672,INR,Pending,TXN100000672,2025-03-11 22:48:00,,1758
PAY0000674,MER000033,CUS000012,INV0000813,GTW003,PM010,87601,INR,Captured,TXN100000673,2025-11-06 16:37:00,2025-11-06 16:39:00,234
PAY0000675,MER000024,CUS000172,INV0000802,GTW012,PM001,11998,INR,Captured,TXN100000674,2024-05-06 19:13:00,2024-05-06 19:17:00,1342
PAY0000676,MER000065,CUS000200,INV0000965,GTW020,PM008,66279,INR,Captured,TXN100000675,2024-10-11 18:22:00,2024-10-11 18:36:00,4821
PAY0000677,MER000037,CUS000044,INV0000840,GTW018,PM001,95172,INR,Captured,TXN100000676,2025-08-15 00:33:00,2025-08-15 00:37:00,958
PAY0000678,MER000024,CUS000113,,GTW004,PM006,46607,INR,Captured,TXN100000677,2025-05-31 22:30:00,2025-05-31 22:40:00,3259
PAY0000679,MER000041,CUS000032,INV0000527,GTW015,PM004,68221,INR,Pending,TXN100000678,2024-08-21 13:07:00,,1263
PAY0000680,MER000064,CUS000030,INV0000370,GTW013,PM010,59992,INR,Captured,TXN100000679,2024-10-22 17:46:00,2024-10-22 17:52:00,5068
PAY0000681,MER000055,CUS000049,INV0000704,GTW003,PM016,89115,INR,Captured,TXN100000680,2025-03-30 07:35:00,2025-03-30 07:49:00,3160
PAY0000682,MER000011,CUS000031,INV0000691,GTW005,PM013,52610,INR,Captured,TXN100000681,2025-05-18 21:06:00,2025-05-18 21:15:00,5843
PAY0000683,MER000026,CUS000153,INV0000105,GTW013,PM004,30622,INR,Settled,TXN100000682,2024-06-21 02:23:00,2024-06-21 02:29:00,7015
PAY0000684,MER000052,CUS000092,INV0000512,GTW016,PM020,53111,INR,Captured,TXN100000683,2024-10-12 22:49:00,2024-10-12 22:54:00,4119
PAY0000685,MER000030,CUS000161,INV0000151,GTW005,PM001,13155,INR,Captured,TXN100000684,2025-04-10 03:07:00,2025-04-10 03:15:00,6194
PAY0000686,MER000042,CUS000040,INV0000070,GTW010,PM020,81788,INR,Settled,TXN100000685,2025-05-25 21:01:00,2025-05-25 21:08:00,939
PAY0000687,MER000064,CUS000126,INV0000677,GTW017,PM009,71198,INR,Captured,TXN100000686,2025-06-16 15:50:00,2025-06-16 15:55:00,2964
PAY0000688,MER000016,CUS000099,INV0000554,GTW015,PM011,49427,INR,Captured,TXN100000687,2025-07-13 00:48:00,2025-07-13 00:55:00,3775
PAY0000689,MER000039,CUS000227,INV0000034,GTW006,PM016,56550,INR,Authorized,TXN100000688,2024-06-30 17:42:00,,1251
PAY0000690,MER000070,CUS000147,INV0000399,GTW016,PM016,73795,INR,Failed,TXN100000689,2025-05-14 03:36:00,2025-05-14 03:47:00,7148
PAY0000691,MER000046,CUS000197,INV0000058,GTW010,PM011,8150,INR,Captured,TXN100000690,2025-02-04 08:31:00,2025-02-04 08:38:00,380
PAY0000692,MER000044,CUS000098,INV0000132,GTW004,PM014,45338,INR,Failed,TXN100000691,2025-01-10 11:51:00,2025-01-10 11:52:00,3077
PAY0000693,MER000011,CUS000234,INV0000058,GTW003,PM010,15103,INR,Captured,TXN100000692,2025-11-08 07:15:00,2025-11-08 07:20:00,2915
PAY0000694,MER000066,CUS000231,INV0000552,GTW014,PM009,2774,INR,Failed,TXN100000693,2024-11-29 01:29:00,2024-11-29 01:36:00,5851
PAY0000695,MER000013,CUS000207,INV0000023,GTW016,PM004,90652,INR,Captured,TXN100000694,2024-11-20 12:36:00,2024-11-20 12:46:00,5680
PAY0000696,MER000047,CUS000249,INV0000509,GTW014,PM007,65236,INR,Captured,TXN100000695,2025-05-29 21:21:00,2025-05-29 21:26:00,5355
PAY0000697,MER000039,CUS000147,INV0000807,GTW013,PM008,81963,INR,Captured,TXN100000696,2024-03-18 17:13:00,2024-03-18 17:14:00,6235
PAY0000698,MER000068,CUS000122,,GTW014,PM007,45623,INR,Captured,TXN100000697,2025-08-15 03:37:00,2025-08-15 03:39:00,6667
PAY0000699,MER000070,CUS000081,INV0000844,GTW007,PM014,52830,INR,Captured,TXN100000698,2024-11-05 16:51:00,2024-11-05 17:02:00,2208
PAY0000700,MER000067,CUS000221,INV0000465,GTW006,PM019,65531,INR,Authorized,TXN100000699,2025-11-18 17:11:00,,1894
PAY0000701,MER000056,CUS000240,INV0000844,GTW019,PM002,68554,INR,Captured,TXN100000700,2025-04-23 08:59:00,2025-04-23 09:12:00,1793
PAY0000702,MER000056,CUS000106,INV0000152,GTW011,PM003,83190,INR,Failed,TXN100000701,2024-09-03 04:47:00,2024-09-03 04:52:00,1817
PAY0000703,MER000031,CUS000104,INV0000274,GTW008,PM004,19755,INR,Captured,TXN100000702,2024-10-20 20:10:00,2024-10-20 20:20:00,1722
PAY0000704,MER000055,CUS000166,INV0000817,GTW002,PM007,20987,INR,Captured,TXN100000703,2024-11-13 14:31:00,2024-11-13 14:38:00,2384
PAY0000705,MER000006,CUS000247,INV0000265,GTW016,PM001,7351,INR,Captured,TXN100000704,2024-10-11 21:35:00,2024-10-11 21:49:00,7191
PAY0000706,MER000053,CUS000230,,GTW012,PM003,52121,INR,Authorized,TXN100000705,2024-11-17 19:19:00,,7876
PAY0000707,MER000016,CUS000134,INV0000863,GTW019,PM017,33104,INR,Captured,TXN100000706,2024-05-23 07:07:00,2024-05-23 07:16:00,4216
PAY0000708,MER000041,CUS000085,,GTW019,PM013,98190,INR,Pending,TXN100000707,2024-08-31 19:07:00,,6244
PAY0000709,MER000057,CUS000105,INV0000434,GTW009,PM019,7430,INR,Captured,TXN100000708,2024-08-11 04:06:00,2024-08-11 04:11:00,4167
PAY0000710,MER000032,CUS000247,INV0000717,GTW009,PM005,47678,INR,Captured,TXN100000709,2024-04-25 10:34:00,2024-04-25 10:45:00,4043
PAY0000711,MER000005,CUS000216,INV0000842,GTW002,PM008,33258,INR,Settled,TXN100000710,2024-11-11 00:41:00,2024-11-11 00:51:00,4677
PAY0000712,MER000057,CUS000100,INV0000655,GTW001,PM013,33593,INR,Captured,TXN100000711,2025-01-06 21:07:00,2025-01-06 21:11:00,2614
PAY0000713,MER000021,CUS000235,INV0000843,GTW015,PM011,84566,INR,Authorized,TXN100000712,2024-08-29 09:13:00,,3478
PAY0000714,MER000043,CUS000184,INV0000281,GTW014,PM004,21116,INR,Failed,TXN100000713,2024-03-23 15:30:00,2024-03-23 15:45:00,5871
PAY0000715,MER000042,CUS000117,INV0000068,GTW001,PM002,84166,INR,Failed,TXN100000714,2024-12-26 13:38:00,2024-12-26 13:47:00,5405
PAY0000716,MER000040,CUS000081,INV0000455,GTW019,PM003,14626,INR,Captured,TXN100000715,2025-10-18 04:00:00,2025-10-18 04:11:00,1442
PAY0000717,MER000041,CUS000116,INV0000731,GTW016,PM005,34267,INR,Captured,TXN100000716,2025-10-26 04:54:00,2025-10-26 05:01:00,1571
PAY0000718,MER000024,CUS000101,INV0000847,GTW013,PM019,29523,INR,Captured,TXN100000717,2024-12-01 09:12:00,2024-12-01 09:18:00,319
PAY0000719,MER000012,CUS000250,,GTW015,PM007,34412,INR,Captured,TXN100000718,2025-07-25 20:39:00,2025-07-25 20:54:00,5894
PAY0000720,MER000020,CUS000023,,GTW012,PM006,74449,INR,Captured,TXN100000719,2024-02-20 12:39:00,2024-02-20 12:44:00,1111
PAY0000721,MER000029,CUS000183,INV0000539,GTW007,PM007,34991,INR,Failed,TXN100000720,2025-03-21 14:52:00,2025-03-21 14:54:00,2508
PAY0000722,MER000037,CUS000187,INV0000392,GTW007,PM014,23741,INR,Captured,TXN100000721,2024-05-13 13:54:00,2024-05-13 13:58:00,3496
PAY0000723,MER000032,CUS000095,INV0000030,GTW019,PM015,11337,INR,Captured,TXN100000722,2024-10-24 08:15:00,2024-10-24 08:30:00,234
PAY0000724,MER000050,CUS000182,INV0000893,GTW014,PM020,33684,INR,Failed,TXN100000723,2024-11-27 22:25:00,2024-11-27 22:37:00,748
PAY0000725,MER000046,CUS000156,INV0000061,GTW020,PM002,802,INR,Captured,TXN100000724,2024-02-23 10:59:00,2024-02-23 11:14:00,2227
PAY0000726,MER000006,CUS000149,INV0000391,GTW006,PM009,22364,INR,Captured,TXN100000725,2024-11-05 12:42:00,2024-11-05 12:57:00,4276
PAY0000727,MER000056,CUS000037,INV0000348,GTW009,PM004,41160,INR,Captured,TXN100000726,2025-04-24 04:05:00,2025-04-24 04:14:00,511
PAY0000728,MER000037,CUS000232,,GTW009,PM020,99919,INR,Captured,TXN100000727,2025-05-26 08:47:00,2025-05-26 08:54:00,7741
PAY0000729,MER000020,CUS000143,INV0000321,GTW015,PM002,24862,INR,Failed,TXN100000728,2025-03-22 05:20:00,2025-03-22 05:28:00,1367
PAY0000730,MER000056,CUS000030,INV0000188,GTW016,PM002,57970,INR,Captured,TXN100000729,2024-02-06 15:16:00,2024-02-06 15:24:00,3070
PAY0000731,MER000019,CUS000032,,GTW012,PM003,26803,INR,Captured,TXN100000730,2025-07-28 15:29:00,2025-07-28 15:43:00,7262
PAY0000732,MER000028,CUS000150,INV0000855,GTW001,PM017,74914,INR,Pending,TXN100000731,2024-06-21 23:32:00,,1629
PAY0000733,MER000004,CUS000073,INV0000079,GTW004,PM013,49063,INR,Captured,TXN100000732,2024-09-09 15:43:00,2024-09-09 15:49:00,4986
PAY0000734,MER000062,CUS000117,,GTW009,PM020,86346,INR,Captured,TXN100000733,2024-04-18 10:09:00,2024-04-18 10:17:00,197
PAY0000735,MER000017,CUS000055,INV0000045,GTW002,PM010,42458,INR,Captured,TXN100000734,2025-11-02 19:28:00,2025-11-02 19:40:00,6688
PAY0000736,MER000023,CUS000062,INV0000073,GTW013,PM003,2788,INR,Captured,TXN100000735,2025-07-14 19:24:00,2025-07-14 19:29:00,7132
PAY0000737,MER000020,CUS000031,INV0000398,GTW010,PM016,56770,INR,Pending,TXN100000736,2025-02-16 09:41:00,,6178
PAY0000738,MER000048,CUS000132,INV0000318,GTW007,PM016,58485,INR,Failed,TXN100000737,2025-09-09 04:22:00,2025-09-09 04:36:00,7403
PAY0000739,MER000048,CUS000158,INV0000275,GTW006,PM014,82765,INR,Captured,TXN100000738,2025-07-30 19:27:00,2025-07-30 19:34:00,3639
PAY0000740,MER000020,CUS000239,INV0000526,GTW016,PM017,82617,INR,Captured,TXN100000739,2024-12-15 14:43:00,2024-12-15 14:54:00,5452
PAY0000741,MER000062,CUS000077,INV0000298,GTW005,PM005,89794,INR,Authorized,TXN100000740,2025-04-24 13:05:00,,7546
PAY0000742,MER000010,CUS000235,INV0000255,GTW002,PM017,14207,INR,Captured,TXN100000741,2025-06-19 13:18:00,2025-06-19 13:27:00,4333
PAY0000743,MER000046,CUS000066,INV0000097,GTW019,PM003,66087,INR,Captured,TXN100000742,2025-04-20 21:46:00,2025-04-20 21:51:00,283
PAY0000744,MER000006,CUS000022,INV0000678,GTW014,PM010,41249,INR,Captured,TXN100000743,2025-04-18 05:50:00,2025-04-18 05:57:00,4960
PAY0000745,MER000044,CUS000248,INV0000776,GTW006,PM007,24359,INR,Pending,TXN100000744,2025-11-17 14:39:00,,790
PAY0000746,MER000001,CUS000102,INV0000619,GTW004,PM001,22609,INR,Captured,TXN100000745,2024-09-22 21:06:00,2024-09-22 21:07:00,5522
PAY0000747,MER000039,CUS000159,INV0000709,GTW020,PM012,90626,INR,Captured,TXN100000746,2025-02-18 21:47:00,2025-02-18 21:55:00,5669
PAY0000748,MER000018,CUS000004,,GTW007,PM004,2182,INR,Captured,TXN100000747,2025-11-22 12:51:00,2025-11-22 12:54:00,5851
PAY0000749,MER000031,CUS000112,,GTW018,PM007,11384,INR,Captured,TXN100000748,2024-01-28 06:30:00,2024-01-28 06:41:00,2615
PAY0000750,MER000020,CUS000190,INV0000152,GTW015,PM016,61899,INR,Captured,TXN100000749,2025-04-30 13:01:00,2025-04-30 13:16:00,310
PAY0000751,MER000051,CUS000014,,GTW011,PM001,13556,INR,Captured,TXN100000750,2025-08-22 07:12:00,2025-08-22 07:26:00,5314
PAY0000752,MER000038,CUS000010,INV0000443,GTW016,PM013,63814,INR,Captured,TXN100000751,2025-03-01 15:47:00,2025-03-01 15:59:00,4355
PAY0000753,MER000003,CUS000109,INV0000627,GTW019,PM011,72616,INR,Failed,TXN100000752,2025-11-25 15:14:00,2025-11-25 15:23:00,670
PAY0000754,MER000045,CUS000115,INV0000664,GTW014,PM001,21246,INR,Captured,TXN100000753,2025-03-03 15:07:00,2025-03-03 15:18:00,2509
PAY0000755,MER000044,CUS000236,INV0000481,GTW020,PM015,17291,INR,Captured,TXN100000754,2024-12-18 14:14:00,2024-12-18 14:24:00,7384
PAY0000756,MER000047,CUS000204,INV0000729,GTW016,PM006,81606,INR,Authorized,TXN100000755,2025-02-03 13:53:00,,1847
PAY0000757,MER000021,CUS000156,INV0000768,GTW016,PM004,54623,INR,Captured,TXN100000756,2024-03-29 21:30:00,2024-03-29 21:34:00,7875
PAY0000758,MER000046,CUS000226,,GTW009,PM012,88826,INR,Captured,TXN100000757,2024-11-06 07:13:00,2024-11-06 07:14:00,1449
PAY0000759,MER000015,CUS000159,INV0000881,GTW008,PM004,73760,INR,Captured,TXN100000758,2025-05-30 01:51:00,2025-05-30 01:58:00,1985
PAY0000760,MER000035,CUS000230,INV0000349,GTW005,PM017,79305,INR,Authorized,TXN100000759,2024-12-29 01:49:00,,5634
PAY0000761,MER000014,CUS000201,INV0000052,GTW020,PM020,13452,INR,Pending,TXN100000760,2025-03-24 14:53:00,,6897
PAY0000762,MER000047,CUS000041,INV0000520,GTW010,PM015,99972,INR,Captured,TXN100000761,2024-04-17 05:40:00,2024-04-17 05:44:00,4294
PAY0000763,MER000018,CUS000032,INV0000892,GTW007,PM015,54593,INR,Captured,TXN100000762,2024-04-11 04:41:00,2024-04-11 04:55:00,6451
PAY0000764,MER000035,CUS000096,INV0000252,GTW014,PM012,82602,INR,Captured,TXN100000763,2025-04-30 10:18:00,2025-04-30 10:20:00,5597
PAY0000765,MER000055,CUS000106,INV0000772,GTW014,PM015,67753,INR,Captured,TXN100000764,2025-06-26 13:50:00,2025-06-26 14:03:00,6659
PAY0000766,MER000067,CUS000242,INV0000967,GTW003,PM003,44442,INR,Pending,TXN100000765,2024-01-31 14:09:00,,2728
PAY0000767,MER000020,CUS000232,INV0000791,GTW019,PM002,82886,INR,Captured,TXN100000766,2024-06-17 13:03:00,2024-06-17 13:04:00,5993
PAY0000768,MER000039,CUS000185,INV0000897,GTW011,PM012,1135,INR,Captured,TXN100000767,2025-06-16 09:26:00,2025-06-16 09:37:00,6924
PAY0000769,MER000027,CUS000228,INV0000541,GTW018,PM020,81127,INR,Captured,TXN100000768,2025-09-17 04:44:00,2025-09-17 04:55:00,5491
PAY0000770,MER000011,CUS000010,INV0000354,GTW018,PM011,51217,INR,Captured,TXN100000769,2025-10-26 12:49:00,2025-10-26 12:54:00,6090
PAY0000771,MER000066,CUS000142,INV0000901,GTW010,PM017,44757,INR,Captured,TXN100000770,2024-05-09 16:34:00,2024-05-09 16:36:00,6351
PAY0000772,MER000039,CUS000186,INV0000024,GTW014,PM017,14575,INR,Captured,TXN100000771,2024-01-29 17:37:00,2024-01-29 17:51:00,6146
PAY0000773,MER000016,CUS000115,INV0000382,GTW010,PM019,96681,INR,Captured,TXN100000772,2024-09-22 20:32:00,2024-09-22 20:33:00,192
PAY0000774,MER000069,CUS000217,INV0000242,GTW020,PM008,46019,INR,Authorized,TXN100000773,2025-08-18 18:45:00,,2601
PAY0000775,MER000032,CUS000027,INV0000804,GTW011,PM017,76432,INR,Failed,TXN100000774,2025-08-09 21:08:00,2025-08-09 21:17:00,1727
PAY0000776,MER000053,CUS000021,INV0000370,GTW003,PM002,55790,INR,Failed,TXN100000775,2025-04-10 03:09:00,2025-04-10 03:23:00,7428
PAY0000777,MER000067,CUS000200,INV0000220,GTW013,PM009,76685,INR,Failed,TXN100000776,2025-04-01 02:23:00,2025-04-01 02:30:00,4236
PAY0000778,MER000019,CUS000130,INV0000451,GTW005,PM016,93311,INR,Pending,TXN100000777,2025-05-16 23:26:00,,3899
PAY0000779,MER000061,CUS000009,INV0000722,GTW006,PM018,48509,INR,Failed,TXN100000778,2025-06-09 16:07:00,2025-06-09 16:15:00,7700
PAY0000780,MER000038,CUS000011,,GTW017,PM005,15532,INR,Captured,TXN100000779,2025-09-08 13:07:00,2025-09-08 13:17:00,3193
PAY0000781,MER000019,CUS000201,INV0000384,GTW019,PM014,6476,INR,Captured,TXN100000780,2024-11-06 09:31:00,2024-11-06 09:34:00,7824
PAY0000782,MER000063,CUS000001,,GTW004,PM018,45798,INR,Pending,TXN100000781,2024-10-17 06:11:00,,703
PAY0000783,MER000044,CUS000201,,GTW013,PM016,94476,INR,Captured,TXN100000782,2025-03-03 15:36:00,2025-03-03 15:44:00,6979
PAY0000784,MER000058,CUS000039,INV0000781,GTW011,PM003,81989,INR,Captured,TXN100000783,2024-05-21 16:40:00,2024-05-21 16:48:00,5593
PAY0000785,MER000057,CUS000189,INV0000397,GTW009,PM003,21807,INR,Captured,TXN100000784,2024-08-26 12:21:00,2024-08-26 12:32:00,5943
PAY0000786,MER000011,CUS000050,INV0000646,GTW020,PM018,75709,INR,Captured,TXN100000785,2024-11-12 17:41:00,2024-11-12 17:50:00,6356
PAY0000787,MER000003,CUS000031,INV0000584,GTW018,PM006,2586,INR,Captured,TXN100000786,2025-06-18 06:48:00,2025-06-18 07:03:00,2402
PAY0000788,MER000042,CUS000103,INV0000252,GTW019,PM002,64518,INR,Pending,TXN100000787,2025-08-16 14:05:00,,7211
PAY0000789,MER000068,CUS000082,,GTW013,PM009,12030,INR,Captured,TXN100000788,2024-12-14 13:11:00,2024-12-14 13:25:00,1089
PAY0000790,MER000012,CUS000040,,GTW010,PM014,89046,INR,Captured,TXN100000789,2025-07-08 05:18:00,2025-07-08 05:23:00,1536
PAY0000791,MER000050,CUS000026,INV0000985,GTW011,PM005,54209,INR,Failed,TXN100000790,2024-11-29 05:01:00,2024-11-29 05:06:00,7465
PAY0000792,MER000031,CUS000127,INV0000385,GTW017,PM017,50569,INR,Captured,TXN100000791,2024-05-03 01:12:00,2024-05-03 01:22:00,7927
PAY0000793,MER000004,CUS000105,INV0000063,GTW008,PM001,35379,INR,Captured,TXN100000792,2024-11-21 14:35:00,2024-11-21 14:43:00,4688
PAY0000794,MER000017,CUS000078,,GTW019,PM014,58555,INR,Pending,TXN100000793,2025-11-22 03:15:00,,837
PAY0000795,MER000032,CUS000138,INV0000513,GTW014,PM018,59310,INR,Captured,TXN100000794,2024-07-27 04:23:00,2024-07-27 04:26:00,492
PAY0000796,MER000008,CUS000239,INV0000476,GTW016,PM009,78463,INR,Settled,TXN100000795,2025-09-27 09:41:00,2025-09-27 09:42:00,2205
PAY0000797,MER000037,CUS000012,INV0000390,GTW006,PM018,73904,INR,Captured,TXN100000796,2024-12-25 20:13:00,2024-12-25 20:22:00,722
PAY0000798,MER000056,CUS000054,INV0000405,GTW020,PM017,41820,INR,Captured,TXN100000797,2024-05-05 04:46:00,2024-05-05 04:51:00,7391
PAY0000799,MER000032,CUS000170,INV0000351,GTW011,PM011,27706,INR,Failed,TXN100000798,2025-10-12 08:48:00,2025-10-12 08:53:00,3916
PAY0000800,MER000001,CUS000156,,GTW016,PM001,1355,INR,Failed,TXN100000799,2024-12-02 00:58:00,2024-12-02 01:09:00,5660
PAY0000801,MER000010,CUS000138,INV0000570,GTW001,PM015,88212,INR,Captured,TXN100000800,2025-05-15 12:34:00,2025-05-15 12:49:00,1161
PAY0000802,MER000002,CUS000032,INV0000833,GTW015,PM012,25395,INR,Captured,TXN100000801,2025-01-20 19:22:00,2025-01-20 19:36:00,3791
PAY0000803,MER000046,CUS000050,INV0000761,GTW003,PM020,82051,INR,Authorized,TXN100000802,2024-01-21 08:43:00,,2633
PAY0000804,MER000027,CUS000002,INV0000227,GTW007,PM013,14641,INR,Captured,TXN100000803,2024-08-27 15:23:00,2024-08-27 15:31:00,7276
PAY0000805,MER000023,CUS000017,INV0000513,GTW019,PM005,97876,INR,Captured,TXN100000804,2025-05-20 05:35:00,2025-05-20 05:47:00,682
PAY0000806,MER000036,CUS000050,INV0000956,GTW001,PM018,80638,INR,Captured,TXN100000805,2025-08-06 07:56:00,2025-08-06 08:09:00,2221
PAY0000807,MER000007,CUS000219,INV0000905,GTW011,PM014,53430,INR,Captured,TXN100000806,2025-04-09 00:27:00,2025-04-09 00:38:00,2394
PAY0000808,MER000029,CUS000013,INV0000531,GTW009,PM014,69884,INR,Captured,TXN100000807,2025-04-22 15:23:00,2025-04-22 15:24:00,3827
PAY0000809,MER000004,CUS000189,INV0000402,GTW008,PM014,9857,INR,Authorized,TXN100000808,2024-07-18 10:05:00,,7662
PAY0000810,MER000004,CUS000123,INV0000169,GTW014,PM001,77764,INR,Captured,TXN100000809,2024-12-03 09:04:00,2024-12-03 09:06:00,6680
PAY0000811,MER000007,CUS000211,INV0000343,GTW011,PM017,31130,INR,Captured,TXN100000810,2024-09-13 07:06:00,2024-09-13 07:12:00,7879
PAY0000812,MER000016,CUS000022,INV0000615,GTW002,PM002,49565,INR,Captured,TXN100000811,2025-09-26 14:48:00,2025-09-26 14:56:00,2716
PAY0000813,MER000057,CUS000015,,GTW010,PM020,82175,INR,Authorized,TXN100000812,2024-03-07 04:03:00,,3687
PAY0000814,MER000052,CUS000025,INV0000694,GTW020,PM014,30654,INR,Captured,TXN100000813,2024-02-27 17:03:00,2024-02-27 17:10:00,7232
PAY0000815,MER000055,CUS000226,INV0000676,GTW020,PM020,13374,INR,Captured,TXN100000814,2025-09-30 00:29:00,2025-09-30 00:42:00,2932
PAY0000816,MER000014,CUS000027,INV0000692,GTW001,PM020,93593,INR,Captured,TXN100000815,2024-01-27 14:33:00,2024-01-27 14:37:00,703
PAY0000817,MER000046,CUS000108,INV0000861,GTW016,PM020,58377,INR,Captured,TXN100000816,2024-07-17 18:08:00,2024-07-17 18:13:00,1673
PAY0000818,MER000066,CUS000246,INV0000817,GTW012,PM010,76602,INR,Captured,TXN100000817,2024-02-15 01:08:00,2024-02-15 01:15:00,7401
PAY0000819,MER000048,CUS000249,INV0000150,GTW001,PM017,76965,INR,Captured,TXN100000818,2024-05-30 15:19:00,2024-05-30 15:24:00,5537
PAY0000820,MER000007,CUS000109,INV0000059,GTW012,PM007,26363,INR,Pending,TXN100000819,2024-08-31 16:52:00,,5397
PAY0000821,MER000060,CUS000154,,GTW011,PM019,74299,INR,Failed,TXN100000820,2024-03-11 10:12:00,2024-03-11 10:24:00,2899
PAY0000822,MER000006,CUS000127,INV0000429,GTW008,PM001,83824,INR,Captured,TXN100000821,2024-12-02 05:06:00,2024-12-02 05:19:00,1977
PAY0000823,MER000043,CUS000207,INV0000478,GTW013,PM007,52569,INR,Captured,TXN100000822,2025-09-30 06:15:00,2025-09-30 06:28:00,1659
PAY0000824,MER000015,CUS000037,INV0000007,GTW010,PM015,25580,INR,Captured,TXN100000823,2025-01-06 00:04:00,2025-01-06 00:13:00,5321
PAY0000825,MER000023,CUS000057,INV0000784,GTW009,PM006,44640,INR,Captured,TXN100000824,2025-01-03 01:01:00,2025-01-03 01:06:00,7093
PAY0000826,MER000013,CUS000006,INV0000183,GTW005,PM013,85935,INR,Pending,TXN100000825,2024-07-19 00:11:00,,6600
PAY0000827,MER000048,CUS000170,,GTW006,PM017,81784,INR,Captured,TXN100000826,2024-12-12 06:19:00,2024-12-12 06:25:00,7372
PAY0000828,MER000017,CUS000204,INV0000729,GTW007,PM007,69903,INR,Authorized,TXN100000827,2024-03-07 03:09:00,,3248
PAY0000829,MER000025,CUS000219,INV0000326,GTW018,PM010,19572,INR,Captured,TXN100000828,2025-09-05 13:40:00,2025-09-05 13:41:00,2834
PAY0000830,MER000063,CUS000054,INV0000645,GTW003,PM016,87066,INR,Captured,TXN100000829,2024-10-13 04:54:00,2024-10-13 05:04:00,5187
PAY0000831,MER000067,CUS000119,INV0000521,GTW006,PM011,93487,INR,Captured,TXN100000830,2025-02-01 20:48:00,2025-02-01 20:56:00,3212
PAY0000832,MER000005,CUS000054,INV0000495,GTW008,PM007,59355,INR,Captured,TXN100000831,2025-05-21 15:17:00,2025-05-21 15:28:00,7221
PAY0000833,MER000048,CUS000066,INV0000224,GTW018,PM003,17706,INR,Captured,TXN100000832,2024-11-09 13:56:00,2024-11-09 13:59:00,6307
PAY0000834,MER000066,CUS000160,INV0000456,GTW011,PM014,59233,INR,Captured,TXN100000833,2025-06-15 11:14:00,2025-06-15 11:22:00,3980
PAY0000835,MER000057,CUS000060,INV0000377,GTW009,PM003,47167,INR,Captured,TXN100000834,2025-05-24 10:17:00,2025-05-24 10:20:00,7534
PAY0000836,MER000036,CUS000238,INV0000863,GTW008,PM004,15643,INR,Captured,TXN100000835,2025-05-28 16:34:00,2025-05-28 16:47:00,734
PAY0000837,MER000039,CUS000191,INV0000560,GTW009,PM007,92589,INR,Failed,TXN100000836,2024-07-24 10:12:00,2024-07-24 10:17:00,5098
PAY0000838,MER000037,CUS000211,,GTW012,PM013,53283,INR,Pending,TXN100000837,2025-07-10 08:00:00,,6882
PAY0000839,MER000020,CUS000222,INV0000672,GTW013,PM008,29843,INR,Captured,TXN100000838,2024-01-13 15:41:00,2024-01-13 15:54:00,6075
PAY0000840,MER000060,CUS000185,INV0000486,GTW015,PM011,11355,INR,Pending,TXN100000839,2024-08-27 16:37:00,,2714
PAY0000841,MER000004,CUS000096,INV0000440,GTW005,PM019,16922,INR,Captured,TXN100000840,2025-03-03 06:28:00,2025-03-03 06:37:00,2653
PAY0000842,MER000044,CUS000058,,GTW014,PM014,89984,INR,Failed,TXN100000841,2024-01-10 15:51:00,2024-01-10 15:57:00,6315
PAY0000843,MER000005,CUS000237,INV0000798,GTW005,PM005,43386,INR,Captured,TXN100000842,2025-07-04 09:20:00,2025-07-04 09:30:00,4804
PAY0000844,MER000027,CUS000243,INV0000618,GTW013,PM003,70156,INR,Captured,TXN100000843,2025-09-14 18:55:00,2025-09-14 19:02:00,3315
PAY0000845,MER000012,CUS000044,INV0000112,GTW004,PM018,23383,INR,Captured,TXN100000844,2024-12-02 18:28:00,2024-12-02 18:33:00,412
PAY0000846,MER000050,CUS000073,INV0000618,GTW007,PM008,38255,INR,Captured,TXN100000845,2025-05-15 00:11:00,2025-05-15 00:26:00,5553
PAY0000847,MER000053,CUS000101,INV0000466,GTW006,PM004,17026,INR,Captured,TXN100000846,2024-02-28 11:33:00,2024-02-28 11:39:00,4544
PAY0000848,MER000017,CUS000223,INV0000761,GTW007,PM010,56749,INR,Authorized,TXN100000847,2024-03-11 12:57:00,,6850
PAY0000849,MER000026,CUS000129,INV0000487,GTW015,PM009,26537,INR,Authorized,TXN100000848,2024-06-11 19:36:00,,210
PAY0000850,MER000032,CUS000135,,GTW011,PM019,64450,INR,Captured,TXN100000849,2025-04-01 02:52:00,2025-04-01 03:05:00,3919
PAY0000851,MER000059,CUS000089,INV0000041,GTW010,PM013,80450,INR,Authorized,TXN100000850,2024-04-03 09:41:00,,6895
PAY0000852,MER000056,CUS000118,INV0000180,GTW013,PM006,91656,INR,Authorized,TXN100000851,2025-03-01 07:11:00,,4808
PAY0000853,MER000036,CUS000226,INV0000716,GTW018,PM010,87480,INR,Authorized,TXN100000852,2024-02-14 07:56:00,,7656
PAY0000854,MER000016,CUS000095,INV0000744,GTW003,PM004,66212,INR,Settled,TXN100000853,2024-08-10 15:26:00,2024-08-10 15:35:00,6429
PAY0000855,MER000060,CUS000007,INV0000420,GTW003,PM015,50058,INR,Captured,TXN100000854,2025-04-06 05:16:00,2025-04-06 05:17:00,2965
PAY0000856,MER000018,CUS000084,INV0000877,GTW015,PM016,60570,INR,Captured,TXN100000855,2024-07-18 12:02:00,2024-07-18 12:04:00,708
PAY0000857,MER000036,CUS000216,INV0000673,GTW006,PM006,2467,INR,Captured,TXN100000856,2024-09-05 22:28:00,2024-09-05 22:42:00,5122
PAY0000858,MER000002,CUS000174,INV0000302,GTW009,PM005,57857,INR,Captured,TXN100000857,2024-05-07 17:47:00,2024-05-07 17:49:00,3083
PAY0000859,MER000007,CUS000215,INV0000732,GTW017,PM004,51299,INR,Captured,TXN100000858,2024-02-05 21:34:00,2024-02-05 21:46:00,5805
PAY0000860,MER000026,CUS000238,INV0000054,GTW008,PM012,31365,INR,Pending,TXN100000859,2025-09-04 00:03:00,,1788
PAY0000861,MER000009,CUS000057,INV0000432,GTW004,PM006,94997,INR,Pending,TXN100000860,2024-01-29 00:21:00,,1518
PAY0000862,MER000027,CUS000240,INV0000525,GTW018,PM013,56183,INR,Captured,TXN100000861,2024-04-20 10:20:00,2024-04-20 10:24:00,1139
PAY0000863,MER000041,CUS000004,INV0000109,GTW013,PM007,60232,INR,Captured,TXN100000862,2024-12-31 10:11:00,2024-12-31 10:22:00,1953
PAY0000864,MER000028,CUS000106,INV0000835,GTW010,PM020,65580,INR,Captured,TXN100000863,2024-10-12 20:39:00,2024-10-12 20:41:00,984
PAY0000865,MER000042,CUS000162,INV0000811,GTW013,PM005,43622,INR,Settled,TXN100000864,2025-08-05 05:16:00,2025-08-05 05:26:00,1586
PAY0000866,MER000058,CUS000098,INV0000906,GTW017,PM008,66084,INR,Captured,TXN100000865,2024-11-21 21:30:00,2024-11-21 21:31:00,4962
PAY0000867,MER000016,CUS000080,INV0000014,GTW008,PM014,99353,INR,Pending,TXN100000866,2024-08-26 00:39:00,,2145
PAY0000868,MER000049,CUS000053,INV0000062,GTW002,PM008,95167,INR,Captured,TXN100000867,2024-05-20 11:31:00,2024-05-20 11:34:00,5049
PAY0000869,MER000041,CUS000165,,GTW002,PM017,54480,INR,Captured,TXN100000868,2025-03-30 23:56:00,2025-03-31 00:01:00,5458
PAY0000870,MER000032,CUS000053,INV0000769,GTW018,PM002,87263,INR,Failed,TXN100000869,2024-01-25 07:54:00,2024-01-25 08:00:00,2184
PAY0000871,MER000024,CUS000114,INV0000713,GTW001,PM003,64540,INR,Captured,TXN100000870,2024-08-15 19:55:00,2024-08-15 20:01:00,723
PAY0000872,MER000017,CUS000024,,GTW006,PM019,72038,INR,Authorized,TXN100000871,2024-02-23 20:09:00,,6959
PAY0000873,MER000040,CUS000043,INV0000210,GTW007,PM008,55676,INR,Captured,TXN100000872,2024-08-29 16:05:00,2024-08-29 16:13:00,1595
PAY0000874,MER000035,CUS000221,INV0000311,GTW016,PM003,47231,INR,Settled,TXN100000873,2024-10-19 18:28:00,2024-10-19 18:32:00,3412
PAY0000875,MER000020,CUS000210,INV0000483,GTW016,PM001,99967,INR,Captured,TXN100000874,2025-03-27 13:32:00,2025-03-27 13:39:00,3274
PAY0000876,MER000023,CUS000066,INV0000086,GTW013,PM015,40188,INR,Captured,TXN100000875,2024-11-03 19:34:00,2024-11-03 19:46:00,3865
PAY0000877,MER000061,CUS000051,INV0000576,GTW005,PM007,647,INR,Captured,TXN100000876,2025-09-12 15:04:00,2025-09-12 15:16:00,255
PAY0000878,MER000051,CUS000249,,GTW012,PM013,64266,INR,Authorized,TXN100000877,2025-01-18 15:25:00,,2671
PAY0000879,MER000016,CUS000099,INV0000603,GTW019,PM006,25557,INR,Captured,TXN100000878,2024-03-13 13:56:00,2024-03-13 14:11:00,6400
PAY0000880,MER000048,CUS000179,INV0000262,GTW002,PM013,55679,INR,Captured,TXN100000879,2024-12-22 16:45:00,2024-12-22 16:57:00,6176
PAY0000881,MER000019,CUS000067,INV0000490,GTW020,PM015,89368,INR,Failed,TXN100000880,2024-02-05 11:40:00,2024-02-05 11:41:00,1357
PAY0000882,MER000012,CUS000165,INV0000617,GTW013,PM013,92645,INR,Captured,TXN100000881,2025-08-15 21:53:00,2025-08-15 21:55:00,4951
PAY0000883,MER000022,CUS000213,,GTW014,PM009,90780,INR,Captured,TXN100000882,2024-03-23 16:58:00,2024-03-23 17:05:00,2625
PAY0000884,MER000012,CUS000028,INV0000546,GTW019,PM012,18805,INR,Captured,TXN100000883,2025-11-05 12:37:00,2025-11-05 12:44:00,2353
PAY0000885,MER000063,CUS000001,INV0000953,GTW004,PM003,91367,INR,Captured,TXN100000884,2025-02-11 22:19:00,2025-02-11 22:22:00,3572
PAY0000886,MER000024,CUS000181,INV0000671,GTW005,PM007,63862,INR,Captured,TXN100000885,2024-10-22 23:27:00,2024-10-22 23:33:00,1640
PAY0000887,MER000008,CUS000192,INV0000113,GTW006,PM007,34093,INR,Captured,TXN100000886,2025-04-06 18:52:00,2025-04-06 18:56:00,7541
PAY0000888,MER000022,CUS000021,,GTW010,PM003,49609,INR,Captured,TXN100000887,2025-03-27 20:58:00,2025-03-27 21:12:00,1171
PAY0000889,MER000013,CUS000003,INV0000351,GTW002,PM009,98639,INR,Captured,TXN100000888,2024-01-31 18:15:00,2024-01-31 18:26:00,7975
PAY0000890,MER000049,CUS000155,INV0000597,GTW017,PM009,63791,INR,Captured,TXN100000889,2024-02-12 03:13:00,2024-02-12 03:14:00,4026
PAY0000891,MER000041,CUS000210,INV0000619,GTW008,PM012,87273,INR,Failed,TXN100000890,2025-03-15 10:23:00,2025-03-15 10:29:00,3414
PAY0000892,MER000052,CUS000186,INV0000059,GTW005,PM001,78993,INR,Captured,TXN100000891,2024-12-30 10:51:00,2024-12-30 10:59:00,1156
PAY0000893,MER000048,CUS000116,,GTW020,PM016,67590,INR,Pending,TXN100000892,2024-10-13 22:48:00,,3534
PAY0000894,MER000006,CUS000249,INV0000004,GTW011,PM015,30712,INR,Captured,TXN100000893,2025-10-15 10:01:00,2025-10-15 10:15:00,5120
PAY0000895,MER000061,CUS000169,INV0000757,GTW004,PM013,38617,INR,Captured,TXN100000894,2025-09-19 02:22:00,2025-09-19 02:37:00,5123
PAY0000896,MER000065,CUS000009,INV0000147,GTW005,PM016,11515,INR,Authorized,TXN100000895,2025-06-16 18:50:00,,2618
PAY0000897,MER000062,CUS000170,INV0000562,GTW018,PM008,31997,INR,Captured,TXN100000896,2025-04-23 05:57:00,2025-04-23 05:59:00,1883
PAY0000898,MER000004,CUS000042,INV0000967,GTW011,PM013,36847,INR,Captured,TXN100000897,2025-11-06 22:05:00,2025-11-06 22:17:00,1955
PAY0000899,MER000069,CUS000163,INV0000682,GTW016,PM003,90773,INR,Failed,TXN100000898,2025-05-02 21:07:00,2025-05-02 21:22:00,2876
PAY0000900,MER000049,CUS000168,,GTW018,PM014,30687,INR,Captured,TXN100000899,2025-08-12 19:04:00,2025-08-12 19:11:00,1981
PAY0000901,MER000025,CUS000191,INV0000298,GTW004,PM019,48300,INR,Captured,TXN100000900,2024-03-30 03:05:00,2024-03-30 03:15:00,1193
PAY0000902,MER000069,CUS000049,,GTW013,PM014,41996,INR,Captured,TXN100000901,2025-01-24 18:47:00,2025-01-24 18:48:00,6468
PAY0000903,MER000014,CUS000102,INV0000696,GTW001,PM018,60472,INR,Captured,TXN100000902,2024-05-09 16:42:00,2024-05-09 16:46:00,2738
PAY0000904,MER000037,CUS000038,INV0000966,GTW002,PM020,42061,INR,Failed,TXN100000903,2024-10-30 07:31:00,2024-10-30 07:34:00,2680
PAY0000905,MER000028,CUS000127,INV0000706,GTW010,PM013,7808,INR,Failed,TXN100000904,2024-05-06 08:54:00,2024-05-06 09:02:00,6787
PAY0000906,MER000007,CUS000237,INV0000848,GTW006,PM016,95441,INR,Pending,TXN100000905,2024-08-03 23:59:00,,3359
PAY0000907,MER000055,CUS000174,INV0000835,GTW016,PM012,99415,INR,Captured,TXN100000906,2025-11-06 05:01:00,2025-11-06 05:07:00,3356
PAY0000908,MER000051,CUS000025,INV0000541,GTW005,PM011,98701,INR,Authorized,TXN100000907,2024-10-16 09:44:00,,6632
PAY0000909,MER000018,CUS000114,INV0000825,GTW016,PM010,19082,INR,Captured,TXN100000908,2024-02-25 22:19:00,2024-02-25 22:22:00,1868
PAY0000910,MER000014,CUS000174,INV0000767,GTW005,PM013,56082,INR,Captured,TXN100000909,2024-07-19 23:41:00,2024-07-19 23:53:00,5716
PAY0000911,MER000007,CUS000031,INV0000949,GTW017,PM011,77877,INR,Settled,TXN100000910,2024-02-27 03:22:00,2024-02-27 03:25:00,3703
PAY0000912,MER000031,CUS000102,,GTW016,PM010,90275,INR,Captured,TXN100000911,2025-10-04 23:25:00,2025-10-04 23:27:00,5033
PAY0000913,MER000012,CUS000200,,GTW015,PM013,36173,INR,Pending,TXN100000912,2025-10-30 23:24:00,,5330
PAY0000914,MER000066,CUS000058,INV0000377,GTW001,PM019,75201,INR,Captured,TXN100000913,2024-01-12 03:07:00,2024-01-12 03:15:00,4840
PAY0000915,MER000056,CUS000077,INV0000711,GTW019,PM005,13133,INR,Captured,TXN100000914,2024-04-06 18:11:00,2024-04-06 18:22:00,2814
PAY0000916,MER000003,CUS000101,INV0000931,GTW018,PM018,69579,INR,Pending,TXN100000915,2025-07-04 05:25:00,,4152
PAY0000917,MER000016,CUS000193,INV0000858,GTW007,PM004,23780,INR,Pending,TXN100000916,2025-08-21 17:45:00,,7211
PAY0000918,MER000016,CUS000011,INV0000185,GTW005,PM019,27130,INR,Pending,TXN100000917,2024-01-06 17:28:00,,5496
PAY0000919,MER000039,CUS000094,INV0000576,GTW018,PM006,55550,INR,Settled,TXN100000918,2024-09-19 01:05:00,2024-09-19 01:14:00,7893
PAY0000920,MER000038,CUS000169,INV0000255,GTW018,PM015,18431,INR,Authorized,TXN100000919,2024-11-03 01:33:00,,4877
PAY0000921,MER000013,CUS000170,INV0000321,GTW002,PM008,4914,INR,Captured,TXN100000920,2025-06-19 11:38:00,2025-06-19 11:42:00,1690
PAY0000922,MER000046,CUS000072,INV0000877,GTW005,PM020,55414,INR,Captured,TXN100000921,2024-08-08 04:38:00,2024-08-08 04:48:00,759
PAY0000923,MER000011,CUS000242,INV0000267,GTW009,PM014,91131,INR,Captured,TXN100000922,2025-01-25 20:57:00,2025-01-25 21:05:00,1323
PAY0000924,MER000025,CUS000183,INV0000073,GTW012,PM019,86255,INR,Settled,TXN100000923,2025-10-06 23:17:00,2025-10-06 23:29:00,5456
PAY0000925,MER000056,CUS000098,INV0000620,GTW001,PM020,32540,INR,Captured,TXN100000924,2024-06-16 13:52:00,2024-06-16 14:05:00,785
PAY0000926,MER000012,CUS000093,INV0000545,GTW011,PM009,19279,INR,Captured,TXN100000925,2024-04-22 21:35:00,2024-04-22 21:41:00,7267
PAY0000927,MER000049,CUS000244,INV0000281,GTW004,PM004,23133,INR,Settled,TXN100000926,2024-01-11 03:24:00,2024-01-11 03:28:00,4462
PAY0000928,MER000037,CUS000142,INV0000314,GTW009,PM020,13084,INR,Captured,TXN100000927,2025-08-25 15:06:00,2025-08-25 15:18:00,7494
PAY0000929,MER000069,CUS000142,INV0000326,GTW020,PM013,62603,INR,Pending,TXN100000928,2025-02-02 05:22:00,,5002
PAY0000930,MER000049,CUS000146,INV0000010,GTW009,PM002,95182,INR,Failed,TXN100000929,2025-06-09 22:09:00,2025-06-09 22:12:00,5386
PAY0000931,MER000024,CUS000113,,GTW012,PM015,65928,INR,Captured,TXN100000930,2024-09-12 21:38:00,2024-09-12 21:46:00,2499
PAY0000932,MER000030,CUS000079,INV0000439,GTW003,PM010,53382,INR,Authorized,TXN100000931,2025-06-17 22:56:00,,6462
PAY0000933,MER000022,CUS000148,INV0000093,GTW002,PM003,97540,INR,Failed,TXN100000932,2025-10-11 02:04:00,2025-10-11 02:06:00,2491
PAY0000934,MER000018,CUS000123,INV0000505,GTW016,PM017,89900,INR,Captured,TXN100000933,2024-01-11 13:43:00,2024-01-11 13:55:00,5694
PAY0000935,MER000001,CUS000183,,GTW014,PM018,98360,INR,Captured,TXN100000934,2024-05-07 12:00:00,2024-05-07 12:15:00,2976
PAY0000936,MER000058,CUS000247,INV0000757,GTW006,PM017,29600,INR,Captured,TXN100000935,2025-11-08 16:43:00,2025-11-08 16:53:00,1582
PAY0000937,MER000064,CUS000098,INV0000860,GTW006,PM012,14941,INR,Settled,TXN100000936,2024-05-16 16:22:00,2024-05-16 16:29:00,2918
PAY0000938,MER000016,CUS000075,,GTW010,PM016,38575,INR,Pending,TXN100000937,2024-09-12 17:54:00,,2318
PAY0000939,MER000066,CUS000212,INV0000756,GTW002,PM015,81069,INR,Captured,TXN100000938,2025-10-08 18:25:00,2025-10-08 18:30:00,7099
PAY0000940,MER000014,CUS000002,INV0000365,GTW012,PM006,52799,INR,Captured,TXN100000939,2024-01-07 19:29:00,2024-01-07 19:35:00,3054
PAY0000941,MER000020,CUS000106,INV0000442,GTW004,PM016,1005,INR,Captured,TXN100000940,2025-05-18 06:05:00,2025-05-18 06:20:00,1424
PAY0000942,MER000055,CUS000229,INV0000257,GTW006,PM018,35421,INR,Captured,TXN100000941,2024-08-19 15:25:00,2024-08-19 15:31:00,1040
PAY0000943,MER000056,CUS000002,,GTW012,PM007,14605,INR,Captured,TXN100000942,2025-11-03 14:10:00,2025-11-03 14:22:00,1702
PAY0000944,MER000021,CUS000171,INV0000137,GTW007,PM016,87294,INR,Captured,TXN100000943,2025-02-08 13:47:00,2025-02-08 13:48:00,2327
PAY0000945,MER000042,CUS000193,INV0000501,GTW013,PM017,95257,INR,Failed,TXN100000944,2025-07-17 15:51:00,2025-07-17 15:54:00,7715
PAY0000946,MER000003,CUS000033,INV0000846,GTW005,PM012,65636,INR,Settled,TXN100000945,2025-02-02 04:07:00,2025-02-02 04:20:00,261
PAY0000947,MER000002,CUS000112,INV0000243,GTW016,PM010,37091,INR,Captured,TXN100000946,2024-02-23 21:53:00,2024-02-23 22:03:00,4130
PAY0000948,MER000032,CUS000072,INV0000440,GTW004,PM009,91975,INR,Failed,TXN100000947,2024-09-10 19:09:00,2024-09-10 19:12:00,2176
PAY0000949,MER000014,CUS000180,INV0000440,GTW017,PM020,23848,INR,Pending,TXN100000948,2024-07-22 15:45:00,,1695
PAY0000950,MER000017,CUS000103,,GTW002,PM009,25289,INR,Captured,TXN100000949,2025-08-28 20:40:00,2025-08-28 20:42:00,7761
PAY0000951,MER000049,CUS000105,INV0000019,GTW017,PM010,91871,INR,Authorized,TXN100000950,2025-09-23 06:05:00,,5338
PAY0000952,MER000055,CUS000165,,GTW002,PM010,14525,INR,Captured,TXN100000951,2024-08-15 10:27:00,2024-08-15 10:36:00,2355
PAY0000953,MER000007,CUS000047,INV0000966,GTW002,PM001,6932,INR,Captured,TXN100000952,2024-12-25 22:26:00,2024-12-25 22:41:00,5560
PAY0000954,MER000013,CUS000111,INV0000218,GTW006,PM009,64493,INR,Authorized,TXN100000953,2024-10-19 15:17:00,,3128
PAY0000955,MER000017,CUS000085,INV0000115,GTW012,PM012,97477,INR,Failed,TXN100000954,2024-04-09 21:00:00,2024-04-09 21:13:00,6529
PAY0000956,MER000050,CUS000023,INV0000620,GTW004,PM005,82617,INR,Captured,TXN100000955,2025-01-15 07:41:00,2025-01-15 07:51:00,6233
PAY0000957,MER000058,CUS000237,INV0000043,GTW004,PM003,71741,INR,Captured,TXN100000956,2025-08-23 20:52:00,2025-08-23 21:04:00,5220
PAY0000958,MER000017,CUS000050,INV0000743,GTW014,PM018,93371,INR,Failed,TXN100000957,2025-04-30 06:34:00,2025-04-30 06:35:00,2218
PAY0000959,MER000016,CUS000234,,GTW014,PM003,63384,INR,Captured,TXN100000958,2025-07-27 11:57:00,2025-07-27 12:08:00,3582
PAY0000960,MER000017,CUS000075,INV0000976,GTW002,PM019,8068,INR,Captured,TXN100000959,2025-05-30 00:10:00,2025-05-30 00:22:00,6657
PAY0000961,MER000069,CUS000223,,GTW017,PM003,21794,INR,Captured,TXN100000960,2024-07-13 23:52:00,2024-07-14 00:03:00,3736
PAY0000962,MER000024,CUS000001,INV0000394,GTW006,PM019,28648,INR,Captured,TXN100000961,2025-07-29 12:25:00,2025-07-29 12:29:00,5000
PAY0000963,MER000034,CUS000078,INV0000901,GTW008,PM010,92932,INR,Failed,TXN100000962,2025-06-09 14:32:00,2025-06-09 14:41:00,2349
PAY0000964,MER000019,CUS000242,INV0000176,GTW009,PM005,35546,INR,Captured,TXN100000963,2024-08-17 01:34:00,2024-08-17 01:35:00,7304
PAY0000965,MER000045,CUS000162,INV0000658,GTW020,PM012,42640,INR,Captured,TXN100000964,2024-09-11 06:34:00,2024-09-11 06:45:00,831
PAY0000966,MER000038,CUS000084,,GTW002,PM001,46693,INR,Captured,TXN100000965,2025-07-16 08:46:00,2025-07-16 09:01:00,1946
PAY0000967,MER000014,CUS000185,INV0000287,GTW013,PM009,82181,INR,Captured,TXN100000966,2024-06-29 08:01:00,2024-06-29 08:15:00,5346
PAY0000968,MER000051,CUS000040,INV0000212,GTW015,PM008,95757,INR,Captured,TXN100000967,2025-03-28 07:20:00,2025-03-28 07:30:00,6099
PAY0000969,MER000023,CUS000049,INV0000152,GTW019,PM016,95714,INR,Captured,TXN100000968,2025-05-05 02:31:00,2025-05-05 02:34:00,1627
PAY0000970,MER000025,CUS000018,INV0000022,GTW005,PM003,55988,INR,Captured,TXN100000969,2024-11-13 05:56:00,2024-11-13 06:03:00,2159
PAY0000971,MER000002,CUS000155,INV0000661,GTW004,PM013,50430,INR,Captured,TXN100000970,2025-02-16 03:46:00,2025-02-16 03:58:00,319
PAY0000972,MER000035,CUS000037,INV0000014,GTW020,PM001,1331,INR,Captured,TXN100000971,2025-10-21 01:08:00,2025-10-21 01:10:00,7994
PAY0000973,MER000057,CUS000209,INV0000556,GTW006,PM010,43583,INR,Captured,TXN100000972,2024-12-12 22:05:00,2024-12-12 22:13:00,4073
PAY0000974,MER000003,CUS000212,INV0000058,GTW002,PM004,71487,INR,Captured,TXN100000973,2025-07-10 22:17:00,2025-07-10 22:19:00,2580
PAY0000975,MER000004,CUS000059,INV0000908,GTW014,PM013,19416,INR,Authorized,TXN100000974,2025-03-01 04:00:00,,3044
PAY0000976,MER000015,CUS000126,INV0000232,GTW006,PM004,29528,INR,Authorized,TXN100000975,2025-12-01 12:43:00,,983
PAY0000977,MER000047,CUS000237,,GTW003,PM002,79333,INR,Captured,TXN100000976,2024-10-15 11:04:00,2024-10-15 11:06:00,1387
PAY0000978,MER000039,CUS000160,INV0000544,GTW010,PM012,13721,INR,Failed,TXN100000977,2024-12-08 19:11:00,2024-12-08 19:14:00,2370
PAY0000979,MER000010,CUS000202,,GTW001,PM005,86064,INR,Captured,TXN100000978,2025-11-08 11:59:00,2025-11-08 12:14:00,1350
PAY0000980,MER000062,CUS000209,INV0000400,GTW003,PM004,75839,INR,Pending,TXN100000979,2025-04-02 23:50:00,,3651
PAY0000981,MER000024,CUS000197,,GTW013,PM012,41953,INR,Captured,TXN100000980,2024-10-12 04:05:00,2024-10-12 04:08:00,4198
PAY0000982,MER000032,CUS000099,INV0000711,GTW014,PM018,65256,INR,Captured,TXN100000981,2025-02-27 19:50:00,2025-02-27 19:53:00,4563
PAY0000983,MER000054,CUS000135,INV0000546,GTW019,PM008,92255,INR,Captured,TXN100000982,2025-07-03 07:24:00,2025-07-03 07:36:00,864
PAY0000984,MER000015,CUS000016,INV0000003,GTW012,PM012,18364,INR,Captured,TXN100000983,2024-07-27 00:23:00,2024-07-27 00:26:00,2564
PAY0000985,MER000008,CUS000192,INV0000856,GTW005,PM004,91297,INR,Captured,TXN100000984,2025-07-18 13:15:00,2025-07-18 13:19:00,5916
PAY0000986,MER000014,CUS000170,INV0000751,GTW019,PM003,62598,INR,Captured,TXN100000985,2024-01-27 22:27:00,2024-01-27 22:39:00,7010
PAY0000987,MER000010,CUS000004,INV0000162,GTW019,PM014,19723,INR,Captured,TXN100000986,2024-01-31 04:23:00,2024-01-31 04:27:00,6420
PAY0000988,MER000061,CUS000106,INV0000762,GTW011,PM015,84621,INR,Failed,TXN100000987,2024-05-23 23:33:00,2024-05-23 23:38:00,5845
PAY0000989,MER000023,CUS000129,INV0000114,GTW006,PM001,52055,INR,Captured,TXN100000988,2024-06-08 01:56:00,2024-06-08 02:06:00,6971
PAY0000990,MER000065,CUS000079,INV0000971,GTW008,PM014,20652,INR,Pending,TXN100000989,2025-04-10 17:45:00,,2376
PAY0000991,MER000008,CUS000057,,GTW013,PM006,97879,INR,Failed,TXN100000990,2025-06-18 12:08:00,2025-06-18 12:15:00,4731
PAY0000992,MER000049,CUS000043,INV0000080,GTW002,PM012,84857,INR,Failed,TXN100000991,2025-04-24 15:20:00,2025-04-24 15:27:00,3625
PAY0000993,MER000043,CUS000008,INV0000112,GTW008,PM010,21433,INR,Captured,TXN100000992,2024-04-16 02:23:00,2024-04-16 02:37:00,4586
PAY0000994,MER000025,CUS000142,INV0000217,GTW007,PM002,31601,INR,Authorized,TXN100000993,2025-09-03 00:48:00,,2355
PAY0000995,MER000006,CUS000013,INV0000584,GTW011,PM003,40549,INR,Settled,TXN100000994,2025-08-01 01:36:00,2025-08-01 01:44:00,219
PAY0000996,MER000051,CUS000186,,GTW012,PM005,92198,INR,Captured,TXN100000995,2024-10-16 12:32:00,2024-10-16 12:45:00,5677
PAY0000997,MER000020,CUS000007,INV0000418,GTW019,PM013,62615,INR,Pending,TXN100000996,2025-05-30 03:32:00,,4953
PAY0000998,MER000011,CUS000227,,GTW003,PM008,28365,INR,Captured,TXN100000997,2024-02-08 09:10:00,2024-02-08 09:18:00,6764
PAY0000999,MER000067,CUS000239,INV0000145,GTW011,PM015,17296,INR,Settled,TXN100000998,2024-06-13 16:33:00,2024-06-13 16:43:00,2927
PAY0001000,MER000050,CUS000062,INV0000639,GTW007,PM020,79644,INR,Failed,TXN100000999,2025-03-17 01:57:00,2025-03-17 02:08:00,764
PAY0001001,MER000019,CUS000197,,GTW010,PM018,11525,INR,Captured,TXN100001000,2025-08-03 20:31:00,2025-08-03 20:32:00,4237
PAY0001002,MER000047,CUS000091,INV0000322,GTW003,PM003,23586,INR,Captured,TXN100001001,2024-06-22 09:10:00,2024-06-22 09:20:00,5971
PAY0001003,MER000018,CUS000241,INV0000265,GTW004,PM019,64097,INR,Authorized,TXN100001002,2025-04-29 08:48:00,,474
PAY0001004,MER000017,CUS000113,INV0000294,GTW012,PM017,81971,INR,Captured,TXN100001003,2025-02-14 13:54:00,2025-02-14 14:05:00,7949
PAY0001005,MER000006,CUS000159,INV0000086,GTW002,PM008,91817,INR,Captured,TXN100001004,2025-11-29 13:32:00,2025-11-29 13:47:00,6877
PAY0001006,MER000010,CUS000058,INV0000159,GTW013,PM015,87806,INR,Captured,TXN100001005,2024-04-17 09:24:00,2024-04-17 09:31:00,915
PAY0001007,MER000014,CUS000022,INV0000480,GTW006,PM004,52128,INR,Pending,TXN100001006,2025-10-19 17:57:00,,6443
PAY0001008,MER000063,CUS000055,INV0000412,GTW016,PM004,36587,INR,Captured,TXN100001007,2024-12-02 02:20:00,2024-12-02 02:30:00,3873
PAY0001009,MER000005,CUS000154,INV0000160,GTW013,PM002,47481,INR,Captured,TXN100001008,2025-04-26 04:40:00,2025-04-26 04:50:00,6618
PAY0001010,MER000055,CUS000070,INV0000485,GTW009,PM006,11056,INR,Authorized,TXN100001009,2024-08-06 01:13:00,,1311
PAY0001011,MER000054,CUS000135,INV0000415,GTW007,PM009,24227,INR,Failed,TXN100001010,2024-03-24 09:55:00,2024-03-24 10:09:00,6953
PAY0001012,MER000045,CUS000242,INV0000917,GTW014,PM016,62424,INR,Captured,TXN100001011,2025-03-14 10:48:00,2025-03-14 10:52:00,4536
PAY0001013,MER000002,CUS000144,INV0000165,GTW020,PM007,10298,INR,Failed,TXN100001012,2025-03-23 11:58:00,2025-03-23 12:05:00,6070
PAY0001014,MER000041,CUS000004,INV0000632,GTW005,PM015,19431,INR,Settled,TXN100001013,2024-05-28 10:42:00,2024-05-28 10:54:00,4241
PAY0001015,MER000001,CUS000116,,GTW005,PM015,83844,INR,Captured,TXN100001014,2024-04-26 21:26:00,2024-04-26 21:38:00,4888
PAY0001016,MER000049,CUS000056,INV0000224,GTW012,PM007,25155,INR,Captured,TXN100001015,2024-07-11 13:44:00,2024-07-11 13:47:00,5717
PAY0001017,MER000065,CUS000210,INV0000015,GTW004,PM016,85154,INR,Captured,TXN100001016,2025-01-14 11:01:00,2025-01-14 11:06:00,3885
PAY0001018,MER000043,CUS000030,INV0000361,GTW006,PM015,56249,INR,Captured,TXN100001017,2024-12-26 17:27:00,2024-12-26 17:40:00,3206
PAY0001019,MER000056,CUS000163,INV0000610,GTW010,PM020,13105,INR,Captured,TXN100001018,2024-06-15 17:27:00,2024-06-15 17:41:00,867
PAY0001020,MER000014,CUS000128,INV0000107,GTW020,PM018,13168,INR,Captured,TXN100001019,2024-04-01 20:01:00,2024-04-01 20:08:00,5339
PAY0001021,MER000028,CUS000058,INV0000596,GTW015,PM018,50048,INR,Authorized,TXN100001020,2024-02-03 21:18:00,,1087
PAY0001022,MER000053,CUS000233,INV0000481,GTW013,PM001,49205,INR,Authorized,TXN100001021,2024-05-07 11:50:00,,6557
PAY0001023,MER000054,CUS000173,INV0000291,GTW008,PM001,54436,INR,Captured,TXN100001022,2024-10-01 21:16:00,2024-10-01 21:31:00,417
PAY0001024,MER000043,CUS000044,INV0000158,GTW019,PM014,31797,INR,Failed,TXN100001023,2025-01-18 16:52:00,2025-01-18 16:58:00,4702
PAY0001025,MER000055,CUS000033,,GTW013,PM006,52937,INR,Captured,TXN100001024,2024-07-16 19:41:00,2024-07-16 19:42:00,7556
PAY0001026,MER000065,CUS000031,INV0000163,GTW019,PM013,99999,INR,Failed,TXN100001025,2025-03-23 07:06:00,2025-03-23 07:09:00,5288
PAY0001027,MER000004,CUS000112,,GTW001,PM019,20160,INR,Captured,TXN100001026,2025-07-20 05:20:00,2025-07-20 05:22:00,377
PAY0001028,MER000017,CUS000117,INV0000557,GTW012,PM006,31520,INR,Captured,TXN100001027,2024-03-21 18:24:00,2024-03-21 18:36:00,5495
PAY0001029,MER000049,CUS000198,,GTW009,PM002,36140,INR,Pending,TXN100001028,2024-10-31 06:34:00,,829
PAY0001030,MER000014,CUS000029,,GTW015,PM020,16180,INR,Settled,TXN100001029,2025-10-04 00:40:00,2025-10-04 00:54:00,1027
PAY0001031,MER000027,CUS000101,INV0000269,GTW004,PM016,2977,INR,Captured,TXN100001030,2024-07-03 02:04:00,2024-07-03 02:10:00,3539
PAY0001032,MER000041,CUS000163,INV0000983,GTW015,PM006,23667,INR,Failed,TXN100001031,2025-10-02 02:13:00,2025-10-02 02:20:00,2597
PAY0001033,MER000016,CUS000250,INV0000183,GTW011,PM012,63527,INR,Captured,TXN100001032,2025-11-06 18:40:00,2025-11-06 18:41:00,5179
PAY0001034,MER000025,CUS000156,INV0000006,GTW001,PM018,3119,INR,Captured,TXN100001033,2024-06-11 16:47:00,2024-06-11 16:49:00,4393
PAY0001035,MER000004,CUS000084,INV0000157,GTW005,PM008,11037,INR,Authorized,TXN100001034,2024-08-09 11:07:00,,6111
PAY0001036,MER000045,CUS000182,INV0000130,GTW018,PM010,61316,INR,Captured,TXN100001035,2024-10-01 08:30:00,2024-10-01 08:32:00,6254
PAY0001037,MER000026,CUS000176,INV0000447,GTW009,PM013,13586,INR,Captured,TXN100001036,2025-06-08 12:59:00,2025-06-08 13:02:00,4931
PAY0001038,MER000063,CUS000111,INV0000602,GTW015,PM014,78262,INR,Captured,TXN100001037,2024-11-15 05:50:00,2024-11-15 06:02:00,6270
PAY0001039,MER000046,CUS000096,INV0000327,GTW003,PM015,22021,INR,Captured,TXN100001038,2025-09-29 03:38:00,2025-09-29 03:42:00,7436
PAY0001040,MER000068,CUS000091,INV0000524,GTW013,PM001,15127,INR,Captured,TXN100001039,2024-09-16 18:26:00,2024-09-16 18:40:00,1623
PAY0001041,MER000048,CUS000096,INV0000440,GTW005,PM011,16130,INR,Captured,TXN100001040,2024-07-09 11:15:00,2024-07-09 11:26:00,228
PAY0001042,MER000030,CUS000144,INV0000012,GTW003,PM013,37273,INR,Captured,TXN100001041,2024-12-02 06:29:00,2024-12-02 06:35:00,5079
PAY0001043,MER000010,CUS000147,INV0000223,GTW014,PM014,41752,INR,Failed,TXN100001042,2024-04-15 17:17:00,2024-04-15 17:32:00,6813
PAY0001044,MER000054,CUS000031,INV0000202,GTW004,PM015,22531,INR,Captured,TXN100001043,2024-02-20 15:31:00,2024-02-20 15:36:00,5076
PAY0001045,MER000001,CUS000234,INV0000393,GTW015,PM010,17278,INR,Captured,TXN100001044,2024-08-30 18:01:00,2024-08-30 18:12:00,7044
PAY0001046,MER000003,CUS000018,,GTW016,PM004,54505,INR,Captured,TXN100001045,2024-02-07 17:58:00,2024-02-07 18:04:00,6074
PAY0001047,MER000064,CUS000157,INV0000325,GTW002,PM013,39217,INR,Captured,TXN100001046,2024-12-20 12:05:00,2024-12-20 12:11:00,5855
PAY0001048,MER000014,CUS000008,,GTW008,PM002,1462,INR,Captured,TXN100001047,2025-05-20 20:58:00,2025-05-20 21:04:00,1286
PAY0001049,MER000048,CUS000209,INV0000331,GTW018,PM001,90309,INR,Captured,TXN100001048,2025-03-22 07:10:00,2025-03-22 07:22:00,7260
PAY0001050,MER000010,CUS000068,INV0000905,GTW011,PM020,49849,INR,Authorized,TXN100001049,2024-02-14 03:03:00,,2361
PAY0001051,MER000019,CUS000193,INV0000948,GTW019,PM014,83580,INR,Captured,TXN100001050,2024-05-21 18:29:00,2024-05-21 18:35:00,3810
PAY0001052,MER000036,CUS000083,INV0000535,GTW016,PM008,12132,INR,Captured,TXN100001051,2025-06-24 07:36:00,2025-06-24 07:44:00,2311
PAY0001053,MER000032,CUS000169,INV0000729,GTW007,PM003,9949,INR,Pending,TXN100001052,2024-03-25 11:35:00,,4201
PAY0001054,MER000025,CUS000125,INV0000014,GTW004,PM011,27449,INR,Pending,TXN100001053,2025-11-17 06:29:00,,6818
PAY0001055,MER000059,CUS000168,INV0000541,GTW005,PM017,13949,INR,Authorized,TXN100001054,2025-06-10 10:48:00,,7638
PAY0001056,MER000066,CUS000052,INV0000939,GTW013,PM007,9096,INR,Authorized,TXN100001055,2025-01-07 12:28:00,,2426
PAY0001057,MER000014,CUS000191,INV0000703,GTW004,PM008,2274,INR,Captured,TXN100001056,2024-11-10 18:41:00,2024-11-10 18:49:00,7474
PAY0001058,MER000034,CUS000031,INV0000274,GTW018,PM003,46555,INR,Captured,TXN100001057,2024-01-30 15:42:00,2024-01-30 15:48:00,3684
PAY0001059,MER000035,CUS000095,INV0000407,GTW004,PM002,85116,INR,Captured,TXN100001058,2025-05-29 13:32:00,2025-05-29 13:40:00,3283
PAY0001060,MER000036,CUS000136,INV0000433,GTW020,PM016,68076,INR,Captured,TXN100001059,2024-07-17 09:12:00,2024-07-17 09:22:00,3701
PAY0001061,MER000005,CUS000148,INV0000052,GTW009,PM008,8730,INR,Captured,TXN100001060,2025-10-23 07:07:00,2025-10-23 07:08:00,4509
PAY0001062,MER000013,CUS000057,INV0000232,GTW009,PM016,27062,INR,Captured,TXN100001061,2025-09-27 22:45:00,2025-09-27 22:52:00,1551
PAY0001063,MER000001,CUS000025,INV0000356,GTW006,PM017,91912,INR,Captured,TXN100001062,2025-10-14 09:45:00,2025-10-14 09:57:00,5246
PAY0001064,MER000024,CUS000086,INV0000313,GTW015,PM005,1769,INR,Failed,TXN100001063,2024-09-01 05:20:00,2024-09-01 05:23:00,5606
PAY0001065,MER000022,CUS000174,INV0000343,GTW001,PM020,46256,INR,Authorized,TXN100001064,2024-01-22 05:16:00,,4031
PAY0001066,MER000038,CUS000214,INV0000501,GTW008,PM017,66048,INR,Captured,TXN100001065,2024-09-10 15:07:00,2024-09-10 15:08:00,1520
PAY0001067,MER000043,CUS000116,INV0000794,GTW016,PM012,71627,INR,Pending,TXN100001066,2024-04-06 03:19:00,,2258
PAY0001068,MER000039,CUS000182,INV0000260,GTW011,PM017,87123,INR,Pending,TXN100001067,2025-01-08 14:00:00,,7170
PAY0001069,MER000003,CUS000038,,GTW014,PM008,86524,INR,Captured,TXN100001068,2025-09-02 15:07:00,2025-09-02 15:16:00,1310
PAY0001070,MER000047,CUS000053,INV0000032,GTW003,PM007,49616,INR,Failed,TXN100001069,2024-09-07 18:47:00,2024-09-07 18:54:00,5382
PAY0001071,MER000058,CUS000246,INV0000281,GTW017,PM006,34874,INR,Authorized,TXN100001070,2025-10-03 21:34:00,,7607
PAY0001072,MER000040,CUS000049,INV0000910,GTW002,PM019,68267,INR,Captured,TXN100001071,2024-12-05 12:37:00,2024-12-05 12:42:00,5899
PAY0001073,MER000045,CUS000074,INV0000628,GTW004,PM001,65495,INR,Captured,TXN100001072,2024-05-05 13:50:00,2024-05-05 14:03:00,7745
PAY0001074,MER000021,CUS000078,INV0000478,GTW016,PM010,8569,INR,Settled,TXN100001073,2025-11-28 04:33:00,2025-11-28 04:43:00,6701
PAY0001075,MER000016,CUS000014,INV0000465,GTW016,PM010,767,INR,Pending,TXN100001074,2024-02-11 06:18:00,,3675
PAY0001076,MER000037,CUS000202,INV0000855,GTW017,PM018,20421,INR,Captured,TXN100001075,2024-01-01 01:16:00,2024-01-01 01:31:00,7962
PAY0001077,MER000011,CUS000075,INV0000278,GTW008,PM002,62120,INR,Captured,TXN100001076,2024-05-26 23:12:00,2024-05-26 23:27:00,7792
PAY0001078,MER000013,CUS000229,INV0000832,GTW009,PM010,78355,INR,Captured,TXN100001077,2025-11-25 20:24:00,2025-11-25 20:39:00,2695
PAY0001079,MER000026,CUS000065,INV0000447,GTW005,PM014,72751,INR,Captured,TXN100001078,2025-11-26 10:51:00,2025-11-26 11:02:00,1784
PAY0001080,MER000024,CUS000097,INV0000088,GTW014,PM004,18267,INR,Captured,TXN100001079,2024-10-31 18:59:00,2024-10-31 19:08:00,4463
PAY0001081,MER000055,CUS000120,INV0000321,GTW014,PM014,60561,INR,Captured,TXN100001080,2025-05-30 21:45:00,2025-05-30 21:51:00,376
PAY0001082,MER000039,CUS000202,,GTW008,PM019,67235,INR,Pending,TXN100001081,2024-01-28 13:05:00,,3206
PAY0001083,MER000051,CUS000033,INV0000557,GTW013,PM001,60761,INR,Pending,TXN100001082,2025-08-02 09:03:00,,6764
PAY0001084,MER000014,CUS000086,INV0000531,GTW020,PM004,38186,INR,Captured,TXN100001083,2025-04-16 01:05:00,2025-04-16 01:19:00,4782
PAY0001085,MER000007,CUS000180,INV0000340,GTW007,PM017,18994,INR,Captured,TXN100001084,2024-03-03 03:47:00,2024-03-03 03:56:00,4754
PAY0001086,MER000020,CUS000078,INV0000508,GTW010,PM001,63664,INR,Failed,TXN100001085,2024-05-19 07:57:00,2024-05-19 08:11:00,5259
PAY0001087,MER000067,CUS000025,INV0000118,GTW008,PM007,13679,INR,Captured,TXN100001086,2024-03-09 00:09:00,2024-03-09 00:11:00,4030
PAY0001088,MER000039,CUS000104,INV0000518,GTW016,PM006,30892,INR,Authorized,TXN100001087,2025-03-30 12:03:00,,7045
PAY0001089,MER000016,CUS000111,INV0000267,GTW005,PM001,24323,INR,Authorized,TXN100001088,2025-09-19 21:28:00,,1310
PAY0001090,MER000026,CUS000122,INV0000674,GTW016,PM010,38038,INR,Failed,TXN100001089,2024-09-03 05:32:00,2024-09-03 05:41:00,5618
PAY0001091,MER000014,CUS000119,INV0000603,GTW014,PM014,19520,INR,Captured,TXN100001090,2025-05-19 11:42:00,2025-05-19 11:49:00,379
PAY0001092,MER000057,CUS000011,INV0000124,GTW012,PM005,61429,INR,Captured,TXN100001091,2025-07-31 12:00:00,2025-07-31 12:01:00,7378
PAY0001093,MER000065,CUS000054,INV0000284,GTW012,PM017,51299,INR,Captured,TXN100001092,2024-01-10 05:22:00,2024-01-10 05:36:00,4352
PAY0001094,MER000059,CUS000184,INV0000672,GTW005,PM009,86403,INR,Failed,TXN100001093,2024-06-04 11:41:00,2024-06-04 11:47:00,2631
PAY0001095,MER000024,CUS000148,,GTW017,PM017,34077,INR,Captured,TXN100001094,2024-03-10 20:30:00,2024-03-10 20:38:00,1210
PAY0001096,MER000009,CUS000012,INV0000603,GTW001,PM006,30469,INR,Captured,TXN100001095,2025-08-17 11:37:00,2025-08-17 11:44:00,940
PAY0001097,MER000031,CUS000027,INV0000512,GTW006,PM013,99166,INR,Pending,TXN100001096,2025-11-26 15:20:00,,3591
PAY0001098,MER000010,CUS000114,,GTW012,PM020,82844,INR,Captured,TXN100001097,2024-03-04 19:16:00,2024-03-04 19:30:00,7036
PAY0001099,MER000026,CUS000051,INV0000179,GTW009,PM016,57445,INR,Captured,TXN100001098,2024-11-24 03:44:00,2024-11-24 03:47:00,5711
PAY0001100,MER000025,CUS000023,INV0000207,GTW019,PM001,82559,INR,Captured,TXN100001099,2024-06-14 13:52:00,2024-06-14 14:05:00,5627
PAY0001101,MER000070,CUS000222,INV0000035,GTW003,PM011,24388,INR,Pending,TXN100001100,2024-05-23 00:23:00,,5739
PAY0001102,MER000061,CUS000129,INV0000933,GTW012,PM012,81165,INR,Captured,TXN100001101,2025-10-19 16:31:00,2025-10-19 16:35:00,7520
PAY0001103,MER000010,CUS000146,INV0000142,GTW003,PM005,67896,INR,Captured,TXN100001102,2024-03-09 14:27:00,2024-03-09 14:41:00,2593
PAY0001104,MER000029,CUS000211,INV0000511,GTW010,PM009,51273,INR,Captured,TXN100001103,2024-08-24 01:38:00,2024-08-24 01:39:00,5911
PAY0001105,MER000067,CUS000239,INV0000894,GTW020,PM017,41025,INR,Captured,TXN100001104,2024-06-10 09:04:00,2024-06-10 09:08:00,3420
PAY0001106,MER000034,CUS000168,INV0000560,GTW001,PM002,44408,INR,Authorized,TXN100001105,2024-04-23 18:30:00,,3602
PAY0001107,MER000043,CUS000237,INV0000343,GTW002,PM008,64791,INR,Captured,TXN100001106,2024-03-01 04:13:00,2024-03-01 04:25:00,747
PAY0001108,MER000005,CUS000089,INV0000578,GTW003,PM014,78500,INR,Pending,TXN100001107,2025-09-16 22:53:00,,6206
PAY0001109,MER000014,CUS000010,INV0000083,GTW016,PM017,29623,INR,Captured,TXN100001108,2025-07-18 15:08:00,2025-07-18 15:09:00,5477
PAY0001110,MER000004,CUS000199,INV0000490,GTW007,PM018,79809,INR,Authorized,TXN100001109,2024-11-06 07:01:00,,7197
PAY0001111,MER000049,CUS000179,INV0000701,GTW005,PM014,92025,INR,Captured,TXN100001110,2024-01-19 17:30:00,2024-01-19 17:43:00,3646
PAY0001112,MER000048,CUS000091,INV0000119,GTW007,PM011,57316,INR,Captured,TXN100001111,2025-03-24 03:57:00,2025-03-24 04:12:00,7670
PAY0001113,MER000069,CUS000146,INV0000238,GTW002,PM001,94449,INR,Captured,TXN100001112,2024-04-04 18:00:00,2024-04-04 18:12:00,2197
PAY0001114,MER000041,CUS000090,INV0000079,GTW020,PM008,38427,INR,Captured,TXN100001113,2024-02-28 04:28:00,2024-02-28 04:29:00,1212
PAY0001115,MER000070,CUS000053,INV0000491,GTW016,PM012,28973,INR,Captured,TXN100001114,2025-11-04 03:42:00,2025-11-04 03:47:00,3783
PAY0001116,MER000032,CUS000135,INV0000965,GTW009,PM011,91558,INR,Authorized,TXN100001115,2025-01-10 17:18:00,,4585
PAY0001117,MER000036,CUS000021,INV0000056,GTW007,PM005,68387,INR,Settled,TXN100001116,2024-12-20 13:45:00,2024-12-20 13:53:00,2038
PAY0001118,MER000019,CUS000010,INV0000567,GTW008,PM015,85284,INR,Failed,TXN100001117,2024-08-03 03:23:00,2024-08-03 03:36:00,6410
PAY0001119,MER000050,CUS000077,INV0000117,GTW003,PM002,36681,INR,Captured,TXN100001118,2024-01-22 15:53:00,2024-01-22 15:58:00,7150
PAY0001120,MER000027,CUS000098,INV0000508,GTW006,PM014,69894,INR,Captured,TXN100001119,2024-01-20 12:24:00,2024-01-20 12:28:00,578
PAY0001121,MER000044,CUS000237,INV0000033,GTW009,PM019,28482,INR,Captured,TXN100001120,2025-07-08 11:59:00,2025-07-08 12:09:00,6353
PAY0001122,MER000008,CUS000207,INV0000744,GTW004,PM018,50970,INR,Captured,TXN100001121,2025-09-28 13:55:00,2025-09-28 14:07:00,7952
PAY0001123,MER000067,CUS000067,INV0000695,GTW006,PM013,61354,INR,Captured,TXN100001122,2024-10-21 17:29:00,2024-10-21 17:41:00,6258
PAY0001124,MER000036,CUS000022,,GTW008,PM018,38874,INR,Captured,TXN100001123,2024-08-31 04:58:00,2024-08-31 05:11:00,2915
PAY0001125,MER000002,CUS000032,INV0000040,GTW010,PM019,86709,INR,Captured,TXN100001124,2025-09-22 08:23:00,2025-09-22 08:28:00,2779
PAY0001126,MER000060,CUS000010,INV0000868,GTW012,PM016,83690,INR,Captured,TXN100001125,2024-07-02 14:29:00,2024-07-02 14:30:00,7066
PAY0001127,MER000041,CUS000245,INV0000419,GTW003,PM015,23667,INR,Captured,TXN100001126,2024-02-29 18:05:00,2024-02-29 18:15:00,2263
PAY0001128,MER000019,CUS000224,INV0000283,GTW020,PM002,30596,INR,Captured,TXN100001127,2024-09-22 15:08:00,2024-09-22 15:11:00,1087
PAY0001129,MER000006,CUS000142,INV0000189,GTW008,PM002,93757,INR,Captured,TXN100001128,2025-12-01 16:55:00,2025-12-01 17:01:00,2272
PAY0001130,MER000046,CUS000139,,GTW002,PM020,30862,INR,Authorized,TXN100001129,2024-01-17 21:54:00,,3014
PAY0001131,MER000042,CUS000147,INV0000520,GTW012,PM014,9457,INR,Captured,TXN100001130,2025-03-30 03:32:00,2025-03-30 03:36:00,5408
PAY0001132,MER000043,CUS000250,INV0000290,GTW014,PM012,61793,INR,Captured,TXN100001131,2024-05-26 00:20:00,2024-05-26 00:26:00,7870
PAY0001133,MER000020,CUS000234,,GTW019,PM001,14024,INR,Captured,TXN100001132,2025-09-28 00:10:00,2025-09-28 00:15:00,5139
PAY0001134,MER000045,CUS000241,INV0000321,GTW007,PM013,76473,INR,Failed,TXN100001133,2025-06-07 22:49:00,2025-06-07 23:02:00,417
PAY0001135,MER000029,CUS000145,INV0000154,GTW017,PM019,82717,INR,Settled,TXN100001134,2025-01-25 20:05:00,2025-01-25 20:20:00,4641
PAY0001136,MER000068,CUS000134,INV0000552,GTW015,PM011,35382,INR,Captured,TXN100001135,2024-05-04 16:51:00,2024-05-04 16:59:00,1747
PAY0001137,MER000047,CUS000060,INV0000301,GTW015,PM011,98166,INR,Pending,TXN100001136,2024-09-06 10:15:00,,1095
PAY0001138,MER000010,CUS000235,INV0000456,GTW012,PM016,79427,INR,Captured,TXN100001137,2025-02-23 11:05:00,2025-02-23 11:14:00,2037
PAY0001139,MER000017,CUS000237,INV0000429,GTW018,PM008,53527,INR,Pending,TXN100001138,2024-08-23 18:52:00,,5672
PAY0001140,MER000016,CUS000021,INV0000142,GTW014,PM014,66294,INR,Captured,TXN100001139,2025-09-12 08:50:00,2025-09-12 08:56:00,1365
PAY0001141,MER000016,CUS000108,INV0000648,GTW009,PM018,93342,INR,Captured,TXN100001140,2024-07-21 05:56:00,2024-07-21 05:59:00,7769
PAY0001142,MER000022,CUS000019,INV0000104,GTW005,PM017,69477,INR,Captured,TXN100001141,2024-05-09 01:53:00,2024-05-09 02:05:00,7675
PAY0001143,MER000038,CUS000031,INV0000433,GTW011,PM011,77626,INR,Failed,TXN100001142,2024-12-28 04:25:00,2024-12-28 04:29:00,5136
PAY0001144,MER000058,CUS000234,INV0000740,GTW014,PM015,97184,INR,Authorized,TXN100001143,2024-02-16 02:47:00,,6988
PAY0001145,MER000066,CUS000022,INV0000776,GTW005,PM001,77898,INR,Failed,TXN100001144,2025-05-03 22:08:00,2025-05-03 22:20:00,5008
PAY0001146,MER000036,CUS000242,INV0000665,GTW004,PM008,39074,INR,Captured,TXN100001145,2025-04-09 12:20:00,2025-04-09 12:29:00,4191
PAY0001147,MER000055,CUS000074,INV0000578,GTW011,PM013,41856,INR,Captured,TXN100001146,2025-06-14 16:37:00,2025-06-14 16:52:00,6353
PAY0001148,MER000056,CUS000133,INV0000147,GTW009,PM019,80771,INR,Settled,TXN100001147,2024-02-12 23:56:00,2024-02-13 00:00:00,2725
PAY0001149,MER000029,CUS000227,INV0000292,GTW006,PM010,34103,INR,Captured,TXN100001148,2024-06-18 03:18:00,2024-06-18 03:26:00,5115
PAY0001150,MER000066,CUS000194,INV0000947,GTW006,PM001,78532,INR,Captured,TXN100001149,2024-08-25 21:17:00,2024-08-25 21:21:00,7543
PAY0001151,MER000004,CUS000095,INV0000913,GTW007,PM010,74963,INR,Captured,TXN100001150,2025-07-06 17:51:00,2025-07-06 17:59:00,3643
PAY0001152,MER000016,CUS000114,INV0000534,GTW014,PM016,34579,INR,Authorized,TXN100001151,2024-05-09 14:18:00,,861
PAY0001153,MER000011,CUS000191,,GTW008,PM003,42975,INR,Captured,TXN100001152,2024-10-12 23:42:00,2024-10-12 23:48:00,1433
PAY0001154,MER000010,CUS000181,INV0000283,GTW011,PM002,56903,INR,Captured,TXN100001153,2025-04-09 20:47:00,2025-04-09 21:00:00,972
PAY0001155,MER000005,CUS000243,,GTW001,PM008,18040,INR,Pending,TXN100001154,2025-06-17 10:12:00,,4953
PAY0001156,MER000063,CUS000209,INV0000966,GTW006,PM016,37140,INR,Captured,TXN100001155,2024-08-13 21:12:00,2024-08-13 21:15:00,1229
PAY0001157,MER000001,CUS000112,INV0000897,GTW003,PM016,73203,INR,Failed,TXN100001156,2024-03-31 16:54:00,2024-03-31 16:58:00,5157
PAY0001158,MER000031,CUS000164,INV0000183,GTW012,PM016,69628,INR,Captured,TXN100001157,2024-02-09 13:44:00,2024-02-09 13:51:00,5531
PAY0001159,MER000063,CUS000204,,GTW013,PM020,46909,INR,Captured,TXN100001158,2024-11-03 07:56:00,2024-11-03 08:04:00,4601
PAY0001160,MER000037,CUS000108,INV0000099,GTW015,PM011,32526,INR,Authorized,TXN100001159,2024-08-12 03:56:00,,5576
PAY0001161,MER000051,CUS000181,INV0000181,GTW005,PM016,64217,INR,Captured,TXN100001160,2025-04-20 10:42:00,2025-04-20 10:54:00,5073
PAY0001162,MER000053,CUS000016,INV0000241,GTW018,PM011,34389,INR,Captured,TXN100001161,2024-01-30 09:17:00,2024-01-30 09:32:00,5679
PAY0001163,MER000035,CUS000125,INV0000401,GTW008,PM011,83496,INR,Captured,TXN100001162,2025-03-28 13:25:00,2025-03-28 13:26:00,6855
PAY0001164,MER000069,CUS000053,INV0000459,GTW004,PM020,80152,INR,Authorized,TXN100001163,2025-02-23 07:36:00,,2850
PAY0001165,MER000012,CUS000200,INV0000553,GTW011,PM012,72568,INR,Pending,TXN100001164,2024-01-21 23:01:00,,669
PAY0001166,MER000069,CUS000102,INV0000532,GTW008,PM010,21255,INR,Captured,TXN100001165,2024-08-03 11:34:00,2024-08-03 11:37:00,7610
PAY0001167,MER000005,CUS000217,INV0000424,GTW001,PM017,13537,INR,Captured,TXN100001166,2024-08-08 17:46:00,2024-08-08 17:47:00,4258
PAY0001168,MER000032,CUS000009,INV0000497,GTW009,PM004,49626,INR,Captured,TXN100001167,2024-02-13 05:18:00,2024-02-13 05:22:00,5518
PAY0001169,MER000054,CUS000006,INV0000838,GTW001,PM018,79381,INR,Captured,TXN100001168,2024-10-03 02:04:00,2024-10-03 02:16:00,7678
PAY0001170,MER000040,CUS000201,INV0000754,GTW011,PM014,67255,INR,Pending,TXN100001169,2025-08-25 12:12:00,,6240
PAY0001171,MER000061,CUS000097,INV0000281,GTW010,PM014,12297,INR,Captured,TXN100001170,2025-04-14 06:06:00,2025-04-14 06:17:00,1970
PAY0001172,MER000069,CUS000130,,GTW008,PM013,2356,INR,Captured,TXN100001171,2025-07-28 08:30:00,2025-07-28 08:42:00,4221
PAY0001173,MER000004,CUS000102,INV0000975,GTW008,PM015,48573,INR,Captured,TXN100001172,2025-01-16 17:45:00,2025-01-16 17:49:00,4055
PAY0001174,MER000011,CUS000025,INV0000659,GTW018,PM006,27321,INR,Pending,TXN100001173,2024-11-14 10:09:00,,7234
PAY0001175,MER000061,CUS000134,,GTW019,PM008,7824,INR,Captured,TXN100001174,2025-08-30 07:05:00,2025-08-30 07:15:00,6436
PAY0001176,MER000005,CUS000083,INV0000422,GTW019,PM020,53385,INR,Pending,TXN100001175,2024-11-14 23:21:00,,7288
PAY0001177,MER000041,CUS000246,INV0000707,GTW008,PM011,60572,INR,Captured,TXN100001176,2024-08-02 17:50:00,2024-08-02 17:58:00,5957
PAY0001178,MER000017,CUS000194,INV0000569,GTW001,PM006,68249,INR,Failed,TXN100001177,2024-03-24 03:27:00,2024-03-24 03:34:00,6278
PAY0001179,MER000064,CUS000044,INV0000203,GTW017,PM016,18432,INR,Authorized,TXN100001178,2025-03-24 03:02:00,,6285
PAY0001180,MER000038,CUS000185,,GTW009,PM017,42355,INR,Captured,TXN100001179,2025-03-04 12:00:00,2025-03-04 12:07:00,5188
PAY0001181,MER000027,CUS000206,,GTW020,PM012,68176,INR,Captured,TXN100001180,2025-07-31 20:10:00,2025-07-31 20:19:00,5102
PAY0001182,MER000018,CUS000043,INV0000474,GTW017,PM016,1387,INR,Failed,TXN100001181,2024-08-03 10:59:00,2024-08-03 11:13:00,2752
PAY0001183,MER000026,CUS000178,INV0000154,GTW004,PM018,60208,INR,Captured,TXN100001182,2025-04-26 02:00:00,2025-04-26 02:04:00,2861
PAY0001184,MER000029,CUS000089,INV0000640,GTW001,PM007,36089,INR,Captured,TXN100001183,2025-04-24 19:10:00,2025-04-24 19:21:00,2478
PAY0001185,MER000052,CUS000240,INV0000889,GTW009,PM018,71012,INR,Captured,TXN100001184,2025-03-12 18:46:00,2025-03-12 18:56:00,5405
PAY0001186,MER000023,CUS000068,INV0000080,GTW019,PM004,16707,INR,Failed,TXN100001185,2025-08-29 04:06:00,2025-08-29 04:11:00,6678
PAY0001187,MER000036,CUS000248,INV0000661,GTW020,PM016,27534,INR,Pending,TXN100001186,2025-01-27 10:36:00,,1527
PAY0001188,MER000019,CUS000037,INV0000238,GTW006,PM016,132,INR,Pending,TXN100001187,2024-08-09 02:59:00,,2798
PAY0001189,MER000055,CUS000171,INV0000994,GTW016,PM011,39756,INR,Pending,TXN100001188,2024-02-23 04:32:00,,4249
PAY0001190,MER000061,CUS000091,INV0000247,GTW010,PM017,41646,INR,Pending,TXN100001189,2025-07-27 12:24:00,,4497
PAY0001191,MER000019,CUS000216,INV0000620,GTW014,PM018,57987,INR,Pending,TXN100001190,2024-08-07 05:40:00,,4164
PAY0001192,MER000023,CUS000007,INV0000257,GTW012,PM015,87923,INR,Captured,TXN100001191,2024-05-03 17:57:00,2024-05-03 18:03:00,2984
PAY0001193,MER000049,CUS000096,INV0000219,GTW006,PM001,25768,INR,Settled,TXN100001192,2025-09-23 17:56:00,2025-09-23 18:00:00,3771
PAY0001194,MER000048,CUS000235,INV0000200,GTW009,PM017,1803,INR,Captured,TXN100001193,2024-01-06 18:19:00,2024-01-06 18:34:00,5120
PAY0001195,MER000033,CUS000071,INV0000663,GTW002,PM019,4088,INR,Captured,TXN100001194,2024-10-08 20:30:00,2024-10-08 20:42:00,7221
PAY0001196,MER000070,CUS000207,INV0000483,GTW004,PM002,48535,INR,Captured,TXN100001195,2025-09-14 20:29:00,2025-09-14 20:37:00,386
PAY0001197,MER000017,CUS000022,INV0000731,GTW014,PM004,7446,INR,Captured,TXN100001196,2024-06-05 22:47:00,2024-06-05 23:01:00,3782
PAY0001198,MER000025,CUS000168,INV0000064,GTW020,PM001,43703,INR,Captured,TXN100001197,2024-11-17 03:54:00,2024-11-17 04:08:00,7008
PAY0001199,MER000047,CUS000133,INV0000922,GTW001,PM013,54675,INR,Authorized,TXN100001198,2024-11-20 22:10:00,,7012
PAY0001200,MER000019,CUS000187,INV0000063,GTW009,PM003,22721,INR,Pending,TXN100001199,2024-03-07 06:52:00,,3782
PAY0001201,MER000001,CUS000080,INV0000624,GTW009,PM018,46064,INR,Captured,TXN100001200,2024-07-22 22:32:00,2024-07-22 22:43:00,1114
PAY0001202,MER000012,CUS000047,INV0000582,GTW003,PM006,41715,INR,Captured,TXN100001201,2024-03-29 18:59:00,2024-03-29 19:01:00,4992
PAY0001203,MER000011,CUS000225,INV0000021,GTW008,PM010,89345,INR,Captured,TXN100001202,2024-06-22 00:13:00,2024-06-22 00:21:00,5411
PAY0001204,MER000007,CUS000098,,GTW010,PM006,36664,INR,Failed,TXN100001203,2024-07-14 23:48:00,2024-07-14 23:53:00,1300
PAY0001205,MER000023,CUS000076,INV0000424,GTW009,PM015,34774,INR,Authorized,TXN100001204,2024-08-19 06:17:00,,907
PAY0001206,MER000022,CUS000010,INV0000593,GTW019,PM013,20508,INR,Captured,TXN100001205,2025-01-07 11:49:00,2025-01-07 11:57:00,4556
PAY0001207,MER000037,CUS000054,INV0000720,GTW011,PM017,72400,INR,Pending,TXN100001206,2025-03-20 11:41:00,,6948
PAY0001208,MER000060,CUS000067,INV0000276,GTW002,PM004,67868,INR,Captured,TXN100001207,2024-04-02 16:49:00,2024-04-02 16:53:00,5543
PAY0001209,MER000049,CUS000169,INV0000487,GTW019,PM002,42353,INR,Captured,TXN100001208,2024-05-23 14:37:00,2024-05-23 14:47:00,5894
PAY0001210,MER000013,CUS000048,INV0000368,GTW012,PM010,21431,INR,Captured,TXN100001209,2024-01-09 05:26:00,2024-01-09 05:32:00,3974
PAY0001211,MER000056,CUS000188,INV0000771,GTW013,PM016,32027,INR,Captured,TXN100001210,2024-01-23 14:51:00,2024-01-23 15:01:00,2219
PAY0001212,MER000030,CUS000196,INV0000616,GTW017,PM004,55279,INR,Captured,TXN100001211,2024-12-11 15:43:00,2024-12-11 15:44:00,3638
PAY0001213,MER000022,CUS000237,INV0000977,GTW010,PM020,91539,INR,Captured,TXN100001212,2025-08-14 12:37:00,2025-08-14 12:46:00,7873
PAY0001214,MER000007,CUS000249,INV0000975,GTW003,PM010,18641,INR,Failed,TXN100001213,2025-08-04 04:08:00,2025-08-04 04:21:00,6715
PAY0001215,MER000023,CUS000078,INV0000406,GTW010,PM003,24295,INR,Failed,TXN100001214,2024-06-18 14:00:00,2024-06-18 14:04:00,2084
PAY0001216,MER000048,CUS000002,,GTW016,PM006,45282,INR,Captured,TXN100001215,2025-03-23 02:46:00,2025-03-23 02:57:00,968
PAY0001217,MER000049,CUS000213,INV0000704,GTW015,PM008,12659,INR,Authorized,TXN100001216,2025-02-07 22:13:00,,3325
PAY0001218,MER000055,CUS000153,INV0000782,GTW013,PM018,9492,INR,Captured,TXN100001217,2024-05-16 12:49:00,2024-05-16 12:54:00,2991
PAY0001219,MER000023,CUS000197,INV0000759,GTW008,PM012,47584,INR,Authorized,TXN100001218,2025-08-23 00:14:00,,2934
PAY0001220,MER000030,CUS000036,INV0000002,GTW016,PM007,5899,INR,Captured,TXN100001219,2025-09-17 19:48:00,2025-09-17 19:50:00,1880
PAY0001221,MER000037,CUS000080,INV0000096,GTW013,PM016,4664,INR,Captured,TXN100001220,2024-12-13 12:41:00,2024-12-13 12:44:00,2288
PAY0001222,MER000014,CUS000120,,GTW003,PM012,90023,INR,Captured,TXN100001221,2025-03-07 05:10:00,2025-03-07 05:19:00,6152
PAY0001223,MER000065,CUS000099,INV0000884,GTW015,PM001,63819,INR,Captured,TXN100001222,2025-02-18 00:10:00,2025-02-18 00:20:00,5506
PAY0001224,MER000034,CUS000190,,GTW004,PM020,59117,INR,Captured,TXN100001223,2025-02-15 13:49:00,2025-02-15 13:56:00,4262
PAY0001225,MER000055,CUS000137,INV0000485,GTW013,PM003,19811,INR,Captured,TXN100001224,2024-12-09 17:23:00,2024-12-09 17:26:00,206
PAY0001226,MER000059,CUS000112,INV0000957,GTW002,PM015,37024,INR,Captured,TXN100001225,2025-08-27 08:12:00,2025-08-27 08:22:00,476
PAY0001227,MER000048,CUS000065,INV0000502,GTW014,PM011,88573,INR,Authorized,TXN100001226,2025-04-16 11:03:00,,2576
PAY0001228,MER000003,CUS000115,INV0000025,GTW011,PM010,83459,INR,Captured,TXN100001227,2025-07-09 08:11:00,2025-07-09 08:18:00,441
PAY0001229,MER000011,CUS000137,INV0000366,GTW004,PM005,95361,INR,Captured,TXN100001228,2024-02-07 17:47:00,2024-02-07 17:50:00,1334
PAY0001230,MER000068,CUS000146,INV0000442,GTW015,PM002,10131,INR,Failed,TXN100001229,2024-10-08 11:29:00,2024-10-08 11:33:00,2825
PAY0001231,MER000013,CUS000098,INV0000151,GTW017,PM003,44372,INR,Pending,TXN100001230,2025-09-15 23:40:00,,7747
PAY0001232,MER000033,CUS000185,INV0000310,GTW003,PM014,15360,INR,Captured,TXN100001231,2025-03-08 12:01:00,2025-03-08 12:13:00,6651
PAY0001233,MER000032,CUS000178,INV0000268,GTW002,PM012,75248,INR,Captured,TXN100001232,2024-11-06 19:32:00,2024-11-06 19:45:00,4024
PAY0001234,MER000036,CUS000129,INV0000958,GTW002,PM020,52354,INR,Failed,TXN100001233,2025-03-23 08:47:00,2025-03-23 08:50:00,7602
PAY0001235,MER000054,CUS000169,INV0000292,GTW005,PM009,35103,INR,Captured,TXN100001234,2024-10-06 00:26:00,2024-10-06 00:39:00,3938
PAY0001236,MER000042,CUS000057,INV0001000,GTW003,PM020,37826,INR,Captured,TXN100001235,2025-10-12 10:06:00,2025-10-12 10:07:00,6115
PAY0001237,MER000070,CUS000100,INV0000847,GTW016,PM018,1747,INR,Captured,TXN100001236,2025-04-16 18:26:00,2025-04-16 18:32:00,2959
PAY0001238,MER000064,CUS000054,INV0000355,GTW018,PM006,88309,INR,Authorized,TXN100001237,2025-03-31 04:29:00,,3345
PAY0001239,MER000045,CUS000022,INV0000034,GTW007,PM017,48490,INR,Captured,TXN100001238,2025-11-07 18:05:00,2025-11-07 18:14:00,2640
PAY0001240,MER000022,CUS000160,INV0000323,GTW012,PM019,56661,INR,Captured,TXN100001239,2025-04-07 21:29:00,2025-04-07 21:39:00,3552
PAY0001241,MER000049,CUS000236,,GTW018,PM005,49701,INR,Failed,TXN100001240,2024-01-24 09:35:00,2024-01-24 09:39:00,5123
PAY0001242,MER000038,CUS000046,,GTW006,PM013,72198,INR,Captured,TXN100001241,2024-05-06 03:25:00,2024-05-06 03:27:00,3496
PAY0001243,MER000014,CUS000171,INV0000223,GTW011,PM017,70305,INR,Captured,TXN100001242,2025-03-04 19:17:00,2025-03-04 19:23:00,4512
PAY0001244,MER000058,CUS000041,INV0000880,GTW006,PM013,37902,INR,Captured,TXN100001243,2025-02-17 15:48:00,2025-02-17 16:02:00,177
PAY0001245,MER000050,CUS000149,INV0000343,GTW014,PM014,53878,INR,Failed,TXN100001244,2025-04-20 20:11:00,2025-04-20 20:13:00,1697
PAY0001246,MER000053,CUS000243,INV0000634,GTW001,PM011,80029,INR,Captured,TXN100001245,2024-08-17 04:39:00,2024-08-17 04:41:00,2197
PAY0001247,MER000050,CUS000142,INV0000641,GTW017,PM007,21252,INR,Settled,TXN100001246,2025-04-28 21:05:00,2025-04-28 21:06:00,3900
PAY0001248,MER000026,CUS000083,INV0000896,GTW005,PM010,8595,INR,Authorized,TXN100001247,2024-09-02 05:30:00,,7477
PAY0001249,MER000031,CUS000204,INV0000592,GTW006,PM015,65664,INR,Failed,TXN100001248,2025-04-17 14:15:00,2025-04-17 14:23:00,5404
PAY0001250,MER000001,CUS000192,INV0000619,GTW002,PM014,68226,INR,Captured,TXN100001249,2024-12-05 05:15:00,2024-12-05 05:17:00,4001
PAY0001251,MER000069,CUS000031,,GTW020,PM018,93785,INR,Authorized,TXN100001250,2024-03-13 13:16:00,,344
PAY0001252,MER000006,CUS000094,INV0000848,GTW013,PM017,82579,INR,Captured,TXN100001251,2024-03-02 09:51:00,2024-03-02 10:05:00,5471
PAY0001253,MER000015,CUS000185,INV0000807,GTW006,PM012,54218,INR,Pending,TXN100001252,2024-05-07 03:09:00,,5528
PAY0001254,MER000010,CUS000118,INV0000935,GTW016,PM008,99318,INR,Captured,TXN100001253,2024-09-05 15:13:00,2024-09-05 15:19:00,2279
PAY0001255,MER000036,CUS000153,INV0000706,GTW002,PM005,19501,INR,Captured,TXN100001254,2025-03-31 10:50:00,2025-03-31 10:55:00,4424
PAY0001256,MER000021,CUS000146,INV0000227,GTW010,PM016,93564,INR,Failed,TXN100001255,2025-01-14 18:23:00,2025-01-14 18:28:00,3753
PAY0001257,MER000033,CUS000164,INV0000159,GTW008,PM001,27842,INR,Captured,TXN100001256,2024-05-11 04:38:00,2024-05-11 04:45:00,4927
PAY0001258,MER000067,CUS000104,INV0000599,GTW016,PM020,22435,INR,Failed,TXN100001257,2024-01-13 08:23:00,2024-01-13 08:35:00,2969
PAY0001259,MER000063,CUS000166,INV0000602,GTW006,PM017,63283,INR,Captured,TXN100001258,2025-05-28 10:33:00,2025-05-28 10:47:00,1586
PAY0001260,MER000027,CUS000058,INV0000389,GTW005,PM009,79875,INR,Captured,TXN100001259,2024-01-15 21:04:00,2024-01-15 21:09:00,6523
PAY0001261,MER000002,CUS000216,INV0000123,GTW017,PM008,97273,INR,Captured,TXN100001260,2025-10-27 06:22:00,2025-10-27 06:32:00,1809
PAY0001262,MER000009,CUS000070,INV0000034,GTW018,PM018,97258,INR,Settled,TXN100001261,2025-02-12 20:06:00,2025-02-12 20:15:00,4555
PAY0001263,MER000033,CUS000205,,GTW006,PM008,30028,INR,Captured,TXN100001262,2024-02-27 14:36:00,2024-02-27 14:40:00,5799
PAY0001264,MER000025,CUS000188,INV0000182,GTW003,PM005,68592,INR,Captured,TXN100001263,2024-02-11 19:17:00,2024-02-11 19:19:00,2630
PAY0001265,MER000013,CUS000138,INV0000234,GTW002,PM011,83187,INR,Captured,TXN100001264,2024-09-06 18:48:00,2024-09-06 18:56:00,748
PAY0001266,MER000028,CUS000154,INV0000120,GTW016,PM010,74723,INR,Captured,TXN100001265,2025-03-28 02:30:00,2025-03-28 02:39:00,228
PAY0001267,MER000025,CUS000151,INV0000882,GTW020,PM015,164,INR,Captured,TXN100001266,2024-04-24 23:56:00,2024-04-25 00:07:00,2212
PAY0001268,MER000062,CUS000132,INV0000616,GTW010,PM010,34729,INR,Captured,TXN100001267,2024-10-04 15:40:00,2024-10-04 15:49:00,7254
PAY0001269,MER000057,CUS000029,INV0000350,GTW006,PM016,954,INR,Captured,TXN100001268,2024-10-08 21:35:00,2024-10-08 21:46:00,2764
PAY0001270,MER000056,CUS000173,,GTW010,PM004,58190,INR,Captured,TXN100001269,2025-06-05 15:31:00,2025-06-05 15:33:00,2955
PAY0001271,MER000028,CUS000079,INV0000552,GTW017,PM010,42045,INR,Captured,TXN100001270,2024-07-06 06:49:00,2024-07-06 06:53:00,6428
PAY0001272,MER000042,CUS000041,INV0000106,GTW007,PM013,22615,INR,Captured,TXN100001271,2024-11-03 19:13:00,2024-11-03 19:16:00,7132
PAY0001273,MER000054,CUS000200,INV0000679,GTW009,PM008,34552,INR,Settled,TXN100001272,2024-06-09 10:33:00,2024-06-09 10:44:00,4016
PAY0001274,MER000046,CUS000213,,GTW011,PM015,40472,INR,Captured,TXN100001273,2024-11-06 11:09:00,2024-11-06 11:21:00,3634
PAY0001275,MER000008,CUS000248,INV0000781,GTW014,PM012,84745,INR,Authorized,TXN100001274,2025-03-03 00:48:00,,6747
PAY0001276,MER000033,CUS000076,INV0000468,GTW012,PM001,42284,INR,Failed,TXN100001275,2024-10-07 00:52:00,2024-10-07 00:56:00,3652
PAY0001277,MER000065,CUS000113,INV0000334,GTW009,PM004,9855,INR,Captured,TXN100001276,2025-07-25 17:47:00,2025-07-25 17:51:00,2141
PAY0001278,MER000050,CUS000177,INV0000741,GTW016,PM008,36818,INR,Captured,TXN100001277,2025-05-06 23:37:00,2025-05-06 23:38:00,5120
PAY0001279,MER000048,CUS000113,INV0000061,GTW010,PM004,61945,INR,Captured,TXN100001278,2024-04-13 01:40:00,2024-04-13 01:49:00,1250
PAY0001280,MER000020,CUS000224,,GTW005,PM019,39271,INR,Failed,TXN100001279,2024-03-16 10:49:00,2024-03-16 11:03:00,4852
PAY0001281,MER000034,CUS000143,INV0000091,GTW017,PM010,90483,INR,Captured,TXN100001280,2025-03-24 07:20:00,2025-03-24 07:33:00,329
PAY0001282,MER000047,CUS000232,INV0000789,GTW015,PM007,24235,INR,Failed,TXN100001281,2024-03-10 22:45:00,2024-03-10 22:59:00,2781
PAY0001283,MER000034,CUS000066,INV0000472,GTW020,PM001,18485,INR,Failed,TXN100001282,2025-01-05 10:12:00,2025-01-05 10:24:00,1126
PAY0001284,MER000008,CUS000234,INV0000438,GTW017,PM012,2223,INR,Captured,TXN100001283,2025-02-09 15:51:00,2025-02-09 16:00:00,4784
PAY0001285,MER000043,CUS000163,INV0000033,GTW003,PM003,74195,INR,Captured,TXN100001284,2025-05-31 10:50:00,2025-05-31 10:55:00,904
PAY0001286,MER000012,CUS000147,,GTW015,PM020,85319,INR,Pending,TXN100001285,2024-04-25 17:10:00,,1713
PAY0001287,MER000020,CUS000167,INV0000786,GTW011,PM003,23912,INR,Captured,TXN100001286,2025-12-01 13:52:00,2025-12-01 14:00:00,5457
PAY0001288,MER000056,CUS000228,INV0000465,GTW001,PM013,75432,INR,Pending,TXN100001287,2025-06-24 22:47:00,,2556
PAY0001289,MER000020,CUS000067,INV0000849,GTW008,PM019,88513,INR,Captured,TXN100001288,2025-02-03 00:00:00,2025-02-03 00:07:00,6439
PAY0001290,MER000046,CUS000229,INV0000469,GTW019,PM005,24852,INR,Pending,TXN100001289,2025-10-31 21:12:00,,6482
PAY0001291,MER000006,CUS000200,INV0000316,GTW005,PM018,45781,INR,Captured,TXN100001290,2024-07-04 03:01:00,2024-07-04 03:15:00,7970
PAY0001292,MER000021,CUS000109,INV0000892,GTW009,PM008,28573,INR,Captured,TXN100001291,2024-11-18 07:42:00,2024-11-18 07:47:00,6477
PAY0001293,MER000004,CUS000114,INV0000141,GTW007,PM013,6550,INR,Authorized,TXN100001292,2025-03-26 03:53:00,,3810
PAY0001294,MER000012,CUS000249,INV0000204,GTW006,PM017,75899,INR,Pending,TXN100001293,2024-07-29 12:37:00,,6085
PAY0001295,MER000041,CUS000107,INV0000167,GTW007,PM007,12000,INR,Failed,TXN100001294,2024-08-02 03:31:00,2024-08-02 03:37:00,6701
PAY0001296,MER000003,CUS000002,INV0000490,GTW013,PM014,52569,INR,Authorized,TXN100001295,2024-09-18 16:07:00,,7174
PAY0001297,MER000039,CUS000059,INV0000370,GTW003,PM013,61882,INR,Authorized,TXN100001296,2024-11-13 02:27:00,,279
PAY0001298,MER000006,CUS000037,,GTW008,PM006,74100,INR,Authorized,TXN100001297,2024-10-08 23:41:00,,225
PAY0001299,MER000008,CUS000153,INV0000160,GTW007,PM010,48819,INR,Pending,TXN100001298,2024-05-23 22:30:00,,5209
PAY0001300,MER000020,CUS000190,INV0000162,GTW006,PM012,14438,INR,Authorized,TXN100001299,2025-03-05 05:11:00,,6593
PAY0001301,MER000034,CUS000160,INV0000510,GTW011,PM001,3485,INR,Captured,TXN100001300,2024-07-27 09:25:00,2024-07-27 09:40:00,2866
PAY0001302,MER000006,CUS000139,INV0000482,GTW013,PM020,94802,INR,Captured,TXN100001301,2024-02-05 23:55:00,2024-02-06 00:02:00,4452
PAY0001303,MER000009,CUS000029,INV0000103,GTW016,PM015,54504,INR,Captured,TXN100001302,2024-01-16 11:57:00,2024-01-16 12:04:00,7163
PAY0001304,MER000001,CUS000080,,GTW016,PM016,33767,INR,Captured,TXN100001303,2025-03-26 04:54:00,2025-03-26 05:05:00,1200
PAY0001305,MER000064,CUS000192,INV0000553,GTW019,PM007,16593,INR,Failed,TXN100001304,2025-01-09 19:42:00,2025-01-09 19:50:00,1946
PAY0001306,MER000052,CUS000073,INV0000825,GTW020,PM004,32839,INR,Captured,TXN100001305,2024-05-26 07:42:00,2024-05-26 07:44:00,2003
PAY0001307,MER000067,CUS000133,INV0000748,GTW019,PM009,99700,INR,Failed,TXN100001306,2025-11-06 09:21:00,2025-11-06 09:29:00,7518
PAY0001308,MER000005,CUS000192,INV0000433,GTW013,PM002,26038,INR,Captured,TXN100001307,2025-01-18 21:09:00,2025-01-18 21:24:00,1642
PAY0001309,MER000062,CUS000124,INV0000650,GTW012,PM007,82506,INR,Captured,TXN100001308,2024-02-04 07:10:00,2024-02-04 07:11:00,7273
PAY0001310,MER000070,CUS000113,INV0000592,GTW004,PM009,86012,INR,Captured,TXN100001309,2025-02-19 14:13:00,2025-02-19 14:18:00,6445
PAY0001311,MER000063,CUS000198,INV0000346,GTW018,PM015,87033,INR,Captured,TXN100001310,2024-12-11 05:16:00,2024-12-11 05:30:00,940
PAY0001312,MER000055,CUS000165,INV0000351,GTW001,PM018,16644,INR,Pending,TXN100001311,2025-06-15 08:04:00,,924
PAY0001313,MER000045,CUS000079,INV0000469,GTW015,PM014,72621,INR,Failed,TXN100001312,2024-04-23 03:35:00,2024-04-23 03:38:00,7846
PAY0001314,MER000066,CUS000050,INV0000888,GTW005,PM008,2291,INR,Pending,TXN100001313,2025-05-31 05:25:00,,1777
PAY0001315,MER000068,CUS000135,INV0000363,GTW002,PM018,47634,INR,Captured,TXN100001314,2025-06-22 19:49:00,2025-06-22 20:03:00,4569
PAY0001316,MER000022,CUS000163,INV0000970,GTW020,PM008,98548,INR,Captured,TXN100001315,2025-06-27 05:23:00,2025-06-27 05:34:00,6016
PAY0001317,MER000052,CUS000076,INV0000965,GTW013,PM017,55315,INR,Captured,TXN100001316,2025-09-16 13:54:00,2025-09-16 13:55:00,7471
PAY0001318,MER000040,CUS000054,INV0000330,GTW020,PM020,8857,INR,Captured,TXN100001317,2024-05-19 23:19:00,2024-05-19 23:24:00,635
PAY0001319,MER000032,CUS000101,INV0000144,GTW006,PM014,51349,INR,Captured,TXN100001318,2024-05-27 15:52:00,2024-05-27 16:05:00,4994
PAY0001320,MER000018,CUS000229,INV0000855,GTW013,PM004,95255,INR,Settled,TXN100001319,2024-12-24 02:14:00,2024-12-24 02:19:00,6209
PAY0001321,MER000042,CUS000003,INV0000689,GTW004,PM017,40884,INR,Captured,TXN100001320,2024-06-04 06:28:00,2024-06-04 06:33:00,4444
PAY0001322,MER000016,CUS000139,INV0000644,GTW020,PM015,20242,INR,Failed,TXN100001321,2025-09-04 15:14:00,2025-09-04 15:19:00,726
PAY0001323,MER000033,CUS000029,,GTW015,PM014,76774,INR,Captured,TXN100001322,2024-12-15 08:02:00,2024-12-15 08:17:00,1529
PAY0001324,MER000047,CUS000062,,GTW016,PM014,55369,INR,Captured,TXN100001323,2025-05-13 09:14:00,2025-05-13 09:16:00,614
PAY0001325,MER000066,CUS000085,INV0000886,GTW014,PM009,46848,INR,Captured,TXN100001324,2024-10-13 23:46:00,2024-10-13 23:51:00,830
PAY0001326,MER000056,CUS000171,INV0000731,GTW009,PM004,92968,INR,Captured,TXN100001325,2025-05-12 07:37:00,2025-05-12 07:47:00,4146
PAY0001327,MER000049,CUS000011,INV0000858,GTW020,PM004,77477,INR,Captured,TXN100001326,2025-08-02 12:38:00,2025-08-02 12:53:00,7016
PAY0001328,MER000031,CUS000093,INV0000977,GTW019,PM020,55390,INR,Captured,TXN100001327,2024-04-10 18:06:00,2024-04-10 18:19:00,6828
PAY0001329,MER000059,CUS000147,INV0000763,GTW017,PM002,52357,INR,Pending,TXN100001328,2024-02-10 11:41:00,,6811
PAY0001330,MER000024,CUS000007,INV0000763,GTW011,PM004,38409,INR,Captured,TXN100001329,2025-03-18 21:58:00,2025-03-18 22:08:00,7692
PAY0001331,MER000045,CUS000091,INV0000030,GTW008,PM009,58559,INR,Pending,TXN100001330,2025-04-12 08:22:00,,6570
PAY0001332,MER000027,CUS000143,INV0000470,GTW018,PM011,97185,INR,Pending,TXN100001331,2025-10-12 08:49:00,,3437
PAY0001333,MER000069,CUS000190,INV0000800,GTW008,PM011,40186,INR,Captured,TXN100001332,2024-06-25 15:54:00,2024-06-25 16:00:00,979
PAY0001334,MER000024,CUS000194,,GTW013,PM007,34792,INR,Captured,TXN100001333,2024-04-02 20:25:00,2024-04-02 20:33:00,7162
PAY0001335,MER000022,CUS000083,INV0000360,GTW001,PM004,24976,INR,Captured,TXN100001334,2024-12-11 14:57:00,2024-12-11 15:00:00,4916
PAY0001336,MER000069,CUS000046,INV0000519,GTW013,PM020,91278,INR,Pending,TXN100001335,2025-10-19 17:18:00,,772
PAY0001337,MER000019,CUS000184,INV0000093,GTW011,PM018,46473,INR,Authorized,TXN100001336,2025-09-04 21:25:00,,3400
PAY0001338,MER000038,CUS000158,INV0000395,GTW019,PM003,42545,INR,Authorized,TXN100001337,2024-04-16 23:52:00,,1991
PAY0001339,MER000004,CUS000127,INV0000042,GTW008,PM008,32258,INR,Failed,TXN100001338,2024-09-08 17:09:00,2024-09-08 17:14:00,7319
PAY0001340,MER000062,CUS000215,INV0000664,GTW015,PM014,73018,INR,Captured,TXN100001339,2024-08-09 04:00:00,2024-08-09 04:01:00,4665
PAY0001341,MER000052,CUS000161,,GTW019,PM013,97983,INR,Pending,TXN100001340,2024-07-15 13:11:00,,2292
PAY0001342,MER000031,CUS000082,INV0000373,GTW018,PM012,10197,INR,Captured,TXN100001341,2024-09-26 13:23:00,2024-09-26 13:38:00,7998
PAY0001343,MER000065,CUS000182,INV0000330,GTW016,PM018,41189,INR,Captured,TXN100001342,2024-09-09 17:37:00,2024-09-09 17:52:00,1008
PAY0001344,MER000029,CUS000120,INV0000619,GTW009,PM019,7073,INR,Failed,TXN100001343,2024-08-21 23:22:00,2024-08-21 23:33:00,3920
PAY0001345,MER000003,CUS000144,INV0000510,GTW015,PM018,85333,INR,Settled,TXN100001344,2025-08-28 13:04:00,2025-08-28 13:07:00,621
PAY0001346,MER000009,CUS000245,,GTW009,PM019,33131,INR,Captured,TXN100001345,2025-05-03 22:09:00,2025-05-03 22:15:00,7910
PAY0001347,MER000018,CUS000102,,GTW007,PM015,40709,INR,Captured,TXN100001346,2024-01-29 22:38:00,2024-01-29 22:50:00,4560
PAY0001348,MER000066,CUS000243,INV0000312,GTW014,PM005,70828,INR,Pending,TXN100001347,2024-12-04 07:36:00,,5731
PAY0001349,MER000016,CUS000199,INV0000884,GTW003,PM020,8439,INR,Failed,TXN100001348,2024-01-07 19:03:00,2024-01-07 19:09:00,4489
PAY0001350,MER000023,CUS000214,INV0000166,GTW006,PM001,85219,INR,Pending,TXN100001349,2024-07-18 07:38:00,,7758
PAY0001351,MER000050,CUS000207,INV0000123,GTW014,PM013,91380,INR,Authorized,TXN100001350,2024-12-05 02:06:00,,4036
PAY0001352,MER000056,CUS000226,INV0000352,GTW009,PM016,11992,INR,Captured,TXN100001351,2024-07-06 03:19:00,2024-07-06 03:31:00,1661
PAY0001353,MER000058,CUS000193,INV0000206,GTW004,PM017,33886,INR,Captured,TXN100001352,2024-08-20 11:41:00,2024-08-20 11:47:00,317
PAY0001354,MER000022,CUS000001,,GTW017,PM001,710,INR,Failed,TXN100001353,2024-03-03 17:03:00,2024-03-03 17:05:00,2827
PAY0001355,MER000023,CUS000049,INV0000029,GTW020,PM016,23927,INR,Authorized,TXN100001354,2025-08-04 18:23:00,,4534
PAY0001356,MER000023,CUS000229,INV0000354,GTW015,PM006,66596,INR,Captured,TXN100001355,2024-04-09 21:58:00,2024-04-09 22:04:00,1369
PAY0001357,MER000016,CUS000207,INV0000456,GTW010,PM010,14226,INR,Authorized,TXN100001356,2024-02-01 19:02:00,,3009
PAY0001358,MER000020,CUS000157,INV0000605,GTW011,PM015,86409,INR,Captured,TXN100001357,2025-06-14 05:57:00,2025-06-14 06:01:00,4639
PAY0001359,MER000032,CUS000094,INV0000803,GTW005,PM008,64425,INR,Captured,TXN100001358,2025-04-03 03:42:00,2025-04-03 03:48:00,1692
PAY0001360,MER000013,CUS000218,INV0000043,GTW017,PM003,87067,INR,Settled,TXN100001359,2025-01-01 01:58:00,2025-01-01 02:06:00,5514
PAY0001361,MER000070,CUS000165,INV0000540,GTW007,PM010,42084,INR,Captured,TXN100001360,2025-07-30 18:44:00,2025-07-30 18:51:00,1259
PAY0001362,MER000011,CUS000126,INV0000203,GTW001,PM016,13773,INR,Captured,TXN100001361,2024-10-26 20:27:00,2024-10-26 20:34:00,2783
PAY0001363,MER000037,CUS000198,INV0000625,GTW002,PM017,5556,INR,Settled,TXN100001362,2025-02-02 09:31:00,2025-02-02 09:44:00,1690
PAY0001364,MER000070,CUS000045,,GTW011,PM002,70130,INR,Authorized,TXN100001363,2024-11-10 18:47:00,,379
PAY0001365,MER000056,CUS000190,INV0000311,GTW017,PM017,23468,INR,Settled,TXN100001364,2025-01-29 06:22:00,2025-01-29 06:23:00,4317
PAY0001366,MER000029,CUS000183,INV0000716,GTW011,PM003,93689,INR,Captured,TXN100001365,2024-02-15 06:06:00,2024-02-15 06:09:00,1817
PAY0001367,MER000027,CUS000231,INV0000585,GTW004,PM010,721,INR,Captured,TXN100001366,2025-10-17 19:00:00,2025-10-17 19:07:00,7558
PAY0001368,MER000048,CUS000235,INV0000834,GTW013,PM002,20537,INR,Pending,TXN100001367,2024-12-04 05:24:00,,1310
PAY0001369,MER000040,CUS000053,INV0000637,GTW009,PM014,90576,INR,Authorized,TXN100001368,2025-11-15 08:56:00,,233
PAY0001370,MER000063,CUS000065,INV0000424,GTW020,PM001,82221,INR,Authorized,TXN100001369,2025-01-21 08:53:00,,5823
PAY0001371,MER000015,CUS000030,INV0000713,GTW006,PM016,8816,INR,Failed,TXN100001370,2025-04-04 04:42:00,2025-04-04 04:44:00,1652
PAY0001372,MER000051,CUS000073,INV0000172,GTW018,PM010,37416,INR,Authorized,TXN100001371,2024-09-19 21:45:00,,7158
PAY0001373,MER000026,CUS000244,INV0000112,GTW003,PM018,65369,INR,Authorized,TXN100001372,2024-05-02 12:52:00,,1794
PAY0001374,MER000050,CUS000048,INV0000037,GTW003,PM003,31786,INR,Captured,TXN100001373,2025-04-25 15:06:00,2025-04-25 15:07:00,3721
PAY0001375,MER000065,CUS000197,INV0000449,GTW007,PM007,95115,INR,Pending,TXN100001374,2024-05-26 14:38:00,,2754
PAY0001376,MER000023,CUS000090,INV0000015,GTW015,PM007,84528,INR,Settled,TXN100001375,2024-06-05 10:55:00,2024-06-05 11:10:00,612
PAY0001377,MER000025,CUS000086,INV0000157,GTW015,PM001,57841,INR,Captured,TXN100001376,2024-10-25 16:04:00,2024-10-25 16:15:00,718
PAY0001378,MER000041,CUS000015,INV0000617,GTW004,PM003,53829,INR,Captured,TXN100001377,2025-06-25 09:35:00,2025-06-25 09:44:00,4393
PAY0001379,MER000019,CUS000231,INV0000634,GTW004,PM008,873,INR,Captured,TXN100001378,2024-06-22 23:59:00,2024-06-23 00:00:00,3272
PAY0001380,MER000005,CUS000145,INV0000060,GTW018,PM003,2694,INR,Authorized,TXN100001379,2025-01-31 18:07:00,,5465
PAY0001381,MER000050,CUS000116,INV0000488,GTW008,PM016,80395,INR,Captured,TXN100001380,2025-08-08 20:24:00,2025-08-08 20:34:00,2198
PAY0001382,MER000059,CUS000138,INV0000652,GTW012,PM008,19027,INR,Authorized,TXN100001381,2025-04-10 15:58:00,,2499
PAY0001383,MER000003,CUS000111,INV0000179,GTW010,PM005,5677,INR,Captured,TXN100001382,2025-02-01 08:56:00,2025-02-01 09:08:00,3917
PAY0001384,MER000046,CUS000054,INV0000901,GTW013,PM014,54852,INR,Captured,TXN100001383,2025-07-08 07:25:00,2025-07-08 07:36:00,3923
PAY0001385,MER000052,CUS000035,INV0000455,GTW017,PM007,32344,INR,Captured,TXN100001384,2025-02-01 14:23:00,2025-02-01 14:34:00,1927
PAY0001386,MER000047,CUS000231,INV0000583,GTW015,PM018,53604,INR,Pending,TXN100001385,2024-07-18 23:42:00,,3220
PAY0001387,MER000058,CUS000077,INV0000219,GTW020,PM014,6769,INR,Captured,TXN100001386,2025-02-06 04:30:00,2025-02-06 04:41:00,1783
PAY0001388,MER000056,CUS000047,INV0000565,GTW015,PM001,91059,INR,Authorized,TXN100001387,2024-06-09 21:24:00,,1841
PAY0001389,MER000020,CUS000165,INV0000684,GTW013,PM019,26027,INR,Failed,TXN100001388,2024-06-25 08:47:00,2024-06-25 09:00:00,1384
PAY0001390,MER000063,CUS000081,INV0000480,GTW020,PM020,69645,INR,Pending,TXN100001389,2024-09-08 23:08:00,,6173
PAY0001391,MER000002,CUS000236,INV0000037,GTW002,PM011,11889,INR,Captured,TXN100001390,2025-11-23 03:50:00,2025-11-23 03:51:00,2716
PAY0001392,MER000040,CUS000216,,GTW003,PM012,81788,INR,Captured,TXN100001391,2024-12-31 06:47:00,2024-12-31 06:51:00,7598
PAY0001393,MER000039,CUS000026,INV0000927,GTW018,PM006,20025,INR,Failed,TXN100001392,2025-04-02 15:21:00,2025-04-02 15:26:00,1487
PAY0001394,MER000061,CUS000180,INV0000546,GTW009,PM008,14958,INR,Captured,TXN100001393,2025-09-25 13:10:00,2025-09-25 13:21:00,5588
PAY0001395,MER000049,CUS000122,,GTW013,PM016,22442,INR,Captured,TXN100001394,2025-03-31 03:48:00,2025-03-31 04:03:00,6434
PAY0001396,MER000003,CUS000249,INV0000705,GTW016,PM019,45166,INR,Captured,TXN100001395,2025-01-06 14:37:00,2025-01-06 14:45:00,7404
PAY0001397,MER000051,CUS000235,INV0000088,GTW005,PM004,87774,INR,Captured,TXN100001396,2025-01-13 02:11:00,2025-01-13 02:16:00,1764
PAY0001398,MER000011,CUS000091,,GTW020,PM016,2191,INR,Pending,TXN100001397,2024-11-24 09:45:00,,5244
PAY0001399,MER000025,CUS000132,,GTW009,PM017,3172,INR,Authorized,TXN100001398,2025-03-03 05:23:00,,4160
PAY0001400,MER000058,CUS000111,INV0000171,GTW011,PM002,35861,INR,Failed,TXN100001399,2024-02-23 20:15:00,2024-02-23 20:20:00,6293
PAY0001401,MER000005,CUS000034,,GTW020,PM001,96390,INR,Captured,TXN100001400,2025-11-03 14:42:00,2025-11-03 14:51:00,4849
PAY0001402,MER000035,CUS000179,INV0000390,GTW013,PM011,48176,INR,Captured,TXN100001401,2024-07-23 15:24:00,2024-07-23 15:36:00,6729
PAY0001403,MER000034,CUS000142,INV0000803,GTW007,PM016,37015,INR,Captured,TXN100001402,2025-03-10 13:45:00,2025-03-10 13:51:00,2334
PAY0001404,MER000066,CUS000230,INV0000461,GTW004,PM001,16946,INR,Failed,TXN100001403,2025-11-18 02:51:00,2025-11-18 02:57:00,6754
PAY0001405,MER000031,CUS000200,INV0000249,GTW003,PM003,1364,INR,Captured,TXN100001404,2024-03-17 05:23:00,2024-03-17 05:33:00,6073
PAY0001406,MER000059,CUS000162,INV0000827,GTW011,PM004,80390,INR,Captured,TXN100001405,2024-12-15 19:04:00,2024-12-15 19:15:00,1149
PAY0001407,MER000012,CUS000001,INV0000143,GTW014,PM008,27653,INR,Captured,TXN100001406,2024-07-23 23:59:00,2024-07-24 00:01:00,559
PAY0001408,MER000026,CUS000182,INV0000397,GTW016,PM020,92672,INR,Captured,TXN100001407,2024-11-24 20:33:00,2024-11-24 20:47:00,1674
PAY0001409,MER000057,CUS000048,INV0000750,GTW017,PM001,10527,INR,Authorized,TXN100001408,2025-11-23 18:55:00,,1590
PAY0001410,MER000016,CUS000180,,GTW003,PM007,24616,INR,Captured,TXN100001409,2024-09-26 04:56:00,2024-09-26 05:00:00,7101
PAY0001411,MER000038,CUS000154,INV0000234,GTW014,PM017,84064,INR,Pending,TXN100001410,2024-06-15 12:40:00,,2488
PAY0001412,MER000033,CUS000073,INV0000257,GTW006,PM003,8176,INR,Captured,TXN100001411,2024-12-19 23:15:00,2024-12-19 23:26:00,664
PAY0001413,MER000011,CUS000173,INV0000925,GTW015,PM001,97652,INR,Pending,TXN100001412,2024-03-02 19:48:00,,5675
PAY0001414,MER000034,CUS000187,INV0000603,GTW011,PM015,47038,INR,Captured,TXN100001413,2025-01-05 22:43:00,2025-01-05 22:45:00,6230
PAY0001415,MER000025,CUS000059,INV0000380,GTW019,PM006,5696,INR,Captured,TXN100001414,2025-05-26 09:48:00,2025-05-26 09:57:00,5809
PAY0001416,MER000052,CUS000119,INV0000477,GTW015,PM015,20112,INR,Pending,TXN100001415,2025-04-17 10:59:00,,1313
PAY0001417,MER000049,CUS000223,INV0000395,GTW005,PM013,48034,INR,Captured,TXN100001416,2025-03-05 00:55:00,2025-03-05 01:01:00,264
PAY0001418,MER000028,CUS000025,INV0000838,GTW001,PM013,62003,INR,Captured,TXN100001417,2025-11-08 05:09:00,2025-11-08 05:12:00,1377
PAY0001419,MER000036,CUS000059,INV0000203,GTW007,PM016,79637,INR,Captured,TXN100001418,2024-01-23 15:25:00,2024-01-23 15:39:00,6078
PAY0001420,MER000009,CUS000244,INV0000446,GTW011,PM016,79767,INR,Captured,TXN100001419,2024-06-12 15:42:00,2024-06-12 15:44:00,2520
PAY0001421,MER000021,CUS000087,INV0000532,GTW010,PM020,56329,INR,Captured,TXN100001420,2025-05-21 06:26:00,2025-05-21 06:31:00,5160
PAY0001422,MER000017,CUS000095,INV0000133,GTW019,PM016,8373,INR,Failed,TXN100001421,2025-06-26 09:21:00,2025-06-26 09:34:00,295
PAY0001423,MER000041,CUS000163,INV0000428,GTW016,PM009,72844,INR,Failed,TXN100001422,2024-09-09 06:20:00,2024-09-09 06:35:00,2941
PAY0001424,MER000030,CUS000182,INV0000340,GTW019,PM020,31166,INR,Pending,TXN100001423,2024-07-18 04:20:00,,6812
PAY0001425,MER000013,CUS000099,INV0000501,GTW005,PM020,42259,INR,Captured,TXN100001424,2025-07-30 15:56:00,2025-07-30 16:05:00,816
PAY0001426,MER000025,CUS000203,INV0000474,GTW009,PM005,47781,INR,Captured,TXN100001425,2025-09-09 23:17:00,2025-09-09 23:24:00,7094
PAY0001427,MER000062,CUS000144,INV0000486,GTW005,PM009,42047,INR,Captured,TXN100001426,2024-09-09 07:40:00,2024-09-09 07:46:00,4120
PAY0001428,MER000025,CUS000246,,GTW020,PM020,15876,INR,Pending,TXN100001427,2025-09-11 17:12:00,,2571
PAY0001429,MER000049,CUS000109,INV0000754,GTW001,PM010,34308,INR,Captured,TXN100001428,2024-07-18 16:51:00,2024-07-18 16:55:00,1823
PAY0001430,MER000011,CUS000095,INV0000026,GTW015,PM005,58647,INR,Pending,TXN100001429,2024-01-30 20:41:00,,5277
PAY0001431,MER000036,CUS000117,INV0000161,GTW009,PM007,92675,INR,Captured,TXN100001430,2025-08-31 14:48:00,2025-08-31 15:03:00,5118
PAY0001432,MER000007,CUS000223,INV0000167,GTW011,PM018,62634,INR,Settled,TXN100001431,2025-08-23 04:20:00,2025-08-23 04:22:00,3171
PAY0001433,MER000042,CUS000102,INV0000852,GTW006,PM011,80457,INR,Captured,TXN100001432,2025-01-19 17:01:00,2025-01-19 17:12:00,6999
PAY0001434,MER000006,CUS000227,INV0000660,GTW017,PM002,94835,INR,Pending,TXN100001433,2024-10-16 10:36:00,,6025
PAY0001435,MER000021,CUS000241,INV0000509,GTW008,PM003,99014,INR,Captured,TXN100001434,2024-03-06 02:08:00,2024-03-06 02:17:00,3101
PAY0001436,MER000064,CUS000103,,GTW018,PM002,68870,INR,Captured,TXN100001435,2024-12-12 02:26:00,2024-12-12 02:28:00,3560
PAY0001437,MER000058,CUS000041,INV0000406,GTW004,PM009,29905,INR,Captured,TXN100001436,2024-06-07 17:52:00,2024-06-07 17:56:00,2110
PAY0001438,MER000029,CUS000123,INV0000700,GTW002,PM002,28804,INR,Captured,TXN100001437,2025-07-25 00:03:00,2025-07-25 00:15:00,6363
PAY0001439,MER000051,CUS000005,INV0000157,GTW017,PM010,64617,INR,Captured,TXN100001438,2024-05-20 16:20:00,2024-05-20 16:33:00,342
PAY0001440,MER000005,CUS000054,INV0000714,GTW008,PM019,64517,INR,Captured,TXN100001439,2025-02-28 17:04:00,2025-02-28 17:14:00,208
PAY0001441,MER000022,CUS000102,INV0000083,GTW007,PM005,70384,INR,Authorized,TXN100001440,2025-08-18 11:32:00,,210
PAY0001442,MER000050,CUS000041,,GTW007,PM020,33690,INR,Captured,TXN100001441,2025-09-29 09:17:00,2025-09-29 09:26:00,2890
PAY0001443,MER000004,CUS000115,INV0000920,GTW020,PM017,53274,INR,Failed,TXN100001442,2024-09-23 12:07:00,2024-09-23 12:15:00,1826
PAY0001444,MER000027,CUS000052,INV0000043,GTW019,PM010,90506,INR,Authorized,TXN100001443,2025-01-31 03:47:00,,5673
PAY0001445,MER000030,CUS000146,INV0000608,GTW009,PM007,67090,INR,Captured,TXN100001444,2024-11-06 11:29:00,2024-11-06 11:40:00,345
PAY0001446,MER000050,CUS000185,INV0000222,GTW011,PM015,51316,INR,Captured,TXN100001445,2024-07-04 10:13:00,2024-07-04 10:25:00,5080
PAY0001447,MER000032,CUS000020,INV0000943,GTW020,PM004,135,INR,Captured,TXN100001446,2025-05-18 15:35:00,2025-05-18 15:48:00,7135
PAY0001448,MER000049,CUS000187,INV0000052,GTW019,PM006,12844,INR,Captured,TXN100001447,2024-01-12 08:59:00,2024-01-12 09:07:00,588
PAY0001449,MER000010,CUS000072,INV0000662,GTW014,PM001,39089,INR,Authorized,TXN100001448,2024-07-14 13:47:00,,6461
PAY0001450,MER000027,CUS000031,INV0000123,GTW001,PM016,22982,INR,Captured,TXN100001449,2024-11-05 04:16:00,2024-11-05 04:31:00,267
PAY0001451,MER000035,CUS000070,INV0000743,GTW001,PM019,62978,INR,Authorized,TXN100001450,2024-08-28 14:55:00,,668
PAY0001452,MER000005,CUS000128,INV0000157,GTW014,PM015,54157,INR,Failed,TXN100001451,2024-08-08 02:25:00,2024-08-08 02:26:00,1583
PAY0001453,MER000036,CUS000182,,GTW010,PM016,26668,INR,Captured,TXN100001452,2025-08-13 01:42:00,2025-08-13 01:55:00,6719
PAY0001454,MER000001,CUS000167,INV0000688,GTW002,PM019,57161,INR,Failed,TXN100001453,2024-10-05 06:15:00,2024-10-05 06:28:00,4728
PAY0001455,MER000007,CUS000074,,GTW012,PM003,78487,INR,Pending,TXN100001454,2025-05-15 07:45:00,,3158
PAY0001456,MER000070,CUS000038,INV0000484,GTW011,PM012,53446,INR,Failed,TXN100001455,2025-07-11 05:23:00,2025-07-11 05:29:00,1575
PAY0001457,MER000064,CUS000173,INV0000382,GTW018,PM014,47329,INR,Captured,TXN100001456,2025-04-23 11:49:00,2025-04-23 12:03:00,3686
PAY0001458,MER000058,CUS000193,INV0000260,GTW018,PM006,5704,INR,Captured,TXN100001457,2024-05-20 10:59:00,2024-05-20 11:07:00,2963
PAY0001459,MER000021,CUS000218,INV0000881,GTW019,PM005,27076,INR,Captured,TXN100001458,2025-10-02 04:38:00,2025-10-02 04:49:00,6905
PAY0001460,MER000014,CUS000148,INV0000084,GTW001,PM009,72248,INR,Captured,TXN100001459,2025-03-05 03:32:00,2025-03-05 03:41:00,5594
PAY0001461,MER000063,CUS000030,,GTW011,PM012,71986,INR,Pending,TXN100001460,2024-08-20 21:45:00,,7825
PAY0001462,MER000014,CUS000058,INV0000673,GTW015,PM005,91056,INR,Captured,TXN100001461,2025-02-06 07:36:00,2025-02-06 07:43:00,7483
PAY0001463,MER000010,CUS000178,INV0000734,GTW010,PM008,99164,INR,Captured,TXN100001462,2024-01-01 16:51:00,2024-01-01 16:54:00,3476
PAY0001464,MER000004,CUS000005,INV0000215,GTW001,PM010,15969,INR,Settled,TXN100001463,2025-07-08 20:06:00,2025-07-08 20:10:00,1846
PAY0001465,MER000055,CUS000242,INV0000795,GTW012,PM013,1485,INR,Captured,TXN100001464,2025-11-27 02:04:00,2025-11-27 02:06:00,5866
PAY0001466,MER000062,CUS000163,INV0000352,GTW020,PM019,5588,INR,Captured,TXN100001465,2025-02-01 11:13:00,2025-02-01 11:23:00,5713
PAY0001467,MER000061,CUS000221,INV0000033,GTW013,PM018,12945,INR,Captured,TXN100001466,2025-05-26 10:22:00,2025-05-26 10:34:00,3612
PAY0001468,MER000005,CUS000247,INV0000636,GTW016,PM003,62342,INR,Settled,TXN100001467,2024-12-25 21:31:00,2024-12-25 21:38:00,2215
PAY0001469,MER000013,CUS000117,INV0000085,GTW013,PM011,31737,INR,Failed,TXN100001468,2024-09-08 23:53:00,2024-09-09 00:08:00,5094
PAY0001470,MER000058,CUS000056,,GTW020,PM014,12545,INR,Captured,TXN100001469,2024-02-05 10:19:00,2024-02-05 10:31:00,234
PAY0001471,MER000065,CUS000047,INV0000608,GTW015,PM009,91474,INR,Captured,TXN100001470,2025-11-22 00:59:00,2025-11-22 01:01:00,4778
PAY0001472,MER000016,CUS000179,INV0000948,GTW017,PM016,22895,INR,Captured,TXN100001471,2025-07-02 20:46:00,2025-07-02 20:56:00,7541
PAY0001473,MER000015,CUS000176,INV0000875,GTW005,PM003,26199,INR,Captured,TXN100001472,2024-06-15 01:18:00,2024-06-15 01:25:00,4099
PAY0001474,MER000049,CUS000012,INV0000006,GTW010,PM006,29384,INR,Failed,TXN100001473,2025-01-31 23:51:00,2025-01-31 23:54:00,2935
PAY0001475,MER000015,CUS000026,,GTW006,PM005,17401,INR,Failed,TXN100001474,2025-08-20 15:14:00,2025-08-20 15:27:00,6214
PAY0001476,MER000056,CUS000006,,GTW017,PM012,83308,INR,Captured,TXN100001475,2025-09-11 18:01:00,2025-09-11 18:07:00,4602
PAY0001477,MER000009,CUS000017,INV0000486,GTW003,PM009,87223,INR,Captured,TXN100001476,2024-02-04 08:27:00,2024-02-04 08:34:00,3079
PAY0001478,MER000024,CUS000171,INV0000520,GTW007,PM015,86589,INR,Captured,TXN100001477,2024-09-06 04:07:00,2024-09-06 04:09:00,4622
PAY0001479,MER000053,CUS000030,INV0000270,GTW018,PM002,30541,INR,Failed,TXN100001478,2025-05-04 02:50:00,2025-05-04 03:00:00,1808
PAY0001480,MER000002,CUS000029,INV0000137,GTW017,PM009,76852,INR,Captured,TXN100001479,2025-02-04 00:23:00,2025-02-04 00:36:00,4496
PAY0001481,MER000028,CUS000049,INV0000902,GTW016,PM016,62848,INR,Captured,TXN100001480,2024-05-20 10:58:00,2024-05-20 11:06:00,1904
PAY0001482,MER000010,CUS000038,INV0000398,GTW005,PM017,19158,INR,Captured,TXN100001481,2025-07-20 20:40:00,2025-07-20 20:53:00,7204
PAY0001483,MER000053,CUS000215,INV0000490,GTW012,PM008,34502,INR,Captured,TXN100001482,2025-06-09 02:36:00,2025-06-09 02:47:00,3479
PAY0001484,MER000048,CUS000101,INV0000443,GTW015,PM020,29554,INR,Captured,TXN100001483,2024-02-13 10:49:00,2024-02-13 10:53:00,6282
PAY0001485,MER000021,CUS000062,,GTW020,PM017,37799,INR,Captured,TXN100001484,2025-05-05 19:50:00,2025-05-05 19:57:00,4222
PAY0001486,MER000019,CUS000198,INV0000444,GTW002,PM012,36457,INR,Captured,TXN100001485,2025-09-06 00:26:00,2025-09-06 00:28:00,3371
PAY0001487,MER000040,CUS000219,INV0000666,GTW016,PM017,64035,INR,Captured,TXN100001486,2024-12-15 09:53:00,2024-12-15 09:59:00,3312
PAY0001488,MER000018,CUS000121,INV0000860,GTW011,PM003,90726,INR,Authorized,TXN100001487,2025-08-26 22:35:00,,4161
PAY0001489,MER000035,CUS000240,,GTW009,PM010,78013,INR,Captured,TXN100001488,2025-06-29 16:39:00,2025-06-29 16:44:00,4356
PAY0001490,MER000025,CUS000212,INV0000950,GTW011,PM017,88717,INR,Captured,TXN100001489,2024-11-27 07:36:00,2024-11-27 07:41:00,3521
PAY0001491,MER000018,CUS000206,INV0000613,GTW010,PM007,90160,INR,Captured,TXN100001490,2025-03-10 21:42:00,2025-03-10 21:52:00,5769
PAY0001492,MER000067,CUS000045,INV0000556,GTW004,PM010,83801,INR,Pending,TXN100001491,2025-07-20 10:13:00,,2173
PAY0001493,MER000064,CUS000096,INV0000809,GTW008,PM013,63583,INR,Authorized,TXN100001492,2025-10-10 10:11:00,,6024
PAY0001494,MER000010,CUS000065,INV0000582,GTW004,PM013,72279,INR,Captured,TXN100001493,2025-04-15 17:21:00,2025-04-15 17:31:00,3370
PAY0001495,MER000036,CUS000131,INV0000194,GTW019,PM014,26208,INR,Authorized,TXN100001494,2024-09-17 15:29:00,,2326
PAY0001496,MER000050,CUS000081,INV0000438,GTW004,PM005,23837,INR,Captured,TXN100001495,2025-10-05 15:38:00,2025-10-05 15:45:00,1156
PAY0001497,MER000069,CUS000069,INV0000821,GTW005,PM004,97489,INR,Captured,TXN100001496,2024-02-25 01:54:00,2024-02-25 01:56:00,5775
PAY0001498,MER000036,CUS000073,INV0000041,GTW014,PM008,30310,INR,Captured,TXN100001497,2025-11-07 18:03:00,2025-11-07 18:09:00,1955
PAY0001499,MER000020,CUS000006,INV0000585,GTW018,PM019,41612,INR,Pending,TXN100001498,2024-09-30 17:22:00,,6395
PAY0001500,MER000012,CUS000147,INV0000826,GTW020,PM009,63834,INR,Captured,TXN100001499,2025-01-27 06:34:00,2025-01-27 06:37:00,1170
