attempt_id,payment_id,gateway_id,attempt_number,attempt_status,failure_reason,started_at,completed_at
ATT0000001,PAY0001310,GTW004,1,Success,,2024-09-07 07:08:47,2024-09-07 07:08:51
ATT0000002,PAY0001386,GTW018,1,Success,,2024-02-02 00:05:13,2024-02-02 00:05:21
ATT0000003,PAY0001035,GTW020,1,Success,,2025-10-27 22:34:26,2025-10-27 22:34:34
ATT0000004,PAY0000920,GTW019,2,Failed,Invalid OTP,2024-01-07 05:44:27,2024-01-07 05:44:38
ATT0000005,PAY0000319,GTW007,2,Success,,2025-01-24 03:22:54,2025-01-24 03:23:06
ATT0000006,PAY0001237,GTW009,1,Success,,2025-07-03 03:59:24,2025-07-03 03:59:27
ATT0000007,PAY0001131,GTW010,3,Success,,2025-01-05 18:12:45,2025-01-05 18:12:48
ATT0000008,PAY0000094,GTW008,2,Failed,Card Expired,2024-08-26 03:24:17,2024-08-26 03:24:32
ATT0000009,PAY0000334,GTW012,2,Success,,2024-09-30 22:59:43,2024-09-30 22:59:46
ATT0000010,PAY0001248,GTW006,3,Success,,2024-06-16 14:24:17,2024-06-16 14:24:35
ATT0000011,PAY0000450,GTW011,1,Success,,2024-02-02 10:25:17,2024-02-02 10:25:20
ATT0000012,PAY0000433,GTW019,3,Success,,2025-11-02 15:25:56,2025-11-02 15:26:11
ATT0000013,PAY0000293,GTW009,1,Success,,2025-07-28 17:16:47,2025-07-28 17:17:06
ATT0000014,PAY0000878,GTW019,2,Success,,2024-05-21 16:31:05,2024-05-21 16:31:07
ATT0000015,PAY0000225,GTW005,3,Success,,2025-11-27 13:38:04,2025-11-27 13:38:17
ATT0000016,PAY0000782,GTW020,2,Success,,2025-07-20 00:43:46,2025-07-20 00:43:50
ATT0000017,PAY0001397,GTW018,2,Success,,2024-12-14 03:18:27,2024-12-14 03:18:33
ATT0000018,PAY0000930,GTW001,3,Failed,Bank Timeout,2024-09-26 16:48:11,2024-09-26 16:48:28
ATT0000019,PAY0001281,GTW010,3,Success,,2024-07-22 04:23:48,2024-07-22 04:23:54
ATT0000020,PAY0001105,GTW017,1,Success,,2025-05-15 00:07:59,2025-05-15 00:08:11
ATT0000021,PAY0000630,GTW008,1,Success,,2025-08-03 02:05:46,2025-08-03 02:06:02
ATT0000022,PAY0000142,GTW018,1,Success,,2025-05-01 17:10:16,2025-05-01 17:10:33
ATT0000023,PAY0001243,GTW014,1,Failed,Daily Limit Exceeded,2024-07-24 22:19:25,2024-07-24 22:19:37
ATT0000024,PAY0001060,GTW015,1,Success,,2024-03-06 10:01:37,2024-03-06 10:01:55
ATT0000025,PAY0000472,GTW019,1,Success,,2025-10-08 01:14:04,2025-10-08 01:14:06
ATT0000026,PAY0000677,GTW003,3,Success,,2025-11-16 15:13:34,2025-11-16 15:13:39
ATT0000027,PAY0001482,GTW019,3,Success,,2025-04-29 13:12:06,2025-04-29 13:12:10
ATT0000028,PAY0001350,GTW014,2,Success,,2025-04-23 23:03:43,2025-04-23 23:03:47
ATT0000029,PAY0000125,GTW013,3,Success,,2024-04-21 07:12:12,2024-04-21 07:12:30
ATT0000030,PAY0000919,GTW005,2,Success,,2025-04-18 07:55:59,2025-04-18 07:56:02
ATT0000031,PAY0000908,GTW018,1,Success,,2025-07-07 00:05:59,2025-07-07 00:06:07
ATT0000032,PAY0000341,GTW014,2,Success,,2025-02-14 01:10:24,2025-02-14 01:10:25
ATT0000033,PAY0000800,GTW009,2,Success,,2025-07-23 21:45:31,2025-07-23 21:45:36
ATT0000034,PAY0000389,GTW010,1,Failed,Insufficient Funds,2025-08-16 23:34:03,2025-08-16 23:34:14
ATT0000035,PAY0000103,GTW019,2,Success,,2025-06-27 05:03:32,2025-06-27 05:03:35
ATT0000036,PAY0000381,GTW003,3,Success,,2024-08-28 12:07:56,2024-08-28 12:08:15
ATT0000037,PAY0000505,GTW019,3,Success,,2024-03-24 13:42:37,2024-03-24 13:42:56
ATT0000038,PAY0001071,GTW011,2,Success,,2024-11-17 07:16:25,2024-11-17 07:16:30
ATT0000039,PAY0001376,GTW010,2,Success,,2024-03-15 00:29:39,2024-03-15 00:29:58
ATT0000040,PAY0000205,GTW003,3,Success,,2024-09-28 04:59:22,2024-09-28 04:59:25
ATT0000041,PAY0000501,GTW012,2,Success,,2025-07-10 22:19:39,2025-07-10 22:19:56
ATT0000042,PAY0000017,GTW018,2,Failed,Fraud Check Failed,2024-04-16 04:16:07,2024-04-16 04:16:11
ATT0000043,PAY0000319,GTW009,2,Success,,2024-12-17 06:43:40,2024-12-17 06:43:49
ATT0000044,PAY0001036,GTW016,2,Failed,Insufficient Funds,2024-02-22 02:40:27,2024-02-22 02:40:36
ATT0000045,PAY0000008,GTW011,1,Success,,2024-09-25 05:47:28,2024-09-25 05:47:46
ATT0000046,PAY0001446,GTW014,3,Success,,2024-03-18 22:57:09,2024-03-18 22:57:27
ATT0000047,PAY0000074,GTW012,3,Success,,2025-03-16 04:02:19,2025-03-16 04:02:31
ATT0000048,PAY0000082,GTW012,1,Success,,2025-11-13 03:22:49,2025-11-13 03:23:07
ATT0000049,PAY0000833,GTW020,3,Success,,2024-08-30 05:51:51,2024-08-30 05:51:57
ATT0000050,PAY0000845,GTW001,1,Success,,2024-12-06 13:51:42,2024-12-06 13:51:50
ATT0000051,PAY0000547,GTW006,3,Success,,2024-02-09 15:14:12,2024-02-09 15:14:27
ATT0000052,PAY0000717,GTW010,1,Success,,2025-11-06 06:25:21,2025-11-06 06:25:30
ATT0000053,PAY0000143,GTW009,2,Success,,2025-02-13 21:53:34,2025-02-13 21:53:45
ATT0000054,PAY0000057,GTW004,2,Success,,2024-09-28 01:06:38,2024-09-28 01:06:52
ATT0000055,PAY0000708,GTW011,2,Success,,2025-06-07 03:24:57,2025-06-07 03:25:16
ATT0000056,PAY0000390,GTW009,1,Success,,2024-01-02 16:59:51,2024-01-02 17:00:09
ATT0000057,PAY0001407,GTW007,2,Success,,2025-11-11 10:39:20,2025-11-11 10:39:24
ATT0000058,PAY0001475,GTW010,3,Success,,2025-02-22 10:25:44,2025-02-22 10:25:54
ATT0000059,PAY0001136,GTW005,1,Success,,2025-01-23 21:47:57,2025-01-23 21:48:03
ATT0000060,PAY0001261,GTW019,2,Success,,2024-01-01 09:18:13,2024-01-01 09:18:27
ATT0000061,PAY0001188,GTW020,3,Success,,2025-03-28 14:43:13,2025-03-28 14:43:30
ATT0000062,PAY0000970,GTW006,3,Success,,2025-06-11 21:40:39,2025-06-11 21:40:50
ATT0000063,PAY0000192,GTW008,3,Success,,2024-07-22 04:01:02,2024-07-22 04:01:10
ATT0000064,PAY0000974,GTW020,1,Success,,2025-10-06 18:12:45,2025-10-06 18:12:58
ATT0000065,PAY0001013,GTW013,1,Success,,2024-01-06 03:49:27,2024-01-06 03:49:35
ATT0000066,PAY0000361,GTW017,2,Success,,2024-09-12 03:29:08,2024-09-12 03:29:23
ATT0000067,PAY0001368,GTW017,3,Success,,2025-03-29 19:52:46,2025-03-29 19:53:03
ATT0000068,PAY0000874,GTW018,2,Failed,Invalid OTP,2025-05-01 14:16:48,2025-05-01 14:16:56
ATT0000069,PAY0001068,GTW016,3,Success,,2025-03-26 02:45:18,2025-03-26 02:45:26
ATT0000070,PAY0000557,GTW011,2,Failed,Network Error,2024-03-23 04:09:14,2024-03-23 04:09:27
ATT0000071,PAY0001447,GTW007,1,Success,,2024-12-04 17:29:26,2024-12-04 17:29:28
ATT0000072,PAY0000424,GTW014,2,Failed,Bank Declined,2025-08-21 22:01:54,2025-08-21 22:02:13
ATT0000073,PAY0000977,GTW001,2,Success,,2025-02-03 13:34:47,2025-02-03 13:35:05
ATT0000074,PAY0001236,GTW008,2,Success,,2025-03-22 15:01:24,2025-03-22 15:01:35
ATT0000075,PAY0001370,GTW013,3,Success,,2025-04-23 04:39:34,2025-04-23 04:39:35
ATT0000076,PAY0000807,GTW019,3,Success,,2024-03-26 20:27:08,2024-03-26 20:27:23
ATT0000077,PAY0000373,GTW002,2,Success,,2024-08-04 14:20:21,2024-08-04 14:20:34
ATT0000078,PAY0000570,GTW014,2,Failed,Card Expired,2025-04-26 00:47:34,2025-04-26 00:47:36
ATT0000079,PAY0000460,GTW003,3,Success,,2024-02-01 07:12:53,2024-02-01 07:12:54
ATT0000080,PAY0001273,GTW005,1,Success,,2025-11-16 03:36:13,2025-11-16 03:36:28
ATT0000081,PAY0001433,GTW009,2,Success,,2025-09-13 23:45:07,2025-09-13 23:45:13
ATT0000082,PAY0000638,GTW004,3,Success,,2024-11-15 18:43:58,2024-11-15 18:44:11
ATT0000083,PAY0000813,GTW007,1,Success,,2025-10-04 07:06:44,2025-10-04 07:06:54
ATT0000084,PAY0001402,GTW020,1,Success,,2025-08-02 01:22:34,2025-08-02 01:22:48
ATT0000085,PAY0001355,GTW012,1,Success,,2024-12-15 00:54:26,2024-12-15 00:54:42
ATT0000086,PAY0000217,GTW014,2,Success,,2025-04-15 22:09:27,2025-04-15 22:09:33
ATT0000087,PAY0001069,GTW009,3,Failed,Invalid OTP,2025-07-05 15:29:27,2025-07-05 15:29:46
ATT0000088,PAY0000661,GTW008,1,Success,,2025-04-06 07:48:29,2025-04-06 07:48:48
ATT0000089,PAY0001250,GTW013,2,Success,,2024-11-28 05:31:13,2024-11-28 05:31:25
ATT0000090,PAY0000530,GTW011,2,Failed,Bank Timeout,2024-10-09 17:00:33,2024-10-09 17:00:40
ATT0000091,PAY0000495,GTW014,2,Success,,2024-09-03 22:30:41,2024-09-03 22:30:57
ATT0000092,PAY0000918,GTW001,1,Success,,2025-02-18 22:15:19,2025-02-18 22:15:38
ATT0000093,PAY0000756,GTW016,3,Success,,2025-03-11 23:35:21,2025-03-11 23:35:33
ATT0000094,PAY0001440,GTW015,2,Success,,2024-08-24 03:46:12,2024-08-24 03:46:23
ATT0000095,PAY0000245,GTW018,3,Success,,2024-08-09 23:30:17,2024-08-09 23:30:36
ATT0000096,PAY0001075,GTW020,2,Failed,Invalid OTP,2024-07-17 09:14:23,2024-07-17 09:14:29
ATT0000097,PAY0000029,GTW018,1,Success,,2024-02-25 17:18:44,2024-02-25 17:18:49
ATT0000098,PAY0001307,GTW016,1,Failed,Card Expired,2025-08-10 09:30:30,2025-08-10 09:30:45
ATT0000099,PAY0000378,GTW002,2,Failed,Daily Limit Exceeded,2025-05-04 03:52:04,2025-05-04 03:52:17
ATT0000100,PAY0000152,GTW019,3,Success,,2024-06-04 04:51:36,2024-06-04 04:51:46
ATT0000101,PAY0000175,GTW008,1,Success,,2025-03-02 19:38:50,2025-03-02 19:39:10
ATT0000102,PAY0000463,GTW017,2,Success,,2025-03-29 09:55:37,2025-03-29 09:55:51
ATT0000103,PAY0000626,GTW019,3,Success,,2024-04-11 06:40:13,2024-04-11 06:40:22
ATT0000104,PAY0001353,GTW003,1,Success,,2025-07-19 02:10:00,2025-07-19 02:10:14
ATT0000105,PAY0000923,GTW020,2,Success,,2024-08-25 09:45:18,2024-08-25 09:45:33
ATT0000106,PAY0000146,GTW008,2,Success,,2025-10-02 18:42:51,2025-10-02 18:42:58
ATT0000107,PAY0000871,GTW004,3,Success,,2024-06-01 08:52:09,2024-06-01 08:52:12
ATT0000108,PAY0000123,GTW006,2,Success,,2025-08-05 09:28:07,2025-08-05 09:28:22
ATT0000109,PAY0001411,GTW010,3,Success,,2024-10-05 16:34:31,2024-10-05 16:34:46
ATT0000110,PAY0000165,GTW020,1,Failed,UPI Timeout,2024-11-26 19:16:01,2024-11-26 19:16:04
ATT0000111,PAY0001381,GTW019,3,Failed,Daily Limit Exceeded,2025-11-19 08:36:02,2025-11-19 08:36:08
ATT0000112,PAY0001063,GTW015,2,Success,,2025-08-22 13:40:52,2025-08-22 13:41:08
ATT0000113,PAY0000187,GTW016,2,Success,,2024-11-24 21:06:54,2024-11-24 21:07:00
ATT0000114,PAY0000676,GTW014,3,Success,,2025-11-09 12:52:48,2025-11-09 12:53:06
ATT0000115,PAY0000076,GTW015,1,Success,,2024-11-27 03:49:25,2024-11-27 03:49:42
ATT0000116,PAY0000003,GTW018,2,Success,,2024-07-11 16:23:39,2024-07-11 16:23:55
ATT0000117,PAY0001281,GTW015,1,Success,,2025-07-16 04:59:18,2025-07-16 04:59:33
ATT0000118,PAY0001431,GTW016,1,Success,,2025-10-07 19:51:15,2025-10-07 19:51:21
ATT0000119,PAY0000637,GTW018,1,Success,,2024-04-05 07:53:58,2024-04-05 07:54:02
ATT0000120,PAY0000946,GTW004,3,Failed,Bank Declined,2025-05-25 22:18:32,2025-05-25 22:18:41
ATT0000121,PAY0000989,GTW016,1,Success,,2024-05-28 12:12:58,2024-05-28 12:13:18
ATT0000122,PAY0001041,GTW005,1,Success,,2025-02-28 10:59:50,2025-02-28 11:00:07
ATT0000123,PAY0000548,GTW001,2,Success,,2025-08-24 18:42:31,2025-08-24 18:42:36
ATT0000124,PAY0000915,GTW018,2,Success,,2025-07-19 17:24:29,2025-07-19 17:24:40
ATT0000125,PAY0000387,GTW008,3,Success,,2025-02-24 01:20:47,2025-02-24 01:21:03
ATT0000126,PAY0001445,GTW013,2,Failed,Fraud Check Failed,2025-10-29 04:31:02,2025-10-29 04:31:07
ATT0000127,PAY0001209,GTW011,1,Failed,Insufficient Funds,2025-03-26 03:33:58,2025-03-26 03:34:13
ATT0000128,PAY0001480,GTW005,2,Failed,Card Expired,2024-06-07 02:30:50,2024-06-07 02:30:59
ATT0000129,PAY0001277,GTW013,3,Success,,2024-12-02 21:54:34,2024-12-02 21:54:47
ATT0000130,PAY0000649,GTW016,3,Success,,2024-03-11 07:40:43,2024-03-11 07:40:53
ATT0000131,PAY0000466,GTW003,2,Failed,Network Error,2025-10-10 22:55:06,2025-10-10 22:55:21
ATT0000132,PAY0001422,GTW010,1,Success,,2024-02-27 09:22:23,2024-02-27 09:22:37
ATT0000133,PAY0000299,GTW008,3,Success,,2025-11-29 05:10:11,2025-11-29 05:10:14
ATT0000134,PAY0001249,GTW013,3,Success,,2025-05-24 18:09:14,2025-05-24 18:09:29
ATT0000135,PAY0001307,GTW009,2,Success,,2024-01-10 14:57:18,2024-01-10 14:57:36
ATT0000136,PAY0000324,GTW003,2,Failed,Daily Limit Exceeded,2025-08-24 09:40:27,2025-08-24 09:40:36
ATT0000137,PAY0000619,GTW007,2,Failed,Customer Cancelled,2024-04-19 07:24:36,2024-04-19 07:24:48
ATT0000138,PAY0000606,GTW010,1,Failed,Insufficient Funds,2025-11-05 12:17:00,2025-11-05 12:17:19
ATT0000139,PAY0001242,GTW016,2,Success,,2024-08-23 19:51:22,2024-08-23 19:51:30
ATT0000140,PAY0001304,GTW007,3,Success,,2025-11-06 21:53:08,2025-11-06 21:53:12
ATT0000141,PAY0001286,GTW002,2,Success,,2024-02-04 18:23:46,2024-02-04 18:23:51
ATT0000142,PAY0000185,GTW010,2,Success,,2024-06-28 06:08:50,2024-06-28 06:09:08
ATT0000143,PAY0000750,GTW017,3,Failed,Invalid OTP,2024-06-17 08:58:52,2024-06-17 08:59:08
ATT0000144,PAY0000694,GTW004,2,Failed,Fraud Check Failed,2024-05-24 07:55:43,2024-05-24 07:55:56
ATT0000145,PAY0000750,GTW003,2,Success,,2025-07-03 03:29:23,2025-07-03 03:29:32
ATT0000146,PAY0001198,GTW013,3,Failed,Customer Cancelled,2024-04-20 21:14:30,2024-04-20 21:14:31
ATT0000147,PAY0001150,GTW011,3,Success,,2024-03-05 20:52:29,2024-03-05 20:52:39
ATT0000148,PAY0001330,GTW014,1,Success,,2024-02-08 09:31:07,2024-02-08 09:31:11
ATT0000149,PAY0000481,GTW018,1,Success,,2025-01-14 21:47:44,2025-01-14 21:48:02
ATT0000150,PAY0000859,GTW019,3,Success,,2025-02-28 20:06:53,2025-02-28 20:07:09
ATT0000151,PAY0001261,GTW014,2,Success,,2025-01-14 06:28:28,2025-01-14 06:28:36
ATT0000152,PAY0000743,GTW004,3,Success,,2025-10-22 11:03:25,2025-10-22 11:03:34
ATT0000153,PAY0000389,GTW004,2,Success,,2024-08-05 20:40:38,2024-08-05 20:40:39
ATT0000154,PAY0000104,GTW011,1,Failed,UPI Timeout,2025-08-01 06:04:53,2025-08-01 06:05:11
ATT0000155,PAY0001201,GTW007,1,Success,,2024-05-31 19:00:17,2024-05-31 19:00:22
ATT0000156,PAY0000267,GTW018,2,Success,,2024-04-22 21:55:01,2024-04-22 21:55:06
ATT0000157,PAY0000031,GTW012,1,Success,,2024-01-17 05:16:03,2024-01-17 05:16:08
ATT0000158,PAY0000863,GTW017,1,Success,,2025-05-02 14:49:23,2025-05-02 14:49:40
ATT0000159,PAY0001216,GTW004,2,Success,,2025-09-21 01:46:50,2025-09-21 01:47:07
ATT0000160,PAY0000618,GTW015,3,Failed,Bank Timeout,2024-03-03 15:54:25,2024-03-03 15:54:39
ATT0000161,PAY0001005,GTW015,1,Failed,Invalid OTP,2024-11-25 19:09:04,2024-11-25 19:09:09
ATT0000162,PAY0001279,GTW019,3,Success,,2025-01-25 19:33:18,2025-01-25 19:33:33
ATT0000163,PAY0001036,GTW020,2,Success,,2024-04-27 20:41:56,2024-04-27 20:42:14
ATT0000164,PAY0001477,GTW007,2,Success,,2024-08-21 13:21:52,2024-08-21 13:22:07
ATT0000165,PAY0000817,GTW014,3,Success,,2025-03-13 10:42:16,2025-03-13 10:42:28
ATT0000166,PAY0000313,GTW016,1,Success,,2024-03-28 02:27:06,2024-03-28 02:27:18
ATT0000167,PAY0000267,GTW018,1,Success,,2025-07-29 17:21:42,2025-07-29 17:21:46
ATT0000168,PAY0000842,GTW012,3,Failed,Invalid OTP,2025-03-09 23:03:18,2025-03-09 23:03:38
ATT0000169,PAY0000721,GTW004,3,Success,,2024-06-07 21:30:14,2024-06-07 21:30:18
ATT0000170,PAY0000718,GTW018,2,Success,,2024-10-12 18:14:51,2024-10-12 18:15:05
ATT0000171,PAY0001149,GTW020,3,Success,,2025-07-24 00:38:59,2025-07-24 00:39:08
ATT0000172,PAY0000060,GTW006,2,Success,,2024-11-12 10:22:00,2024-11-12 10:22:06
ATT0000173,PAY0000294,GTW019,3,Success,,2024-05-25 23:40:01,2024-05-25 23:40:04
ATT0000174,PAY0001087,GTW007,2,Success,,2024-12-15 05:23:19,2024-12-15 05:23:30
ATT0000175,PAY0001163,GTW020,1,Failed,Bank Timeout,2024-06-08 05:48:39,2024-06-08 05:48:41
ATT0000176,PAY0000558,GTW015,3,Success,,2025-09-13 14:26:17,2025-09-13 14:26:24
ATT0000177,PAY0001050,GTW004,2,Success,,2024-10-17 21:43:37,2024-10-17 21:43:53
ATT0000178,PAY0001080,GTW010,1,Success,,2025-09-05 01:00:13,2025-09-05 01:00:23
ATT0000179,PAY0000433,GTW005,2,Success,,2024-05-02 00:31:47,2024-05-02 00:32:01
ATT0000180,PAY0000360,GTW005,2,Success,,2024-08-23 16:35:53,2024-08-23 16:36:05
ATT0000181,PAY0000148,GTW013,3,Success,,2024-01-20 14:58:04,2024-01-20 14:58:15
ATT0000182,PAY0001180,GTW014,3,Success,,2025-10-17 13:18:07,2025-10-17 13:18:20
ATT0000183,PAY0000043,GTW011,1,Failed,Bank Timeout,2025-09-24 14:53:44,2025-09-24 14:53:56
ATT0000184,PAY0000895,GTW004,1,Success,,2025-02-14 16:05:25,2025-02-14 16:05:35
ATT0000185,PAY0000696,GTW008,2,Success,,2024-03-19 16:40:07,2024-03-19 16:40:24
ATT0000186,PAY0001045,GTW007,2,Success,,2025-10-22 04:15:06,2025-10-22 04:15:11
ATT0000187,PAY0000525,GTW007,1,Success,,2025-11-02 02:11:49,2025-11-02 02:12:05
ATT0000188,PAY0000951,GTW019,3,Success,,2025-08-01 20:40:39,2025-08-01 20:40:50
ATT0000189,PAY0001285,GTW011,1,Success,,2025-04-25 14:40:19,2025-04-25 14:40:28
ATT0000190,PAY0001212,GTW002,2,Success,,2024-11-13 14:28:02,2024-11-13 14:28:04
ATT0000191,PAY0000756,GTW010,1,Success,,2024-04-02 19:38:32,2024-04-02 19:38:45
ATT0000192,PAY0000948,GTW019,3,Failed,UPI Timeout,2024-02-12 14:58:51,2024-02-12 14:59:10
ATT0000193,PAY0000659,GTW020,2,Success,,2024-03-04 14:06:51,2024-03-04 14:07:02
ATT0000194,PAY0001463,GTW003,3,Success,,2024-02-10 07:45:28,2024-02-10 07:45:43
ATT0000195,PAY0001074,GTW017,3,Success,,2025-01-16 09:24:26,2025-01-16 09:24:37
ATT0000196,PAY0001391,GTW020,1,Success,,2025-10-24 10:04:21,2025-10-24 10:04:25
ATT0000197,PAY0001143,GTW013,2,Success,,2025-11-03 19:55:09,2025-11-03 19:55:20
ATT0000198,PAY0000167,GTW019,3,Success,,2024-12-24 09:41:44,2024-12-24 09:41:57
ATT0000199,PAY0000265,GTW020,3,Failed,Network Error,2024-11-13 17:24:41,2024-11-13 17:24:52
ATT0000200,PAY0001373,GTW017,1,Success,,2025-03-09 16:23:01,2025-03-09 16:23:13
ATT0000201,PAY0000633,GTW006,1,Success,,2025-05-12 06:14:08,2025-05-12 06:14:13
ATT0000202,PAY0000159,GTW010,1,Success,,2025-07-06 23:56:33,2025-07-06 23:56:35
ATT0000203,PAY0001356,GTW011,3,Success,,2025-01-20 04:10:11,2025-01-20 04:10:31
ATT0000204,PAY0000340,GTW015,1,Success,,2025-11-23 23:15:28,2025-11-23 23:15:48
ATT0000205,PAY0000584,GTW015,1,Success,,2024-11-12 15:57:53,2024-11-12 15:58:00
ATT0000206,PAY0000754,GTW019,2,Success,,2024-10-15 12:32:33,2024-10-15 12:32:47
ATT0000207,PAY0000332,GTW007,3,Success,,2024-09-13 01:41:30,2024-09-13 01:41:42
ATT0000208,PAY0001136,GTW004,3,Failed,Invalid OTP,2024-05-07 09:05:48,2024-05-07 09:05:54
ATT0000209,PAY0000921,GTW017,1,Failed,Insufficient Funds,2024-04-03 07:52:28,2024-04-03 07:52:40
ATT0000210,PAY0000850,GTW002,2,Success,,2024-08-29 12:05:23,2024-08-29 12:05:31
ATT0000211,PAY0000058,GTW011,1,Failed,Insufficient Funds,2025-10-27 10:50:09,2025-10-27 10:50:14
ATT0000212,PAY0000588,GTW016,3,Failed,Insufficient Funds,2025-04-25 14:39:00,2025-04-25 14:39:03
ATT0000213,PAY0000525,GTW007,1,Success,,2025-09-15 16:27:07,2025-09-15 16:27:17
ATT0000214,PAY0000487,GTW010,1,Success,,2025-03-05 20:50:39,2025-03-05 20:50:54
ATT0000215,PAY0000129,GTW004,2,Success,,2024-01-17 20:32:36,2024-01-17 20:32:44
ATT0000216,PAY0001472,GTW005,2,Success,,2025-09-21 11:15:36,2025-09-21 11:15:50
ATT0000217,PAY0000384,GTW003,3,Failed,Fraud Check Failed,2024-03-10 16:34:32,2024-03-10 16:34:49
ATT0000218,PAY0000042,GTW013,2,Success,,2025-01-31 11:16:47,2025-01-31 11:16:48
ATT0000219,PAY0000732,GTW003,2,Success,,2025-11-03 20:06:49,2025-11-03 20:07:08
ATT0000220,PAY0000681,GTW005,1,Success,,2024-12-12 20:11:53,2024-12-12 20:12:08
ATT0000221,PAY0001425,GTW016,3,Success,,2024-05-18 02:45:49,2024-05-18 02:46:04
ATT0000222,PAY0000076,GTW010,1,Success,,2024-07-23 01:20:59,2024-07-23 01:21:09
ATT0000223,PAY0001056,GTW013,3,Success,,2024-02-07 20:12:18,2024-02-07 20:12:30
ATT0000224,PAY0000098,GTW011,2,Success,,2025-01-11 13:56:25,2025-01-11 13:56:40
ATT0000225,PAY0000792,GTW011,1,Success,,2025-05-24 11:59:51,2025-05-24 12:00:08
ATT0000226,PAY0000547,GTW003,3,Success,,2025-03-16 19:52:11,2025-03-16 19:52:29
ATT0000227,PAY0000602,GTW011,1,Success,,2025-11-07 09:19:28,2025-11-07 09:19:48
ATT0000228,PAY0001470,GTW014,1,Success,,2024-12-25 14:02:46,2024-12-25 14:02:58
ATT0000229,PAY0001260,GTW014,2,Success,,2024-02-28 02:42:40,2024-02-28 02:42:53
ATT0000230,PAY0000745,GTW017,3,Success,,2024-02-01 04:54:38,2024-02-01 04:54:53
ATT0000231,PAY0000072,GTW005,1,Success,,2025-10-22 11:23:24,2025-10-22 11:23:43
ATT0000232,PAY0000067,GTW020,1,Success,,2025-01-14 11:28:48,2025-01-14 11:28:51
ATT0000233,PAY0001176,GTW005,3,Success,,2024-11-17 20:17:15,2024-11-17 20:17:19
ATT0000234,PAY0000054,GTW006,2,Success,,2025-07-29 03:16:49,2025-07-29 03:16:58
ATT0000235,PAY0001442,GTW015,1,Failed,Bank Timeout,2024-10-19 22:58:31,2024-10-19 22:58:38
ATT0000236,PAY0000278,GTW003,2,Success,,2025-03-31 02:51:43,2025-03-31 02:51:54
ATT0000237,PAY0001368,GTW012,3,Success,,2025-07-09 09:57:19,2025-07-09 09:57:25
ATT0000238,PAY0001458,GTW006,2,Success,,2024-05-04 06:50:08,2024-05-04 06:50:16
ATT0000239,PAY0001012,GTW001,2,Success,,2025-01-12 14:51:35,2025-01-12 14:51:40
ATT0000240,PAY0001254,GTW003,1,Success,,2025-05-05 16:26:49,2025-05-05 16:27:03
ATT0000241,PAY0001178,GTW003,1,Failed,Card Expired,2025-10-19 02:28:29,2025-10-19 02:28:46
ATT0000242,PAY0000263,GTW018,3,Success,,2024-05-12 13:32:58,2024-05-12 13:33:00
ATT0000243,PAY0000255,GTW017,1,Success,,2024-06-14 10:59:45,2024-06-14 10:59:53
ATT0000244,PAY0000709,GTW017,2,Failed,Network Error,2024-09-13 06:40:35,2024-09-13 06:40:44
ATT0000245,PAY0001281,GTW010,3,Success,,2025-05-29 20:10:37,2025-05-29 20:10:56
ATT0000246,PAY0000316,GTW006,3,Success,,2025-09-11 10:53:59,2025-09-11 10:54:18
ATT0000247,PAY0000085,GTW001,1,Success,,2025-10-18 18:16:41,2025-10-18 18:16:48
ATT0000248,PAY0001172,GTW014,3,Success,,2025-05-24 20:34:18,2025-05-24 20:34:28
ATT0000249,PAY0000990,GTW008,3,Success,,2025-04-09 02:44:03,2025-04-09 02:44:09
ATT0000250,PAY0000901,GTW014,2,Success,,2024-12-14 19:09:20,2024-12-14 19:09:31
ATT0000251,PAY0000708,GTW013,1,Success,,2025-06-11 17:06:20,2025-06-11 17:06:28
ATT0000252,PAY0000956,GTW004,2,Success,,2024-05-24 03:03:18,2024-05-24 03:03:31
ATT0000253,PAY0001261,GTW014,1,Failed,UPI Timeout,2024-06-12 10:59:36,2024-06-12 10:59:47
ATT0000254,PAY0000327,GTW016,3,Success,,2024-11-11 15:01:05,2024-11-11 15:01:18
ATT0000255,PAY0001036,GTW015,1,Success,,2024-12-27 01:03:18,2024-12-27 01:03:34
ATT0000256,PAY0001224,GTW016,2,Success,,2024-04-20 13:08:56,2024-04-20 13:09:05
ATT0000257,PAY0001490,GTW012,2,Success,,2025-02-14 01:36:35,2025-02-14 01:36:42
ATT0000258,PAY0000743,GTW018,2,Success,,2025-05-31 14:48:35,2025-05-31 14:48:44
ATT0000259,PAY0001277,GTW020,1,Success,,2024-04-09 12:23:50,2024-04-09 12:24:01
ATT0000260,PAY0001143,GTW012,1,Success,,2025-06-05 12:32:02,2025-06-05 12:32:04
ATT0000261,PAY0000080,GTW005,3,Success,,2025-04-30 16:29:09,2025-04-30 16:29:29
ATT0000262,PAY0001056,GTW005,2,Failed,Customer Cancelled,2024-11-22 05:25:39,2024-11-22 05:25:49
ATT0000263,PAY0000689,GTW017,3,Success,,2025-07-30 09:30:52,2025-07-30 09:30:53
ATT0000264,PAY0000755,GTW011,3,Success,,2025-03-02 18:19:50,2025-03-02 18:19:51
ATT0000265,PAY0001223,GTW016,2,Failed,Customer Cancelled,2025-08-15 18:14:46,2025-08-15 18:14:48
ATT0000266,PAY0000984,GTW006,3,Success,,2025-09-26 12:09:52,2025-09-26 12:10:00
ATT0000267,PAY0000065,GTW019,3,Success,,2024-01-20 14:20:26,2024-01-20 14:20:31
ATT0000268,PAY0000846,GTW007,2,Success,,2025-09-18 15:55:54,2025-09-18 15:55:56
ATT0000269,PAY0001446,GTW005,3,Success,,2024-11-28 21:30:33,2024-11-28 21:30:46
ATT0000270,PAY0000643,GTW006,2,Failed,Customer Cancelled,2024-12-16 17:22:43,2024-12-16 17:22:52
ATT0000271,PAY0000992,GTW007,1,Success,,2024-11-01 07:19:49,2024-11-01 07:19:59
ATT0000272,PAY0001444,GTW007,3,Success,,2024-11-20 15:22:35,2024-11-20 15:22:44
ATT0000273,PAY0000590,GTW004,3,Success,,2025-01-23 12:52:22,2025-01-23 12:52:27
ATT0000274,PAY0000595,GTW002,2,Failed,Daily Limit Exceeded,2024-03-21 11:59:28,2024-03-21 11:59:37
ATT0000275,PAY0000439,GTW007,3,Success,,2025-07-29 22:17:08,2025-07-29 22:17:12
ATT0000276,PAY0001261,GTW019,1,Success,,2025-11-16 16:14:40,2025-11-16 16:14:48
ATT0000277,PAY0000108,GTW004,2,Success,,2025-04-28 03:43:49,2025-04-28 03:43:54
ATT0000278,PAY0000011,GTW018,1,Success,,2025-05-02 15:41:12,2025-05-02 15:41:22
ATT0000279,PAY0000658,GTW010,3,Success,,2024-04-01 20:36:14,2024-04-01 20:36:32
ATT0000280,PAY0001481,GTW002,1,Success,,2024-06-29 01:53:25,2024-06-29 01:53:41
ATT0000281,PAY0000382,GTW010,1,Success,,2025-08-04 19:06:59,2025-08-04 19:07:10
ATT0000282,PAY0000583,GTW015,3,Success,,2025-05-20 04:54:32,2025-05-20 04:54:47
ATT0000283,PAY0000559,GTW007,1,Success,,2025-04-14 20:16:45,2025-04-14 20:16:51
ATT0000284,PAY0000029,GTW011,2,Success,,2024-07-16 05:39:54,2024-07-16 05:40:07
ATT0000285,PAY0000876,GTW017,2,Success,,2025-11-16 03:11:08,2025-11-16 03:11:24
ATT0000286,PAY0000663,GTW008,1,Success,,2024-08-29 14:48:17,2024-08-29 14:48:28
ATT0000287,PAY0000619,GTW019,3,Success,,2024-09-24 20:23:44,2024-09-24 20:23:52
ATT0000288,PAY0000128,GTW004,2,Success,,2025-02-19 21:32:59,2025-02-19 21:33:09
ATT0000289,PAY0001414,GTW004,3,Failed,Network Error,2024-10-29 11:39:14,2024-10-29 11:39:22
ATT0000290,PAY0000980,GTW005,2,Success,,2025-09-12 11:26:44,2025-09-12 11:27:02
ATT0000291,PAY0000965,GTW018,3,Failed,Fraud Check Failed,2024-09-10 21:48:38,2024-09-10 21:48:41
ATT0000292,PAY0000915,GTW017,3,Success,,2025-07-31 03:03:53,2025-07-31 03:04:11
ATT0000293,PAY0001036,GTW007,3,Success,,2024-06-17 10:54:33,2024-06-17 10:54:48
ATT0000294,PAY0000239,GTW007,3,Success,,2024-04-03 16:28:51,2024-04-03 16:28:53
ATT0000295,PAY0000929,GTW005,3,Success,,2025-07-31 01:35:29,2025-07-31 01:35:39
ATT0000296,PAY0001482,GTW001,2,Success,,2024-01-04 23:13:37,2024-01-04 23:13:40
ATT0000297,PAY0000093,GTW014,2,Success,,2025-07-08 01:59:57,2025-07-08 02:00:00
ATT0000298,PAY0000967,GTW002,2,Success,,2024-05-18 20:46:41,2024-05-18 20:46:55
ATT0000299,PAY0000767,GTW013,2,Failed,Network Error,2025-01-21 12:05:43,2025-01-21 12:06:01
ATT0000300,PAY0001339,GTW012,1,Success,,2025-07-04 12:33:08,2025-07-04 12:33:16
ATT0000301,PAY0000008,GTW001,2,Success,,2025-07-11 13:34:24,2025-07-11 13:34:32
ATT0000302,PAY0000507,GTW015,2,Success,,2024-07-12 23:48:07,2024-07-12 23:48:09
ATT0000303,PAY0001353,GTW014,3,Success,,2024-01-17 07:13:04,2024-01-17 07:13:08
ATT0000304,PAY0001217,GTW002,2,Success,,2024-02-19 07:47:02,2024-02-19 07:47:15
ATT0000305,PAY0000899,GTW008,3,Success,,2024-02-27 04:32:18,2024-02-27 04:32:26
ATT0000306,PAY0001499,GTW019,2,Success,,2025-11-19 10:15:19,2025-11-19 10:15:24
ATT0000307,PAY0001353,GTW017,1,Success,,2024-10-08 01:35:37,2024-10-08 01:35:43
ATT0000308,PAY0001283,GTW014,3,Success,,2024-12-18 20:42:24,2024-12-18 20:42:41
ATT0000309,PAY0000653,GTW014,2,Success,,2025-01-20 05:48:34,2025-01-20 05:48:50
ATT0000310,PAY0000494,GTW008,2,Failed,Bank Declined,2024-05-27 14:58:03,2024-05-27 14:58:21
ATT0000311,PAY0000854,GTW018,3,Success,,2024-09-05 08:13:21,2024-09-05 08:13:24
ATT0000312,PAY0000922,GTW012,1,Success,,2024-07-14 01:17:24,2024-07-14 01:17:44
ATT0000313,PAY0001235,GTW002,1,Success,,2025-08-24 23:42:35,2025-08-24 23:42:42
ATT0000314,PAY0000982,GTW007,2,Success,,2024-01-16 06:59:12,2024-01-16 06:59:16
ATT0000315,PAY0000981,GTW008,3,Success,,2024-07-28 12:58:15,2024-07-28 12:58:33
ATT0000316,PAY0000659,GTW010,2,Success,,2025-10-26 11:19:16,2025-10-26 11:19:28
ATT0000317,PAY0001051,GTW016,2,Success,,2025-04-25 10:58:13,2025-04-25 10:58:25
ATT0000318,PAY0000641,GTW014,1,Success,,2024-08-14 23:09:01,2024-08-14 23:09:10
ATT0000319,PAY0001134,GTW019,3,Success,,2024-10-29 04:12:21,2024-10-29 04:12:29
ATT0000320,PAY0000778,GTW019,1,Success,,2025-11-01 21:21:16,2025-11-01 21:21:32
ATT0000321,PAY0001482,GTW016,2,Success,,2024-12-26 05:08:46,2024-12-26 05:09:04
ATT0000322,PAY0001001,GTW006,3,Failed,Insufficient Funds,2024-03-01 16:02:53,2024-03-01 16:02:56
ATT0000323,PAY0000014,GTW014,1,Failed,UPI Timeout,2024-08-24 02:45:09,2024-08-24 02:45:10
ATT0000324,PAY0001036,GTW015,2,Success,,2025-10-15 21:59:39,2025-10-15 21:59:55
ATT0000325,PAY0001351,GTW016,1,Success,,2025-07-18 13:00:01,2025-07-18 13:00:18
ATT0000326,PAY0001480,GTW009,3,Failed,Network Error,2024-01-18 16:52:44,2024-01-18 16:52:58
ATT0000327,PAY0000220,GTW004,3,Success,,2024-07-15 19:33:16,2024-07-15 19:33:28
ATT0000328,PAY0000548,GTW013,1,Success,,2025-02-19 14:36:15,2025-02-19 14:36:23
ATT0000329,PAY0000615,GTW003,3,Failed,Bank Declined,2025-10-27 01:05:25,2025-10-27 01:05:38
ATT0000330,PAY0001132,GTW016,1,Success,,2024-06-24 02:31:54,2024-06-24 02:32:08
ATT0000331,PAY0001321,GTW011,3,Failed,UPI Timeout,2024-04-07 16:58:02,2024-04-07 16:58:10
ATT0000332,PAY0001418,GTW019,2,Success,,2024-03-17 21:59:17,2024-03-17 21:59:35
ATT0000333,PAY0001155,GTW002,1,Failed,Bank Declined,2024-11-18 00:13:37,2024-11-18 00:13:42
ATT0000334,PAY0000158,GTW010,1,Success,,2025-08-03 12:43:57,2025-08-03 12:44:15
ATT0000335,PAY0000680,GTW013,3,Success,,2024-03-21 16:47:22,2024-03-21 16:47:24
ATT0000336,PAY0000201,GTW014,1,Failed,Bank Declined,2024-12-14 19:49:39,2024-12-14 19:49:59
ATT0000337,PAY0000669,GTW001,3,Success,,2025-04-06 15:14:22,2025-04-06 15:14:40
ATT0000338,PAY0000769,GTW014,1,Success,,2025-11-07 12:05:49,2025-11-07 12:06:09
ATT0000339,PAY0000605,GTW008,3,Success,,2024-10-01 04:24:45,2024-10-01 04:24:50
ATT0000340,PAY0000798,GTW011,2,Success,,2024-01-06 09:28:23,2024-01-06 09:28:32
ATT0000341,PAY0000210,GTW005,1,Success,,2025-04-04 17:35:32,2025-04-04 17:35:46
ATT0000342,PAY0000212,GTW001,1,Success,,2024-04-05 19:38:50,2024-04-05 19:39:01
ATT0000343,PAY0000789,GTW001,2,Success,,2024-03-27 23:57:35,2024-03-27 23:57:43
ATT0000344,PAY0001172,GTW017,1,Success,,2024-06-22 04:17:19,2024-06-22 04:17:28
ATT0000345,PAY0001010,GTW005,1,Success,,2024-10-09 13:19:30,2024-10-09 13:19:33
ATT0000346,PAY0000740,GTW009,1,Success,,2025-05-22 19:39:12,2025-05-22 19:39:27
ATT0000347,PAY0000220,GTW005,2,Success,,2025-02-09 10:53:39,2025-02-09 10:53:52
ATT0000348,PAY0000675,GTW015,2,Success,,2025-10-28 19:08:19,2025-10-28 19:08:30
ATT0000349,PAY0001236,GTW007,2,Success,,2025-02-11 10:18:47,2025-02-11 10:19:03
ATT0000350,PAY0001180,GTW008,2,Success,,2025-02-06 11:07:59,2025-02-06 11:08:18
ATT0000351,PAY0000410,GTW019,3,Success,,2025-07-17 00:46:29,2025-07-17 00:46:36
ATT0000352,PAY0000898,GTW010,3,Success,,2025-02-22 21:31:08,2025-02-22 21:31:18
ATT0000353,PAY0000496,GTW009,3,Success,,2025-03-09 12:04:28,2025-03-09 12:04:48
ATT0000354,PAY0000982,GTW019,2,Success,,2025-03-04 17:02:50,2025-03-04 17:03:02
ATT0000355,PAY0001437,GTW018,3,Success,,2024-03-28 03:49:15,2024-03-28 03:49:27
ATT0000356,PAY0000341,GTW020,1,Success,,2025-10-22 21:41:25,2025-10-22 21:41:36
ATT0000357,PAY0000882,GTW004,1,Success,,2024-08-15 16:47:33,2024-08-15 16:47:51
ATT0000358,PAY0001189,GTW019,1,Success,,2025-02-04 14:49:43,2025-02-04 14:50:02
ATT0000359,PAY0001415,GTW017,1,Success,,2024-01-26 15:06:18,2024-01-26 15:06:32
ATT0000360,PAY0000176,GTW004,3,Success,,2024-11-15 10:29:50,2024-11-15 10:29:57
ATT0000361,PAY0001068,GTW016,2,Success,,2025-03-24 23:44:28,2025-03-24 23:44:39
ATT0000362,PAY0000138,GTW010,1,Failed,Network Error,2024-04-27 00:54:21,2024-04-27 00:54:25
ATT0000363,PAY0000500,GTW017,1,Success,,2024-12-04 17:27:29,2024-12-04 17:27:37
ATT0000364,PAY0000830,GTW006,1,Success,,2025-03-18 12:01:47,2025-03-18 12:02:07
ATT0000365,PAY0000405,GTW015,3,Success,,2024-01-05 22:13:13,2024-01-05 22:13:22
ATT0000366,PAY0001442,GTW003,3,Success,,2025-07-03 05:23:20,2025-07-03 05:23:27
ATT0000367,PAY0000938,GTW004,2,Success,,2025-05-16 16:40:20,2025-05-16 16:40:40
ATT0000368,PAY0000796,GTW020,2,Success,,2024-12-22 11:54:29,2024-12-22 11:54:49
ATT0000369,PAY0000354,GTW010,3,Success,,2025-11-19 04:20:07,2025-11-19 04:20:15
ATT0000370,PAY0000626,GTW004,1,Success,,2024-05-24 16:24:26,2024-05-24 16:24:46
ATT0000371,PAY0000283,GTW019,2,Success,,2025-05-13 20:34:44,2025-05-13 20:34:50
ATT0000372,PAY0001137,GTW006,2,Success,,2024-07-10 10:53:28,2024-07-10 10:53:48
ATT0000373,PAY0000110,GTW012,1,Success,,2024-07-18 12:35:32,2024-07-18 12:35:48
ATT0000374,PAY0000838,GTW016,2,Success,,2025-03-30 15:10:05,2025-03-30 15:10:24
ATT0000375,PAY0000064,GTW008,2,Success,,2024-08-18 17:18:10,2024-08-18 17:18:25
ATT0000376,PAY0001159,GTW016,3,Success,,2025-08-09 03:17:49,2025-08-09 03:18:07
ATT0000377,PAY0000752,GTW018,1,Success,,2025-03-27 17:13:27,2025-03-27 17:13:31
ATT0000378,PAY0001339,GTW008,2,Failed,Daily Limit Exceeded,2024-02-03 14:16:22,2024-02-03 14:16:25
ATT0000379,PAY0000241,GTW008,1,Failed,Bank Declined,2025-08-25 22:22:55,2025-08-25 22:23:15
ATT0000380,PAY0000340,GTW020,1,Success,,2024-07-30 01:36:22,2024-07-30 01:36:40
ATT0000381,PAY0000576,GTW020,3,Success,,2024-10-26 09:36:17,2024-10-26 09:36:34
ATT0000382,PAY0001392,GTW004,1,Failed,Network Error,2025-02-25 01:17:55,2025-02-25 01:18:00
ATT0000383,PAY0000512,GTW005,3,Success,,2024-09-10 21:25:31,2024-09-10 21:25:36
ATT0000384,PAY0001183,GTW009,3,Success,,2025-04-07 02:40:50,2025-04-07 02:40:53
ATT0000385,PAY0000826,GTW017,3,Success,,2025-01-12 14:31:20,2025-01-12 14:31:39
ATT0000386,PAY0000006,GTW003,3,Failed,Fraud Check Failed,2025-10-12 21:44:22,2025-10-12 21:44:25
ATT0000387,PAY0000815,GTW007,2,Failed,Card Expired,2025-05-21 08:20:53,2025-05-21 08:21:03
ATT0000388,PAY0001121,GTW019,1,Success,,2025-05-11 10:57:43,2025-05-11 10:57:45
ATT0000389,PAY0000095,GTW004,3,Success,,2025-04-15 00:07:59,2025-04-15 00:08:05
ATT0000390,PAY0000904,GTW015,1,Failed,Invalid OTP,2025-03-14 06:44:58,2025-03-14 06:45:03
ATT0000391,PAY0000326,GTW009,1,Success,,2024-09-13 02:23:42,2024-09-13 02:23:48
ATT0000392,PAY0000107,GTW013,3,Success,,2024-08-27 13:41:05,2024-08-27 13:41:09
ATT0000393,PAY0000003,GTW007,2,Success,,2025-08-30 07:33:43,2025-08-30 07:33:58
ATT0000394,PAY0000020,GTW001,3,Success,,2024-05-03 13:44:08,2024-05-03 13:44:24
ATT0000395,PAY0000146,GTW008,2,Success,,2024-04-14 03:20:23,2024-04-14 03:20:33
ATT0000396,PAY0000281,GTW013,1,Success,,2025-11-24 04:04:33,2025-11-24 04:04:52
ATT0000397,PAY0000018,GTW020,3,Success,,2024-12-25 23:13:40,2024-12-25 23:13:45
ATT0000398,PAY0000844,GTW020,3,Success,,2024-08-10 02:57:06,2024-08-10 02:57:11
ATT0000399,PAY0000253,GTW019,3,Success,,2025-03-15 10:50:08,2025-03-15 10:50:16
ATT0000400,PAY0000568,GTW003,1,Success,,2025-09-06 23:38:18,2025-09-06 23:38:19
ATT0000401,PAY0001349,GTW010,1,Success,,2025-06-05 06:47:25,2025-06-05 06:47:35
ATT0000402,PAY0001324,GTW002,1,Success,,2024-04-25 07:31:40,2024-04-25 07:32:00
ATT0000403,PAY0000146,GTW017,1,Failed,Bank Declined,2024-11-20 04:24:55,2024-11-20 04:25:14
ATT0000404,PAY0000749,GTW018,3,Success,,2025-04-27 02:01:37,2025-04-27 02:01:40
ATT0000405,PAY0000029,GTW009,1,Success,,2024-03-02 12:32:18,2024-03-02 12:32:35
ATT0000406,PAY0000851,GTW014,3,Success,,2025-10-17 17:34:39,2025-10-17 17:34:44
ATT0000407,PAY0000569,GTW003,2,Success,,2024-07-27 04:34:20,2024-07-27 04:34:33
ATT0000408,PAY0001202,GTW003,2,Success,,2024-09-01 01:15:05,2024-09-01 01:15:19
ATT0000409,PAY0000238,GTW015,3,Success,,2024-11-12 21:47:42,2024-11-12 21:47:48
ATT0000410,PAY0000245,GTW001,3,Success,,2024-01-12 05:31:22,2024-01-12 05:31:39
ATT0000411,PAY0001060,GTW009,1,Success,,2024-10-02 23:56:07,2024-10-02 23:56:08
ATT0000412,PAY0000687,GTW014,2,Success,,2024-09-26 22:36:40,2024-09-26 22:36:43
ATT0000413,PAY0001017,GTW015,3,Success,,2025-05-26 18:10:23,2025-05-26 18:10:29
ATT0000414,PAY0000523,GTW004,3,Success,,2024-04-28 07:47:32,2024-04-28 07:47:33
ATT0000415,PAY0000091,GTW001,1,Success,,2025-01-07 12:58:09,2025-01-07 12:58:15
ATT0000416,PAY0000073,GTW018,3,Success,,2025-03-05 07:20:15,2025-03-05 07:20:29
ATT0000417,PAY0001476,GTW011,2,Failed,Network Error,2025-08-08 11:07:32,2025-08-08 11:07:34
ATT0000418,PAY0000458,GTW017,1,Failed,Card Expired,2024-03-11 14:55:18,2024-03-11 14:55:28
ATT0000419,PAY0000177,GTW018,2,Success,,2024-07-24 09:36:50,2024-07-24 09:37:00
ATT0000420,PAY0001276,GTW008,2,Success,,2025-05-20 06:46:57,2025-05-20 06:47:15
ATT0000421,PAY0000503,GTW005,1,Failed,Card Expired,2024-01-25 07:34:22,2024-01-25 07:34:23
ATT0000422,PAY0000003,GTW013,3,Success,,2024-04-16 06:33:15,2024-04-16 06:33:29
ATT0000423,PAY0001008,GTW002,1,Success,,2024-04-05 01:58:14,2024-04-05 01:58:31
ATT0000424,PAY0000846,GTW012,2,Failed,Bank Declined,2024-03-27 18:06:32,2024-03-27 18:06:37
ATT0000425,PAY0000154,GTW019,3,Success,,2025-11-09 04:15:18,2025-11-09 04:15:27
ATT0000426,PAY0000646,GTW013,3,Failed,Bank Timeout,2024-11-30 10:28:17,2024-11-30 10:28:25
ATT0000427,PAY0000416,GTW005,3,Success,,2024-04-18 05:28:29,2024-04-18 05:28:40
ATT0000428,PAY0000833,GTW004,3,Success,,2024-07-31 14:19:29,2024-07-31 14:19:38
ATT0000429,PAY0000246,GTW003,1,Failed,UPI Timeout,2024-11-07 22:44:38,2024-11-07 22:44:40
ATT0000430,PAY0000672,GTW005,1,Success,,2024-12-30 12:32:03,2024-12-30 12:32:13
ATT0000431,PAY0000533,GTW006,1,Failed,Bank Timeout,2025-04-08 17:47:35,2025-04-08 17:47:43
ATT0000432,PAY0000947,GTW004,1,Success,,2024-03-04 07:08:12,2024-03-04 07:08:25
ATT0000433,PAY0000763,GTW003,3,Success,,2024-03-17 00:04:12,2024-03-17 00:04:27
ATT0000434,PAY0000264,GTW003,2,Success,,2025-04-17 01:10:59,2025-04-17 01:11:18
ATT0000435,PAY0000888,GTW013,2,Success,,2025-11-30 13:11:22,2025-11-30 13:11:29
ATT0000436,PAY0000384,GTW009,2,Success,,2024-06-01 01:39:39,2024-06-01 01:39:59
ATT0000437,PAY0000504,GTW010,2,Success,,2025-07-17 15:03:05,2025-07-17 15:03:14
ATT0000438,PAY0000785,GTW005,2,Success,,2025-06-22 07:40:51,2025-06-22 07:41:09
ATT0000439,PAY0000040,GTW013,3,Success,,2025-07-11 15:22:58,2025-07-11 15:23:17
ATT0000440,PAY0001029,GTW011,2,Success,,2024-01-27 10:38:14,2024-01-27 10:38:15
ATT0000441,PAY0000576,GTW002,2,Success,,2025-08-21 07:10:06,2025-08-21 07:10:14
ATT0000442,PAY0001346,GTW008,2,Success,,2024-02-27 07:36:54,2024-02-27 07:37:07
ATT0000443,PAY0000727,GTW006,1,Success,,2024-11-21 23:44:22,2024-11-21 23:44:41
ATT0000444,PAY0000058,GTW012,3,Success,,2025-07-30 06:53:51,2025-07-30 06:54:07
ATT0000445,PAY0001111,GTW010,1,Success,,2024-04-02 01:14:38,2024-04-02 01:14:46
ATT0000446,PAY0000041,GTW017,2,Success,,2025-09-20 06:51:08,2025-09-20 06:51:19
ATT0000447,PAY0001469,GTW006,2,Success,,2024-05-31 18:45:58,2024-05-31 18:46:03
ATT0000448,PAY0000228,GTW017,2,Failed,Bank Timeout,2025-01-17 22:42:25,2025-01-17 22:42:44
ATT0000449,PAY0000690,GTW010,2,Success,,2024-06-10 23:27:50,2024-06-10 23:28:06
ATT0000450,PAY0001330,GTW011,1,Success,,2025-07-29 22:56:59,2025-07-29 22:57:19
ATT0000451,PAY0000731,GTW008,3,Success,,2024-06-28 12:19:46,2024-06-28 12:19:56
ATT0000452,PAY0000261,GTW006,3,Success,,2025-08-09 12:54:49,2025-08-09 12:55:08
ATT0000453,PAY0000067,GTW006,3,Success,,2025-09-18 07:40:36,2025-09-18 07:40:40
ATT0000454,PAY0001017,GTW005,2,Success,,2024-08-31 11:20:10,2024-08-31 11:20:13
ATT0000455,PAY0001452,GTW011,2,Success,,2024-08-02 07:44:04,2024-08-02 07:44:16
ATT0000456,PAY0000526,GTW004,3,Success,,2025-01-30 14:46:26,2025-01-30 14:46:32
ATT0000457,PAY0000848,GTW016,2,Success,,2025-01-19 03:53:30,2025-01-19 03:53:49
ATT0000458,PAY0001334,GTW008,1,Success,,2024-02-04 09:01:20,2024-02-04 09:01:29
ATT0000459,PAY0000215,GTW003,2,Success,,2025-01-19 05:46:04,2025-01-19 05:46:22
ATT0000460,PAY0000191,GTW011,3,Failed,Customer Cancelled,2025-05-09 22:01:27,2025-05-09 22:01:33
ATT0000461,PAY0000890,GTW006,1,Success,,2024-07-29 06:26:44,2024-07-29 06:27:02
ATT0000462,PAY0001479,GTW018,2,Success,,2024-10-31 07:06:03,2024-10-31 07:06:16
ATT0000463,PAY0001171,GTW018,2,Success,,2025-01-04 00:27:05,2025-01-04 00:27:15
ATT0000464,PAY0001356,GTW020,2,Success,,2024-01-27 06:10:40,2024-01-27 06:10:50
ATT0000465,PAY0000168,GTW016,1,Success,,2025-02-11 15:31:57,2025-02-11 15:32:06
ATT0000466,PAY0000187,GTW018,2,Success,,2025-01-25 11:11:28,2025-01-25 11:11:30
ATT0000467,PAY0000540,GTW015,2,Success,,2024-10-02 18:03:09,2024-10-02 18:03:13
ATT0000468,PAY0000176,GTW012,3,Success,,2025-08-26 07:35:03,2025-08-26 07:35:16
ATT0000469,PAY0001071,GTW014,3,Success,,2025-05-01 18:56:15,2025-05-01 18:56:31
ATT0000470,PAY0000613,GTW003,2,Failed,Customer Cancelled,2024-02-05 16:36:57,2024-02-05 16:37:14
ATT0000471,PAY0001388,GTW020,1,Success,,2025-04-04 05:10:13,2025-04-04 05:10:20
ATT0000472,PAY0000259,GTW002,2,Success,,2025-11-30 13:12:52,2025-11-30 13:12:57
ATT0000473,PAY0001219,GTW009,2,Failed,Fraud Check Failed,2024-03-09 02:24:35,2024-03-09 02:24:48
ATT0000474,PAY0000668,GTW009,3,Success,,2024-01-13 22:39:37,2024-01-13 22:39:54
ATT0000475,PAY0000860,GTW004,2,Success,,2025-08-03 18:37:48,2025-08-03 18:37:52
ATT0000476,PAY0000217,GTW019,1,Success,,2025-07-02 11:56:26,2025-07-02 11:56:35
ATT0000477,PAY0000785,GTW016,3,Success,,2024-02-08 05:17:25,2024-02-08 05:17:30
ATT0000478,PAY0001267,GTW020,3,Success,,2024-02-09 12:56:56,2024-02-09 12:57:07
ATT0000479,PAY0001415,GTW008,1,Success,,2024-10-02 11:01:21,2024-10-02 11:01:31
ATT0000480,PAY0000637,GTW009,2,Failed,Card Expired,2024-04-10 07:08:19,2024-04-10 07:08:34
ATT0000481,PAY0000552,GTW014,3,Success,,2024-07-11 14:13:58,2024-07-11 14:14:12
ATT0000482,PAY0000993,GTW017,2,Failed,Bank Declined,2025-06-11 05:04:19,2025-06-11 05:04:36
ATT0000483,PAY0000278,GTW017,3,Success,,2024-07-16 06:53:03,2024-07-16 06:53:11
ATT0000484,PAY0000068,GTW015,1,Failed,Fraud Check Failed,2024-07-22 08:23:52,2024-07-22 08:24:07
ATT0000485,PAY0000813,GTW004,3,Success,,2025-01-16 15:38:28,2025-01-16 15:38:34
ATT0000486,PAY0000972,GTW019,3,Success,,2024-06-16 08:47:53,2024-06-16 08:47:56
ATT0000487,PAY0000584,GTW001,2,Success,,2025-08-08 06:54:14,2025-08-08 06:54:22
ATT0000488,PAY0001388,GTW007,2,Success,,2025-06-09 00:55:49,2025-06-09 00:55:50
ATT0000489,PAY0000971,GTW005,3,Success,,2024-01-09 07:16:38,2024-01-09 07:16:48
ATT0000490,PAY0001460,GTW009,2,Failed,Invalid OTP,2024-12-23 14:16:13,2024-12-23 14:16:28
ATT0000491,PAY0001387,GTW017,3,Success,,2024-04-14 00:32:42,2024-04-14 00:32:54
ATT0000492,PAY0001150,GTW020,3,Success,,2025-12-01 03:30:04,2025-12-01 03:30:15
ATT0000493,PAY0000567,GTW011,2,Success,,2025-10-29 09:12:09,2025-10-29 09:12:26
ATT0000494,PAY0000493,GTW002,3,Success,,2024-11-23 21:08:46,2024-11-23 21:08:47
ATT0000495,PAY0001343,GTW016,2,Success,,2025-03-04 12:24:47,2025-03-04 12:24:49
ATT0000496,PAY0001195,GTW019,1,Success,,2024-08-15 21:34:40,2024-08-15 21:34:56
ATT0000497,PAY0001376,GTW012,3,Success,,2024-06-23 21:56:35,2024-06-23 21:56:41
ATT0000498,PAY0000602,GTW004,2,Success,,2024-09-21 23:51:35,2024-09-21 23:51:41
ATT0000499,PAY0001393,GTW011,3,Success,,2024-12-29 07:47:55,2024-12-29 07:48:05
ATT0000500,PAY0000862,GTW011,2,Success,,2024-10-28 14:54:07,2024-10-28 14:54:23
ATT0000501,PAY0000110,GTW019,3,Failed,Bank Timeout,2024-03-13 15:56:12,2024-03-13 15:56:29
ATT0000502,PAY0001395,GTW013,3,Success,,2024-02-25 04:08:12,2024-02-25 04:08:23
ATT0000503,PAY0000839,GTW019,2,Success,,2024-07-03 02:31:21,2024-07-03 02:31:27
ATT0000504,PAY0000642,GTW002,1,Success,,2024-08-02 05:36:48,2024-08-02 05:36:54
ATT0000505,PAY0001003,GTW003,1,Success,,2025-10-10 13:25:27,2025-10-10 13:25:43
ATT0000506,PAY0000786,GTW001,1,Success,,2025-01-17 00:57:20,2025-01-17 00:57:37
ATT0000507,PAY0000391,GTW001,3,Success,,2024-09-11 07:44:56,2024-09-11 07:45:08
ATT0000508,PAY0000640,GTW005,1,Success,,2025-08-25 09:10:04,2025-08-25 09:10:06
ATT0000509,PAY0000611,GTW010,2,Success,,2025-09-02 16:21:27,2025-09-02 16:21:32
ATT0000510,PAY0000702,GTW016,2,Success,,2024-06-17 12:01:14,2024-06-17 12:01:22
ATT0000511,PAY0001490,GTW005,1,Success,,2025-08-26 16:10:07,2025-08-26 16:10:19
ATT0000512,PAY0001457,GTW002,2,Failed,Insufficient Funds,2024-09-18 17:39:03,2024-09-18 17:39:23
ATT0000513,PAY0001356,GTW004,3,Failed,Bank Declined,2024-02-19 22:07:26,2024-02-19 22:07:41
ATT0000514,PAY0000254,GTW018,2,Success,,2024-06-05 06:44:43,2024-06-05 06:44:44
ATT0000515,PAY0000617,GTW014,3,Success,,2025-06-16 08:39:38,2025-06-16 08:39:43
ATT0000516,PAY0000858,GTW004,3,Success,,2024-04-30 09:07:50,2024-04-30 09:07:54
ATT0000517,PAY0001020,GTW007,3,Success,,2024-09-26 16:12:22,2024-09-26 16:12:36
ATT0000518,PAY0000605,GTW006,1,Success,,2024-07-31 22:59:30,2024-07-31 22:59:41
ATT0000519,PAY0000481,GTW001,1,Success,,2024-04-23 18:42:31,2024-04-23 18:42:36
ATT0000520,PAY0000185,GTW017,1,Success,,2024-04-13 08:41:14,2024-04-13 08:41:29
ATT0000521,PAY0000607,GTW009,2,Success,,2024-06-27 01:54:18,2024-06-27 01:54:30
ATT0000522,PAY0001387,GTW011,2,Success,,2024-04-07 01:00:54,2024-04-07 01:00:59
ATT0000523,PAY0001359,GTW006,2,Success,,2025-03-24 19:17:56,2025-03-24 19:17:59
ATT0000524,PAY0000764,GTW011,1,Success,,2025-02-13 14:17:53,2025-02-13 14:18:06
ATT0000525,PAY0001413,GTW016,2,Success,,2024-06-19 03:08:44,2024-06-19 03:08:46
ATT0000526,PAY0000327,GTW004,2,Failed,Customer Cancelled,2025-05-09 18:43:28,2025-05-09 18:43:34
ATT0000527,PAY0000778,GTW012,3,Success,,2025-12-01 23:57:08,2025-12-01 23:57:24
ATT0000528,PAY0001000,GTW004,2,Success,,2024-03-05 08:41:20,2024-03-05 08:41:21
ATT0000529,PAY0001443,GTW017,3,Success,,2025-08-01 07:42:55,2025-08-01 07:43:06
ATT0000530,PAY0001064,GTW017,3,Success,,2024-04-07 13:42:46,2024-04-07 13:42:54
ATT0000531,PAY0000987,GTW012,3,Success,,2025-01-29 04:53:52,2025-01-29 04:54:10
ATT0000532,PAY0001256,GTW002,1,Success,,2024-06-09 16:54:30,2024-06-09 16:54:46
ATT0000533,PAY0000339,GTW003,2,Success,,2024-12-04 08:03:32,2024-12-04 08:03:40
ATT0000534,PAY0001128,GTW013,2,Failed,Daily Limit Exceeded,2024-03-21 14:28:51,2024-03-21 14:29:10
ATT0000535,PAY0000181,GTW016,2,Success,,2025-05-24 23:41:01,2025-05-24 23:41:05
ATT0000536,PAY0000827,GTW014,1,Success,,2024-01-01 02:50:38,2024-01-01 02:50:58
ATT0000537,PAY0001306,GTW010,3,Success,,2025-11-01 21:29:21,2025-11-01 21:29:33
ATT0000538,PAY0000112,GTW008,2,Success,,2025-09-26 19:30:45,2025-09-26 19:30:57
ATT0000539,PAY0001467,GTW015,1,Success,,2025-11-05 07:00:21,2025-11-05 07:00:33
ATT0000540,PAY0001298,GTW010,3,Success,,2024-04-18 01:57:10,2024-04-18 01:57:26
ATT0000541,PAY0000288,GTW014,1,Success,,2024-07-19 06:07:59,2024-07-19 06:08:12
ATT0000542,PAY0000442,GTW015,1,Success,,2024-04-20 13:02:59,2024-04-20 13:03:18
ATT0000543,PAY0000253,GTW015,2,Success,,2025-05-31 04:31:00,2025-05-31 04:31:17
ATT0000544,PAY0000100,GTW018,2,Failed,Customer Cancelled,2025-05-09 16:49:58,2025-05-09 16:50:04
ATT0000545,PAY0000356,GTW005,1,Success,,2025-09-06 19:56:20,2025-09-06 19:56:37
ATT0000546,PAY0000788,GTW014,3,Failed,Daily Limit Exceeded,2024-09-11 08:25:21,2024-09-11 08:25:31
ATT0000547,PAY0000274,GTW005,2,Success,,2025-06-08 09:53:44,2025-06-08 09:54:02
ATT0000548,PAY0000643,GTW018,3,Success,,2024-08-02 19:45:18,2024-08-02 19:45:30
ATT0000549,PAY0001378,GTW005,3,Success,,2024-07-01 16:34:44,2024-07-01 16:34:55
ATT0000550,PAY0001455,GTW004,2,Success,,2025-08-19 18:42:45,2025-08-19 18:42:59
ATT0000551,PAY0001381,GTW018,2,Failed,Bank Declined,2025-03-08 00:33:06,2025-03-08 00:33:07
ATT0000552,PAY0000298,GTW002,3,Success,,2024-09-30 05:18:43,2024-09-30 05:18:52
ATT0000553,PAY0000300,GTW002,3,Success,,2024-07-27 17:02:22,2024-07-27 17:02:37
ATT0000554,PAY0000210,GTW020,3,Success,,2024-08-17 23:41:35,2024-08-17 23:41:48
ATT0000555,PAY0000487,GTW017,3,Success,,2025-11-11 01:59:24,2025-11-11 01:59:37
ATT0000556,PAY0000854,GTW011,3,Success,,2024-09-14 06:39:55,2024-09-14 06:40:10
ATT0000557,PAY0000462,GTW012,3,Success,,2025-09-09 06:49:46,2025-09-09 06:49:53
ATT0000558,PAY0000603,GTW015,1,Failed,Bank Timeout,2024-03-17 05:11:47,2024-03-17 05:12:04
ATT0000559,PAY0000773,GTW002,2,Success,,2024-09-27 04:10:37,2024-09-27 04:10:46
ATT0000560,PAY0000012,GTW011,2,Success,,2024-06-07 01:09:59,2024-06-07 01:10:10
ATT0000561,PAY0001223,GTW002,3,Success,,2025-11-08 09:31:50,2025-11-08 09:32:09
ATT0000562,PAY0001127,GTW012,1,Success,,2024-11-21 16:14:11,2024-11-21 16:14:28
ATT0000563,PAY0000140,GTW017,1,Success,,2025-07-03 12:05:22,2025-07-03 12:05:30
ATT0000564,PAY0000437,GTW011,2,Success,,2024-08-11 19:33:30,2024-08-11 19:33:48
ATT0000565,PAY0001330,GTW001,1,Success,,2025-04-01 07:57:41,2025-04-01 07:58:01
ATT0000566,PAY0001273,GTW008,1,Success,,2024-11-24 12:58:50,2024-11-24 12:58:54
ATT0000567,PAY0000791,GTW009,3,Success,,2024-01-26 16:52:49,2024-01-26 16:53:01
ATT0000568,PAY0001054,GTW017,2,Success,,2024-10-30 20:12:20,2024-10-30 20:12:37
ATT0000569,PAY0000169,GTW004,1,Failed,UPI Timeout,2025-07-04 17:00:40,2025-07-04 17:00:43
ATT0000570,PAY0001373,GTW007,3,Success,,2024-04-16 06:34:53,2024-04-16 06:35:07
ATT0000571,PAY0001325,GTW003,3,Success,,2024-01-25 14:45:21,2024-01-25 14:45:23
ATT0000572,PAY0000180,GTW003,1,Success,,2024-09-14 17:04:36,2024-09-14 17:04:44
ATT0000573,PAY0000530,GTW014,2,Success,,2025-02-18 13:20:01,2025-02-18 13:20:14
ATT0000574,PAY0001379,GTW004,3,Success,,2025-09-25 02:48:47,2025-09-25 02:49:06
ATT0000575,PAY0000094,GTW003,2,Failed,Customer Cancelled,2024-04-18 09:50:43,2024-04-18 09:50:53
ATT0000576,PAY0000178,GTW010,2,Success,,2025-11-07 00:30:10,2025-11-07 00:30:28
ATT0000577,PAY0000451,GTW005,3,Success,,2025-07-12 09:40:09,2025-07-12 09:40:19
ATT0000578,PAY0001388,GTW012,1,Success,,2025-07-22 04:07:02,2025-07-22 04:07:03
ATT0000579,PAY0001173,GTW020,2,Success,,2024-03-28 09:13:47,2024-03-28 09:13:59
ATT0000580,PAY0000434,GTW014,3,Failed,Invalid OTP,2024-05-25 05:11:14,2024-05-25 05:11:34
ATT0000581,PAY0000398,GTW004,1,Success,,2025-08-03 01:54:48,2025-08-03 01:55:06
ATT0000582,PAY0000945,GTW018,1,Success,,2024-03-09 08:06:12,2024-03-09 08:06:31
ATT0000583,PAY0000998,GTW011,2,Success,,2025-11-02 07:06:18,2025-11-02 07:06:38
ATT0000584,PAY0000143,GTW007,2,Success,,2024-12-02 19:42:19,2024-12-02 19:42:38
ATT0000585,PAY0000313,GTW019,3,Success,,2024-11-19 13:10:00,2024-11-19 13:10:11
ATT0000586,PAY0000505,GTW008,3,Success,,2025-03-22 08:53:23,2025-03-22 08:53:28
ATT0000587,PAY0001392,GTW011,2,Success,,2025-01-02 09:31:35,2025-01-02 09:31:39
ATT0000588,PAY0000360,GTW020,1,Failed,Bank Timeout,2024-05-23 17:12:16,2024-05-23 17:12:19
ATT0000589,PAY0000039,GTW017,3,Success,,2025-08-18 18:25:49,2025-08-18 18:26:08
ATT0000590,PAY0000436,GTW002,3,Success,,2025-07-06 15:41:49,2025-07-06 15:41:54
ATT0000591,PAY0000750,GTW013,1,Failed,Daily Limit Exceeded,2025-08-26 23:54:18,2025-08-26 23:54:23
ATT0000592,PAY0001027,GTW017,1,Success,,2025-05-29 00:42:15,2025-05-29 00:42:35
ATT0000593,PAY0001402,GTW006,3,Success,,2024-06-12 05:36:36,2024-06-12 05:36:41
ATT0000594,PAY0001500,GTW016,2,Success,,2025-05-14 07:04:16,2025-05-14 07:04:28
ATT0000595,PAY0000480,GTW002,3,Success,,2025-01-04 12:30:58,2025-01-04 12:31:13
ATT0000596,PAY0000096,GTW002,3,Success,,2025-06-17 20:53:17,2025-06-17 20:53:26
ATT0000597,PAY0001186,GTW018,3,Success,,2025-10-31 12:23:37,2025-10-31 12:23:40
ATT0000598,PAY0001059,GTW009,2,Failed,Daily Limit Exceeded,2024-08-16 16:25:22,2024-08-16 16:25:34
ATT0000599,PAY0000988,GTW020,1,Success,,2024-05-22 14:10:14,2024-05-22 14:10:17
ATT0000600,PAY0001054,GTW009,1,Success,,2024-06-10 11:38:45,2024-06-10 11:38:49
ATT0000601,PAY0001354,GTW008,2,Failed,UPI Timeout,2024-04-26 15:43:30,2024-04-26 15:43:46
ATT0000602,PAY0001210,GTW006,3,Failed,Customer Cancelled,2024-01-23 07:02:08,2024-01-23 07:02:27
ATT0000603,PAY0000330,GTW005,3,Success,,2025-08-09 04:03:10,2025-08-09 04:03:19
ATT0000604,PAY0000369,GTW017,2,Success,,2025-07-31 20:01:56,2025-07-31 20:02:06
ATT0000605,PAY0000176,GTW007,2,Success,,2025-04-27 15:10:14,2025-04-27 15:10:28
ATT0000606,PAY0001231,GTW005,3,Failed,Network Error,2024-07-05 19:42:32,2024-07-05 19:42:41
ATT0000607,PAY0001484,GTW011,2,Success,,2024-03-11 07:24:24,2024-03-11 07:24:29
ATT0000608,PAY0000223,GTW001,1,Success,,2025-05-31 21:26:52,2025-05-31 21:26:57
ATT0000609,PAY0001241,GTW004,1,Success,,2025-09-21 19:02:56,2025-09-21 19:03:14
ATT0000610,PAY0001031,GTW004,1,Success,,2024-05-13 19:34:52,2024-05-13 19:34:53
ATT0000611,PAY0001390,GTW014,3,Success,,2024-02-14 22:33:27,2024-02-14 22:33:35
ATT0000612,PAY0000988,GTW013,2,Success,,2025-08-12 03:27:08,2025-08-12 03:27:17
ATT0000613,PAY0000978,GTW008,1,Success,,2025-07-10 13:16:12,2025-07-10 13:16:13
ATT0000614,PAY0001453,GTW001,3,Success,,2025-06-16 00:24:41,2025-06-16 00:24:48
ATT0000615,PAY0001409,GTW011,2,Success,,2024-06-07 13:41:37,2024-06-07 13:41:46
ATT0000616,PAY0000536,GTW018,2,Success,,2025-09-18 08:43:25,2025-09-18 08:43:32
ATT0000617,PAY0000847,GTW018,3,Success,,2025-01-14 17:35:30,2025-01-14 17:35:39
ATT0000618,PAY0000629,GTW019,2,Success,,2025-02-11 23:08:54,2025-02-11 23:08:58
ATT0000619,PAY0000471,GTW015,3,Failed,Fraud Check Failed,2024-04-12 06:32:25,2024-04-12 06:32:36
ATT0000620,PAY0001258,GTW002,1,Success,,2025-10-13 00:51:05,2025-10-13 00:51:10
ATT0000621,PAY0000966,GTW020,2,Success,,2024-09-26 07:23:05,2024-09-26 07:23:25
ATT0000622,PAY0000078,GTW013,2,Success,,2025-06-17 09:45:38,2025-06-17 09:45:40
ATT0000623,PAY0000359,GTW016,2,Success,,2025-11-03 16:18:12,2025-11-03 16:18:14
ATT0000624,PAY0001228,GTW017,3,Success,,2025-09-21 05:43:02,2025-09-21 05:43:14
ATT0000625,PAY0000490,GTW001,1,Success,,2024-10-09 12:22:42,2024-10-09 12:22:55
ATT0000626,PAY0000831,GTW019,1,Success,,2024-03-11 02:35:18,2024-03-11 02:35:36
ATT0000627,PAY0001194,GTW012,2,Failed,Bank Declined,2024-10-10 07:38:12,2024-10-10 07:38:27
ATT0000628,PAY0001178,GTW001,2,Success,,2025-06-02 03:35:04,2025-06-02 03:35:21
ATT0000629,PAY0000603,GTW011,1,Failed,Invalid OTP,2024-09-20 17:52:50,2024-09-20 17:53:09
ATT0000630,PAY0001422,GTW015,2,Success,,2024-09-06 10:49:29,2024-09-06 10:49:44
ATT0000631,PAY0001202,GTW001,2,Success,,2024-03-10 12:40:50,2024-03-10 12:40:58
ATT0000632,PAY0001387,GTW008,2,Success,,2024-12-27 16:34:00,2024-12-27 16:34:09
ATT0000633,PAY0000509,GTW010,1,Success,,2024-12-16 02:35:59,2024-12-16 02:36:05
ATT0000634,PAY0000976,GTW011,2,Success,,2025-08-10 08:11:47,2025-08-10 08:11:54
ATT0000635,PAY0001022,GTW007,1,Success,,2024-09-28 06:14:12,2024-09-28 06:14:20
ATT0000636,PAY0001267,GTW012,1,Success,,2024-05-02 02:43:42,2024-05-02 02:43:58
ATT0000637,PAY0001258,GTW001,3,Failed,Customer Cancelled,2025-05-08 11:39:20,2025-05-08 11:39:36
ATT0000638,PAY0000563,GTW016,1,Failed,Network Error,2025-06-07 08:25:14,2025-06-07 08:25:33
ATT0000639,PAY0000111,GTW017,2,Success,,2025-07-07 01:32:22,2025-07-07 01:32:35
ATT0000640,PAY0001406,GTW006,2,Failed,Insufficient Funds,2025-06-14 14:20:44,2025-06-14 14:20:45
ATT0000641,PAY0001381,GTW007,2,Success,,2024-11-29 11:39:55,2024-11-29 11:40:04
ATT0000642,PAY0000384,GTW018,2,Success,,2025-04-27 19:21:23,2025-04-27 19:21:29
ATT0000643,PAY0001022,GTW014,1,Success,,2025-01-16 11:54:25,2025-01-16 11:54:34
ATT0000644,PAY0000924,GTW006,3,Success,,2025-08-12 21:14:52,2025-08-12 21:14:56
ATT0000645,PAY0001477,GTW009,1,Success,,2025-01-25 06:09:51,2025-01-25 06:09:56
ATT0000646,PAY0000969,GTW001,1,Success,,2024-05-17 20:33:34,2024-05-17 20:33:45
ATT0000647,PAY0000997,GTW010,2,Success,,2025-08-04 01:25:06,2025-08-04 01:25:12
ATT0000648,PAY0000123,GTW007,2,Success,,2025-10-06 03:28:47,2025-10-06 03:28:58
ATT0000649,PAY0000533,GTW012,2,Success,,2024-09-20 11:01:26,2024-09-20 11:01:30
ATT0000650,PAY0000720,GTW020,1,Success,,2025-10-27 20:34:11,2025-10-27 20:34:21
ATT0000651,PAY0000728,GTW011,3,Success,,2025-04-02 02:24:39,2025-04-02 02:24:49
ATT0000652,PAY0000950,GTW005,1,Success,,2024-12-11 13:40:39,2024-12-11 13:40:58
ATT0000653,PAY0000829,GTW003,1,Success,,2024-08-21 10:20:41,2024-08-21 10:20:51
ATT0000654,PAY0001455,GTW009,3,Success,,2024-10-04 14:49:55,2024-10-04 14:50:07
ATT0000655,PAY0001203,GTW017,2,Success,,2024-07-07 00:08:46,2024-07-07 00:08:54
ATT0000656,PAY0001356,GTW009,3,Success,,2024-03-22 06:10:25,2024-03-22 06:10:29
ATT0000657,PAY0000196,GTW003,2,Success,,2024-01-27 12:33:48,2024-01-27 12:33:51
ATT0000658,PAY0000213,GTW009,3,Success,,2025-11-01 12:19:14,2025-11-01 12:19:22
ATT0000659,PAY0000582,GTW015,3,Success,,2025-06-23 05:01:02,2025-06-23 05:01:14
ATT0000660,PAY0000667,GTW016,2,Failed,Fraud Check Failed,2025-07-07 08:35:28,2025-07-07 08:35:33
ATT0000661,PAY0000363,GTW019,3,Success,,2025-10-13 18:27:33,2025-10-13 18:27:51
ATT0000662,PAY0000635,GTW012,2,Success,,2024-04-01 14:19:23,2024-04-01 14:19:37
ATT0000663,PAY0000533,GTW005,2,Success,,2025-06-19 04:22:18,2025-06-19 04:22:34
ATT0000664,PAY0001096,GTW001,3,Failed,Invalid OTP,2025-05-03 09:00:49,2025-05-03 09:01:03
ATT0000665,PAY0001223,GTW008,1,Success,,2024-07-12 13:56:35,2024-07-12 13:56:49
ATT0000666,PAY0000809,GTW008,1,Success,,2025-10-23 12:53:24,2025-10-23 12:53:32
ATT0000667,PAY0000539,GTW003,2,Success,,2025-06-13 19:51:44,2025-06-13 19:51:53
ATT0000668,PAY0000584,GTW018,2,Success,,2024-03-11 05:08:18,2024-03-11 05:08:22
ATT0000669,PAY0001305,GTW015,3,Success,,2025-09-29 15:12:20,2025-09-29 15:12:21
ATT0000670,PAY0000312,GTW002,3,Success,,2024-04-14 09:17:08,2024-04-14 09:17:23
ATT0000671,PAY0001490,GTW001,1,Success,,2024-01-16 15:13:21,2024-01-16 15:13:35
ATT0000672,PAY0000639,GTW016,2,Success,,2024-02-02 10:05:53,2024-02-02 10:05:58
ATT0000673,PAY0000115,GTW009,2,Success,,2025-04-26 05:12:57,2025-04-26 05:13:06
ATT0000674,PAY0000782,GTW001,1,Failed,Insufficient Funds,2024-09-11 12:49:28,2024-09-11 12:49:36
ATT0000675,PAY0000408,GTW015,3,Success,,2025-06-17 21:13:30,2025-06-17 21:13:43
ATT0000676,PAY0001396,GTW010,2,Success,,2024-02-13 23:59:35,2024-02-13 23:59:52
ATT0000677,PAY0000251,GTW009,2,Success,,2024-07-22 11:56:03,2024-07-22 11:56:10
ATT0000678,PAY0000232,GTW008,3,Success,,2024-01-16 05:50:17,2024-01-16 05:50:36
ATT0000679,PAY0000246,GTW013,1,Success,,2024-02-13 18:50:44,2024-02-13 18:51:00
ATT0000680,PAY0001410,GTW020,1,Success,,2024-04-01 07:10:31,2024-04-01 07:10:34
ATT0000681,PAY0001405,GTW020,2,Failed,Fraud Check Failed,2025-10-02 01:03:22,2025-10-02 01:03:27
ATT0000682,PAY0000220,GTW005,2,Success,,2025-07-25 20:48:22,2025-07-25 20:48:37
ATT0000683,PAY0000396,GTW001,3,Success,,2024-05-17 08:57:02,2024-05-17 08:57:18
ATT0000684,PAY0001448,GTW015,3,Success,,2025-05-16 06:36:11,2025-05-16 06:36:29
ATT0000685,PAY0000713,GTW011,3,Success,,2025-09-05 17:10:04,2025-09-05 17:10:21
ATT0000686,PAY0000318,GTW015,2,Failed,Bank Declined,2025-07-08 11:29:00,2025-07-08 11:29:17
ATT0000687,PAY0000380,GTW001,3,Failed,Fraud Check Failed,2025-09-27 07:20:46,2025-09-27 07:20:49
ATT0000688,PAY0000794,GTW007,3,Success,,2025-07-18 04:39:18,2025-07-18 04:39:29
ATT0000689,PAY0000840,GTW011,1,Success,,2025-11-05 02:02:53,2025-11-05 02:02:58
ATT0000690,PAY0000366,GTW002,1,Success,,2024-07-15 03:02:36,2024-07-15 03:02:49
ATT0000691,PAY0001348,GTW016,3,Success,,2025-08-27 08:03:23,2025-08-27 08:03:31
ATT0000692,PAY0001241,GTW003,1,Failed,Daily Limit Exceeded,2024-08-01 20:31:59,2024-08-01 20:32:02
ATT0000693,PAY0001309,GTW002,2,Success,,2025-03-01 11:50:45,2025-03-01 11:50:47
ATT0000694,PAY0001264,GTW009,3,Success,,2024-03-13 09:04:13,2024-03-13 09:04:30
ATT0000695,PAY0000199,GTW004,3,Success,,2025-01-29 06:12:33,2025-01-29 06:12:41
ATT0000696,PAY0001168,GTW006,3,Success,,2025-03-01 23:06:49,2025-03-01 23:07:08
ATT0000697,PAY0000734,GTW015,3,Success,,2024-04-16 05:50:11,2024-04-16 05:50:29
ATT0000698,PAY0000823,GTW017,2,Success,,2025-06-30 19:28:59,2025-06-30 19:29:11
ATT0000699,PAY0000646,GTW018,2,Failed,Customer Cancelled,2025-02-26 20:27:52,2025-02-26 20:28:03
ATT0000700,PAY0000493,GTW019,3,Success,,2025-07-17 23:16:23,2025-07-17 23:16:38
ATT0000701,PAY0000917,GTW013,1,Success,,2024-10-18 19:01:33,2024-10-18 19:01:38
ATT0000702,PAY0000619,GTW001,2,Failed,Fraud Check Failed,2024-08-07 10:01:49,2024-08-07 10:01:58
ATT0000703,PAY0001048,GTW018,3,Failed,Network Error,2024-06-07 03:02:29,2024-06-07 03:02:41
ATT0000704,PAY0000284,GTW009,2,Failed,Bank Timeout,2024-09-12 07:16:51,2024-09-12 07:17:01
ATT0000705,PAY0001169,GTW013,3,Failed,Network Error,2024-03-20 23:20:50,2024-03-20 23:21:06
ATT0000706,PAY0001000,GTW019,1,Success,,2024-11-03 01:46:51,2024-11-03 01:47:10
ATT0000707,PAY0000782,GTW003,1,Failed,Bank Declined,2024-12-08 11:56:52,2024-12-08 11:57:06
ATT0000708,PAY0000247,GTW008,3,Success,,2025-09-08 00:40:49,2025-09-08 00:41:02
ATT0000709,PAY0000111,GTW010,3,Success,,2025-07-06 18:09:20,2025-07-06 18:09:37
ATT0000710,PAY0001430,GTW008,1,Success,,2025-02-06 14:48:38,2025-02-06 14:48:57
ATT0000711,PAY0001034,GTW003,1,Success,,2025-02-07 04:08:21,2025-02-07 04:08:24
ATT0000712,PAY0000975,GTW019,3,Success,,2025-02-12 08:05:25,2025-02-12 08:05:42
ATT0000713,PAY0000890,GTW005,1,Success,,2024-07-21 15:25:41,2024-07-21 15:26:00
ATT0000714,PAY0000402,GTW018,3,Failed,Bank Declined,2025-06-20 07:15:04,2025-06-20 07:15:13
ATT0000715,PAY0000663,GTW019,1,Success,,2025-02-27 13:23:22,2025-02-27 13:23:29
ATT0000716,PAY0000657,GTW012,3,Success,,2024-11-08 05:22:39,2024-11-08 05:22:54
ATT0000717,PAY0001277,GTW005,2,Success,,2024-08-27 06:43:23,2024-08-27 06:43:28
ATT0000718,PAY0001492,GTW003,1,Success,,2024-09-05 19:59:09,2024-09-05 19:59:19
ATT0000719,PAY0000029,GTW011,3,Failed,UPI Timeout,2024-11-08 14:30:01,2024-11-08 14:30:12
ATT0000720,PAY0001102,GTW007,1,Success,,2024-09-21 17:30:39,2024-09-21 17:30:44
ATT0000721,PAY0001424,GTW001,2,Success,,2025-11-10 16:02:16,2025-11-10 16:02:22
ATT0000722,PAY0000124,GTW010,1,Success,,2025-09-24 08:03:29,2025-09-24 08:03:30
ATT0000723,PAY0000137,GTW013,3,Success,,2025-11-06 11:55:06,2025-11-06 11:55:07
ATT0000724,PAY0000600,GTW013,1,Failed,Daily Limit Exceeded,2025-06-04 22:06:57,2025-06-04 22:07:08
ATT0000725,PAY0001223,GTW018,1,Success,,2025-05-27 14:35:59,2025-05-27 14:36:00
ATT0000726,PAY0000082,GTW008,3,Success,,2025-05-16 12:47:10,2025-05-16 12:47:11
ATT0000727,PAY0000711,GTW012,2,Success,,2024-08-29 16:17:51,2024-08-29 16:17:53
ATT0000728,PAY0001282,GTW009,2,Failed,Card Expired,2024-01-31 17:17:14,2024-01-31 17:17:19
ATT0000729,PAY0000805,GTW005,1,Success,,2025-06-17 21:39:55,2025-06-17 21:40:03
ATT0000730,PAY0000855,GTW008,3,Success,,2024-11-15 19:21:28,2024-11-15 19:21:46
ATT0000731,PAY0000270,GTW007,3,Success,,2025-07-08 21:51:12,2025-07-08 21:51:17
ATT0000732,PAY0000633,GTW017,1,Success,,2024-05-28 20:59:36,2024-05-28 20:59:42
ATT0000733,PAY0000651,GTW003,3,Success,,2024-05-01 05:20:53,2024-05-01 05:20:58
ATT0000734,PAY0001490,GTW001,2,Failed,Network Error,2025-02-27 13:19:28,2025-02-27 13:19:37
ATT0000735,PAY0000385,GTW004,1,Success,,2025-09-18 19:17:38,2025-09-18 19:17:57
ATT0000736,PAY0001255,GTW008,3,Success,,2024-01-27 11:05:44,2024-01-27 11:06:00
ATT0000737,PAY0000275,GTW017,3,Success,,2025-10-27 11:11:54,2025-10-27 11:12:07
ATT0000738,PAY0001007,GTW016,1,Success,,2024-08-19 01:26:48,2024-08-19 01:26:49
ATT0000739,PAY0000553,GTW014,1,Success,,2024-07-26 06:04:11,2024-07-26 06:04:26
ATT0000740,PAY0001264,GTW016,3,Success,,2025-04-13 07:27:25,2025-04-13 07:27:27
ATT0000741,PAY0001246,GTW013,3,Success,,2025-09-18 23:36:38,2025-09-18 23:36:56
ATT0000742,PAY0001076,GTW002,3,Success,,2025-04-12 01:56:15,2025-04-12 01:56:32
ATT0000743,PAY0001102,GTW013,3,Success,,2025-01-31 16:48:40,2025-01-31 16:48:42
ATT0000744,PAY0000389,GTW010,2,Success,,2024-11-07 09:29:10,2024-11-07 09:29:24
ATT0000745,PAY0000603,GTW020,1,Success,,2024-05-25 14:53:41,2024-05-25 14:53:56
ATT0000746,PAY0000186,GTW017,1,Success,,2025-08-22 22:34:08,2025-08-22 22:34:21
ATT0000747,PAY0000847,GTW011,2,Success,,2025-04-09 18:57:45,2025-04-09 18:57:52
ATT0000748,PAY0000932,GTW003,2,Success,,2025-10-26 22:50:10,2025-10-26 22:50:14
ATT0000749,PAY0000187,GTW004,3,Success,,2025-01-06 02:33:45,2025-01-06 02:33:58
ATT0000750,PAY0001489,GTW017,3,Failed,Card Expired,2025-01-22 17:24:02,2025-01-22 17:24:08
ATT0000751,PAY0001159,GTW005,1,Failed,Invalid OTP,2024-07-02 22:03:26,2024-07-02 22:03:36
ATT0000752,PAY0001496,GTW015,2,Success,,2024-04-30 04:12:00,2024-04-30 04:12:20
ATT0000753,PAY0000519,GTW001,2,Success,,2025-05-25 17:51:00,2025-05-25 17:51:20
ATT0000754,PAY0001011,GTW008,1,Success,,2025-05-02 14:26:28,2025-05-02 14:26:31
ATT0000755,PAY0001232,GTW020,1,Success,,2025-07-14 08:39:40,2025-07-14 08:39:58
ATT0000756,PAY0000426,GTW002,1,Success,,2025-10-30 11:02:09,2025-10-30 11:02:11
ATT0000757,PAY0001367,GTW019,3,Success,,2024-03-30 01:06:26,2024-03-30 01:06:32
ATT0000758,PAY0000331,GTW010,3,Success,,2025-09-01 18:50:35,2025-09-01 18:50:41
ATT0000759,PAY0000933,GTW019,2,Failed,Bank Timeout,2024-04-05 09:20:23,2024-04-05 09:20:36
ATT0000760,PAY0000876,GTW018,1,Success,,2024-05-17 03:44:55,2024-05-17 03:45:04
ATT0000761,PAY0000675,GTW017,2,Success,,2024-08-02 19:03:06,2024-08-02 19:03:25
ATT0000762,PAY0001495,GTW017,1,Success,,2025-09-11 22:18:27,2025-09-11 22:18:47
ATT0000763,PAY0000649,GTW009,3,Success,,2025-09-30 11:59:08,2025-09-30 11:59:28
ATT0000764,PAY0001153,GTW016,3,Success,,2025-05-24 15:51:11,2025-05-24 15:51:31
ATT0000765,PAY0000477,GTW010,1,Success,,2024-01-25 14:40:50,2024-01-25 14:40:54
ATT0000766,PAY0000425,GTW020,2,Success,,2024-12-07 11:35:51,2024-12-07 11:35:58
ATT0000767,PAY0000024,GTW007,3,Success,,2024-03-10 09:19:32,2024-03-10 09:19:50
ATT0000768,PAY0000664,GTW001,1,Success,,2024-12-15 12:46:36,2024-12-15 12:46:56
ATT0000769,PAY0000060,GTW006,1,Success,,2024-12-12 21:30:58,2024-12-12 21:31:14
ATT0000770,PAY0000073,GTW005,2,Success,,2025-04-16 17:57:21,2025-04-16 17:57:36
ATT0000771,PAY0000848,GTW002,3,Success,,2025-11-25 10:35:34,2025-11-25 10:35:35
ATT0000772,PAY0000427,GTW019,3,Success,,2024-12-28 02:09:17,2024-12-28 02:09:18
ATT0000773,PAY0000695,GTW013,3,Success,,2024-06-18 18:38:24,2024-06-18 18:38:30
ATT0000774,PAY0001219,GTW004,2,Success,,2024-11-18 22:02:17,2024-11-18 22:02:31
ATT0000775,PAY0000178,GTW016,1,Success,,2024-11-05 06:33:19,2024-11-05 06:33:25
ATT0000776,PAY0000230,GTW012,1,Success,,2024-04-04 14:32:01,2024-04-04 14:32:17
ATT0000777,PAY0001025,GTW005,1,Success,,2025-05-10 23:55:33,2025-05-10 23:55:43
ATT0000778,PAY0000671,GTW005,1,Failed,Daily Limit Exceeded,2025-06-12 21:08:13,2025-06-12 21:08:15
ATT0000779,PAY0000794,GTW017,1,Success,,2024-02-15 21:54:38,2024-02-15 21:54:41
ATT0000780,PAY0000683,GTW015,1,Success,,2025-11-05 23:19:01,2025-11-05 23:19:20
ATT0000781,PAY0000640,GTW007,2,Success,,2024-10-20 08:34:20,2024-10-20 08:34:35
ATT0000782,PAY0001375,GTW004,2,Success,,2024-10-07 03:00:39,2024-10-07 03:00:57
ATT0000783,PAY0001053,GTW004,1,Success,,2025-07-16 10:17:09,2025-07-16 10:17:19
ATT0000784,PAY0001176,GTW008,1,Success,,2025-09-19 10:34:28,2025-09-19 10:34:30
ATT0000785,PAY0000267,GTW001,2,Failed,Bank Declined,2024-02-21 03:24:03,2024-02-21 03:24:06
ATT0000786,PAY0000803,GTW006,3,Success,,2025-08-29 20:53:44,2025-08-29 20:53:59
ATT0000787,PAY0001263,GTW012,2,Success,,2024-07-21 22:48:42,2024-07-21 22:49:00
ATT0000788,PAY0000161,GTW015,3,Success,,2025-04-24 03:29:19,2025-04-24 03:29:34
ATT0000789,PAY0000964,GTW008,1,Success,,2025-09-23 08:58:23,2025-09-23 08:58:36
ATT0000790,PAY0000376,GTW011,2,Success,,2024-01-31 02:30:07,2024-01-31 02:30:19
ATT0000791,PAY0000981,GTW015,1,Success,,2024-12-22 19:36:08,2024-12-22 19:36:25
ATT0000792,PAY0000211,GTW013,3,Success,,2024-11-29 17:41:04,2024-11-29 17:41:14
ATT0000793,PAY0001092,GTW015,2,Success,,2024-09-01 19:15:35,2024-09-01 19:15:41
ATT0000794,PAY0000988,GTW013,1,Success,,2025-08-28 13:50:27,2025-08-28 13:50:46
ATT0000795,PAY0000701,GTW018,3,Success,,2025-11-09 21:04:47,2025-11-09 21:05:06
ATT0000796,PAY0000997,GTW004,3,Success,,2024-11-29 17:06:52,2024-11-29 17:07:07
ATT0000797,PAY0000361,GTW010,2,Success,,2024-04-21 21:52:38,2024-04-21 21:52:51
ATT0000798,PAY0000671,GTW016,3,Success,,2024-04-02 06:52:08,2024-04-02 06:52:27
ATT0000799,PAY0001303,GTW001,1,Success,,2025-04-08 17:18:24,2025-04-08 17:18:44
ATT0000800,PAY0001184,GTW015,1,Success,,2024-11-20 09:36:50,2024-11-20 09:37:00
ATT0000801,PAY0000891,GTW012,1,Success,,2025-09-18 16:25:54,2025-09-18 16:25:59
ATT0000802,PAY0000603,GTW002,2,Failed,Bank Timeout,2024-02-24 00:45:35,2024-02-24 00:45:47
ATT0000803,PAY0000578,GTW001,1,Success,,2025-08-27 12:40:20,2025-08-27 12:40:33
ATT0000804,PAY0000832,GTW013,2,Success,,2025-11-09 05:30:08,2025-11-09 05:30:15
ATT0000805,PAY0001138,GTW013,2,Failed,Network Error,2024-06-06 09:55:42,2024-06-06 09:55:47
ATT0000806,PAY0000024,GTW003,3,Success,,2025-05-13 21:27:08,2025-05-13 21:27:11
ATT0000807,PAY0000282,GTW014,2,Failed,Fraud Check Failed,2025-09-10 13:39:11,2025-09-10 13:39:26
ATT0000808,PAY0000869,GTW018,2,Success,,2024-08-19 05:27:38,2024-08-19 05:27:39
ATT0000809,PAY0001184,GTW016,3,Success,,2025-05-28 08:26:59,2025-05-28 08:27:17
ATT0000810,PAY0001181,GTW012,1,Failed,Customer Cancelled,2025-08-04 15:45:23,2025-08-04 15:45:27
ATT0000811,PAY0000987,GTW003,1,Success,,2025-06-23 08:29:33,2025-06-23 08:29:36
ATT0000812,PAY0001072,GTW020,1,Success,,2025-10-07 23:42:42,2025-10-07 23:42:45
ATT0000813,PAY0001401,GTW018,3,Success,,2024-02-24 10:34:49,2024-02-24 10:34:50
ATT0000814,PAY0000961,GTW015,3,Failed,Invalid OTP,2025-08-10 23:21:26,2025-08-10 23:21:38
ATT0000815,PAY0000593,GTW006,1,Success,,2025-09-03 23:19:46,2025-09-03 23:20:05
ATT0000816,PAY0000534,GTW002,3,Success,,2024-06-22 18:03:42,2024-06-22 18:03:52
ATT0000817,PAY0001279,GTW001,2,Success,,2024-05-09 16:04:54,2024-05-09 16:05:03
ATT0000818,PAY0000517,GTW005,3,Success,,2024-09-20 00:47:07,2024-09-20 00:47:27
ATT0000819,PAY0000358,GTW019,3,Success,,2025-04-02 11:51:11,2025-04-02 11:51:20
ATT0000820,PAY0001436,GTW008,2,Success,,2025-06-24 01:21:05,2025-06-24 01:21:10
ATT0000821,PAY0001220,GTW005,2,Success,,2025-02-26 12:15:42,2025-02-26 12:15:57
ATT0000822,PAY0001487,GTW006,1,Success,,2024-12-19 01:41:16,2024-12-19 01:41:20
ATT0000823,PAY0000108,GTW006,2,Success,,2024-11-04 15:47:48,2024-11-04 15:48:06
ATT0000824,PAY0000479,GTW013,3,Success,,2025-04-30 08:09:33,2025-04-30 08:09:47
ATT0000825,PAY0000025,GTW010,2,Success,,2024-11-19 16:43:02,2024-11-19 16:43:06
ATT0000826,PAY0001089,GTW012,2,Success,,2025-10-29 08:21:17,2025-10-29 08:21:26
ATT0000827,PAY0000202,GTW009,3,Success,,2025-04-17 21:47:15,2025-04-17 21:47:34
ATT0000828,PAY0000400,GTW017,2,Success,,2024-07-03 10:35:00,2024-07-03 10:35:01
ATT0000829,PAY0000140,GTW001,2,Success,,2024-04-16 21:28:22,2024-04-16 21:28:30
ATT0000830,PAY0001486,GTW010,2,Success,,2024-01-25 19:05:03,2024-01-25 19:05:23
ATT0000831,PAY0001345,GTW007,3,Success,,2024-05-02 02:54:38,2024-05-02 02:54:43
ATT0000832,PAY0000770,GTW019,1,Failed,Daily Limit Exceeded,2024-07-07 08:18:29,2024-07-07 08:18:32
ATT0000833,PAY0000567,GTW014,3,Failed,Invalid OTP,2024-11-27 08:10:49,2024-11-27 08:10:52
ATT0000834,PAY0000128,GTW013,2,Success,,2024-03-02 08:52:16,2024-03-02 08:52:22
ATT0000835,PAY0000903,GTW003,2,Failed,Bank Timeout,2024-07-24 19:25:11,2024-07-24 19:25:27
ATT0000836,PAY0000295,GTW018,2,Success,,2025-10-20 03:58:28,2025-10-20 03:58:37
ATT0000837,PAY0000212,GTW002,1,Success,,2024-09-13 14:01:57,2024-09-13 14:02:13
ATT0000838,PAY0000305,GTW001,1,Success,,2024-09-29 04:44:21,2024-09-29 04:44:34
ATT0000839,PAY0001177,GTW001,3,Success,,2025-05-17 15:27:25,2025-05-17 15:27:28
ATT0000840,PAY0001107,GTW008,1,Success,,2025-05-08 03:36:34,2025-05-08 03:36:46
ATT0000841,PAY0000683,GTW010,2,Success,,2025-10-24 02:23:34,2025-10-24 02:23:45
ATT0000842,PAY0000165,GTW015,2,Success,,2024-06-29 17:02:24,2024-06-29 17:02:31
ATT0000843,PAY0000613,GTW013,1,Success,,2025-01-02 15:05:56,2025-01-02 15:06:11
ATT0000844,PAY0000389,GTW005,1,Success,,2025-08-30 07:31:24,2025-08-30 07:31:27
ATT0000845,PAY0001108,GTW010,2,Success,,2025-04-05 00:02:21,2025-04-05 00:02:23
ATT0000846,PAY0000692,GTW002,2,Success,,2025-10-31 21:33:29,2025-10-31 21:33:47
ATT0000847,PAY0000306,GTW019,1,Failed,Daily Limit Exceeded,2024-02-07 23:09:31,2024-02-07 23:09:32
ATT0000848,PAY0001267,GTW002,1,Success,,2024-05-13 00:11:40,2024-05-13 00:11:42
ATT0000849,PAY0000630,GTW004,2,Success,,2025-08-28 02:52:52,2025-08-28 02:52:56
ATT0000850,PAY0000234,GTW016,3,Success,,2024-08-13 02:51:12,2024-08-13 02:51:26
ATT0000851,PAY0000691,GTW013,2,Success,,2025-12-01 18:34:08,2025-12-01 18:34:19
ATT0000852,PAY0000437,GTW002,3,Success,,2024-03-05 03:17:09,2024-03-05 03:17:23
ATT0000853,PAY0000345,GTW012,3,Success,,2024-09-06 18:02:08,2024-09-06 18:02:12
ATT0000854,PAY0001295,GTW020,2,Success,,2024-01-17 15:05:00,2024-01-17 15:05:01
ATT0000855,PAY0000368,GTW003,3,Success,,2024-10-17 13:44:51,2024-10-17 13:45:07
ATT0000856,PAY0001418,GTW005,1,Success,,2024-10-04 16:28:26,2024-10-04 16:28:34
ATT0000857,PAY0000358,GTW020,3,Success,,2024-07-03 22:31:39,2024-07-03 22:31:42
ATT0000858,PAY0001285,GTW010,2,Success,,2025-07-25 07:12:07,2025-07-25 07:12:24
ATT0000859,PAY0000196,GTW020,2,Failed,Invalid OTP,2025-07-06 16:14:29,2025-07-06 16:14:36
ATT0000860,PAY0000109,GTW007,1,Success,,2025-04-30 15:11:10,2025-04-30 15:11:12
ATT0000861,PAY0000111,GTW012,2,Success,,2024-09-14 10:39:51,2024-09-14 10:40:06
ATT0000862,PAY0000089,GTW004,3,Success,,2025-07-04 05:10:50,2025-07-04 05:10:51
ATT0000863,PAY0000994,GTW017,1,Success,,2024-08-28 23:28:37,2024-08-28 23:28:56
ATT0000864,PAY0000668,GTW014,1,Success,,2024-11-29 07:49:07,2024-11-29 07:49:18
ATT0000865,PAY0000467,GTW004,1,Success,,2024-07-23 12:57:14,2024-07-23 12:57:17
ATT0000866,PAY0000965,GTW019,2,Success,,2025-03-22 04:13:59,2025-03-22 04:14:19
ATT0000867,PAY0000932,GTW006,2,Success,,2025-04-13 23:12:40,2025-04-13 23:12:52
ATT0000868,PAY0000553,GTW007,2,Success,,2025-08-05 01:17:08,2025-08-05 01:17:12
ATT0000869,PAY0000954,GTW015,2,Success,,2024-12-17 07:56:18,2024-12-17 07:56:38
ATT0000870,PAY0000322,GTW020,1,Success,,2025-07-20 07:05:26,2025-07-20 07:05:43
ATT0000871,PAY0001002,GTW007,3,Success,,2025-04-18 08:00:46,2025-04-18 08:01:00
ATT0000872,PAY0000506,GTW008,2,Success,,2024-08-15 18:09:58,2024-08-15 18:10:17
ATT0000873,PAY0000011,GTW014,1,Success,,2025-04-26 23:49:32,2025-04-26 23:49:34
ATT0000874,PAY0000872,GTW017,2,Success,,2024-04-10 14:31:15,2024-04-10 14:31:18
ATT0000875,PAY0001144,GTW001,3,Success,,2024-08-11 04:22:18,2024-08-11 04:22:26
ATT0000876,PAY0001327,GTW003,1,Success,,2024-11-08 05:45:29,2024-11-08 05:45:48
ATT0000877,PAY0001196,GTW001,2,Success,,2024-05-21 22:25:11,2024-05-21 22:25:23
ATT0000878,PAY0001284,GTW015,3,Success,,2025-10-04 02:24:57,2025-10-04 02:25:08
ATT0000879,PAY0001088,GTW002,2,Success,,2024-10-03 22:39:34,2024-10-03 22:39:53
ATT0000880,PAY0000425,GTW003,3,Failed,Insufficient Funds,2024-02-26 16:58:43,2024-02-26 16:58:55
ATT0000881,PAY0000228,GTW013,2,Success,,2024-02-11 11:23:11,2024-02-11 11:23:29
ATT0000882,PAY0001444,GTW003,3,Success,,2024-07-28 04:21:15,2024-07-28 04:21:33
ATT0000883,PAY0000233,GTW016,3,Failed,Card Expired,2025-08-17 22:13:48,2025-08-17 22:13:56
ATT0000884,PAY0000723,GTW009,3,Success,,2024-10-10 01:04:23,2024-10-10 01:04:35
ATT0000885,PAY0000927,GTW016,3,Success,,2024-05-05 15:45:34,2024-05-05 15:45:52
ATT0000886,PAY0000599,GTW015,3,Success,,2025-11-20 22:51:56,2025-11-20 22:51:59
ATT0000887,PAY0000386,GTW015,1,Success,,2024-07-02 09:04:06,2024-07-02 09:04:12
ATT0000888,PAY0000566,GTW004,3,Success,,2024-06-03 06:33:40,2024-06-03 06:33:41
ATT0000889,PAY0000601,GTW014,3,Success,,2024-05-15 15:22:26,2024-05-15 15:22:41
ATT0000890,PAY0001321,GTW001,2,Success,,2024-01-23 07:53:33,2024-01-23 07:53:44
ATT0000891,PAY0000844,GTW019,2,Success,,2024-11-30 15:37:42,2024-11-30 15:37:59
ATT0000892,PAY0001124,GTW015,2,Success,,2024-05-15 09:10:50,2024-05-15 09:10:59
ATT0000893,PAY0000465,GTW016,2,Failed,Network Error,2024-02-18 04:22:18,2024-02-18 04:22:33
ATT0000894,PAY0001267,GTW006,3,Success,,2024-07-05 05:53:45,2024-07-05 05:53:50
ATT0000895,PAY0000331,GTW008,1,Success,,2024-11-20 18:08:28,2024-11-20 18:08:37
ATT0000896,PAY0000758,GTW006,1,Success,,2024-02-05 21:20:22,2024-02-05 21:20:27
ATT0000897,PAY0000764,GTW015,3,Failed,Bank Declined,2025-06-30 09:07:58,2025-06-30 09:07:59
ATT0000898,PAY0001023,GTW005,2,Failed,Card Expired,2024-06-08 00:47:34,2024-06-08 00:47:51
ATT0000899,PAY0001326,GTW010,2,Failed,Daily Limit Exceeded,2025-08-10 21:09:51,2025-08-10 21:10:10
ATT0000900,PAY0000694,GTW004,3,Success,,2024-02-11 04:43:35,2024-02-11 04:43:39
ATT0000901,PAY0000631,GTW001,2,Success,,2024-08-13 14:22:05,2024-08-13 14:22:16
ATT0000902,PAY0000113,GTW020,3,Success,,2025-06-23 07:50:59,2025-06-23 07:51:08
ATT0000903,PAY0000401,GTW001,1,Success,,2025-04-01 21:42:05,2025-04-01 21:42:22
ATT0000904,PAY0000808,GTW007,2,Success,,2025-09-11 16:03:58,2025-09-11 16:04:10
ATT0000905,PAY0000815,GTW005,3,Failed,Card Expired,2025-01-13 12:23:00,2025-01-13 12:23:10
ATT0000906,PAY0000720,GTW010,2,Failed,Bank Declined,2024-03-30 06:46:56,2024-03-30 06:47:11
ATT0000907,PAY0000907,GTW010,1,Failed,Customer Cancelled,2025-03-10 23:57:26,2025-03-10 23:57:31
ATT0000908,PAY0001225,GTW003,1,Success,,2025-05-01 16:21:04,2025-05-01 16:21:23
ATT0000909,PAY0000770,GTW003,1,Success,,2024-10-06 13:11:35,2024-10-06 13:11:50
ATT0000910,PAY0001455,GTW019,1,Success,,2025-01-25 09:35:31,2025-01-25 09:35:33
ATT0000911,PAY0000619,GTW019,2,Success,,2025-04-19 07:01:50,2025-04-19 07:01:51
ATT0000912,PAY0000316,GTW009,2,Failed,Bank Declined,2025-10-13 15:07:41,2025-10-13 15:07:51
ATT0000913,PAY0000368,GTW016,3,Success,,2024-01-30 03:48:17,2024-01-30 03:48:33
ATT0000914,PAY0000137,GTW020,3,Success,,2025-05-07 18:27:55,2025-05-07 18:28:04
ATT0000915,PAY0001287,GTW016,3,Failed,Invalid OTP,2025-01-17 16:46:36,2025-01-17 16:46:37
ATT0000916,PAY0000334,GTW019,1,Success,,2025-04-17 22:08:22,2025-04-17 22:08:28
ATT0000917,PAY0000109,GTW009,2,Success,,2024-12-30 01:18:18,2024-12-30 01:18:35
ATT0000918,PAY0001309,GTW003,3,Success,,2025-10-05 05:48:06,2025-10-05 05:48:26
ATT0000919,PAY0000343,GTW018,2,Failed,Bank Timeout,2024-11-04 08:43:44,2024-11-04 08:43:56
ATT0000920,PAY0001095,GTW019,2,Failed,Daily Limit Exceeded,2024-01-14 04:33:18,2024-01-14 04:33:30
ATT0000921,PAY0000844,GTW011,1,Success,,2024-06-07 16:14:53,2024-06-07 16:15:00
ATT0000922,PAY0001145,GTW020,3,Failed,Bank Declined,2025-06-22 17:45:35,2025-06-22 17:45:39
ATT0000923,PAY0000944,GTW003,1,Failed,Network Error,2024-01-18 15:22:19,2024-01-18 15:22:31
ATT0000924,PAY0000906,GTW020,3,Success,,2024-12-16 05:45:19,2024-12-16 05:45:20
ATT0000925,PAY0000243,GTW008,1,Failed,UPI Timeout,2024-05-25 22:14:19,2024-05-25 22:14:24
ATT0000926,PAY0000267,GTW003,2,Success,,2024-04-24 02:01:49,2024-04-24 02:02:05
ATT0000927,PAY0000884,GTW002,1,Success,,2025-11-06 16:37:03,2025-11-06 16:37:19
ATT0000928,PAY0000244,GTW009,1,Success,,2025-11-14 00:48:06,2025-11-14 00:48:10
ATT0000929,PAY0001233,GTW007,3,Failed,Network Error,2024-07-08 21:22:01,2024-07-08 21:22:04
ATT0000930,PAY0000569,GTW019,2,Success,,2025-05-27 23:39:15,2025-05-27 23:39:32
ATT0000931,PAY0001168,GTW003,1,Failed,Invalid OTP,2024-01-15 16:13:45,2024-01-15 16:13:52
ATT0000932,PAY0000352,GTW018,1,Failed,Card Expired,2024-04-11 06:58:32,2024-04-11 06:58:48
ATT0000933,PAY0001430,GTW019,1,Success,,2024-04-19 05:53:22,2024-04-19 05:53:35
ATT0000934,PAY0000869,GTW007,3,Success,,2024-04-25 10:07:29,2024-04-25 10:07:33
ATT0000935,PAY0001065,GTW005,2,Success,,2024-10-22 17:46:02,2024-10-22 17:46:05
ATT0000936,PAY0000672,GTW016,1,Success,,2025-04-12 19:47:19,2025-04-12 19:47:34
ATT0000937,PAY0000463,GTW018,2,Success,,2025-03-14 06:54:04,2025-03-14 06:54:20
ATT0000938,PAY0001391,GTW012,1,Success,,2025-11-21 15:43:06,2025-11-21 15:43:19
ATT0000939,PAY0000898,GTW017,3,Success,,2024-05-02 04:25:25,2024-05-02 04:25:44
ATT0000940,PAY0000209,GTW006,1,Success,,2024-07-22 10:12:38,2024-07-22 10:12:51
ATT0000941,PAY0000252,GTW008,2,Success,,2024-10-12 22:49:37,2024-10-12 22:49:56
ATT0000942,PAY0000560,GTW013,2,Success,,2025-09-09 12:31:32,2025-09-09 12:31:41
ATT0000943,PAY0000302,GTW015,1,Success,,2025-05-16 15:14:40,2025-05-16 15:14:45
ATT0000944,PAY0000061,GTW004,3,Success,,2024-03-10 15:43:01,2024-03-10 15:43:07
ATT0000945,PAY0000784,GTW020,3,Success,,2024-11-06 19:39:06,2024-11-06 19:39:09
ATT0000946,PAY0001354,GTW017,2,Success,,2024-07-25 09:42:31,2024-07-25 09:42:47
ATT0000947,PAY0001034,GTW009,3,Success,,2025-07-07 17:01:48,2025-07-07 17:01:50
ATT0000948,PAY0000882,GTW004,2,Success,,2025-01-20 14:29:02,2025-01-20 14:29:04
ATT0000949,PAY0000363,GTW018,3,Failed,Network Error,2024-11-06 22:10:31,2024-11-06 22:10:45
ATT0000950,PAY0000640,GTW013,2,Success,,2025-08-05 21:31:42,2025-08-05 21:32:00
ATT0000951,PAY0001404,GTW018,3,Success,,2025-07-29 05:32:03,2025-07-29 05:32:16
ATT0000952,PAY0000540,GTW016,3,Failed,Card Expired,2025-09-23 21:22:49,2025-09-23 21:22:59
ATT0000953,PAY0000126,GTW001,3,Success,,2025-01-10 11:51:47,2025-01-10 11:52:06
ATT0000954,PAY0000056,GTW011,2,Success,,2024-12-19 11:26:22,2024-12-19 11:26:24
ATT0000955,PAY0001355,GTW008,1,Success,,2024-11-15 18:05:58,2024-11-15 18:06:01
ATT0000956,PAY0000625,GTW004,2,Success,,2025-07-05 10:02:29,2025-07-05 10:02:43
ATT0000957,PAY0001164,GTW017,2,Success,,2025-04-25 18:01:20,2025-04-25 18:01:33
ATT0000958,PAY0001169,GTW013,2,Success,,2025-05-15 03:44:43,2025-05-15 03:44:50
ATT0000959,PAY0000689,GTW016,3,Failed,Card Expired,2025-11-14 10:10:39,2025-11-14 10:10:49
ATT0000960,PAY0000893,GTW007,2,Success,,2024-03-18 17:13:18,2024-03-18 17:13:27
ATT0000961,PAY0000098,GTW010,3,Success,,2024-08-19 19:47:05,2024-08-19 19:47:24
ATT0000962,PAY0000195,GTW019,2,Success,,2025-08-03 16:30:27,2025-08-03 16:30:34
ATT0000963,PAY0000712,GTW003,3,Failed,Card Expired,2025-05-31 09:27:42,2025-05-31 09:28:00
ATT0000964,PAY0000410,GTW014,2,Success,,2025-06-11 14:42:48,2025-06-11 14:43:06
ATT0000965,PAY0000370,GTW001,3,Success,,2024-07-10 18:31:13,2024-07-10 18:31:28
ATT0000966,PAY0000549,GTW018,3,Failed,Fraud Check Failed,2025-03-20 18:46:40,2025-03-20 18:46:42
ATT0000967,PAY0000411,GTW012,2,Success,,2024-06-03 23:43:48,2024-06-03 23:43:58
ATT0000968,PAY0000892,GTW014,2,Failed,Invalid OTP,2024-03-06 20:13:54,2024-03-06 20:14:08
ATT0000969,PAY0000588,GTW006,2,Success,,2024-08-29 12:15:07,2024-08-29 12:15:12
ATT0000970,PAY0000394,GTW001,1,Success,,2024-11-13 14:31:35,2024-11-13 14:31:49
ATT0000971,PAY0000865,GTW002,1,Success,,2024-05-19 00:16:50,2024-05-19 00:16:59
ATT0000972,PAY0001349,GTW018,1,Success,,2024-02-13 23:31:50,2024-02-13 23:31:51
ATT0000973,PAY0000114,GTW003,2,Success,,2024-03-06 13:57:23,2024-03-06 13:57:26
ATT0000974,PAY0000813,GTW005,1,Success,,2025-05-27 03:33:42,2025-05-27 03:34:01
ATT0000975,PAY0001076,GTW009,2,Failed,Card Expired,2024-08-31 19:07:49,2024-08-31 19:08:00
ATT0000976,PAY0001197,GTW013,3,Success,,2025-03-09 06:09:06,2025-03-09 06:09:12
ATT0000977,PAY0000439,GTW009,2,Success,,2025-08-26 01:31:34,2025-08-26 01:31:46
ATT0000978,PAY0001433,GTW004,2,Success,,2025-05-01 21:15:17,2025-05-01 21:15:22
ATT0000979,PAY0000744,GTW016,3,Success,,2024-11-11 00:41:57,2024-11-11 00:42:17
ATT0000980,PAY0000072,GTW002,3,Failed,Invalid OTP,2025-11-18 07:16:35,2025-11-18 07:16:48
ATT0000981,PAY0001309,GTW012,3,Success,,2024-08-30 14:24:00,2024-08-30 14:24:13
ATT0000982,PAY0000524,GTW010,1,Failed,Daily Limit Exceeded,2024-08-29 09:13:55,2024-08-29 09:14:01
ATT0000983,PAY0001294,GTW011,3,Success,,2024-02-04 08:55:05,2024-02-04 08:55:21
ATT0000984,PAY0000965,GTW014,2,Success,,2024-04-12 05:44:16,2024-04-12 05:44:33
ATT0000985,PAY0000136,GTW012,2,Success,,2025-07-14 23:20:29,2025-07-14 23:20:30
ATT0000986,PAY0000107,GTW006,3,Success,,2025-10-18 04:00:25,2025-10-18 04:00:32
ATT0000987,PAY0001287,GTW010,2,Success,,2024-04-23 05:15:33,2024-04-23 05:15:38
ATT0000988,PAY0001217,GTW014,2,Success,,2024-05-16 08:11:43,2024-05-16 08:12:02
ATT0000989,PAY0000671,GTW010,1,Success,,2025-01-11 05:25:56,2025-01-11 05:26:09
ATT0000990,PAY0001169,GTW008,1,Failed,Bank Timeout,2025-07-25 20:39:40,2025-07-25 20:39:48
ATT0000991,PAY0000948,GTW007,2,Success,,2024-06-21 01:25:39,2024-06-21 01:25:53
ATT0000992,PAY0001230,GTW009,1,Success,,2025-01-11 05:36:07,2025-01-11 05:36:08
ATT0000993,PAY0001472,GTW017,2,Success,,2025-04-09 21:31:07,2025-04-09 21:31:15
ATT0000994,PAY0001462,GTW007,1,Failed,Network Error,2024-09-29 09:47:31,2024-09-29 09:47:44
ATT0000995,PAY0000884,GTW007,3,Success,,2024-10-16 23:43:12,2024-10-16 23:43:26
ATT0000996,PAY0000370,GTW014,1,Success,,2024-09-25 07:39:28,2024-09-25 07:39:36
ATT0000997,PAY0000758,GTW019,3,Success,,2024-03-28 00:30:08,2024-03-28 00:30:19
ATT0000998,PAY0001420,GTW013,3,Success,,2025-01-27 22:27:47,2025-01-27 22:28:07
ATT0000999,PAY0000525,GTW003,1,Success,,2024-02-23 10:59:15,2024-02-23 10:59:31
ATT0001000,PAY0000726,GTW020,3,Failed,Insufficient Funds,2025-09-04 22:47:51,2025-09-04 22:47:53
ATT0001001,PAY0000520,GTW017,3,Success,,2025-02-08 21:23:08,2025-02-08 21:23:26
ATT0001002,PAY0000085,GTW019,1,Success,,2025-05-30 15:59:21,2025-05-30 15:59:36
ATT0001003,PAY0000271,GTW003,2,Success,,2025-03-19 04:16:07,2025-03-19 04:16:18
ATT0001004,PAY0000091,GTW005,2,Failed,Invalid OTP,2024-10-14 23:23:59,2024-10-14 23:24:13
ATT0001005,PAY0000540,GTW020,2,Success,,2025-03-22 05:20:47,2025-03-22 05:21:03
ATT0001006,PAY0000310,GTW018,3,Success,,2025-03-26 01:12:09,2025-03-26 01:12:11
ATT0001007,PAY0000471,GTW006,1,Success,,2024-06-16 22:29:27,2024-06-16 22:29:31
ATT0001008,PAY0001014,GTW002,2,Success,,2025-07-28 15:29:31,2025-07-28 15:29:35
ATT0001009,PAY0001475,GTW005,1,Success,,2024-07-27 09:11:53,2024-07-27 09:11:59
ATT0001010,PAY0001042,GTW009,3,Failed,Customer Cancelled,2025-08-22 06:37:00,2025-08-22 06:37:17
ATT0001011,PAY0000370,GTW014,1,Success,,2025-05-25 21:06:56,2025-05-25 21:07:07
ATT0001012,PAY0000054,GTW010,3,Failed,Card Expired,2024-05-04 12:23:37,2024-05-04 12:23:41
ATT0001013,PAY0000315,GTW001,1,Success,,2025-11-06 15:29:40,2025-11-06 15:29:49
ATT0001014,PAY0001217,GTW001,2,Failed,Network Error,2025-11-02 19:28:20,2025-11-02 19:28:39
ATT0001015,PAY0000433,GTW002,3,Success,,2024-02-26 23:04:35,2024-02-26 23:04:55
ATT0001016,PAY0000782,GTW003,2,Success,,2024-09-02 12:05:01,2024-09-02 12:05:08
ATT0001017,PAY0000334,GTW013,2,Success,,2025-10-31 04:07:19,2025-10-31 04:07:35
ATT0001018,PAY0000886,GTW010,3,Success,,2025-01-02 21:06:53,2025-01-02 21:07:05
ATT0001019,PAY0001050,GTW007,2,Success,,2025-02-01 15:17:36,2025-02-01 15:17:56
ATT0001020,PAY0000867,GTW003,2,Failed,Bank Timeout,2025-09-20 05:27:40,2025-09-20 05:27:54
ATT0001021,PAY0000083,GTW017,2,Failed,Daily Limit Exceeded,2025-11-23 07:41:43,2025-11-23 07:41:48
ATT0001022,PAY0001080,GTW017,1,Success,,2025-03-23 02:58:51,2025-03-23 02:59:07
ATT0001023,PAY0000616,GTW005,1,Success,,2024-11-03 07:33:27,2024-11-03 07:33:37
ATT0001024,PAY0001165,GTW002,3,Success,,2024-02-16 16:06:32,2024-02-16 16:06:46
ATT0001025,PAY0000846,GTW004,2,Success,,2025-08-05 08:22:16,2025-08-05 08:22:35
ATT0001026,PAY0000168,GTW017,1,Success,,2025-11-08 14:11:50,2025-11-08 14:11:56
ATT0001027,PAY0000805,GTW002,1,Success,,2024-10-31 10:37:46,2024-10-31 10:38:01
ATT0001028,PAY0001373,GTW015,3,Failed,Customer Cancelled,2024-12-15 05:13:11,2024-12-15 05:13:14
ATT0001029,PAY0000532,GTW004,2,Success,,2024-01-06 12:07:00,2024-01-06 12:07:06
ATT0001030,PAY0001344,GTW016,2,Success,,2025-11-04 23:38:46,2025-11-04 23:39:02
ATT0001031,PAY0000621,GTW020,3,Success,,2025-11-20 22:43:25,2025-11-20 22:43:35
ATT0001032,PAY0000180,GTW005,1,Success,,2024-04-24 00:44:12,2024-04-24 00:44:13
ATT0001033,PAY0000429,GTW016,3,Success,,2024-09-04 13:53:40,2024-09-04 13:53:58
ATT0001034,PAY0000391,GTW003,2,Success,,2024-05-31 15:27:01,2024-05-31 15:27:05
ATT0001035,PAY0000341,GTW005,3,Success,,2025-05-11 15:01:55,2025-05-11 15:02:10
ATT0001036,PAY0001199,GTW008,1,Success,,2025-02-05 01:21:00,2025-02-05 01:21:04
ATT0001037,PAY0001292,GTW014,2,Failed,Insufficient Funds,2025-08-15 19:46:35,2025-08-15 19:46:45
ATT0001038,PAY0000999,GTW013,2,Success,,2025-09-18 21:57:52,2025-09-18 21:58:08
ATT0001039,PAY0000475,GTW002,3,Success,,2025-08-13 10:35:04,2025-08-13 10:35:13
ATT0001040,PAY0001328,GTW014,2,Success,,2025-09-29 20:22:28,2025-09-29 20:22:42
ATT0001041,PAY0000043,GTW006,2,Success,,2025-04-25 11:28:14,2025-04-25 11:28:31
ATT0001042,PAY0000450,GTW019,3,Success,,2025-09-08 22:42:29,2025-09-08 22:42:34
ATT0001043,PAY0000601,GTW013,2,Failed,Network Error,2025-11-20 20:47:23,2025-11-20 20:47:39
ATT0001044,PAY0001274,GTW007,2,Success,,2024-03-29 21:30:08,2024-03-29 21:30:14
ATT0001045,PAY0000409,GTW006,3,Success,,2025-03-01 15:19:15,2025-03-01 15:19:22
ATT0001046,PAY0001141,GTW002,1,Success,,2024-09-24 11:43:10,2024-09-24 11:43:16
ATT0001047,PAY0001032,GTW002,1,Success,,2024-04-26 19:14:07,2024-04-26 19:14:25
ATT0001048,PAY0000459,GTW016,2,Failed,Invalid OTP,2024-12-29 01:49:56,2024-12-29 01:50:14
ATT0001049,PAY0000310,GTW017,3,Success,,2024-02-21 14:51:29,2024-02-21 14:51:33
ATT0001050,PAY0000217,GTW020,3,Success,,2024-04-14 17:02:32,2024-04-14 17:02:36
ATT0001051,PAY0000343,GTW004,1,Failed,Fraud Check Failed,2024-06-09 23:18:45,2024-06-09 23:19:00
ATT0001052,PAY0001021,GTW004,1,Success,,2024-12-08 04:07:54,2024-12-08 04:08:01
ATT0001053,PAY0000900,GTW014,1,Success,,2025-04-30 10:18:32,2025-04-30 10:18:38
ATT0001054,PAY0000175,GTW009,2,Success,,2025-02-28 11:40:42,2025-02-28 11:40:50
ATT0001055,PAY0000311,GTW017,2,Success,,2024-05-21 13:26:58,2024-05-21 13:27:12
ATT0001056,PAY0000940,GTW017,3,Success,,2024-01-31 14:09:49,2024-01-31 14:09:50
ATT0001057,PAY0001470,GTW017,1,Success,,2024-11-18 12:49:10,2024-11-18 12:49:24
ATT0001058,PAY0000126,GTW013,1,Success,,2025-10-18 04:57:36,2025-10-18 04:57:38
ATT0001059,PAY0001294,GTW017,2,Success,,2025-11-28 22:35:55,2025-11-28 22:36:05
ATT0001060,PAY0001478,GTW011,2,Success,,2024-10-13 16:39:58,2024-10-13 16:40:03
ATT0001061,PAY0001435,GTW013,2,Success,,2025-07-11 19:50:39,2025-07-11 19:50:54
ATT0001062,PAY0001429,GTW012,3,Success,,2024-07-21 09:05:02,2024-07-21 09:05:20
ATT0001063,PAY0000686,GTW013,3,Success,,2024-05-09 16:34:18,2024-05-09 16:34:25
ATT0001064,PAY0000191,GTW017,3,Success,,2024-12-14 20:10:01,2024-12-14 20:10:02
ATT0001065,PAY0001106,GTW019,2,Success,,2024-11-07 23:27:32,2024-11-07 23:27:36
ATT0001066,PAY0001500,GTW002,2,Success,,2025-06-03 11:07:03,2025-06-03 11:07:07
ATT0001067,PAY0000920,GTW010,3,Success,,2025-04-09 10:15:51,2025-04-09 10:16:10
ATT0001068,PAY0001159,GTW018,3,Success,,2024-11-02 09:42:50,2024-11-02 09:43:09
ATT0001069,PAY0001378,GTW005,3,Success,,2024-09-10 03:20:33,2024-09-10 03:20:52
ATT0001070,PAY0000395,GTW012,2,Success,,2025-03-11 13:05:05,2025-03-11 13:05:07
ATT0001071,PAY0000871,GTW005,2,Success,,2024-03-20 11:43:33,2024-03-20 11:43:46
ATT0001072,PAY0001205,GTW018,3,Success,,2024-09-27 18:31:40,2024-09-27 18:31:54
ATT0001073,PAY0000902,GTW016,3,Failed,Daily Limit Exceeded,2024-06-15 04:32:08,2024-06-15 04:32:24
ATT0001074,PAY0000265,GTW017,3,Success,,2024-08-05 14:30:02,2024-08-05 14:30:08
ATT0001075,PAY0001145,GTW012,1,Success,,2025-02-22 03:07:23,2025-02-22 03:07:42
ATT0001076,PAY0000594,GTW002,3,Success,,2025-01-15 09:23:19,2025-01-15 09:23:29
ATT0001077,PAY0000996,GTW001,1,Success,,2025-08-26 13:03:59,2025-08-26 13:04:09
ATT0001078,PAY0000581,GTW007,1,Failed,Bank Timeout,2025-05-15 00:07:35,2025-05-15 00:07:47
ATT0001079,PAY0000092,GTW014,2,Success,,2025-08-02 14:57:21,2025-08-02 14:57:34
ATT0001080,PAY0000974,GTW020,1,Success,,2025-05-31 20:29:48,2025-05-31 20:30:03
ATT0001081,PAY0001367,GTW015,1,Failed,Bank Declined,2024-11-29 02:51:39,2024-11-29 02:51:59
ATT0001082,PAY0000794,GTW008,2,Success,,2024-02-16 21:56:28,2024-02-16 21:56:37
ATT0001083,PAY0001323,GTW003,1,Success,,2025-08-08 20:50:49,2025-08-08 20:50:59
ATT0001084,PAY0001150,GTW004,3,Success,,2024-07-16 19:34:36,2024-07-16 19:34:38
ATT0001085,PAY0001168,GTW017,1,Success,,2025-05-29 00:07:42,2025-05-29 00:08:00
ATT0001086,PAY0000369,GTW001,2,Success,,2024-09-08 22:53:56,2024-09-08 22:54:15
ATT0001087,PAY0000910,GTW003,3,Success,,2025-02-15 18:02:31,2025-02-15 18:02:32
ATT0001088,PAY0000697,GTW014,1,Success,,2025-06-24 10:24:16,2025-06-24 10:24:19
ATT0001089,PAY0000235,GTW004,3,Success,,2024-05-27 05:16:49,2024-05-27 05:16:52
ATT0001090,PAY0000316,GTW010,2,Success,,2024-03-01 19:20:11,2024-03-01 19:20:12
ATT0001091,PAY0001461,GTW002,2,Success,,2024-11-23 04:26:57,2024-11-23 04:27:08
ATT0001092,PAY0000529,GTW013,1,Success,,2024-09-02 19:37:15,2024-09-02 19:37:31
ATT0001093,PAY0001042,GTW017,2,Failed,Bank Declined,2024-10-02 01:20:29,2024-10-02 01:20:47
ATT0001094,PAY0000135,GTW016,1,Success,,2024-08-27 00:17:35,2024-08-27 00:17:54
ATT0001095,PAY0001383,GTW004,1,Success,,2025-10-29 04:19:36,2025-10-29 04:19:50
ATT0001096,PAY0000914,GTW003,3,Success,,2024-05-25 11:34:10,2024-05-25 11:34:18
ATT0001097,PAY0001101,GTW014,3,Success,,2024-01-02 14:53:39,2024-01-02 14:53:49
ATT0001098,PAY0001338,GTW006,1,Success,,2025-05-08 08:38:16,2025-05-08 08:38:29
ATT0001099,PAY0000720,GTW007,3,Failed,Customer Cancelled,2024-10-15 01:10:47,2024-10-15 01:11:05
ATT0001100,PAY0000144,GTW010,1,Success,,2024-05-05 04:46:35,2024-05-05 04:46:44
ATT0001101,PAY0000885,GTW007,3,Success,,2024-11-21 21:21:40,2024-11-21 21:21:49
ATT0001102,PAY0001450,GTW015,2,Success,,2024-11-25 10:13:29,2024-11-25 10:13:49
ATT0001103,PAY0000673,GTW001,3,Success,,2024-01-03 19:30:00,2024-01-03 19:30:01
ATT0001104,PAY0001378,GTW006,2,Success,,2025-05-15 12:34:05,2025-05-15 12:34:08
ATT0001105,PAY0001104,GTW001,3,Success,,2024-05-06 11:52:24,2024-05-06 11:52:44
ATT0001106,PAY0000734,GTW013,1,Failed,Daily Limit Exceeded,2024-01-09 03:29:23,2024-01-09 03:29:30
ATT0001107,PAY0000020,GTW008,3,Success,,2024-10-14 21:58:45,2024-10-14 21:58:57
ATT0001108,PAY0000393,GTW003,3,Success,,2024-08-14 07:31:23,2024-08-14 07:31:25
ATT0001109,PAY0000575,GTW016,3,Success,,2024-08-02 00:12:52,2024-08-02 00:13:05
ATT0001110,PAY0000228,GTW009,3,Success,,2024-06-23 17:12:42,2024-06-23 17:13:01
ATT0001111,PAY0001377,GTW020,3,Success,,2025-08-25 04:47:04,2025-08-25 04:47:09
ATT0001112,PAY0000532,GTW019,1,Failed,Fraud Check Failed,2024-10-07 06:54:43,2024-10-07 06:54:44
ATT0001113,PAY0001259,GTW009,3,Success,,2025-04-09 00:27:41,2025-04-09 00:27:43
ATT0001114,PAY0000662,GTW014,2,Success,,2025-11-27 16:29:31,2025-11-27 16:29:43
ATT0001115,PAY0001060,GTW002,3,Success,,2024-10-11 13:34:28,2024-10-11 13:34:39
ATT0001116,PAY0000011,GTW013,1,Success,,2025-08-08 00:47:14,2025-08-08 00:47:28
ATT0001117,PAY0000153,GTW008,1,Success,,2024-11-14 02:40:40,2024-11-14 02:40:44
ATT0001118,PAY0000058,GTW016,2,Failed,UPI Timeout,2025-08-29 20:59:21,2025-08-29 20:59:30
ATT0001119,PAY0000221,GTW016,1,Failed,Bank Timeout,2024-02-25 10:33:50,2024-02-25 10:33:58
ATT0001120,PAY0001229,GTW020,2,Success,,2025-10-02 14:37:07,2025-10-02 14:37:10
ATT0001121,PAY0000125,GTW002,2,Success,,2024-03-07 04:03:58,2024-03-07 04:04:13
ATT0001122,PAY0000113,GTW010,3,Success,,2024-03-08 03:43:03,2024-03-08 03:43:21
ATT0001123,PAY0000107,GTW010,2,Success,,2025-09-24 13:14:55,2025-09-24 13:15:15
ATT0001124,PAY0001352,GTW020,1,Success,,2025-04-20 13:56:39,2025-04-20 13:56:59
ATT0001125,PAY0000208,GTW011,3,Failed,UPI Timeout,2024-01-27 14:33:21,2024-01-27 14:33:40
ATT0001126,PAY0000222,GTW004,1,Success,,2024-03-10 18:50:53,2024-03-10 18:51:00
ATT0001127,PAY0001174,GTW005,3,Success,,2024-12-29 13:30:46,2024-12-29 13:31:06
ATT0001128,PAY0000911,GTW006,1,Success,,2024-02-15 01:08:19,2024-02-15 01:08:38
ATT0001129,PAY0000893,GTW017,3,Success,,2024-11-14 18:56:34,2024-11-14 18:56:39
ATT0001130,PAY0000302,GTW016,2,Success,,2024-10-25 11:00:33,2024-10-25 11:00:52
ATT0001131,PAY0001347,GTW005,1,Success,,2025-07-26 01:27:22,2025-07-26 01:27:29
ATT0001132,PAY0000411,GTW007,1,Success,,2025-11-14 15:44:44,2025-11-14 15:44:59
ATT0001133,PAY0001229,GTW011,3,Success,,2024-12-09 19:19:26,2024-12-09 19:19:37
ATT0001134,PAY0000333,GTW004,2,Failed,UPI Timeout,2024-02-13 15:14:58,2024-02-13 15:14:59
ATT0001135,PAY0001420,GTW008,2,Success,,2024-09-01 15:47:49,2024-09-01 15:48:00
ATT0001136,PAY0000770,GTW007,2,Success,,2024-01-07 11:00:04,2024-01-07 11:00:16
ATT0001137,PAY0000062,GTW018,1,Success,,2025-03-26 06:40:37,2025-03-26 06:40:49
ATT0001138,PAY0000090,GTW001,1,Success,,2024-06-27 07:56:16,2024-06-27 07:56:22
ATT0001139,PAY0000696,GTW018,1,Success,,2024-01-23 05:53:16,2024-01-23 05:53:20
ATT0001140,PAY0000043,GTW005,2,Success,,2024-04-23 10:59:13,2024-04-23 10:59:23
ATT0001141,PAY0000935,GTW008,2,Failed,Bank Declined,2025-11-07 05:33:51,2025-11-07 05:34:11
ATT0001142,PAY0001457,GTW003,1,Success,,2024-05-13 06:12:34,2024-05-13 06:12:47
ATT0001143,PAY0001423,GTW012,2,Success,,2025-10-13 07:58:02,2025-10-13 07:58:22
ATT0001144,PAY0001203,GTW007,3,Success,,2024-06-01 10:15:03,2024-06-01 10:15:12
ATT0001145,PAY0000259,GTW017,3,Failed,Customer Cancelled,2024-08-02 23:05:50,2024-08-02 23:06:06
ATT0001146,PAY0000133,GTW006,3,Success,,2025-10-22 16:23:31,2025-10-22 16:23:48
ATT0001147,PAY0000951,GTW006,2,Success,,2025-06-22 22:30:45,2025-06-22 22:31:01
ATT0001148,PAY0000971,GTW009,3,Success,,2025-08-20 20:02:13,2025-08-20 20:02:21
ATT0001149,PAY0000416,GTW015,1,Success,,2024-11-09 13:56:24,2024-11-09 13:56:43
ATT0001150,PAY0000322,GTW012,2,Success,,2024-05-17 02:18:28,2024-05-17 02:18:45
ATT0001151,PAY0000721,GTW008,3,Success,,2025-06-08 19:21:27,2025-06-08 19:21:42
ATT0001152,PAY0000958,GTW014,2,Success,,2025-05-24 10:17:24,2025-05-24 10:17:25
ATT0001153,PAY0000368,GTW015,1,Success,,2024-03-18 11:57:05,2024-03-18 11:57:15
ATT0001154,PAY0001028,GTW017,3,Success,,2024-10-10 07:06:07,2024-10-10 07:06:10
ATT0001155,PAY0000738,GTW002,3,Success,,2024-07-20 21:21:16,2024-07-20 21:21:26
ATT0001156,PAY0001400,GTW009,1,Success,,2024-05-21 22:47:34,2024-05-21 22:47:43
ATT0001157,PAY0000018,GTW010,2,Failed,Daily Limit Exceeded,2025-02-17 12:52:37,2025-02-17 12:52:38
ATT0001158,PAY0001340,GTW017,1,Failed,Daily Limit Exceeded,2024-08-21 07:46:47,2024-08-21 07:46:54
ATT0001159,PAY0000479,GTW017,3,Success,,2025-04-24 23:52:29,2025-04-24 23:52:40
ATT0001160,PAY0000176,GTW011,1,Success,,2025-03-03 06:28:28,2025-03-03 06:28:46
ATT0001161,PAY0000062,GTW012,1,Success,,2024-05-11 09:47:00,2024-05-11 09:47:16
ATT0001162,PAY0001350,GTW012,2,Success,,2025-03-11 21:48:25,2025-03-11 21:48:43
ATT0001163,PAY0000614,GTW011,3,Success,,2024-02-02 04:09:21,2024-02-02 04:09:40
ATT0001164,PAY0001290,GTW020,3,Success,,2025-02-04 12:13:25,2025-02-04 12:13:28
ATT0001165,PAY0001095,GTW013,1,Success,,2024-12-02 18:28:40,2024-12-02 18:28:50
ATT0001166,PAY0000191,GTW006,1,Success,,2024-06-30 01:52:44,2024-06-30 01:53:04
ATT0001167,PAY0001001,GTW001,1,Success,,2025-01-30 09:13:14,2025-01-30 09:13:24
ATT0001168,PAY0001351,GTW017,1,Success,,2025-01-12 16:00:10,2025-01-12 16:00:21
ATT0001169,PAY0000842,GTW013,1,Failed,Bank Declined,2024-05-12 17:26:30,2024-05-12 17:26:33
ATT0001170,PAY0000423,GTW005,1,Success,,2025-11-11 15:10:38,2025-11-11 15:10:57
ATT0001171,PAY0000636,GTW019,1,Success,,2025-04-14 08:12:00,2025-04-14 08:12:05
ATT0001172,PAY0000913,GTW003,2,Success,,2024-09-09 16:21:58,2024-09-09 16:22:17
ATT0001173,PAY0001006,GTW015,2,Success,,2024-04-03 09:41:56,2024-04-03 09:42:11
ATT0001174,PAY0000711,GTW010,2,Success,,2024-06-28 13:15:11,2024-06-28 13:15:31
ATT0001175,PAY0000885,GTW015,2,Failed,Insufficient Funds,2024-07-06 22:36:06,2024-07-06 22:36:19
ATT0001176,PAY0000491,GTW006,2,Failed,UPI Timeout,2025-07-04 09:42:58,2025-07-04 09:43:01
ATT0001177,PAY0001011,GTW014,3,Success,,2025-01-12 02:48:06,2025-01-12 02:48:23
ATT0001178,PAY0000668,GTW014,2,Success,,2024-07-31 16:02:29,2024-07-31 16:02:30
ATT0001179,PAY0000150,GTW015,2,Success,,2025-02-12 06:25:02,2025-02-12 06:25:03
ATT0001180,PAY0000514,GTW004,3,Failed,Daily Limit Exceeded,2024-11-30 21:47:29,2024-11-30 21:47:45
ATT0001181,PAY0000140,GTW003,3,Success,,2025-03-24 04:30:52,2025-03-24 04:31:01
ATT0001182,PAY0000331,GTW006,1,Success,,2024-06-30 09:07:34,2024-06-30 09:07:47
ATT0001183,PAY0000345,GTW003,3,Success,,2025-11-24 08:09:28,2025-11-24 08:09:40
ATT0001184,PAY0000365,GTW007,3,Success,,2025-11-22 17:13:28,2025-11-22 17:13:30
ATT0001185,PAY0001301,GTW017,3,Success,,2025-11-06 03:24:44,2025-11-06 03:24:54
ATT0001186,PAY0000910,GTW002,3,Success,,2025-01-21 06:59:15,2025-01-21 06:59:27
ATT0001187,PAY0000489,GTW007,1,Success,,2024-01-29 00:21:52,2024-01-29 00:21:59
ATT0001188,PAY0001393,GTW003,1,Failed,Insufficient Funds,2024-04-08 21:10:46,2024-04-08 21:10:52
ATT0001189,PAY0000852,GTW017,1,Failed,UPI Timeout,2024-11-26 17:40:12,2024-11-26 17:40:32
ATT0001190,PAY0001110,GTW013,2,Success,,2024-08-06 03:22:20,2024-08-06 03:22:26
ATT0001191,PAY0000031,GTW013,3,Success,,2025-02-02 06:29:14,2025-02-02 06:29:17
ATT0001192,PAY0001348,GTW009,3,Success,,2024-02-14 02:56:13,2024-02-14 02:56:27
ATT0001193,PAY0000618,GTW020,2,Failed,Network Error,2024-04-14 22:34:50,2024-04-14 22:35:09
ATT0001194,PAY0000516,GTW004,3,Success,,2025-10-08 22:24:43,2025-10-08 22:24:48
ATT0001195,PAY0000681,GTW006,3,Success,,2024-11-21 21:30:04,2024-11-21 21:30:15
ATT0001196,PAY0000037,GTW020,3,Success,,2025-06-07 20:47:14,2025-06-07 20:47:31
ATT0001197,PAY0001204,GTW001,1,Success,,2024-05-07 09:15:47,2024-05-07 09:16:01
ATT0001198,PAY0000499,GTW020,1,Success,,2025-01-18 15:18:12,2025-01-18 15:18:17
ATT0001199,PAY0000770,GTW007,3,Success,,2025-09-04 14:47:56,2025-09-04 14:48:07
ATT0001200,PAY0000275,GTW009,2,Success,,2024-02-10 16:50:26,2024-02-10 16:50:36
ATT0001201,PAY0000049,GTW008,3,Success,,2024-09-05 06:34:03,2024-09-05 06:34:11
ATT0001202,PAY0001408,GTW008,3,Failed,Bank Timeout,2025-06-17 10:11:28,2025-06-17 10:11:29
ATT0001203,PAY0001007,GTW003,1,Success,,2024-05-24 06:08:05,2024-05-24 06:08:11
ATT0001204,PAY0001214,GTW018,1,Success,,2024-03-21 13:46:29,2024-03-21 13:46:39
ATT0001205,PAY0000337,GTW007,1,Success,,2025-09-12 07:19:18,2025-09-12 07:19:37
ATT0001206,PAY0000919,GTW007,2,Failed,Network Error,2025-05-07 02:23:25,2025-05-07 02:23:38
ATT0001207,PAY0000965,GTW015,2,Success,,2025-03-19 04:52:50,2025-03-19 04:53:06
ATT0001208,PAY0000041,GTW013,2,Failed,Network Error,2024-11-03 19:34:09,2024-11-03 19:34:27
ATT0001209,PAY0000527,GTW013,2,Success,,2024-10-17 12:35:38,2024-10-17 12:35:54
ATT0001210,PAY0000148,GTW011,1,Success,,2024-07-19 04:58:12,2024-07-19 04:58:13
ATT0001211,PAY0000027,GTW017,3,Success,,2025-05-18 12:59:26,2025-05-18 12:59:39
ATT0001212,PAY0000765,GTW013,2,Success,,2025-08-25 02:26:56,2025-08-25 02:26:58
ATT0001213,PAY0000255,GTW013,3,Success,,2025-03-22 08:49:58,2025-03-22 08:50:10
ATT0001214,PAY0001044,GTW016,3,Success,,2024-02-29 20:24:59,2024-02-29 20:25:13
ATT0001215,PAY0000506,GTW008,2,Success,,2025-01-05 20:45:43,2025-01-05 20:45:44
ATT0001216,PAY0001429,GTW005,2,Success,,2025-11-28 04:16:15,2025-11-28 04:16:35
ATT0001217,PAY0001185,GTW006,1,Success,,2024-04-04 20:45:58,2024-04-04 20:46:11
ATT0001218,PAY0000815,GTW019,1,Success,,2024-07-12 13:10:53,2024-07-12 13:11:07
ATT0001219,PAY0000518,GTW010,3,Failed,Bank Timeout,2025-11-05 12:37:19,2025-11-05 12:37:33
ATT0001220,PAY0000224,GTW019,2,Failed,Invalid OTP,2024-10-02 23:13:59,2024-10-02 23:14:12
ATT0001221,PAY0000014,GTW006,2,Success,,2024-03-12 22:26:33,2024-03-12 22:26:47
ATT0001222,PAY0001341,GTW010,3,Success,,2024-06-29 11:11:45,2024-06-29 11:11:50
ATT0001223,PAY0000406,GTW016,1,Success,,2024-04-22 14:36:52,2024-04-22 14:36:59
ATT0001224,PAY0000381,GTW007,1,Success,,2024-07-15 08:57:55,2024-07-15 08:58:09
ATT0001225,PAY0000903,GTW020,1,Failed,Bank Timeout,2024-06-19 02:18:05,2024-06-19 02:18:18
ATT0001226,PAY0000567,GTW003,2,Success,,2024-08-28 15:31:43,2024-08-28 15:31:47
ATT0001227,PAY0000020,GTW002,2,Success,,2024-01-08 21:37:50,2024-01-08 21:37:52
ATT0001228,PAY0000199,GTW007,3,Success,,2025-01-19 19:33:48,2025-01-19 19:33:57
ATT0001229,PAY0000996,GTW016,2,Success,,2024-12-10 11:43:56,2024-12-10 11:44:07
ATT0001230,PAY0000646,GTW008,2,Success,,2025-01-22 19:03:22,2025-01-22 19:03:33
ATT0001231,PAY0000206,GTW001,2,Failed,Insufficient Funds,2025-02-15 23:53:56,2025-02-15 23:54:01
ATT0001232,PAY0001233,GTW004,3,Success,,2024-09-11 11:28:39,2024-09-11 11:28:55
ATT0001233,PAY0001055,GTW014,3,Success,,2025-10-15 10:01:40,2025-10-15 10:01:52
ATT0001234,PAY0000094,GTW011,3,Success,,2025-09-13 15:25:47,2025-09-13 15:26:07
ATT0001235,PAY0000167,GTW012,2,Failed,Bank Declined,2025-05-02 21:54:44,2025-05-02 21:54:48
ATT0001236,PAY0000602,GTW020,1,Success,,2025-06-16 18:50:54,2025-06-16 18:51:11
ATT0001237,PAY0000066,GTW005,2,Success,,2024-11-04 21:35:55,2024-11-04 21:36:10
ATT0001238,PAY0000345,GTW015,1,Success,,2025-07-07 07:15:13,2025-07-07 07:15:19
ATT0001239,PAY0001352,GTW003,1,Success,,2024-01-30 05:59:59,2024-01-30 06:00:10
ATT0001240,PAY0000786,GTW009,1,Success,,2025-11-12 15:57:42,2025-11-12 15:57:46
ATT0001241,PAY0001363,GTW005,3,Success,,2025-05-18 02:50:44,2025-05-18 02:50:55
ATT0001242,PAY0000459,GTW019,3,Success,,2024-12-17 12:58:45,2024-12-17 12:58:58
ATT0001243,PAY0001340,GTW018,2,Failed,Bank Timeout,2024-08-16 08:07:18,2024-08-16 08:07:21
ATT0001244,PAY0000183,GTW011,3,Success,,2024-07-11 23:07:36,2024-07-11 23:07:48
ATT0001245,PAY0000261,GTW011,2,Success,,2024-01-02 09:03:37,2024-01-02 09:03:55
ATT0001246,PAY0000389,GTW013,2,Success,,2025-01-08 21:59:50,2025-01-08 21:59:55
ATT0001247,PAY0001065,GTW020,3,Success,,2025-02-08 00:34:54,2025-02-08 00:35:09
ATT0001248,PAY0000648,GTW005,2,Failed,Invalid OTP,2025-05-26 21:29:09,2025-05-26 21:29:29
ATT0001249,PAY0000299,GTW002,3,Success,,2025-05-29 22:07:17,2025-05-29 22:07:36
ATT0001250,PAY0000980,GTW007,2,Success,,2025-01-20 01:51:21,2025-01-20 01:51:26
ATT0001251,PAY0001468,GTW007,3,Failed,Daily Limit Exceeded,2024-08-18 22:47:03,2024-08-18 22:47:09
ATT0001252,PAY0001490,GTW013,2,Failed,Card Expired,2025-11-06 05:01:35,2025-11-06 05:01:48
ATT0001253,PAY0000866,GTW016,2,Success,,2025-02-04 02:33:46,2025-02-04 02:33:56
ATT0001254,PAY0000579,GTW007,3,Failed,Insufficient Funds,2025-02-07 03:08:20,2025-02-07 03:08:39
ATT0001255,PAY0001454,GTW010,2,Success,,2025-08-14 04:28:44,2025-08-14 04:29:00
ATT0001256,PAY0000597,GTW005,1,Success,,2024-07-19 23:41:00,2024-07-19 23:41:12
ATT0001257,PAY0001487,GTW019,1,Success,,2024-05-31 12:27:43,2024-05-31 12:27:49
ATT0001258,PAY0000116,GTW004,2,Failed,Customer Cancelled,2024-07-02 01:07:32,2024-07-02 01:07:43
ATT0001259,PAY0000889,GTW005,3,Success,,2024-09-07 01:07:15,2024-09-07 01:07:28
ATT0001260,PAY0001001,GTW010,3,Success,,2024-06-25 20:47:24,2024-06-25 20:47:27
ATT0001261,PAY0000950,GTW013,2,Success,,2025-03-31 11:00:07,2025-03-31 11:00:11
ATT0001262,PAY0000170,GTW004,2,Success,,2025-06-05 07:01:37,2025-06-05 07:01:56
ATT0001263,PAY0001173,GTW016,2,Success,,2024-04-06 18:11:24,2024-04-06 18:11:40
ATT0001264,PAY0001321,GTW014,2,Success,,2024-04-11 10:04:45,2024-04-11 10:05:03
ATT0001265,PAY0000379,GTW013,3,Success,,2025-07-23 17:50:51,2025-07-23 17:51:08
ATT0001266,PAY0001001,GTW003,3,Failed,UPI Timeout,2025-07-05 22:52:50,2025-07-05 22:52:54
ATT0001267,PAY0001349,GTW004,1,Failed,Bank Timeout,2024-07-03 00:35:28,2024-07-03 00:35:39
ATT0001268,PAY0000081,GTW005,3,Success,,2024-06-14 02:35:16,2024-06-14 02:35:18
ATT0001269,PAY0000174,GTW004,3,Success,,2025-07-11 05:27:42,2025-07-11 05:27:43
ATT0001270,PAY0000509,GTW010,1,Failed,Network Error,2025-06-15 09:42:34,2025-06-15 09:42:49
ATT0001271,PAY0001182,GTW016,3,Success,,2024-12-26 19:34:32,2024-12-26 19:34:39
ATT0001272,PAY0001409,GTW004,3,Failed,UPI Timeout,2024-08-30 01:12:09,2024-08-30 01:12:19
ATT0001273,PAY0000275,GTW020,3,Success,,2025-01-02 08:08:46,2025-01-02 08:09:06
ATT0001274,PAY0000865,GTW003,3,Success,,2025-01-25 20:57:10,2025-01-25 20:57:23
ATT0001275,PAY0000935,GTW003,2,Success,,2024-05-26 17:13:04,2024-05-26 17:13:13
ATT0001276,PAY0001297,GTW007,3,Success,,2025-11-04 20:52:32,2025-11-04 20:52:52
ATT0001277,PAY0000336,GTW014,1,Success,,2025-03-20 12:01:38,2025-03-20 12:01:46
ATT0001278,PAY0000159,GTW009,1,Success,,2025-12-01 17:26:04,2025-12-01 17:26:15
ATT0001279,PAY0001312,GTW003,2,Failed,Invalid OTP,2024-10-06 04:55:51,2024-10-06 04:55:59
ATT0001280,PAY0000021,GTW004,2,Failed,Network Error,2024-08-15 12:06:50,2024-08-15 12:06:54
ATT0001281,PAY0001079,GTW010,3,Failed,Invalid OTP,2025-05-16 03:33:22,2025-05-16 03:33:41
ATT0001282,PAY0001130,GTW009,3,Success,,2024-02-19 05:20:48,2024-02-19 05:21:01
ATT0001283,PAY0000371,GTW012,3,Success,,2025-06-28 17:38:56,2025-06-28 17:39:09
ATT0001284,PAY0000977,GTW019,1,Success,,2025-06-09 22:09:42,2025-06-09 22:09:47
ATT0001285,PAY0000293,GTW013,3,Success,,2024-02-24 23:40:23,2024-02-24 23:40:31
ATT0001286,PAY0001389,GTW020,2,Success,,2024-07-06 14:22:51,2024-07-06 14:23:06
ATT0001287,PAY0001029,GTW010,2,Failed,Invalid OTP,2025-06-17 22:56:59,2025-06-17 22:57:07
ATT0001288,PAY0001302,GTW003,2,Success,,2024-11-16 02:40:05,2024-11-16 02:40:08
ATT0001289,PAY0001495,GTW008,1,Success,,2024-02-28 02:47:18,2024-02-28 02:47:36
ATT0001290,PAY0001010,GTW001,2,Success,,2024-05-19 15:31:32,2024-05-19 15:31:50
ATT0001291,PAY0001430,GTW004,2,Success,,2024-07-13 23:00:45,2024-07-13 23:00:59
ATT0001292,PAY0001439,GTW018,3,Success,,2025-11-08 16:43:38,2025-11-08 16:43:40
ATT0001293,PAY0001244,GTW015,1,Success,,2025-06-20 07:11:04,2025-06-20 07:11:16
ATT0001294,PAY0000274,GTW017,2,Failed,Bank Timeout,2025-03-08 15:24:10,2025-03-08 15:24:22
ATT0001295,PAY0000693,GTW008,3,Failed,Invalid OTP,2024-04-30 09:19:30,2024-04-30 09:19:40
ATT0001296,PAY0000437,GTW001,3,Success,,2025-02-07 06:59:19,2025-02-07 06:59:36
ATT0001297,PAY0000073,GTW015,3,Failed,Card Expired,2024-02-28 11:00:39,2024-02-28 11:00:54
ATT0001298,PAY0000612,GTW012,1,Success,,2024-07-09 12:22:00,2024-07-09 12:22:04
ATT0001299,PAY0000883,GTW016,1,Success,,2025-06-10 04:26:07,2025-06-10 04:26:23
ATT0001300,PAY0000015,GTW005,3,Success,,2025-04-26 12:23:19,2025-04-26 12:23:31
ATT0001301,PAY0000878,GTW006,3,Failed,Network Error,2024-04-21 14:42:53,2024-04-21 14:43:08
ATT0001302,PAY0000287,GTW012,3,Success,,2025-01-02 22:12:07,2025-01-02 22:12:14
ATT0001303,PAY0000584,GTW002,1,Success,,2024-12-05 01:10:42,2024-12-05 01:10:49
ATT0001304,PAY0000982,GTW009,1,Success,,2025-07-17 15:51:43,2025-07-17 15:51:48
ATT0001305,PAY0000666,GTW013,3,Success,,2025-02-02 04:07:06,2025-02-02 04:07:07
ATT0001306,PAY0000259,GTW005,2,Success,,2025-12-01 07:03:43,2025-12-01 07:03:54
ATT0001307,PAY0000880,GTW020,3,Success,,2025-05-06 09:18:31,2025-05-06 09:18:34
ATT0001308,PAY0000879,GTW008,3,Success,,2025-06-07 05:15:17,2025-06-07 05:15:21
ATT0001309,PAY0000540,GTW008,3,Failed,Fraud Check Failed,2024-07-22 15:45:50,2024-07-22 15:45:54
ATT0001310,PAY0001252,GTW006,1,Failed,Bank Timeout,2025-08-28 20:40:09,2025-08-28 20:40:17
ATT0001311,PAY0000271,GTW013,1,Success,,2024-07-15 04:27:01,2024-07-15 04:27:21
ATT0001312,PAY0000409,GTW003,1,Success,,2025-06-21 09:44:40,2025-06-21 09:44:48
ATT0001313,PAY0000455,GTW011,2,Success,,2025-06-06 13:41:03,2025-06-06 13:41:13
ATT0001314,PAY0000226,GTW009,2,Success,,2024-12-25 22:26:15,2024-12-25 22:26:26
ATT0001315,PAY0000098,GTW006,1,Success,,2025-11-07 23:20:13,2025-11-07 23:20:23
ATT0001316,PAY0000967,GTW009,3,Success,,2024-07-08 08:31:23,2024-07-08 08:31:34
ATT0001317,PAY0000624,GTW004,1,Success,,2025-11-30 17:49:55,2025-11-30 17:50:00
ATT0001318,PAY0000679,GTW012,3,Failed,Invalid OTP,2025-08-26 16:38:23,2025-08-26 16:38:31
ATT0001319,PAY0000431,GTW019,2,Success,,2024-04-18 04:40:47,2024-04-18 04:41:07
ATT0001320,PAY0000247,GTW002,3,Failed,Bank Timeout,2025-11-01 06:12:45,2025-11-01 06:13:00
ATT0001321,PAY0000154,GTW018,3,Success,,2025-04-30 06:34:46,2025-04-30 06:34:51
ATT0001322,PAY0000090,GTW005,1,Success,,2024-09-15 17:22:57,2024-09-15 17:23:09
ATT0001323,PAY0000919,GTW004,2,Success,,2025-03-05 16:59:32,2025-03-05 16:59:33
ATT0001324,PAY0000342,GTW020,2,Success,,2024-05-12 09:02:36,2024-05-12 09:02:38
ATT0001325,PAY0001421,GTW007,3,Failed,Bank Timeout,2025-05-21 21:34:55,2025-05-21 21:35:12
ATT0001326,PAY0000339,GTW015,3,Success,,2025-02-03 12:38:17,2025-02-03 12:38:24
ATT0001327,PAY0000377,GTW001,1,Success,,2025-08-29 22:00:56,2025-08-29 22:01:13
ATT0001328,PAY0000933,GTW017,3,Success,,2024-09-22 09:54:14,2024-09-22 09:54:24
ATT0001329,PAY0001451,GTW009,3,Success,,2024-08-17 01:34:15,2024-08-17 01:34:25
ATT0001330,PAY0000081,GTW005,2,Failed,Fraud Check Failed,2024-10-03 01:41:15,2024-10-03 01:41:22
ATT0001331,PAY0000238,GTW001,3,Success,,2025-09-11 11:20:05,2025-09-11 11:20:23
ATT0001332,PAY0000541,GTW005,2,Failed,Card Expired,2024-10-28 10:03:40,2024-10-28 10:03:41
ATT0001333,PAY0000450,GTW009,1,Success,,2024-01-17 17:42:55,2024-01-17 17:43:14
ATT0001334,PAY0000218,GTW013,3,Success,,2025-10-03 20:38:35,2025-10-03 20:38:42
ATT0001335,PAY0000906,GTW008,2,Success,,2025-08-18 20:51:54,2025-08-18 20:52:07
ATT0001336,PAY0000319,GTW015,1,Success,,2025-03-20 11:09:57,2025-03-20 11:10:13
ATT0001337,PAY0000192,GTW016,1,Success,,2024-06-29 06:36:31,2024-06-29 06:36:37
ATT0001338,PAY0001327,GTW010,1,Success,,2024-06-30 12:43:38,2024-06-30 12:43:45
ATT0001339,PAY0000143,GTW005,1,Success,,2025-04-10 20:25:06,2025-04-10 20:25:23
ATT0001340,PAY0000282,GTW001,3,Success,,2025-01-28 00:07:52,2025-01-28 00:07:53
ATT0001341,PAY0001320,GTW002,1,Success,,2024-03-26 08:09:40,2024-03-26 08:10:00
ATT0001342,PAY0000028,GTW001,1,Success,,2024-12-12 22:05:12,2024-12-12 22:05:17
ATT0001343,PAY0000984,GTW019,2,Failed,Insufficient Funds,2024-11-10 10:30:09,2024-11-10 10:30:17
ATT0001344,PAY0001114,GTW009,3,Success,,2024-01-22 01:06:34,2024-01-22 01:06:44
ATT0001345,PAY0000211,GTW017,2,Success,,2024-08-17 00:14:27,2024-08-17 00:14:40
ATT0001346,PAY0000302,GTW012,3,Success,,2025-12-01 12:43:56,2025-12-01 12:44:00
ATT0001347,PAY0001008,GTW006,1,Success,,2024-10-15 11:04:39,2024-10-15 11:04:50
ATT0001348,PAY0000243,GTW012,1,Failed,Card Expired,2025-09-11 04:11:27,2025-09-11 04:11:44
ATT0001349,PAY0001229,GTW006,3,Success,,2025-11-14 21:19:39,2025-11-14 21:19:49
ATT0001350,PAY0000714,GTW004,2,Failed,Insufficient Funds,2025-11-08 11:59:16,2025-11-08 11:59:19
ATT0001351,PAY0000305,GTW005,2,Success,,2025-04-02 23:50:50,2025-04-02 23:51:06
ATT0001352,PAY0000138,GTW004,3,Success,,2024-10-12 04:05:20,2024-10-12 04:05:25
ATT0001353,PAY0000373,GTW013,2,Success,,2025-03-10 15:44:26,2025-03-10 15:44:46
ATT0001354,PAY0001304,GTW011,1,Failed,Daily Limit Exceeded,2025-10-31 07:24:26,2025-10-31 07:24:44
ATT0001355,PAY0001104,GTW018,2,Success,,2024-08-23 12:05:37,2024-08-23 12:05:51
ATT0001356,PAY0001080,GTW019,3,Failed,Insufficient Funds,2024-08-12 22:05:15,2024-08-12 22:05:27
ATT0001357,PAY0000417,GTW001,2,Success,,2024-05-16 03:03:58,2024-05-16 03:04:10
ATT0001358,PAY0000740,GTW005,2,Success,,2025-07-18 13:15:13,2025-07-18 13:15:21
ATT0001359,PAY0000115,GTW005,1,Failed,Card Expired,2024-05-26 12:46:01,2024-05-26 12:46:15
ATT0001360,PAY0000111,GTW004,3,Success,,2025-05-03 19:55:10,2025-05-03 19:55:11
ATT0001361,PAY0000301,GTW012,1,Success,,2024-03-19 00:36:53,2024-03-19 00:37:07
ATT0001362,PAY0000307,GTW006,2,Success,,2025-06-24 22:19:30,2025-06-24 22:19:44
ATT0001363,PAY0001480,GTW011,2,Success,,2024-01-14 09:07:09,2024-01-14 09:07:11
ATT0001364,PAY0001316,GTW002,3,Success,,2025-05-30 05:00:25,2025-05-30 05:00:39
ATT0001365,PAY0001393,GTW015,3,Success,,2024-09-21 18:32:19,2024-09-21 18:32:27
ATT0001366,PAY0000868,GTW006,2,Failed,Bank Declined,2025-06-18 12:08:47,2025-06-18 12:08:54
ATT0001367,PAY0001268,GTW002,1,Success,,2025-07-26 19:53:04,2025-07-26 19:53:19
ATT0001368,PAY0000978,GTW011,3,Success,,2025-01-24 05:03:51,2025-01-24 05:04:03
ATT0001369,PAY0001325,GTW014,1,Success,,2024-04-16 02:23:38,2024-04-16 02:23:49
ATT0001370,PAY0000058,GTW008,2,Success,,2024-04-19 02:13:38,2024-04-19 02:13:39
ATT0001371,PAY0000634,GTW007,3,Success,,2024-02-03 07:17:05,2024-02-03 07:17:24
ATT0001372,PAY0001157,GTW002,3,Failed,Invalid OTP,2025-05-10 01:03:20,2025-05-10 01:03:23
ATT0001373,PAY0000018,GTW012,2,Failed,Card Expired,2025-05-27 06:20:48,2025-05-27 06:21:01
ATT0001374,PAY0000266,GTW004,2,Success,,2025-05-30 03:32:51,2025-05-30 03:32:56
ATT0001375,PAY0000049,GTW019,2,Success,,2024-02-08 09:10:09,2024-02-08 09:10:24
ATT0001376,PAY0000162,GTW003,3,Success,,2024-08-08 21:41:09,2024-08-08 21:41:15
ATT0001377,PAY0001028,GTW017,3,Success,,2025-06-19 10:28:50,2025-06-19 10:28:55
ATT0001378,PAY0000695,GTW010,2,Success,,2025-03-17 01:57:45,2025-03-17 01:57:58
ATT0001379,PAY0000490,GTW007,3,Success,,2024-06-05 18:40:31,2024-06-05 18:40:35
ATT0001380,PAY0000031,GTW005,2,Success,,2024-03-30 15:06:29,2024-03-30 15:06:40
ATT0001381,PAY0000348,GTW010,1,Success,,2025-08-13 11:22:05,2025-08-13 11:22:08
ATT0001382,PAY0000367,GTW015,2,Failed,Bank Timeout,2024-09-19 14:41:59,2024-09-19 14:42:04
ATT0001383,PAY0001165,GTW016,1,Success,,2024-10-20 12:26:54,2024-10-20 12:27:14
ATT0001384,PAY0001394,GTW005,2,Success,,2025-10-01 10:23:05,2025-10-01 10:23:19
ATT0001385,PAY0001037,GTW015,2,Failed,UPI Timeout,2025-11-29 01:39:41,2025-11-29 01:39:43
ATT0001386,PAY0001434,GTW018,1,Success,,2024-04-17 09:24:10,2024-04-17 09:24:29
ATT0001387,PAY0000818,GTW003,1,Success,,2025-04-18 21:05:22,2025-04-18 21:05:37
ATT0001388,PAY0000960,GTW018,2,Success,,2024-07-03 23:06:58,2024-07-03 23:07:11
ATT0001389,PAY0000888,GTW007,2,Success,,2024-11-20 10:38:31,2024-11-20 10:38:38
ATT0001390,PAY0001439,GTW016,1,Success,,2024-02-09 17:09:30,2024-02-09 17:09:35
ATT0001391,PAY0001312,GTW007,2,Success,,2025-09-07 12:03:59,2025-09-07 12:04:11
ATT0001392,PAY0000881,GTW016,1,Success,,2024-01-24 21:27:17,2024-01-24 21:27:26
ATT0001393,PAY0001302,GTW006,1,Success,,2024-10-07 12:05:19,2024-10-07 12:05:34
ATT0001394,PAY0000860,GTW017,1,Success,,2024-09-22 05:53:03,2024-09-22 05:53:06
ATT0001395,PAY0000878,GTW011,2,Success,,2024-12-23 13:30:30,2024-12-23 13:30:48
ATT0001396,PAY0001411,GTW006,3,Success,,2025-08-07 12:52:00,2025-08-07 12:52:18
ATT0001397,PAY0001223,GTW007,1,Success,,2025-08-15 19:09:20,2025-08-15 19:09:31
ATT0001398,PAY0000030,GTW005,2,Failed,Invalid OTP,2025-05-26 10:07:50,2025-05-26 10:08:04
ATT0001399,PAY0001067,GTW001,2,Failed,Bank Timeout,2024-05-08 20:28:40,2024-05-08 20:28:59
ATT0001400,PAY0000075,GTW007,3,Failed,Customer Cancelled,2025-03-06 22:34:49,2025-03-06 22:34:55
ATT0001401,PAY0000774,GTW007,2,Success,,2024-07-14 21:36:00,2024-07-14 21:36:12
ATT0001402,PAY0000746,GTW001,2,Failed,Bank Declined,2025-05-29 03:44:31,2025-05-29 03:44:46
ATT0001403,PAY0000841,GTW012,2,Failed,Network Error,2025-03-12 16:48:21,2025-03-12 16:48:25
ATT0001404,PAY0000940,GTW014,2,Success,,2025-09-01 05:34:27,2025-09-01 05:34:40
ATT0001405,PAY0000584,GTW014,3,Success,,2025-09-27 03:05:51,2025-09-27 03:05:55
ATT0001406,PAY0000184,GTW001,3,Failed,Fraud Check Failed,2024-04-16 15:47:48,2024-04-16 15:48:08
ATT0001407,PAY0000205,GTW015,3,Success,,2024-02-03 21:18:54,2024-02-03 21:19:08
ATT0001408,PAY0000434,GTW008,2,Success,,2024-04-27 06:54:30,2024-04-27 06:54:34
ATT0001409,PAY0000719,GTW015,2,Failed,Insufficient Funds,2025-10-22 22:50:47,2025-10-22 22:51:00
ATT0001410,PAY0000768,GTW008,3,Success,,2025-11-05 08:19:53,2025-11-05 08:20:07
ATT0001411,PAY0001379,GTW008,1,Failed,Card Expired,2025-02-28 01:00:01,2025-02-28 01:00:06
ATT0001412,PAY0001063,GTW020,2,Success,,2025-08-08 13:15:35,2025-08-08 13:15:48
ATT0001413,PAY0000395,GTW020,3,Success,,2024-02-22 18:27:08,2024-02-22 18:27:21
ATT0001414,PAY0001492,GTW006,2,Failed,Network Error,2025-06-13 05:27:14,2025-06-13 05:27:18
ATT0001415,PAY0001033,GTW004,3,Success,,2025-02-05 20:58:16,2025-02-05 20:58:34
ATT0001416,PAY0000326,GTW011,1,Success,,2024-01-27 13:00:40,2024-01-27 13:00:59
ATT0001417,PAY0000314,GTW001,3,Success,,2024-03-21 18:24:01,2024-03-21 18:24:06
ATT0001418,PAY0000930,GTW012,1,Success,,2024-08-15 09:12:34,2024-08-15 09:12:42
ATT0001419,PAY0001488,GTW013,2,Success,,2024-10-08 02:59:09,2024-10-08 02:59:10
ATT0001420,PAY0001308,GTW019,1,Success,,2025-09-02 03:06:09,2025-09-02 03:06:19
ATT0001421,PAY0000537,GTW006,1,Success,,2025-01-05 06:25:06,2025-01-05 06:25:22
ATT0001422,PAY0000045,GTW014,1,Success,,2025-10-02 02:13:43,2025-10-02 02:13:57
ATT0001423,PAY0000769,GTW011,3,Failed,Customer Cancelled,2024-06-13 05:19:00,2024-06-13 05:19:06
ATT0001424,PAY0001293,GTW020,1,Success,,2024-12-17 11:30:39,2024-12-17 11:30:59
ATT0001425,PAY0001120,GTW001,1,Success,,2024-09-17 03:12:38,2024-09-17 03:12:39
ATT0001426,PAY0001098,GTW001,3,Success,,2024-06-05 06:55:23,2024-06-05 06:55:27
ATT0001427,PAY0000445,GTW001,2,Success,,2024-03-26 23:44:08,2024-03-26 23:44:17
ATT0001428,PAY0000561,GTW016,1,Failed,Daily Limit Exceeded,2024-12-22 22:35:41,2024-12-22 22:35:51
ATT0001429,PAY0001016,GTW014,3,Failed,Bank Declined,2024-07-16 08:11:12,2024-07-16 08:11:21
ATT0001430,PAY0000211,GTW019,3,Success,,2024-07-29 23:31:27,2024-07-29 23:31:42
ATT0001431,PAY0000868,GTW020,3,Success,,2024-11-22 19:06:38,2024-11-22 19:06:51
ATT0001432,PAY0000880,GTW007,3,Success,,2025-10-09 02:28:10,2025-10-09 02:28:12
ATT0001433,PAY0001048,GTW009,3,Success,,2025-09-10 20:33:22,2025-09-10 20:33:35
ATT0001434,PAY0000062,GTW004,1,Failed,UPI Timeout,2025-03-15 05:22:15,2025-03-15 05:22:18
ATT0001435,PAY0001346,GTW012,2,Success,,2024-11-17 03:00:20,2024-11-17 03:00:21
ATT0001436,PAY0001469,GTW011,1,Success,,2024-11-25 07:35:04,2024-11-25 07:35:17
ATT0001437,PAY0000581,GTW020,1,Success,,2024-04-15 17:17:45,2024-04-15 17:18:05
ATT0001438,PAY0001375,GTW003,3,Failed,Card Expired,2025-03-07 21:48:27,2025-03-07 21:48:38
ATT0001439,PAY0000406,GTW007,1,Failed,Bank Timeout,2025-05-25 01:17:26,2025-05-25 01:17:30
ATT0001440,PAY0000928,GTW006,3,Success,,2025-01-27 07:36:01,2025-01-27 07:36:11
ATT0001441,PAY0000037,GTW019,1,Failed,Fraud Check Failed,2024-10-18 04:53:25,2024-10-18 04:53:27
ATT0001442,PAY0001081,GTW002,2,Success,,2024-03-12 15:06:53,2024-03-12 15:07:07
ATT0001443,PAY0001482,GTW010,2,Success,,2024-12-20 12:05:35,2024-12-20 12:05:46
ATT0001444,PAY0001012,GTW020,1,Success,,2025-04-10 15:54:41,2025-04-10 15:54:45
ATT0001445,PAY0000766,GTW020,1,Success,,2024-02-18 00:08:06,2024-02-18 00:08:17
ATT0001446,PAY0001409,GTW014,1,Success,,2024-07-14 23:57:51,2024-07-14 23:58:03
ATT0001447,PAY0001101,GTW001,3,Failed,Bank Timeout,2024-09-22 01:07:03,2024-09-22 01:07:13
ATT0001448,PAY0000541,GTW011,3,Success,,2025-01-23 08:44:10,2025-01-23 08:44:15
ATT0001449,PAY0001195,GTW015,1,Success,,2024-05-31 18:56:54,2024-05-31 18:57:08
ATT0001450,PAY0001305,GTW015,3,Success,,2025-06-24 07:36:30,2025-06-24 07:36:46
ATT0001451,PAY0000575,GTW011,3,Success,,2024-04-04 08:49:18,2024-04-04 08:49:21
ATT0001452,PAY0000723,GTW018,1,Success,,2024-07-29 22:04:04,2024-07-29 22:04:20
ATT0001453,PAY0000124,GTW007,1,Success,,2025-04-24 12:12:31,2025-04-24 12:12:35
ATT0001454,PAY0000698,GTW007,3,Success,,2025-06-10 10:48:19,2025-06-10 10:48:34
ATT0001455,PAY0001343,GTW005,3,Success,,2024-05-13 07:58:23,2024-05-13 07:58:36
ATT0001456,PAY0000927,GTW020,3,Success,,2025-02-13 06:04:17,2025-02-13 06:04:31
ATT0001457,PAY0000337,GTW010,3,Success,,2024-05-30 14:56:06,2024-05-30 14:56:10
ATT0001458,PAY0000493,GTW001,2,Success,,2024-01-30 15:42:33,2024-01-30 15:42:48
ATT0001459,PAY0000721,GTW009,1,Failed,Bank Declined,2024-03-27 11:27:13,2024-03-27 11:27:18
ATT0001460,PAY0001029,GTW014,3,Success,,2025-03-27 08:23:06,2025-03-27 08:23:08
ATT0001461,PAY0001329,GTW013,3,Failed,Customer Cancelled,2024-07-17 09:12:25,2024-07-17 09:12:31
ATT0001462,PAY0000566,GTW017,3,Success,,2025-03-19 03:43:03,2025-03-19 03:43:11
ATT0001463,PAY0000228,GTW008,1,Success,,2024-02-06 18:17:15,2024-02-06 18:17:18
ATT0001464,PAY0001090,GTW004,2,Success,,2025-09-27 22:45:25,2025-09-27 22:45:38
ATT0001465,PAY0000805,GTW004,1,Success,,2024-10-01 15:13:10,2024-10-01 15:13:17
ATT0001466,PAY0000712,GTW010,3,Success,,2024-01-04 03:11:32,2024-01-04 03:11:52
ATT0001467,PAY0000977,GTW010,3,Success,,2024-11-18 21:04:10,2024-11-18 21:04:16
ATT0001468,PAY0000681,GTW015,1,Failed,Network Error,2025-11-13 15:27:21,2025-11-13 15:27:22
ATT0001469,PAY0000541,GTW003,1,Success,,2024-01-10 19:22:30,2024-01-10 19:22:49
ATT0001470,PAY0000003,GTW016,1,Success,,2024-02-16 00:36:43,2024-02-16 00:36:53
ATT0001471,PAY0000468,GTW017,3,Success,,2024-05-30 03:06:19,2024-05-30 03:06:30
ATT0001472,PAY0000927,GTW016,3,Success,,2025-07-12 08:42:31,2025-07-12 08:42:40
ATT0001473,PAY0000747,GTW015,1,Failed,Customer Cancelled,2024-11-04 22:21:57,2024-11-04 22:22:14
ATT0001474,PAY0000992,GTW004,2,Success,,2025-10-17 00:09:26,2025-10-17 00:09:34
ATT0001475,PAY0001351,GTW005,2,Success,,2024-09-07 18:47:44,2024-09-07 18:47:58
ATT0001476,PAY0000737,GTW007,3,Success,,2025-01-21 20:06:17,2025-01-21 20:06:35
ATT0001477,PAY0000921,GTW017,1,Success,,2025-11-26 11:56:21,2025-11-26 11:56:34
ATT0001478,PAY0001207,GTW014,2,Success,,2024-02-12 18:33:44,2024-02-12 18:33:55
ATT0001479,PAY0001255,GTW004,2,Success,,2025-08-03 11:18:07,2025-08-03 11:18:08
ATT0001480,PAY0001022,GTW005,2,Success,,2025-06-19 09:39:35,2025-06-19 09:39:41
ATT0001481,PAY0000622,GTW016,2,Success,,2024-10-28 00:29:02,2024-10-28 00:29:09
ATT0001482,PAY0000580,GTW019,1,Success,,2024-11-09 00:27:22,2024-11-09 00:27:23
ATT0001483,PAY0000103,GTW009,1,Success,,2024-10-17 16:42:49,2024-10-17 16:43:07
ATT0001484,PAY0000318,GTW003,3,Success,,2024-07-20 13:37:58,2024-07-20 13:38:01
ATT0001485,PAY0000596,GTW008,1,Success,,2024-12-29 07:51:43,2024-12-29 07:51:56
ATT0001486,PAY0000866,GTW013,1,Failed,Bank Declined,2024-11-05 19:19:11,2024-11-05 19:19:30
ATT0001487,PAY0001391,GTW011,3,Success,,2024-07-23 08:08:26,2024-07-23 08:08:44
ATT0001488,PAY0000409,GTW010,2,Success,,2025-08-03 20:29:34,2025-08-03 20:29:40
ATT0001489,PAY0000770,GTW014,1,Success,,2025-03-28 22:20:32,2025-03-28 22:20:44
ATT0001490,PAY0000960,GTW012,2,Success,,2025-02-24 14:01:58,2025-02-24 14:02:16
ATT0001491,PAY0000055,GTW014,1,Success,,2025-09-21 09:50:15,2025-09-21 09:50:34
ATT0001492,PAY0001049,GTW012,1,Success,,2025-08-02 09:03:48,2025-08-02 09:04:01
ATT0001493,PAY0000258,GTW013,3,Success,,2025-06-14 14:53:03,2025-06-14 14:53:06
ATT0001494,PAY0000113,GTW009,3,Success,,2025-08-31 03:52:18,2025-08-31 03:52:37
ATT0001495,PAY0000987,GTW011,1,Success,,2025-08-21 21:32:47,2025-08-21 21:32:49
ATT0001496,PAY0001437,GTW007,3,Success,,2025-05-22 04:14:57,2025-05-22 04:15:02
ATT0001497,PAY0000617,GTW010,3,Failed,Bank Timeout,2024-01-07 15:39:44,2024-01-07 15:39:51
ATT0001498,PAY0000138,GTW001,1,Success,,2024-05-03 16:06:15,2024-05-03 16:06:22
ATT0001499,PAY0000213,GTW016,1,Failed,Invalid OTP,2025-03-30 12:03:59,2025-03-30 12:04:03
ATT0001500,PAY0000829,GTW016,1,Failed,Customer Cancelled,2025-07-13 08:52:39,2025-07-13 08:52:54
ATT0001501,PAY0000253,GTW014,1,Success,,2024-07-08 04:52:47,2024-07-08 04:52:55
ATT0001502,PAY0000350,GTW017,3,Success,,2024-07-24 15:30:18,2024-07-24 15:30:28
ATT0001503,PAY0001368,GTW004,3,Success,,2025-11-14 08:25:24,2025-11-14 08:25:28
ATT0001504,PAY0000951,GTW014,2,Success,,2024-10-17 14:07:36,2024-10-17 14:07:49
ATT0001505,PAY0000023,GTW019,2,Success,,2025-10-28 21:39:28,2025-10-28 21:39:30
ATT0001506,PAY0000727,GTW005,2,Failed,Fraud Check Failed,2025-04-14 08:00:10,2025-04-14 08:00:22
ATT0001507,PAY0001031,GTW007,2,Failed,Network Error,2025-06-21 12:32:04,2025-06-21 12:32:10
ATT0001508,PAY0000721,GTW019,2,Success,,2024-05-23 08:50:48,2024-05-23 08:50:58
ATT0001509,PAY0000807,GTW003,3,Success,,2025-04-28 19:42:11,2025-04-28 19:42:30
ATT0001510,PAY0001452,GTW017,3,Success,,2024-05-12 22:20:37,2024-05-12 22:20:56
ATT0001511,PAY0000713,GTW019,3,Failed,UPI Timeout,2024-03-10 01:01:54,2024-03-10 01:02:00
ATT0001512,PAY0000198,GTW004,2,Failed,Bank Timeout,2025-05-02 10:48:14,2025-05-02 10:48:22
ATT0001513,PAY0000357,GTW013,2,Failed,Bank Timeout,2024-03-04 19:16:07,2024-03-04 19:16:09
ATT0001514,PAY0000905,GTW012,3,Success,,2024-01-31 05:20:06,2024-01-31 05:20:21
ATT0001515,PAY0000774,GTW005,3,Success,,2024-07-23 06:16:31,2024-07-23 06:16:46
ATT0001516,PAY0001391,GTW010,1,Success,,2024-06-14 13:52:33,2024-06-14 13:52:40
ATT0001517,PAY0000177,GTW019,1,Success,,2025-11-15 03:13:02,2025-11-15 03:13:07
ATT0001518,PAY0000011,GTW012,2,Success,,2024-03-14 10:11:43,2024-03-14 10:12:00
ATT0001519,PAY0001017,GTW007,1,Success,,2025-04-30 16:22:22,2025-04-30 16:22:42
ATT0001520,PAY0001145,GTW005,1,Success,,2025-10-02 12:55:04,2025-10-02 12:55:23
ATT0001521,PAY0000161,GTW005,3,Success,,2024-04-30 15:14:03,2024-04-30 15:14:23
ATT0001522,PAY0001108,GTW011,1,Success,,2024-10-23 08:24:45,2024-10-23 08:24:57
ATT0001523,PAY0000140,GTW006,2,Success,,2025-08-12 07:54:33,2025-08-12 07:54:53
ATT0001524,PAY0001025,GTW010,2,Success,,2025-07-13 22:57:07,2025-07-13 22:57:26
ATT0001525,PAY0000965,GTW009,3,Success,,2024-12-12 13:16:12,2024-12-12 13:16:23
ATT0001526,PAY0000122,GTW005,1,Success,,2024-12-03 21:58:56,2024-12-03 21:58:58
ATT0001527,PAY0000483,GTW016,1,Failed,Card Expired,2025-07-31 19:44:53,2025-07-31 19:44:55
ATT0001528,PAY0000145,GTW014,3,Success,,2024-03-23 17:30:08,2024-03-23 17:30:17
ATT0001529,PAY0001482,GTW002,1,Success,,2025-06-03 07:41:22,2025-06-03 07:41:36
ATT0001530,PAY0000979,GTW010,1,Success,,2024-02-26 00:49:50,2024-02-26 00:49:57
ATT0001531,PAY0001095,GTW020,2,Success,,2024-01-19 17:30:03,2024-01-19 17:30:16
ATT0001532,PAY0000773,GTW005,2,Success,,2025-07-16 04:07:28,2025-07-16 04:07:32
ATT0001533,PAY0001261,GTW012,2,Success,,2025-03-23 01:15:14,2025-03-23 01:15:17
ATT0001534,PAY0001206,GTW001,1,Success,,2025-07-03 18:02:51,2025-07-03 18:02:52
ATT0001535,PAY0001475,GTW008,1,Success,,2024-05-09 14:11:18,2024-05-09 14:11:20
ATT0001536,PAY0000644,GTW012,3,Success,,2024-09-07 09:08:38,2024-09-07 09:08:51
ATT0001537,PAY0000981,GTW004,3,Success,,2024-09-13 17:13:31,2024-09-13 17:13:43
ATT0001538,PAY0000452,GTW015,3,Success,,2025-01-10 17:18:55,2025-01-10 17:19:03
ATT0001539,PAY0001079,GTW009,2,Success,,2025-05-30 03:03:22,2025-05-30 03:03:36
ATT0001540,PAY0001445,GTW020,2,Success,,2024-07-27 04:53:33,2024-07-27 04:53:41
ATT0001541,PAY0000625,GTW018,1,Success,,2024-05-25 01:15:44,2024-05-25 01:15:59
ATT0001542,PAY0001332,GTW015,1,Success,,2024-02-04 08:17:37,2024-02-04 08:17:50
ATT0001543,PAY0000616,GTW003,1,Success,,2025-09-16 12:31:01,2025-09-16 12:31:14
ATT0001544,PAY0000788,GTW015,1,Success,,2025-01-23 05:42:27,2025-01-23 05:42:45
ATT0001545,PAY0000108,GTW010,1,Success,,2024-12-22 00:58:38,2024-12-22 00:58:49
ATT0001546,PAY0000538,GTW019,1,Success,,2024-12-15 23:53:39,2024-12-15 23:53:53
ATT0001547,PAY0000876,GTW002,1,Success,,2025-11-25 09:54:34,2025-11-25 09:54:49
ATT0001548,PAY0000869,GTW019,3,Success,,2025-06-15 08:10:24,2025-06-15 08:10:39
ATT0001549,PAY0000488,GTW005,1,Success,,2025-11-29 08:05:15,2025-11-29 08:05:33
ATT0001550,PAY0000606,GTW011,3,Success,,2025-09-22 08:23:17,2025-09-22 08:23:26
ATT0001551,PAY0001338,GTW020,1,Success,,2025-08-05 21:20:53,2025-08-05 21:21:02
ATT0001552,PAY0000367,GTW015,2,Success,,2024-01-10 14:02:22,2024-01-10 14:02:38
ATT0001553,PAY0001307,GTW018,1,Success,,2025-08-16 02:17:57,2025-08-16 02:18:17
ATT0001554,PAY0001130,GTW011,1,Success,,2024-09-21 08:16:55,2024-09-21 08:17:11
ATT0001555,PAY0000261,GTW008,3,Success,,2025-09-24 20:03:14,2025-09-24 20:03:18
ATT0001556,PAY0001341,GTW002,1,Success,,2025-03-26 18:20:02,2025-03-26 18:20:20
ATT0001557,PAY0001470,GTW008,1,Failed,Fraud Check Failed,2024-09-22 08:01:43,2024-09-22 08:01:55
ATT0001558,PAY0001472,GTW002,3,Success,,2024-04-21 02:32:28,2024-04-21 02:32:32
ATT0001559,PAY0001047,GTW003,1,Success,,2025-08-07 11:53:52,2025-08-07 11:54:06
ATT0001560,PAY0000147,GTW014,2,Success,,2024-11-30 19:50:23,2024-11-30 19:50:34
ATT0001561,PAY0000836,GTW012,2,Failed,Insufficient Funds,2024-10-28 19:01:10,2024-10-28 19:01:22
ATT0001562,PAY0000596,GTW005,3,Success,,2025-09-15 06:51:20,2025-09-15 06:51:37
ATT0001563,PAY0001466,GTW017,3,Success,,2024-08-08 12:53:37,2024-08-08 12:53:39
ATT0001564,PAY0001346,GTW005,2,Success,,2025-10-26 02:04:59,2025-10-26 02:05:07
ATT0001565,PAY0001158,GTW017,3,Success,,2025-03-04 17:46:07,2025-03-04 17:46:24
ATT0001566,PAY0000106,GTW020,2,Success,,2025-06-16 14:20:17,2025-06-16 14:20:24
ATT0001567,PAY0001179,GTW010,1,Success,,2025-01-05 07:29:20,2025-01-05 07:29:24
ATT0001568,PAY0001420,GTW008,2,Success,,2025-02-23 11:05:22,2025-02-23 11:05:40
ATT0001569,PAY0001036,GTW003,2,Success,,2025-09-11 07:28:50,2025-09-11 07:29:04
ATT0001570,PAY0000471,GTW019,1,Failed,Customer Cancelled,2024-09-07 13:43:37,2024-09-07 13:43:42
ATT0001571,PAY0000534,GTW010,2,Success,,2024-03-24 13:26:32,2024-03-24 13:26:37
ATT0001572,PAY0001180,GTW016,3,Failed,Network Error,2024-07-21 05:56:29,2024-07-21 05:56:30
ATT0001573,PAY0000248,GTW014,2,Success,,2025-04-26 23:06:08,2025-04-26 23:06:10
ATT0001574,PAY0000884,GTW001,3,Success,,2024-03-15 04:32:55,2024-03-15 04:33:12
ATT0001575,PAY0000795,GTW014,2,Success,,2025-07-24 07:45:18,2025-07-24 07:45:22
ATT0001576,PAY0000690,GTW011,3,Success,,2024-04-20 23:02:04,2024-04-20 23:02:16
ATT0001577,PAY0000920,GTW014,3,Success,,2025-03-22 09:48:30,2025-03-22 09:48:35
ATT0001578,PAY0000376,GTW019,3,Success,,2024-01-08 18:37:23,2024-01-08 18:37:38
ATT0001579,PAY0000777,GTW011,2,Success,,2025-08-25 08:49:06,2025-08-25 08:49:14
ATT0001580,PAY0000609,GTW016,2,Success,,2025-06-14 16:37:32,2025-06-14 16:37:46
ATT0001581,PAY0000585,GTW011,2,Success,,2024-07-01 04:02:52,2024-07-01 04:02:59
ATT0001582,PAY0000882,GTW017,2,Success,,2025-09-22 10:06:22,2025-09-22 10:06:32
ATT0001583,PAY0000340,GTW004,2,Success,,2025-03-25 07:56:10,2025-03-25 07:56:20
ATT0001584,PAY0000532,GTW020,1,Failed,Fraud Check Failed,2025-11-13 08:09:06,2025-11-13 08:09:13
ATT0001585,PAY0001042,GTW006,1,Success,,2024-02-10 17:34:51,2024-02-10 17:34:58
ATT0001586,PAY0000014,GTW016,1,Success,,2024-10-15 18:27:46,2024-10-15 18:28:01
ATT0001587,PAY0001067,GTW005,2,Success,,2024-04-22 22:45:58,2024-04-22 22:46:02
ATT0001588,PAY0000911,GTW014,2,Success,,2024-05-20 08:46:42,2024-05-20 08:46:46
ATT0001589,PAY0000725,GTW003,3,Success,,2024-03-17 10:10:32,2024-03-17 10:10:43
ATT0001590,PAY0000566,GTW015,3,Success,,2025-11-19 02:45:44,2025-11-19 02:45:55
ATT0001591,PAY0000079,GTW014,1,Failed,Insufficient Funds,2025-06-17 10:12:53,2025-06-17 10:13:11
ATT0001592,PAY0001300,GTW001,1,Success,,2025-01-20 07:43:12,2025-01-20 07:43:21
ATT0001593,PAY0000963,GTW005,2,Failed,Fraud Check Failed,2025-05-23 09:08:12,2025-05-23 09:08:15
ATT0001594,PAY0001482,GTW007,1,Success,,2025-05-17 17:39:13,2025-05-17 17:39:19
ATT0001595,PAY0000080,GTW014,3,Success,,2025-01-24 20:37:15,2025-01-24 20:37:27
ATT0001596,PAY0000992,GTW017,3,Failed,Daily Limit Exceeded,2024-11-03 07:56:18,2024-11-03 07:56:34
ATT0001597,PAY0001291,GTW013,3,Success,,2025-05-07 09:06:14,2025-05-07 09:06:18
ATT0001598,PAY0000589,GTW014,2,Success,,2025-11-09 13:07:11,2025-11-09 13:07:26
ATT0001599,PAY0000654,GTW004,2,Success,,2024-05-11 15:53:51,2024-05-11 15:54:07
ATT0001600,PAY0001231,GTW014,3,Success,,2024-10-24 08:32:13,2024-10-24 08:32:27
ATT0001601,PAY0000125,GTW018,2,Success,,2024-11-21 13:25:51,2024-11-21 13:26:06
ATT0001602,PAY0000871,GTW013,2,Failed,Insufficient Funds,2024-10-01 15:46:14,2024-10-01 15:46:25
ATT0001603,PAY0000632,GTW015,2,Success,,2024-06-19 17:13:49,2024-06-19 17:13:53
ATT0001604,PAY0001257,GTW020,2,Success,,2025-07-06 00:46:01,2025-07-06 00:46:14
ATT0001605,PAY0000185,GTW011,2,Success,,2025-07-20 02:41:03,2025-07-20 02:41:20
ATT0001606,PAY0000432,GTW012,3,Success,,2024-06-09 17:25:55,2024-06-09 17:26:03
ATT0001607,PAY0000595,GTW006,2,Success,,2024-08-08 17:46:15,2024-08-08 17:46:16
ATT0001608,PAY0000074,GTW001,3,Success,,2025-02-11 15:02:10,2025-02-11 15:02:20
ATT0001609,PAY0000618,GTW001,1,Success,,2024-09-10 01:17:47,2024-09-10 01:17:51
ATT0001610,PAY0000774,GTW013,1,Failed,Bank Declined,2024-10-03 02:04:04,2024-10-03 02:04:21
ATT0001611,PAY0000042,GTW001,3,Failed,Bank Declined,2025-09-11 04:06:47,2025-09-11 04:07:06
ATT0001612,PAY0000398,GTW020,2,Success,,2025-03-11 16:47:01,2025-03-11 16:47:11
ATT0001613,PAY0000562,GTW015,1,Success,,2025-11-02 18:30:24,2025-11-02 18:30:34
ATT0001614,PAY0000880,GTW003,1,Failed,Fraud Check Failed,2025-07-28 08:30:18,2025-07-28 08:30:36
ATT0001615,PAY0000501,GTW013,1,Failed,Daily Limit Exceeded,2025-02-07 11:48:34,2025-02-07 11:48:38
ATT0001616,PAY0000459,GTW019,1,Success,,2024-08-25 14:23:30,2024-08-25 14:23:49
ATT0001617,PAY0000224,GTW010,2,Success,,2025-10-07 02:06:35,2025-10-07 02:06:41
ATT0001618,PAY0000426,GTW016,3,Success,,2024-05-24 12:39:53,2024-05-24 12:40:09
ATT0001619,PAY0001072,GTW019,1,Success,,2025-05-20 08:26:19,2025-05-20 08:26:30
ATT0001620,PAY0000309,GTW002,2,Success,,2025-09-05 13:55:00,2025-09-05 13:55:09
ATT0001621,PAY0001414,GTW007,3,Success,,2025-07-12 15:20:41,2025-07-12 15:20:49
ATT0001622,PAY0000660,GTW015,3,Success,,2025-07-22 23:46:05,2025-07-22 23:46:09
ATT0001623,PAY0000872,GTW003,2,Success,,2024-01-14 05:33:47,2024-01-14 05:33:51
ATT0001624,PAY0000341,GTW007,2,Failed,Network Error,2024-04-26 01:56:27,2024-04-26 01:56:43
ATT0001625,PAY0001283,GTW017,2,Success,,2025-07-14 13:25:00,2025-07-14 13:25:10
ATT0001626,PAY0000241,GTW014,2,Success,,2025-11-23 08:33:20,2025-11-23 08:33:40
ATT0001627,PAY0000762,GTW019,3,Success,,2024-10-24 16:43:13,2024-10-24 16:43:33
ATT0001628,PAY0001464,GTW012,3,Success,,2025-04-28 14:13:59,2025-04-28 14:14:10
ATT0001629,PAY0001475,GTW005,1,Success,,2025-04-30 00:20:26,2025-04-30 00:20:32
ATT0001630,PAY0000308,GTW016,1,Failed,Bank Timeout,2024-01-06 09:44:12,2024-01-06 09:44:19
ATT0001631,PAY0001102,GTW015,2,Success,,2025-10-01 14:38:10,2025-10-01 14:38:13
ATT0001632,PAY0000718,GTW018,1,Success,,2024-01-15 06:17:18,2024-01-15 06:17:32
ATT0001633,PAY0001197,GTW010,2,Success,,2025-02-16 08:35:34,2025-02-16 08:35:41
ATT0001634,PAY0000159,GTW019,1,Success,,2024-08-09 08:11:16,2024-08-09 08:11:35
ATT0001635,PAY0000210,GTW005,3,Success,,2025-01-27 10:36:49,2025-01-27 10:37:08
ATT0001636,PAY0001239,GTW009,3,Failed,UPI Timeout,2025-11-15 15:13:10,2025-11-15 15:13:11
ATT0001637,PAY0000444,GTW003,3,Success,,2024-06-17 15:55:00,2024-06-17 15:55:11
ATT0001638,PAY0000160,GTW002,1,Success,,2025-03-26 13:42:30,2025-03-26 13:42:41
ATT0001639,PAY0000620,GTW017,1,Success,,2025-02-06 12:49:24,2025-02-06 12:49:40
ATT0001640,PAY0000728,GTW010,3,Success,,2024-03-21 19:53:13,2024-03-21 19:53:19
ATT0001641,PAY0001298,GTW009,3,Success,,2025-03-23 17:28:31,2025-03-23 17:28:40
ATT0001642,PAY0001404,GTW004,3,Failed,Daily Limit Exceeded,2025-10-29 11:11:01,2025-10-29 11:11:13
ATT0001643,PAY0001373,GTW012,3,Success,,2025-09-23 17:56:58,2025-09-23 17:57:05
ATT0001644,PAY0000784,GTW012,1,Failed,UPI Timeout,2024-01-11 06:28:23,2024-01-11 06:28:40
ATT0001645,PAY0000012,GTW019,2,Success,,2025-01-12 08:32:58,2025-01-12 08:32:59
ATT0001646,PAY0001243,GTW009,1,Success,,2025-10-19 15:25:02,2025-10-19 15:25:11
ATT0001647,PAY0000562,GTW002,3,Failed,Network Error,2025-04-27 19:40:29,2025-04-27 19:40:45
ATT0001648,PAY0000970,GTW018,1,Success,,2024-01-30 19:57:45,2024-01-30 19:57:50
ATT0001649,PAY0001446,GTW006,1,Success,,2024-05-02 01:28:40,2024-05-02 01:28:42
ATT0001650,PAY0000644,GTW004,3,Success,,2024-07-17 20:39:47,2024-07-17 20:39:48
ATT0001651,PAY0000682,GTW011,3,Success,,2025-08-23 23:23:33,2025-08-23 23:23:34
ATT0001652,PAY0001361,GTW013,2,Failed,Network Error,2025-11-16 01:04:12,2025-11-16 01:04:29
ATT0001653,PAY0001493,GTW009,1,Success,,2024-02-15 08:38:12,2024-02-15 08:38:29
ATT0001654,PAY0000839,GTW006,3,Success,,2024-01-04 09:17:35,2024-01-04 09:17:47
ATT0001655,PAY0000242,GTW011,2,Success,,2024-03-29 18:59:29,2024-03-29 18:59:32
ATT0001656,PAY0000239,GTW003,1,Success,,2024-07-09 10:37:40,2024-07-09 10:37:41
ATT0001657,PAY0000347,GTW001,1,Success,,2025-04-16 02:56:46,2025-04-16 02:56:54
ATT0001658,PAY0000631,GTW007,3,Success,,2024-05-15 09:03:24,2024-05-15 09:03:34
ATT0001659,PAY0000365,GTW009,1,Success,,2025-02-27 07:53:12,2025-02-27 07:53:21
ATT0001660,PAY0000409,GTW006,2,Success,,2025-03-26 08:05:31,2025-03-26 08:05:43
ATT0001661,PAY0001186,GTW012,2,Success,,2025-06-19 14:53:40,2025-06-19 14:53:46
ATT0001662,PAY0000076,GTW019,2,Success,,2025-08-05 06:44:27,2025-08-05 06:44:39
ATT0001663,PAY0001324,GTW010,1,Success,,2025-05-30 17:53:47,2025-05-30 17:53:56
ATT0001664,PAY0000186,GTW017,1,Success,,2025-04-23 08:02:59,2025-04-23 08:03:03
ATT0001665,PAY0001059,GTW006,2,Success,,2025-08-23 10:23:36,2025-08-23 10:23:49
ATT0001666,PAY0001349,GTW019,1,Success,,2024-04-17 20:22:55,2024-04-17 20:22:56
ATT0001667,PAY0000326,GTW014,2,Success,,2025-10-25 03:11:58,2025-10-25 03:12:10
ATT0001668,PAY0000628,GTW006,2,Success,,2024-01-23 14:51:39,2024-01-23 14:51:54
ATT0001669,PAY0001216,GTW019,3,Success,,2025-02-12 15:53:15,2025-02-12 15:53:24
ATT0001670,PAY0001482,GTW012,3,Success,,2025-11-25 12:19:02,2025-11-25 12:19:10
ATT0001671,PAY0001039,GTW004,2,Success,,2024-10-02 18:25:37,2024-10-02 18:25:38
ATT0001672,PAY0000336,GTW017,1,Failed,Network Error,2025-09-03 22:33:12,2025-09-03 22:33:31
ATT0001673,PAY0000267,GTW011,1,Failed,Bank Declined,2024-11-12 04:51:22,2024-11-12 04:51:37
ATT0001674,PAY0000339,GTW015,1,Success,,2024-07-24 05:19:19,2024-07-24 05:19:22
ATT0001675,PAY0000379,GTW008,1,Success,,2024-09-07 04:43:35,2024-09-07 04:43:47
ATT0001676,PAY0000011,GTW016,1,Success,,2025-04-27 17:43:25,2025-04-27 17:43:32
ATT0001677,PAY0000968,GTW013,2,Success,,2024-04-08 12:08:20,2024-04-08 12:08:25
ATT0001678,PAY0000819,GTW011,2,Failed,Card Expired,2025-03-10 19:25:34,2025-03-10 19:25:37
ATT0001679,PAY0001001,GTW019,1,Success,,2025-09-15 05:49:15,2025-09-15 05:49:27
ATT0001680,PAY0000742,GTW011,3,Failed,UPI Timeout,2025-09-17 19:48:25,2025-09-17 19:48:28
ATT0001681,PAY0000283,GTW016,1,Success,,2024-11-05 13:05:21,2024-11-05 13:05:34
ATT0001682,PAY0001340,GTW006,2,Success,,2024-11-14 12:43:52,2024-11-14 12:44:08
ATT0001683,PAY0000072,GTW009,2,Success,,2025-02-11 21:33:53,2025-02-11 21:33:57
ATT0001684,PAY0000953,GTW003,2,Success,,2024-04-13 20:55:25,2024-04-13 20:55:26
ATT0001685,PAY0000330,GTW011,1,Success,,2025-01-28 21:29:00,2025-01-28 21:29:16
ATT0001686,PAY0001340,GTW013,2,Success,,2024-11-06 13:16:47,2024-11-06 13:16:51
ATT0001687,PAY0001237,GTW015,3,Success,,2025-04-29 22:21:54,2025-04-29 22:22:12
ATT0001688,PAY0000748,GTW004,1,Failed,Network Error,2025-06-28 12:55:43,2025-06-28 12:55:46
ATT0001689,PAY0000015,GTW011,3,Success,,2024-07-21 16:52:39,2024-07-21 16:52:54
ATT0001690,PAY0000891,GTW002,2,Success,,2024-05-04 15:29:23,2024-05-04 15:29:25
ATT0001691,PAY0001228,GTW012,2,Success,,2025-11-22 09:49:52,2025-11-22 09:49:53
ATT0001692,PAY0001112,GTW009,1,Success,,2025-03-03 00:28:20,2025-03-03 00:28:30
ATT0001693,PAY0001303,GTW002,3,Success,,2024-02-07 17:47:25,2024-02-07 17:47:33
ATT0001694,PAY0000359,GTW003,3,Success,,2024-05-28 20:31:27,2024-05-28 20:31:36
ATT0001695,PAY0000708,GTW015,3,Success,,2025-06-20 18:29:02,2025-06-20 18:29:05
ATT0001696,PAY0000669,GTW012,1,Success,,2025-10-15 03:24:32,2025-10-15 03:24:35
ATT0001697,PAY0000692,GTW010,2,Success,,2024-07-07 23:16:46,2024-07-07 23:16:49
ATT0001698,PAY0000888,GTW004,1,Success,,2024-11-06 19:32:34,2024-11-06 19:32:42
ATT0001699,PAY0001422,GTW002,2,Success,,2024-08-08 13:17:47,2024-08-08 13:17:53
ATT0001700,PAY0000567,GTW017,3,Success,,2025-02-12 05:43:18,2025-02-12 05:43:27
ATT0001701,PAY0000011,GTW014,1,Success,,2025-02-28 21:08:17,2025-02-28 21:08:26
ATT0001702,PAY0000948,GTW020,3,Success,,2024-08-14 07:01:45,2024-08-14 07:01:56
ATT0001703,PAY0000453,GTW003,3,Success,,2025-09-15 14:37:26,2025-09-15 14:37:46
ATT0001704,PAY0000674,GTW018,2,Success,,2025-07-25 00:21:21,2025-07-25 00:21:32
ATT0001705,PAY0000710,GTW015,1,Success,,2025-05-25 06:34:44,2025-05-25 06:34:50
ATT0001706,PAY0001379,GTW013,2,Success,,2025-11-07 18:05:40,2025-11-07 18:05:56
ATT0001707,PAY0001150,GTW012,1,Success,,2025-06-26 11:19:18,2025-06-26 11:19:29
ATT0001708,PAY0000925,GTW015,1,Success,,2025-08-21 05:39:22,2025-08-21 05:39:41
ATT0001709,PAY0000884,GTW014,1,Success,,2024-10-17 17:47:31,2024-10-17 17:47:39
ATT0001710,PAY0000769,GTW018,1,Success,,2024-05-06 03:25:13,2024-05-06 03:25:20
ATT0001711,PAY0000227,GTW019,2,Success,,2024-06-11 23:25:35,2024-06-11 23:25:49
ATT0001712,PAY0000721,GTW007,2,Failed,Card Expired,2024-10-12 10:49:23,2024-10-12 10:49:27
ATT0001713,PAY0001029,GTW018,3,Success,,2025-02-17 15:48:29,2025-02-17 15:48:39
ATT0001714,PAY0000921,GTW006,1,Success,,2024-01-04 17:53:21,2024-01-04 17:53:36
ATT0001715,PAY0001344,GTW006,3,Failed,Bank Declined,2025-01-27 18:41:26,2025-01-27 18:41:40
ATT0001716,PAY0000387,GTW001,3,Success,,2025-09-16 19:32:05,2025-09-16 19:32:25
ATT0001717,PAY0001169,GTW014,1,Success,,2024-09-12 05:36:40,2024-09-12 05:36:56
ATT0001718,PAY0001402,GTW003,2,Success,,2025-09-07 20:24:35,2025-09-07 20:24:52
ATT0001719,PAY0000396,GTW006,2,Success,,2024-09-02 05:30:59,2024-09-02 05:31:06
ATT0001720,PAY0000661,GTW005,2,Success,,2024-02-01 06:36:29,2024-02-01 06:36:44
ATT0001721,PAY0000502,GTW020,2,Failed,Customer Cancelled,2024-06-30 14:32:41,2024-06-30 14:32:45
ATT0001722,PAY0000679,GTW006,1,Success,,2024-03-12 00:47:02,2024-03-12 00:47:16
ATT0001723,PAY0001065,GTW016,2,Success,,2025-03-03 08:56:45,2025-03-03 08:57:03
ATT0001724,PAY0000248,GTW020,3,Failed,Invalid OTP,2024-01-25 14:30:52,2024-01-25 14:30:54
ATT0001725,PAY0000816,GTW002,2,Success,,2025-06-07 20:41:28,2025-06-07 20:41:42
ATT0001726,PAY0000255,GTW004,1,Failed,Bank Declined,2025-08-16 03:46:10,2025-08-16 03:46:22
ATT0001727,PAY0001345,GTW011,1,Failed,Bank Timeout,2025-05-09 06:16:06,2025-05-09 06:16:17
ATT0001728,PAY0000939,GTW016,1,Success,,2024-12-16 09:44:28,2024-12-16 09:44:39
ATT0001729,PAY0000923,GTW009,3,Success,,2024-02-06 04:09:33,2024-02-06 04:09:43
ATT0001730,PAY0000054,GTW008,2,Success,,2024-10-25 09:45:10,2024-10-25 09:45:29
ATT0001731,PAY0001299,GTW010,2,Success,,2025-11-20 09:09:47,2025-11-20 09:09:52
ATT0001732,PAY0000301,GTW020,2,Failed,Customer Cancelled,2024-09-20 20:14:01,2024-09-20 20:14:08
ATT0001733,PAY0000621,GTW005,3,Success,,2025-01-07 23:32:47,2025-01-07 23:33:04
ATT0001734,PAY0000832,GTW016,3,Failed,Card Expired,2024-12-18 20:09:37,2024-12-18 20:09:54
ATT0001735,PAY0001072,GTW012,2,Failed,Daily Limit Exceeded,2025-05-11 20:10:55,2025-05-11 20:11:12
ATT0001736,PAY0000360,GTW016,2,Success,,2024-03-07 10:14:19,2024-03-07 10:14:26
ATT0001737,PAY0000460,GTW005,2,Success,,2024-05-02 20:12:22,2024-05-02 20:12:38
ATT0001738,PAY0000941,GTW019,3,Failed,Insufficient Funds,2025-06-20 07:47:12,2025-06-20 07:47:24
ATT0001739,PAY0000817,GTW004,2,Success,,2024-10-04 17:34:54,2024-10-04 17:35:12
ATT0001740,PAY0000163,GTW002,2,Success,,2024-09-10 07:16:51,2024-09-10 07:16:57
ATT0001741,PAY0001413,GTW008,1,Success,,2025-04-12 05:02:38,2025-04-12 05:02:47
ATT0001742,PAY0001131,GTW009,1,Success,,2024-03-06 04:33:19,2024-03-06 04:33:21
ATT0001743,PAY0000426,GTW008,1,Success,,2025-08-18 15:29:06,2025-08-18 15:29:24
ATT0001744,PAY0000105,GTW011,3,Success,,2025-05-04 03:28:05,2025-05-04 03:28:21
ATT0001745,PAY0000405,GTW004,3,Success,,2025-09-04 15:19:36,2025-09-04 15:19:37
ATT0001746,PAY0001192,GTW014,1,Success,,2025-03-29 20:12:37,2025-03-29 20:12:57
ATT0001747,PAY0000935,GTW001,2,Success,,2025-09-07 08:31:40,2025-09-07 08:31:46
ATT0001748,PAY0000674,GTW017,2,Success,,2025-10-22 09:16:55,2025-10-22 09:17:13
ATT0001749,PAY0000510,GTW011,2,Success,,2025-05-30 09:40:28,2025-05-30 09:40:32
ATT0001750,PAY0000374,GTW016,1,Success,,2025-06-05 15:31:10,2025-06-05 15:31:16
ATT0001751,PAY0000135,GTW014,3,Success,,2025-03-29 10:40:43,2025-03-29 10:41:01
ATT0001752,PAY0000375,GTW007,1,Success,,2024-08-06 09:32:19,2024-08-06 09:32:30
ATT0001753,PAY0001087,GTW016,1,Success,,2025-09-16 06:36:43,2025-09-16 06:36:48
ATT0001754,PAY0000664,GTW006,1,Success,,2024-06-24 05:39:42,2024-06-24 05:39:48
ATT0001755,PAY0000667,GTW017,2,Success,,2025-03-02 23:17:14,2025-03-02 23:17:23
ATT0001756,PAY0000967,GTW010,2,Success,,2024-12-07 23:22:53,2024-12-07 23:23:04
ATT0001757,PAY0000922,GTW010,2,Success,,2025-03-03 00:48:25,2025-03-03 00:48:27
ATT0001758,PAY0000838,GTW012,3,Failed,UPI Timeout,2025-04-12 08:01:52,2025-04-12 08:01:59
ATT0001759,PAY0001356,GTW009,2,Failed,Card Expired,2024-01-25 10:27:50,2024-01-25 10:28:03
ATT0001760,PAY0001143,GTW018,3,Success,,2024-08-08 19:32:28,2024-08-08 19:32:37
ATT0001761,PAY0000219,GTW003,1,Success,,2025-05-06 23:37:30,2025-05-06 23:37:32
ATT0001762,PAY0001351,GTW013,3,Failed,Bank Declined,2025-05-13 07:17:38,2025-05-13 07:17:57
ATT0001763,PAY0000122,GTW004,1,Success,,2024-10-09 17:23:28,2024-10-09 17:23:38
ATT0001764,PAY0000228,GTW016,1,Failed,Network Error,2024-03-16 10:49:46,2024-03-16 10:50:00
ATT0001765,PAY0000309,GTW019,2,Success,,2025-07-29 02:28:15,2025-07-29 02:28:26
ATT0001766,PAY0001173,GTW018,3,Success,,2025-06-27 09:44:01,2025-06-27 09:44:06
ATT0001767,PAY0000140,GTW011,2,Failed,Card Expired,2025-04-01 23:56:13,2025-04-01 23:56:19
ATT0001768,PAY0000960,GTW008,2,Success,,2024-07-22 21:45:16,2024-07-22 21:45:25
ATT0001769,PAY0001237,GTW001,1,Success,,2025-02-24 13:25:51,2025-02-24 13:26:07
ATT0001770,PAY0000099,GTW017,1,Failed,Insufficient Funds,2025-06-08 11:01:36,2025-06-08 11:01:50
ATT0001771,PAY0001033,GTW011,3,Success,,2025-08-11 10:40:04,2025-08-11 10:40:07
ATT0001772,PAY0001158,GTW003,3,Success,,2025-06-28 05:51:32,2025-06-28 05:51:35
ATT0001773,PAY0001176,GTW015,3,Success,,2024-07-14 02:49:43,2024-07-14 02:49:57
ATT0001774,PAY0000568,GTW015,2,Failed,Customer Cancelled,2024-06-04 20:21:04,2024-06-04 20:21:10
ATT0001775,PAY0000696,GTW015,3,Success,,2025-03-18 00:25:36,2025-03-18 00:25:46
ATT0001776,PAY0000014,GTW020,2,Success,,2024-08-18 10:27:09,2024-08-18 10:27:18
ATT0001777,PAY0000457,GTW019,3,Success,,2025-06-29 14:41:42,2025-06-29 14:41:49
ATT0001778,PAY0001177,GTW012,3,Failed,Invalid OTP,2024-06-05 06:49:09,2024-06-05 06:49:16
ATT0001779,PAY0000372,GTW004,1,Success,,2024-02-10 04:34:22,2024-02-10 04:34:25
ATT0001780,PAY0000671,GTW011,1,Success,,2024-07-25 09:10:27,2024-07-25 09:10:36
ATT0001781,PAY0000478,GTW007,2,Success,,2025-03-26 03:53:24,2025-03-26 03:53:25
ATT0001782,PAY0000910,GTW007,2,Success,,2025-03-25 12:12:13,2025-03-25 12:12:26
ATT0001783,PAY0001209,GTW004,1,Failed,Network Error,2025-06-02 18:46:33,2025-06-02 18:46:37
ATT0001784,PAY0000430,GTW004,2,Success,,2025-01-01 23:20:26,2025-01-01 23:20:33
ATT0001785,PAY0000431,GTW003,3,Success,,2024-09-18 16:07:29,2024-09-18 16:07:30
ATT0001786,PAY0000015,GTW013,2,Success,,2024-04-12 11:23:19,2024-04-12 11:23:22
ATT0001787,PAY0000890,GTW010,1,Failed,Daily Limit Exceeded,2024-03-27 20:41:51,2024-03-27 20:42:04
ATT0001788,PAY0000033,GTW009,3,Success,,2024-11-27 01:09:54,2024-11-27 01:10:02
ATT0001789,PAY0000364,GTW019,1,Success,,2024-06-08 04:44:30,2024-06-08 04:44:32
ATT0001790,PAY0000126,GTW020,1,Failed,Network Error,2025-11-07 09:23:39,2025-11-07 09:23:53
ATT0001791,PAY0000859,GTW006,1,Failed,Card Expired,2024-06-04 23:51:51,2024-06-04 23:51:57
ATT0001792,PAY0000225,GTW006,1,Success,,2024-11-09 12:40:23,2024-11-09 12:40:32
ATT0001793,PAY0001274,GTW011,1,Success,,2024-12-05 00:56:30,2024-12-05 00:56:32
ATT0001794,PAY0000296,GTW014,1,Success,,2025-09-04 23:33:10,2025-09-04 23:33:16
ATT0001795,PAY0000206,GTW001,2,Failed,Daily Limit Exceeded,2024-04-04 13:04:07,2024-04-04 13:04:23
ATT0001796,PAY0000851,GTW018,2,Success,,2025-09-09 20:00:19,2025-09-09 20:00:35
ATT0001797,PAY0000962,GTW009,1,Success,,2025-07-06 11:39:42,2025-07-06 11:39:46
ATT0001798,PAY0000979,GTW016,3,Failed,Network Error,2025-08-07 06:08:14,2025-08-07 06:08:31
ATT0001799,PAY0000293,GTW008,3,Success,,2024-04-07 22:25:18,2024-04-07 22:25:38
ATT0001800,PAY0000216,GTW008,1,Success,,2025-11-06 09:21:45,2025-11-06 09:22:00
ATT0001801,PAY0001369,GTW019,3,Success,,2024-09-30 04:20:27,2024-09-30 04:20:39
ATT0001802,PAY0001355,GTW005,3,Success,,2024-02-05 23:57:51,2024-02-05 23:58:04
ATT0001803,PAY0001295,GTW002,1,Failed,Network Error,2024-01-15 04:40:02,2024-01-15 04:40:10
ATT0001804,PAY0000813,GTW011,1,Success,,2025-05-10 11:12:40,2025-05-10 11:12:59
ATT0001805,PAY0000831,GTW015,1,Success,,2024-09-26 17:28:07,2024-09-26 17:28:16
ATT0001806,PAY0001343,GTW017,2,Success,,2024-07-09 08:21:51,2024-07-09 08:22:07
ATT0001807,PAY0001125,GTW015,3,Success,,2024-12-16 16:16:04,2024-12-16 16:16:16
ATT0001808,PAY0000874,GTW001,3,Success,,2024-08-20 14:53:07,2024-08-20 14:53:11
ATT0001809,PAY0001128,GTW010,1,Failed,Fraud Check Failed,2024-11-10 14:27:35,2024-11-10 14:27:38
ATT0001810,PAY0000374,GTW013,3,Success,,2025-11-27 07:49:01,2025-11-27 07:49:08
ATT0001811,PAY0000725,GTW017,3,Success,,2025-07-30 16:33:03,2025-07-30 16:33:21
ATT0001812,PAY0000743,GTW018,1,Success,,2025-06-27 05:23:10,2025-06-27 05:23:14
ATT0001813,PAY0001394,GTW006,3,Success,,2025-09-25 07:53:59,2025-09-25 07:54:04
ATT0001814,PAY0001108,GTW020,2,Failed,Fraud Check Failed,2024-10-12 01:25:18,2024-10-12 01:25:31
ATT0001815,PAY0000863,GTW016,2,Success,,2024-11-03 00:04:16,2024-11-03 00:04:34
ATT0001816,PAY0001369,GTW010,1,Failed,Network Error,2025-09-19 19:04:03,2025-09-19 19:04:17
ATT0001817,PAY0000295,GTW016,1,Success,,2024-09-05 12:50:10,2024-09-05 12:50:24
ATT0001818,PAY0000801,GTW019,1,Success,,2024-12-24 02:14:17,2024-12-24 02:14:22
ATT0001819,PAY0000823,GTW004,3,Success,,2025-11-19 04:13:28,2025-11-19 04:13:33
ATT0001820,PAY0001377,GTW009,2,Success,,2024-04-30 16:19:33,2024-04-30 16:19:37
ATT0001821,PAY0001288,GTW020,2,Success,,2025-03-24 09:52:07,2025-03-24 09:52:25
ATT0001822,PAY0001250,GTW015,1,Success,,2024-12-15 08:02:24,2024-12-15 08:02:33
ATT0001823,PAY0000232,GTW015,2,Success,,2025-05-13 09:14:33,2025-05-13 09:14:37
ATT0001824,PAY0000182,GTW020,3,Failed,Bank Declined,2024-09-04 21:31:53,2024-09-04 21:32:07
ATT0001825,PAY0000117,GTW004,2,Failed,Bank Declined,2024-10-09 08:40:32,2024-10-09 08:40:43
ATT0001826,PAY0001366,GTW009,2,Success,,2024-04-13 22:51:31,2024-04-13 22:51:39
ATT0001827,PAY0001200,GTW016,1,Success,,2025-11-12 08:06:49,2025-11-12 08:07:05
ATT0001828,PAY0001149,GTW020,3,Success,,2025-06-15 21:24:02,2025-06-15 21:24:22
ATT0001829,PAY0000221,GTW019,3,Failed,Card Expired,2025-08-12 03:07:48,2025-08-12 03:07:56
ATT0001830,PAY0001189,GTW020,2,Failed,Daily Limit Exceeded,2024-02-10 11:41:50,2024-02-10 11:42:05
ATT0001831,PAY0001175,GTW017,1,Failed,UPI Timeout,2025-10-05 23:49:27,2025-10-05 23:49:28
ATT0001832,PAY0001162,GTW006,1,Success,,2024-12-02 03:18:58,2024-12-02 03:19:12
ATT0001833,PAY0000059,GTW015,2,Success,,2025-11-30 11:22:15,2025-11-30 11:22:24
ATT0001834,PAY0000914,GTW002,2,Success,,2025-10-12 08:49:50,2025-10-12 08:49:56
ATT0001835,PAY0000429,GTW018,3,Success,,2025-02-14 11:49:52,2025-02-14 11:49:58
ATT0001836,PAY0001024,GTW003,2,Success,,2025-07-05 23:51:53,2025-07-05 23:52:01
ATT0001837,PAY0000649,GTW010,1,Failed,Daily Limit Exceeded,2024-04-02 20:25:20,2024-04-02 20:25:40
ATT0001838,PAY0001310,GTW006,2,Success,,2025-05-12 11:21:51,2025-05-12 11:22:06
ATT0001839,PAY0000741,GTW006,1,Success,,2024-04-24 06:37:19,2024-04-24 06:37:36
ATT0001840,PAY0001435,GTW018,2,Success,,2025-07-05 05:25:39,2025-07-05 05:25:42
ATT0001841,PAY0000407,GTW003,1,Success,,2025-11-10 12:54:16,2025-11-10 12:54:21
ATT0001842,PAY0001467,GTW011,3,Success,,2024-05-16 12:06:54,2024-05-16 12:07:04
ATT0001843,PAY0001257,GTW019,1,Success,,2024-08-18 14:52:02,2024-08-18 14:52:10
ATT0001844,PAY0001123,GTW005,3,Failed,UPI Timeout,2024-01-27 15:14:53,2024-01-27 15:15:01
ATT0001845,PAY0000463,GTW015,3,Failed,Customer Cancelled,2024-05-28 00:18:15,2024-05-28 00:18:16
ATT0001846,PAY0000990,GTW015,2,Success,,2025-08-04 06:26:11,2025-08-04 06:26:28
ATT0001847,PAY0001190,GTW013,3,Success,,2025-01-31 23:16:45,2025-01-31 23:16:57
ATT0001848,PAY0000540,GTW014,2,Success,,2024-08-28 10:34:22,2024-08-28 10:34:25
ATT0001849,PAY0001420,GTW005,2,Failed,Fraud Check Failed,2024-09-09 17:37:08,2024-09-09 17:37:12
ATT0001850,PAY0001451,GTW016,3,Success,,2025-09-10 07:46:22,2025-09-10 07:46:40
ATT0001851,PAY0000459,GTW015,2,Success,,2024-02-24 14:39:28,2024-02-24 14:39:44
ATT0001852,PAY0001211,GTW014,1,Failed,Insufficient Funds,2024-06-24 00:35:28,2024-06-24 00:35:46
ATT0001853,PAY0000712,GTW016,3,Success,,2025-11-29 11:04:46,2025-11-29 11:04:55
ATT0001854,PAY0001167,GTW009,3,Success,,2025-09-04 15:27:45,2025-09-04 15:27:50
ATT0001855,PAY0000812,GTW007,3,Success,,2025-07-05 22:43:19,2025-07-05 22:43:30
ATT0001856,PAY0000477,GTW019,3,Failed,Insufficient Funds,2024-05-27 17:43:37,2024-05-27 17:43:48
ATT0001857,PAY0001249,GTW002,3,Success,,2025-08-24 03:49:04,2025-08-24 03:49:24
ATT0001858,PAY0000131,GTW017,2,Success,,2024-07-18 07:38:49,2024-07-18 07:38:55
ATT0001859,PAY0000372,GTW001,3,Failed,Customer Cancelled,2024-05-02 10:05:06,2024-05-02 10:05:19
ATT0001860,PAY0001436,GTW013,2,Success,,2025-04-30 04:54:21,2025-04-30 04:54:27
ATT0001861,PAY0000197,GTW010,2,Success,,2025-03-16 08:31:05,2025-03-16 08:31:11
ATT0001862,PAY0000534,GTW013,1,Success,,2025-10-24 20:05:21,2025-10-24 20:05:36
ATT0001863,PAY0000193,GTW017,2,Success,,2025-09-12 01:35:03,2025-09-12 01:35:15
ATT0001864,PAY0000196,GTW006,1,Failed,Invalid OTP,2025-06-25 00:00:20,2025-06-25 00:00:33
ATT0001865,PAY0000057,GTW019,3,Success,,2024-03-12 05:12:40,2024-03-12 05:13:00
ATT0001866,PAY0001021,GTW006,3,Success,,2024-12-19 03:55:43,2024-12-19 03:55:48
ATT0001867,PAY0001229,GTW012,3,Success,,2025-03-27 22:54:56,2025-03-27 22:55:02
ATT0001868,PAY0001040,GTW005,2,Success,,2024-02-09 17:56:50,2024-02-09 17:56:54
ATT0001869,PAY0000639,GTW010,1,Success,,2024-07-03 18:33:10,2024-07-03 18:33:14
ATT0001870,PAY0001020,GTW007,3,Success,,2025-09-19 10:29:59,2025-09-19 10:30:17
ATT0001871,PAY0000797,GTW015,1,Success,,2024-03-08 10:15:23,2024-03-08 10:15:28
ATT0001872,PAY0000491,GTW016,1,Success,,2024-02-12 11:03:58,2024-02-12 11:04:14
ATT0001873,PAY0001351,GTW019,1,Failed,Customer Cancelled,2024-04-03 21:41:20,2024-04-03 21:41:37
ATT0001874,PAY0001178,GTW018,3,Success,,2025-07-13 20:12:18,2025-07-13 20:12:29
ATT0001875,PAY0000278,GTW015,1,Success,,2025-10-03 13:25:27,2025-10-03 13:25:40
ATT0001876,PAY0000169,GTW016,1,Success,,2024-11-25 17:30:39,2024-11-25 17:30:52
ATT0001877,PAY0000627,GTW016,2,Success,,2024-02-26 16:53:02,2024-02-26 16:53:09
ATT0001878,PAY0000183,GTW010,3,Success,,2025-08-07 17:11:41,2025-08-07 17:11:52
ATT0001879,PAY0000099,GTW018,1,Success,,2024-11-06 12:12:22,2024-11-06 12:12:40
ATT0001880,PAY0000108,GTW014,3,Success,,2024-07-01 16:23:43,2024-07-01 16:23:45
ATT0001881,PAY0000440,GTW004,2,Failed,Daily Limit Exceeded,2024-08-14 22:20:04,2024-08-14 22:20:11
ATT0001882,PAY0000424,GTW019,3,Success,,2024-02-16 12:13:57,2024-02-16 12:14:01
ATT0001883,PAY0000595,GTW001,1,Success,,2024-12-04 05:24:52,2024-12-04 05:25:00
ATT0001884,PAY0000762,GTW013,1,Success,,2025-09-05 07:39:42,2025-09-05 07:39:51
ATT0001885,PAY0000866,GTW019,3,Failed,Bank Declined,2025-10-03 09:13:56,2025-10-03 09:14:05
ATT0001886,PAY0001414,GTW001,2,Failed,Daily Limit Exceeded,2025-01-21 08:53:57,2025-01-21 08:54:04
ATT0001887,PAY0000520,GTW020,1,Success,,2025-02-08 01:44:49,2025-02-08 01:45:04
ATT0001888,PAY0000264,GTW008,1,Success,,2024-04-28 05:57:50,2024-04-28 05:58:06
ATT0001889,PAY0000137,GTW006,3,Success,,2024-09-19 21:45:59,2024-09-19 21:46:12
ATT0001890,PAY0000584,GTW018,2,Success,,2025-08-06 08:06:48,2025-08-06 08:06:52
ATT0001891,PAY0000809,GTW007,1,Success,,2025-05-24 06:08:33,2025-05-24 06:08:35
ATT0001892,PAY0000961,GTW016,1,Success,,2024-02-08 12:11:05,2024-02-08 12:11:08
ATT0001893,PAY0000496,GTW014,3,Success,,2024-05-26 14:38:49,2024-05-26 14:38:51
ATT0001894,PAY0001358,GTW017,1,Success,,2024-11-21 01:36:00,2024-11-21 01:36:05
ATT0001895,PAY0000700,GTW009,1,Success,,2024-07-24 20:03:25,2024-07-24 20:03:38
ATT0001896,PAY0000314,GTW010,3,Success,,2024-07-07 20:12:21,2024-07-07 20:12:36
ATT0001897,PAY0000052,GTW015,1,Failed,Network Error,2025-09-08 16:18:35,2025-09-08 16:18:41
ATT0001898,PAY0001121,GTW011,1,Success,,2024-03-07 13:33:34,2024-03-07 13:33:35
ATT0001899,PAY0001267,GTW006,3,Failed,UPI Timeout,2025-01-14 01:09:57,2025-01-14 01:10:01
ATT0001900,PAY0000013,GTW013,1,Success,,2025-01-31 18:07:54,2025-01-31 18:08:02
ATT0001901,PAY0001287,GTW002,3,Success,,2024-01-21 20:52:58,2024-01-21 20:53:14
ATT0001902,PAY0001171,GTW013,2,Success,,2025-01-31 14:58:47,2025-01-31 14:58:55
ATT0001903,PAY0001399,GTW016,3,Success,,2025-10-13 14:30:58,2025-10-13 14:31:03
ATT0001904,PAY0000931,GTW018,2,Success,,2024-10-20 20:46:11,2024-10-20 20:46:24
ATT0001905,PAY0000527,GTW006,2,Success,,2025-03-18 09:09:02,2025-03-18 09:09:17
ATT0001906,PAY0000841,GTW018,1,Failed,Bank Declined,2024-05-08 20:22:13,2024-05-08 20:22:26
ATT0001907,PAY0000856,GTW015,3,Success,,2025-02-01 14:23:21,2025-02-01 14:23:32
ATT0001908,PAY0001363,GTW013,1,Success,,2024-07-29 07:13:45,2024-07-29 07:13:52
ATT0001909,PAY0001165,GTW007,3,Success,,2025-09-25 11:57:29,2025-09-25 11:57:47
ATT0001910,PAY0000837,GTW012,3,Success,,2025-02-06 04:30:06,2025-02-06 04:30:24
ATT0001911,PAY0001336,GTW015,2,Failed,Card Expired,2025-09-30 13:03:12,2025-09-30 13:03:19
ATT0001912,PAY0001130,GTW006,3,Success,,2025-06-13 13:11:28,2025-06-13 13:11:29
ATT0001913,PAY0001422,GTW007,2,Success,,2024-06-25 08:47:43,2024-06-25 08:48:02
ATT0001914,PAY0000320,GTW013,3,Success,,2024-07-21 04:26:20,2024-07-21 04:26:35
ATT0001915,PAY0000504,GTW005,2,Success,,2025-09-19 16:47:40,2025-09-19 16:47:42
ATT0001916,PAY0001385,GTW004,1,Success,,2024-01-09 01:21:54,2024-01-09 01:21:57
ATT0001917,PAY0000642,GTW012,1,Success,,2024-08-06 09:53:04,2024-08-06 09:53:16
ATT0001918,PAY0001277,GTW011,3,Failed,Invalid OTP,2025-04-02 15:21:45,2025-04-02 15:21:51
ATT0001919,PAY0000622,GTW004,3,Success,,2024-06-04 05:26:07,2024-06-04 05:26:25
ATT0001920,PAY0001267,GTW014,1,Success,,2025-10-05 15:44:17,2025-10-05 15:44:25
ATT0001921,PAY0000233,GTW005,2,Success,,2024-02-10 04:56:24,2024-02-10 04:56:40
ATT0001922,PAY0000777,GTW016,1,Success,,2025-08-23 22:52:23,2025-08-23 22:52:38
ATT0001923,PAY0001198,GTW019,1,Success,,2024-01-21 15:42:36,2024-01-21 15:42:48
ATT0001924,PAY0000696,GTW003,2,Success,,2024-05-18 19:19:43,2024-05-18 19:19:56
ATT0001925,PAY0000307,GTW004,3,Success,,2025-10-11 10:18:45,2025-10-11 10:18:48
ATT0001926,PAY0000727,GTW020,2,Success,,2025-08-27 13:10:23,2025-08-27 13:10:32
ATT0001927,PAY0000394,GTW017,2,Failed,Insufficient Funds,2024-01-25 15:20:57,2024-01-25 15:21:03
ATT0001928,PAY0001330,GTW008,3,Success,,2025-04-04 13:21:02,2025-04-04 13:21:11
ATT0001929,PAY0001345,GTW015,3,Success,,2025-07-18 01:08:55,2025-07-18 01:09:15
ATT0001930,PAY0000022,GTW019,1,Success,,2024-07-23 15:24:24,2024-07-23 15:24:26
ATT0001931,PAY0001424,GTW009,3,Success,,2025-01-10 16:54:50,2025-01-10 16:55:04
ATT0001932,PAY0000834,GTW011,1,Failed,Invalid OTP,2024-09-24 17:12:31,2024-09-24 17:12:41
ATT0001933,PAY0000171,GTW015,3,Success,,2025-11-13 10:55:32,2025-11-13 10:55:36
ATT0001934,PAY0000048,GTW005,1,Success,,2024-06-30 11:04:09,2024-06-30 11:04:28
ATT0001935,PAY0000486,GTW003,1,Success,,2024-01-14 23:51:21,2024-01-14 23:51:41
ATT0001936,PAY0000145,GTW005,3,Success,,2025-04-16 20:55:21,2025-04-16 20:55:25
ATT0001937,PAY0001255,GTW004,1,Success,,2024-07-23 23:59:05,2024-07-23 23:59:11
ATT0001938,PAY0000188,GTW003,1,Success,,2024-08-26 06:03:45,2024-08-26 06:03:48
ATT0001939,PAY0000793,GTW011,3,Success,,2025-05-02 06:45:31,2025-05-02 06:45:51
ATT0001940,PAY0001447,GTW006,2,Success,,2025-11-23 18:55:55,2025-11-23 18:55:57
ATT0001941,PAY0000907,GTW006,3,Success,,2024-06-29 06:16:09,2024-06-29 06:16:27
ATT0001942,PAY0001179,GTW007,3,Success,,2024-03-18 06:11:54,2024-03-18 06:12:05
ATT0001943,PAY0000467,GTW006,2,Success,,2025-08-29 09:38:26,2025-08-29 09:38:43
ATT0001944,PAY0001312,GTW010,1,Success,,2024-12-19 23:15:33,2024-12-19 23:15:34
ATT0001945,PAY0001342,GTW009,2,Success,,2024-03-07 01:04:31,2024-03-07 01:04:43
ATT0001946,PAY0000124,GTW020,2,Success,,2025-04-01 00:47:43,2025-04-01 00:47:46
ATT0001947,PAY0000653,GTW019,2,Success,,2025-09-12 21:04:36,2025-09-12 21:04:45
ATT0001948,PAY0001490,GTW011,2,Success,,2025-05-06 11:31:19,2025-05-06 11:31:35
ATT0001949,PAY0000642,GTW018,3,Success,,2025-08-24 05:02:44,2025-08-24 05:02:56
ATT0001950,PAY0000840,GTW015,2,Success,,2025-02-16 14:55:57,2025-02-16 14:56:12
ATT0001951,PAY0000927,GTW005,1,Success,,2025-01-29 13:01:55,2025-01-29 13:02:00
ATT0001952,PAY0000649,GTW013,3,Success,,2025-01-09 00:27:50,2025-01-09 00:27:56
ATT0001953,PAY0000310,GTW019,1,Success,,2024-01-17 12:30:09,2024-01-17 12:30:18
ATT0001954,PAY0000691,GTW007,1,Success,,2024-06-11 09:53:54,2024-06-11 09:54:12
ATT0001955,PAY0000569,GTW008,1,Success,,2025-05-26 13:27:54,2025-05-26 13:28:00
ATT0001956,PAY0000999,GTW002,2,Failed,Invalid OTP,2024-03-09 10:45:30,2024-03-09 10:45:50
ATT0001957,PAY0000290,GTW008,3,Failed,Network Error,2024-08-09 13:31:00,2024-08-09 13:31:10
ATT0001958,PAY0000694,GTW010,3,Success,,2025-09-18 03:38:08,2025-09-18 03:38:25
ATT0001959,PAY0000578,GTW011,3,Success,,2024-05-11 11:36:30,2024-05-11 11:36:33
ATT0001960,PAY0000037,GTW015,2,Success,,2024-08-02 10:44:14,2024-08-02 10:44:25
ATT0001961,PAY0001299,GTW016,2,Success,,2025-08-14 10:44:12,2025-08-14 10:44:17
ATT0001962,PAY0000660,GTW019,1,Success,,2025-09-16 07:52:52,2025-09-16 07:53:00
ATT0001963,PAY0001001,GTW019,2,Failed,Network Error,2024-11-16 16:56:06,2024-11-16 16:56:19
ATT0001964,PAY0001278,GTW011,1,Success,,2025-04-18 19:57:57,2025-04-18 19:58:06
ATT0001965,PAY0000138,GTW015,2,Success,,2024-10-09 22:09:23,2024-10-09 22:09:25
ATT0001966,PAY0000971,GTW008,1,Success,,2024-12-01 11:52:39,2024-12-01 11:52:55
ATT0001967,PAY0001151,GTW005,2,Failed,UPI Timeout,2025-05-11 10:38:56,2025-05-11 10:39:14
ATT0001968,PAY0001323,GTW007,3,Success,,2024-10-29 23:03:47,2024-10-29 23:03:54
ATT0001969,PAY0001073,GTW017,2,Success,,2025-01-20 13:44:52,2025-01-20 13:44:53
ATT0001970,PAY0000611,GTW009,1,Success,,2024-01-26 00:41:41,2024-01-26 00:41:55
ATT0001971,PAY0000162,GTW012,2,Success,,2024-05-31 14:40:24,2024-05-31 14:40:42
ATT0001972,PAY0000322,GTW020,2,Success,,2024-04-20 08:29:17,2024-04-20 08:29:24
ATT0001973,PAY0001447,GTW020,2,Success,,2025-08-23 04:20:01,2025-08-23 04:20:05
ATT0001974,PAY0000108,GTW011,3,Success,,2024-05-25 10:53:46,2024-05-25 10:53:59
ATT0001975,PAY0001127,GTW001,3,Success,,2024-11-27 12:11:20,2024-11-27 12:11:40
ATT0001976,PAY0000071,GTW010,2,Success,,2025-08-05 01:56:32,2025-08-05 01:56:34
ATT0001977,PAY0001481,GTW005,2,Success,,2024-03-10 04:09:06,2024-03-10 04:09:23
ATT0001978,PAY0000335,GTW008,1,Success,,2024-12-31 10:05:26,2024-12-31 10:05:37
ATT0001979,PAY0000143,GTW016,2,Success,,2025-06-21 13:41:50,2025-06-21 13:42:03
ATT0001980,PAY0001423,GTW005,3,Failed,UPI Timeout,2024-07-31 14:10:07,2024-07-31 14:10:16
ATT0001981,PAY0000491,GTW002,3,Success,,2024-01-25 01:41:53,2024-01-25 01:42:01
ATT0001982,PAY0000981,GTW002,1,Success,,2024-08-26 04:55:08,2024-08-26 04:55:25
ATT0001983,PAY0000655,GTW011,2,Success,,2025-11-17 12:01:32,2025-11-17 12:01:42
ATT0001984,PAY0001009,GTW001,3,Success,,2025-02-28 17:04:02,2025-02-28 17:04:09
ATT0001985,PAY0001208,GTW002,1,Success,,2025-05-18 00:22:44,2025-05-18 00:22:47
ATT0001986,PAY0001192,GTW012,3,Failed,Insufficient Funds,2024-06-17 12:13:09,2024-06-17 12:13:27
ATT0001987,PAY0001286,GTW020,2,Success,,2025-01-18 16:24:10,2025-01-18 16:24:17
ATT0001988,PAY0001245,GTW009,2,Success,,2024-09-23 12:07:41,2024-09-23 12:07:51
ATT0001989,PAY0000925,GTW001,2,Success,,2025-10-29 21:32:49,2025-10-29 21:33:02
ATT0001990,PAY0000420,GTW006,1,Success,,2024-04-19 23:59:55,2024-04-20 00:00:02
ATT0001991,PAY0000410,GTW019,3,Success,,2025-11-21 06:56:37,2025-11-21 06:56:47
ATT0001992,PAY0000740,GTW015,1,Success,,2024-08-23 18:56:56,2024-08-23 18:57:05
ATT0001993,PAY0000445,GTW017,1,Success,,2024-08-09 05:55:21,2024-08-09 05:55:28
ATT0001994,PAY0001024,GTW013,3,Success,,2025-02-04 19:48:10,2025-02-04 19:48:26
ATT0001995,PAY0000984,GTW018,3,Success,,2025-11-14 07:04:39,2025-11-14 07:04:43
ATT0001996,PAY0000001,GTW001,3,Success,,2024-01-12 08:59:00,2024-01-12 08:59:10
ATT0001997,PAY0000912,GTW013,3,Success,,2024-06-12 03:03:23,2024-06-12 03:03:30
ATT0001998,PAY0001323,GTW007,2,Success,,2025-01-16 02:17:26,2025-01-16 02:17:27
ATT0001999,PAY0000610,GTW002,1,Success,,2024-09-26 14:59:59,2024-09-26 15:00:06
ATT0002000,PAY0000247,GTW001,2,Success,,2024-04-25 02:46:15,2024-04-25 02:46:30
