settlement_id,merchant_id,payment_id,account_id,settlement_amount,settlement_status,initiated_at,completed_at,bank_reference
SET0000001,MER000015,PAY0000052,ACC000015,13534,Initiated,2024-10-08 07:14:00,,
SET0000002,MER000070,PAY0000179,ACC000070,28757,Initiated,2025-08-27 13:02:00,,
SET0000003,MER000030,PAY0001035,ACC000030,92024,Completed,2025-09-08 00:35:00,2025-09-09 19:35:00,BNKREF10000002
SET0000004,MER000070,PAY0000860,ACC000070,99558,Completed,2024-08-13 14:37:00,2024-08-13 16:37:00,BNKREF10000003
SET0000005,MER000021,PAY0001430,ACC000021,13496,Completed,2025-03-08 10:17:00,2025-03-09 09:17:00,BNKREF10000004
SET0000006,MER000012,PAY0000779,ACC000012,5795,Completed,2024-04-09 11:54:00,2024-04-10 05:54:00,BNKREF10000005
SET0000007,MER000059,PAY0001099,ACC000059,81170,Completed,2024-05-07 12:05:00,2024-05-09 06:05:00,BNKREF10000006
SET0000008,MER000047,PAY0001183,ACC000047,29971,Initiated,2024-07-15 22:04:00,,
SET0000009,MER000038,PAY0000164,ACC000038,47919,Completed,2024-08-26 03:24:00,2024-08-27 21:24:00,BNKREF10000008
SET0000010,MER000021,PAY0000759,ACC000021,85039,Completed,2024-12-29 06:42:00,2024-12-31 03:42:00,BNKREF10000009
SET0000011,MER000010,PAY0001248,ACC000010,60689,Completed,2025-10-12 05:34:00,2025-10-12 17:34:00,BNKREF10000010
SET0000012,MER000049,PAY0000553,ACC000049,7431,Completed,2025-10-17 22:35:00,2025-10-18 20:35:00,BNKREF10000011
SET0000013,MER000030,PAY0000066,ACC000030,74441,Initiated,2024-11-19 12:17:00,,
SET0000014,MER000041,PAY0000436,ACC000041,60242,Completed,2025-11-02 15:25:00,2025-11-04 10:25:00,BNKREF10000013
SET0000015,MER000019,PAY0000543,ACC000019,98012,Completed,2024-05-22 07:47:00,2024-05-23 01:47:00,BNKREF10000014
SET0000016,MER000055,PAY0001196,ACC000055,66884,Failed,2025-02-12 11:14:00,2025-02-12 21:14:00,BNKREF10000015
SET0000017,MER000064,PAY0000187,ACC000064,55433,Completed,2024-02-18 03:09:00,2024-02-20 00:09:00,BNKREF10000016
SET0000018,MER000009,PAY0000789,ACC000009,1604,Completed,2025-01-25 19:29:00,2025-01-27 08:29:00,BNKREF10000017
SET0000019,MER000015,PAY0001397,ACC000015,38569,Completed,2025-07-03 08:49:00,2025-07-03 17:49:00,BNKREF10000018
SET0000020,MER000056,PAY0000324,ACC000056,65712,Completed,2025-04-09 00:46:00,2025-04-09 18:46:00,BNKREF10000019
SET0000021,MER000023,PAY0001040,ACC000023,79918,Completed,2024-04-18 20:19:00,2024-04-20 06:19:00,BNKREF10000020
SET0000022,MER000026,PAY0000314,ACC000026,174,Failed,2025-01-17 05:34:00,2025-01-18 16:34:00,BNKREF10000021
SET0000023,MER000042,PAY0001001,ACC000042,31485,Completed,2024-01-20 03:59:00,2024-01-21 00:59:00,BNKREF10000022
SET0000024,MER000008,PAY0000494,ACC000008,99793,Completed,2025-08-03 02:05:00,2025-08-03 08:05:00,BNKREF10000023
SET0000025,MER000069,PAY0000258,ACC000069,34841,Completed,2024-05-11 21:30:00,2024-05-12 09:30:00,BNKREF10000024
SET0000026,MER000068,PAY0001243,ACC000068,90522,Completed,2025-03-09 06:59:00,2025-03-11 06:59:00,BNKREF10000025
SET0000027,MER000026,PAY0001461,ACC000026,67939,Completed,2024-11-15 12:42:00,2024-11-16 18:42:00,BNKREF10000026
SET0000028,MER000058,PAY0000248,ACC000058,72703,Completed,2024-09-10 07:04:00,2024-09-11 22:04:00,BNKREF10000027
SET0000029,MER000030,PAY0001206,ACC000030,30107,Completed,2024-08-13 00:04:00,2024-08-13 05:04:00,BNKREF10000028
SET0000030,MER000009,PAY0000065,ACC000009,63724,Completed,2024-12-04 02:32:00,2024-12-05 22:32:00,BNKREF10000029
SET0000031,MER000028,PAY0001105,ACC000028,62053,Completed,2024-05-15 23:59:00,2024-05-17 13:59:00,BNKREF10000030
SET0000032,MER000032,PAY0000969,ACC000032,56598,Initiated,2025-02-20 06:06:00,,
SET0000033,MER000046,PAY0000868,ACC000046,85749,Completed,2025-02-24 14:55:00,2025-02-26 11:55:00,BNKREF10000032
SET0000034,MER000013,PAY0000125,ACC000013,32691,Completed,2025-02-16 23:21:00,2025-02-17 07:21:00,BNKREF10000033
SET0000035,MER000025,PAY0000390,ACC000025,60737,Completed,2025-07-03 14:08:00,2025-07-04 09:08:00,BNKREF10000034
SET0000036,MER000032,PAY0000155,ACC000032,70955,Initiated,2025-03-29 17:06:00,,
SET0000037,MER000002,PAY0000192,ACC000002,52665,Completed,2024-08-30 05:26:00,2024-08-30 20:26:00,BNKREF10000036
SET0000038,MER000008,PAY0000338,ACC000008,37488,Completed,2025-01-23 00:24:00,2025-01-24 07:24:00,BNKREF10000037
SET0000039,MER000055,PAY0001427,ACC000055,38990,Completed,2025-07-23 21:45:00,2025-07-24 11:45:00,BNKREF10000038
SET0000040,MER000028,PAY0000120,ACC000028,41204,Initiated,2025-08-16 23:34:00,,
SET0000041,MER000008,PAY0000103,ACC000008,20735,Completed,2025-08-21 15:32:00,2025-08-23 02:32:00,BNKREF10000040
SET0000042,MER000008,PAY0001041,ACC000008,30928,Completed,2024-03-23 05:04:00,2024-03-25 02:04:00,BNKREF10000041
SET0000043,MER000052,PAY0000246,ACC000052,10845,Completed,2025-08-06 07:37:00,2025-08-08 00:37:00,BNKREF10000042
SET0000044,MER000054,PAY0001347,ACC000054,26872,Completed,2025-08-20 18:33:00,2025-08-21 12:33:00,BNKREF10000043
SET0000045,MER000041,PAY0000489,ACC000041,60029,Completed,2024-09-28 12:08:00,2024-09-29 09:08:00,BNKREF10000044
SET0000046,MER000041,PAY0000149,ACC000041,9702,Failed,2024-01-10 14:39:00,2024-01-10 22:39:00,BNKREF10000045
SET0000047,MER000069,PAY0000437,ACC000069,32118,Completed,2025-06-02 08:08:00,2025-06-02 14:08:00,BNKREF10000046
SET0000048,MER000048,PAY0000584,ACC000048,80273,Completed,2024-06-10 14:53:00,2024-06-11 11:53:00,BNKREF10000047
SET0000049,MER000068,PAY0000017,ACC000068,17701,Completed,2025-11-14 17:19:00,2025-11-15 01:19:00,BNKREF10000048
SET0000050,MER000034,PAY0000237,ACC000034,79376,Completed,2024-04-19 23:35:00,2024-04-20 19:35:00,BNKREF10000049
SET0000051,MER000027,PAY0001470,ACC000027,66344,Completed,2024-12-17 06:43:00,2024-12-18 00:43:00,BNKREF10000050
SET0000052,MER000063,PAY0000515,ACC000063,5878,Completed,2024-02-22 02:40:00,2024-02-22 21:40:00,BNKREF10000051
SET0000053,MER000001,PAY0000684,ACC000001,72409,Completed,2024-05-13 20:16:00,2024-05-15 02:16:00,BNKREF10000052
SET0000054,MER000055,PAY0001149,ACC000055,19636,Completed,2024-01-10 03:04:00,2024-01-12 01:04:00,BNKREF10000053
SET0000055,MER000070,PAY0000074,ACC000070,16804,Initiated,2025-01-13 18:35:00,,
SET0000056,MER000006,PAY0000632,ACC000006,32806,Completed,2025-01-08 01:57:00,2025-01-09 22:57:00,BNKREF10000055
SET0000057,MER000014,PAY0000725,ACC000014,21399,Completed,2025-07-27 13:39:00,2025-07-28 06:39:00,BNKREF10000056
SET0000058,MER000023,PAY0000845,ACC000023,87906,Completed,2024-01-26 05:47:00,2024-01-27 09:47:00,BNKREF10000057
SET0000059,MER000032,PAY0000547,ACC000032,61794,Completed,2024-06-12 22:06:00,2024-06-13 02:06:00,BNKREF10000058
SET0000060,MER000029,PAY0000409,ACC000029,29319,Completed,2025-04-16 11:19:00,2025-04-17 03:19:00,BNKREF10000059
SET0000061,MER000004,PAY0001352,ACC000004,36685,Completed,2024-07-16 12:21:00,2024-07-16 18:21:00,BNKREF10000060
SET0000062,MER000045,PAY0001314,ACC000045,43504,Failed,2025-06-05 12:43:00,2025-06-07 00:43:00,BNKREF10000061
SET0000063,MER000004,PAY0000237,ACC000004,5114,Failed,2024-09-24 05:37:00,2024-09-24 23:37:00,BNKREF10000062
SET0000064,MER000014,PAY0001222,ACC000014,79557,Completed,2025-03-20 11:46:00,2025-03-21 16:46:00,BNKREF10000063
SET0000065,MER000066,PAY0000237,ACC000066,57254,Completed,2025-01-29 18:12:00,2025-01-31 17:12:00,BNKREF10000064
SET0000066,MER000001,PAY0001065,ACC000001,25925,Completed,2025-07-05 21:46:00,2025-07-07 17:46:00,BNKREF10000065
SET0000067,MER000047,PAY0000884,ACC000047,87051,Completed,2024-03-12 21:58:00,2024-03-13 19:58:00,BNKREF10000066
SET0000068,MER000016,PAY0001475,ACC000016,52843,Completed,2024-11-03 16:19:00,2024-11-04 14:19:00,BNKREF10000067
SET0000069,MER000038,PAY0001136,ACC000038,88877,Completed,2024-05-10 06:26:00,2024-05-11 08:26:00,BNKREF10000068
SET0000070,MER000023,PAY0001261,ACC000023,39929,Completed,2025-08-05 09:25:00,2025-08-05 11:25:00,BNKREF10000069
SET0000071,MER000037,PAY0000431,ACC000037,58005,Completed,2025-03-16 18:38:00,2025-03-18 01:38:00,BNKREF10000070
SET0000072,MER000057,PAY0001384,ACC000057,86456,Completed,2024-08-06 16:30:00,2024-08-07 04:30:00,BNKREF10000071
SET0000073,MER000011,PAY0000582,ACC000011,98553,Completed,2025-06-11 21:40:00,2025-06-12 04:40:00,BNKREF10000072
SET0000074,MER000031,PAY0001378,ACC000031,6157,Completed,2024-11-13 07:51:00,2024-11-13 10:51:00,BNKREF10000073
SET0000075,MER000032,PAY0000974,ACC000032,75554,Completed,2025-09-17 02:29:00,2025-09-18 20:29:00,BNKREF10000074
SET0000076,MER000025,PAY0001472,ACC000025,90228,Completed,2025-01-28 15:25:00,2025-01-30 10:25:00,BNKREF10000075
SET0000077,MER000001,PAY0000219,ACC000001,67989,Completed,2025-03-11 07:11:00,2025-03-13 05:11:00,BNKREF10000076
SET0000078,MER000060,PAY0000103,ACC000060,17577,Completed,2025-07-24 07:58:00,2025-07-25 14:58:00,BNKREF10000077
SET0000079,MER000060,PAY0001368,ACC000060,80401,Completed,2025-06-27 17:38:00,2025-06-28 23:38:00,BNKREF10000078
SET0000080,MER000065,PAY0000874,ACC000065,59091,Completed,2025-07-15 14:57:00,2025-07-16 22:57:00,BNKREF10000079
SET0000081,MER000034,PAY0000507,ACC000034,82249,Completed,2025-10-14 08:49:00,2025-10-15 17:49:00,BNKREF10000080
SET0000082,MER000031,PAY0000563,ACC000031,44120,Completed,2025-03-26 02:45:00,2025-03-26 21:45:00,BNKREF10000081
SET0000083,MER000041,PAY0001107,ACC000041,20128,Completed,2024-03-23 04:09:00,2024-03-25 02:09:00,BNKREF10000082
SET0000084,MER000028,PAY0000132,ACC000028,8261,Completed,2025-02-28 13:21:00,2025-03-01 17:21:00,BNKREF10000083
SET0000085,MER000027,PAY0000861,ACC000027,75556,Initiated,2025-02-02 18:44:00,,
SET0000086,MER000049,PAY0000977,ACC000049,70645,Completed,2024-01-07 11:19:00,2024-01-08 15:19:00,BNKREF10000085
SET0000087,MER000070,PAY0001236,ACC000070,3904,Completed,2024-08-13 15:14:00,2024-08-15 00:14:00,BNKREF10000086
SET0000088,MER000050,PAY0000689,ACC000050,61361,Completed,2025-11-15 21:51:00,2025-11-16 09:51:00,BNKREF10000087
SET0000089,MER000017,PAY0001275,ACC000017,87000,Completed,2025-06-30 00:58:00,2025-07-01 14:58:00,BNKREF10000088
SET0000090,MER000004,PAY0000172,ACC000004,6690,Completed,2025-10-20 13:08:00,2025-10-21 02:08:00,BNKREF10000089
SET0000091,MER000034,PAY0000777,ACC000034,36571,Completed,2024-12-01 06:29:00,2024-12-02 08:29:00,BNKREF10000090
SET0000092,MER000054,PAY0000517,ACC000054,45970,Completed,2024-03-24 15:01:00,2024-03-24 20:01:00,BNKREF10000091
SET0000093,MER000029,PAY0001332,ACC000029,26230,Completed,2024-03-11 20:02:00,2024-03-12 13:02:00,BNKREF10000092
SET0000094,MER000003,PAY0001273,ACC000003,74020,Completed,2024-06-05 07:08:00,2024-06-05 16:08:00,BNKREF10000093
SET0000095,MER000028,PAY0000953,ACC000028,15112,Completed,2024-09-19 11:10:00,2024-09-21 10:10:00,BNKREF10000094
SET0000096,MER000021,PAY0000638,ACC000021,88881,Completed,2024-04-20 18:01:00,2024-04-22 08:01:00,BNKREF10000095
SET0000097,MER000049,PAY0000813,ACC000049,31930,Completed,2024-07-22 02:37:00,2024-07-23 20:37:00,BNKREF10000096
SET0000098,MER000014,PAY0001428,ACC000014,5483,Completed,2024-11-04 21:38:00,2024-11-06 11:38:00,BNKREF10000097
SET0000099,MER000045,PAY0001092,ACC000045,84974,Initiated,2025-03-14 21:23:00,,
SET0000100,MER000044,PAY0000026,ACC000044,83407,Completed,2025-03-06 15:06:00,2025-03-07 16:06:00,BNKREF10000099
SET0000101,MER000059,PAY0001449,ACC000059,35500,Completed,2024-06-05 13:11:00,2024-06-07 08:11:00,BNKREF10000100
SET0000102,MER000069,PAY0000991,ACC000069,42345,Completed,2025-04-21 13:52:00,2025-04-22 08:52:00,BNKREF10000101
SET0000103,MER000032,PAY0000178,ACC000032,80097,Completed,2024-10-12 14:15:00,2024-10-14 04:15:00,BNKREF10000102
SET0000104,MER000049,PAY0000689,ACC000049,27902,Completed,2024-01-30 15:54:00,2024-02-01 00:54:00,BNKREF10000103
SET0000105,MER000046,PAY0000530,ACC000046,72948,Completed,2024-12-14 08:56:00,2024-12-15 03:56:00,BNKREF10000104
SET0000106,MER000002,PAY0001059,ACC000002,72868,Completed,2024-07-14 02:15:00,2024-07-15 11:15:00,BNKREF10000105
SET0000107,MER000031,PAY0001415,ACC000031,12296,Completed,2025-05-02 20:45:00,2025-05-02 23:45:00,BNKREF10000106
SET0000108,MER000038,PAY0000454,ACC000038,48468,Completed,2025-02-18 22:15:00,2025-02-20 13:15:00,BNKREF10000107
SET0000109,MER000061,PAY0001134,ACC000061,43457,Failed,2025-06-27 11:27:00,2025-06-29 00:27:00,BNKREF10000108
SET0000110,MER000046,PAY0001440,ACC000046,94640,Completed,2025-04-09 08:19:00,2025-04-09 17:19:00,BNKREF10000109
SET0000111,MER000025,PAY0000647,ACC000025,24367,Failed,2024-05-02 23:34:00,2024-05-04 21:34:00,BNKREF10000110
SET0000112,MER000025,PAY0000444,ACC000025,78322,Completed,2025-05-10 08:46:00,2025-05-11 19:46:00,BNKREF10000111
SET0000113,MER000037,PAY0000206,ACC000037,1954,Completed,2024-07-17 09:14:00,2024-07-18 06:14:00,BNKREF10000112
SET0000114,MER000069,PAY0000260,ACC000069,16651,Completed,2024-10-07 01:03:00,2024-10-08 23:03:00,BNKREF10000113
SET0000115,MER000063,PAY0000211,ACC000063,44757,Completed,2024-01-13 18:18:00,2024-01-15 00:18:00,BNKREF10000114
SET0000116,MER000024,PAY0000106,ACC000024,64554,Completed,2024-09-15 15:07:00,2024-09-16 18:07:00,BNKREF10000115
SET0000117,MER000010,PAY0001182,ACC000010,39924,Completed,2025-10-06 21:03:00,2025-10-08 11:03:00,BNKREF10000116
SET0000118,MER000011,PAY0000509,ACC000011,81157,Completed,2024-05-01 17:48:00,2024-05-03 09:48:00,BNKREF10000117
SET0000119,MER000029,PAY0001071,ACC000029,56307,Completed,2025-01-24 14:58:00,2025-01-26 05:58:00,BNKREF10000118
SET0000120,MER000040,PAY0001165,ACC000040,27335,Failed,2025-09-27 01:39:00,2025-09-27 09:39:00,BNKREF10000119
SET0000121,MER000028,PAY0000542,ACC000028,9938,Completed,2025-11-07 02:10:00,2025-11-08 15:10:00,BNKREF10000120
SET0000122,MER000021,PAY0000006,ACC000021,4378,Completed,2025-02-22 14:44:00,2025-02-23 10:44:00,BNKREF10000121
SET0000123,MER000030,PAY0000591,ACC000030,30695,Completed,2024-10-16 22:55:00,2024-10-18 19:55:00,BNKREF10000122
SET0000124,MER000034,PAY0001281,ACC000034,15143,Completed,2025-08-26 21:51:00,2025-08-28 02:51:00,BNKREF10000123
SET0000125,MER000070,PAY0000461,ACC000070,9459,Completed,2025-10-25 04:58:00,2025-10-25 15:58:00,BNKREF10000124
SET0000126,MER000008,PAY0000340,ACC000008,57660,Completed,2024-11-10 19:47:00,2024-11-11 15:47:00,BNKREF10000125
SET0000127,MER000016,PAY0000960,ACC000016,70876,Completed,2024-11-07 22:25:00,2024-11-09 08:25:00,BNKREF10000126
SET0000128,MER000064,PAY0000897,ACC000064,79229,Completed,2024-03-23 19:02:00,2024-03-24 17:02:00,BNKREF10000127
SET0000129,MER000033,PAY0000053,ACC000033,77055,Completed,2024-04-03 07:43:00,2024-04-04 21:43:00,BNKREF10000128
SET0000130,MER000003,PAY0001377,ACC000003,61769,Completed,2024-10-02 18:02:00,2024-10-03 07:02:00,BNKREF10000129
SET0000131,MER000067,PAY0001335,ACC000067,83302,Failed,2025-03-28 08:11:00,2025-03-29 13:11:00,BNKREF10000130
SET0000132,MER000063,PAY0000187,ACC000063,13810,Completed,2025-04-26 11:26:00,2025-04-28 07:26:00,BNKREF10000131
SET0000133,MER000021,PAY0000676,ACC000021,99780,Completed,2025-02-25 22:31:00,2025-02-27 01:31:00,BNKREF10000132
SET0000134,MER000005,PAY0000932,ACC000005,67549,Completed,2024-03-31 10:16:00,2024-04-01 13:16:00,BNKREF10000133
SET0000135,MER000001,PAY0001347,ACC000001,68052,Initiated,2025-07-09 14:26:00,,
SET0000136,MER000047,PAY0001276,ACC000047,35103,Completed,2025-05-25 20:28:00,2025-05-26 11:28:00,BNKREF10000135
SET0000137,MER000017,PAY0000590,ACC000017,82678,Initiated,2025-03-24 22:31:00,,
SET0000138,MER000031,PAY0001454,ACC000031,53576,Initiated,2024-06-11 09:35:00,,
SET0000139,MER000012,PAY0000461,ACC000012,65423,Completed,2024-04-26 14:07:00,2024-04-27 01:07:00,BNKREF10000138
SET0000140,MER000038,PAY0001043,ACC000038,32046,Completed,2024-10-06 13:53:00,2024-10-07 21:53:00,BNKREF10000139
SET0000141,MER000059,PAY0001129,ACC000059,97918,Completed,2024-05-28 12:12:00,2024-05-29 22:12:00,BNKREF10000140
SET0000142,MER000018,PAY0000143,ACC000018,35118,Completed,2024-10-09 13:21:00,2024-10-10 23:21:00,BNKREF10000141
SET0000143,MER000001,PAY0000580,ACC000001,19576,Failed,2024-11-01 18:37:00,2024-11-03 03:37:00,BNKREF10000142
SET0000144,MER000058,PAY0001104,ACC000058,49541,Completed,2025-05-10 11:21:00,2025-05-11 23:21:00,BNKREF10000143
SET0000145,MER000059,PAY0000660,ACC000059,53941,Completed,2024-07-12 22:15:00,2024-07-13 14:15:00,BNKREF10000144
SET0000146,MER000006,PAY0000652,ACC000006,87091,Completed,2025-04-29 22:58:00,2025-05-01 00:58:00,BNKREF10000145
SET0000147,MER000020,PAY0001015,ACC000020,13254,Failed,2024-02-07 04:32:00,2024-02-08 03:32:00,BNKREF10000146
SET0000148,MER000057,PAY0000205,ACC000057,85923,Completed,2025-06-22 14:00:00,2025-06-23 18:00:00,BNKREF10000147
SET0000149,MER000020,PAY0000154,ACC000020,85275,Completed,2025-04-25 08:21:00,2025-04-26 11:21:00,BNKREF10000148
SET0000150,MER000011,PAY0000673,ACC000011,94303,Failed,2025-11-21 17:24:00,2025-11-23 11:24:00,BNKREF10000149
SET0000151,MER000063,PAY0001109,ACC000063,37767,Completed,2024-02-06 19:04:00,2024-02-08 16:04:00,BNKREF10000150
SET0000152,MER000030,PAY0000186,ACC000030,58253,Completed,2025-03-20 03:48:00,2025-03-20 11:48:00,BNKREF10000151
SET0000153,MER000022,PAY0001422,ACC000022,38552,Completed,2024-11-02 00:02:00,2024-11-02 05:02:00,BNKREF10000152
SET0000154,MER000046,PAY0000768,ACC000046,89464,Completed,2025-03-17 04:15:00,2025-03-18 18:15:00,BNKREF10000153
SET0000155,MER000024,PAY0000349,ACC000024,89639,Completed,2024-06-28 02:39:00,2024-06-29 19:39:00,BNKREF10000154
SET0000156,MER000031,PAY0001020,ACC000031,60336,Completed,2025-08-20 04:14:00,2025-08-20 22:14:00,BNKREF10000155
SET0000157,MER000033,PAY0001366,ACC000033,20806,Completed,2024-01-10 14:57:00,2024-01-12 02:57:00,BNKREF10000156
SET0000158,MER000010,PAY0000905,ACC000010,90580,Completed,2024-12-19 18:19:00,2024-12-20 23:19:00,BNKREF10000157
SET0000159,MER000033,PAY0000936,ACC000033,31191,Completed,2024-11-05 06:24:00,2024-11-05 14:24:00,BNKREF10000158
SET0000160,MER000049,PAY0001172,ACC000049,2975,Failed,2025-01-02 18:18:00,2025-01-03 14:18:00,BNKREF10000159
SET0000161,MER000051,PAY0000563,ACC000051,79582,Completed,2024-01-09 18:55:00,2024-01-09 23:55:00,BNKREF10000160
SET0000162,MER000064,PAY0000587,ACC000064,25020,Completed,2024-08-23 19:51:00,2024-08-25 13:51:00,BNKREF10000161
SET0000163,MER000033,PAY0001389,ACC000033,12835,Initiated,2025-11-06 21:53:00,,
SET0000164,MER000006,PAY0000633,ACC000006,11913,Completed,2025-03-27 01:37:00,2025-03-27 11:37:00,BNKREF10000163
SET0000165,MER000038,PAY0000670,ACC000038,70801,Initiated,2025-03-01 05:12:00,,
SET0000166,MER000047,PAY0001088,ACC000047,38784,Completed,2025-05-28 08:53:00,2025-05-29 16:53:00,BNKREF10000165
SET0000167,MER000044,PAY0000236,ACC000044,88747,Completed,2025-04-24 02:09:00,2025-04-24 18:09:00,BNKREF10000166
SET0000168,MER000051,PAY0001142,ACC000051,70429,Completed,2025-01-09 02:50:00,2025-01-09 20:50:00,BNKREF10000167
SET0000169,MER000016,PAY0000932,ACC000016,50041,Completed,2025-01-12 21:47:00,2025-01-14 12:47:00,BNKREF10000168
SET0000170,MER000048,PAY0000222,ACC000048,73684,Initiated,2025-11-22 07:30:00,,
SET0000171,MER000042,PAY0001250,ACC000042,91991,Completed,2024-08-14 20:04:00,2024-08-16 03:04:00,BNKREF10000170
SET0000172,MER000039,PAY0001330,ACC000039,4977,Initiated,2025-02-22 03:08:00,,
SET0000173,MER000039,PAY0001009,ACC000039,51040,Completed,2024-04-28 03:15:00,2024-04-28 13:15:00,BNKREF10000172
SET0000174,MER000059,PAY0000760,ACC000059,77083,Completed,2025-11-17 23:44:00,2025-11-19 03:44:00,BNKREF10000173
SET0000175,MER000020,PAY0000850,ACC000020,36766,Completed,2025-11-01 03:53:00,2025-11-02 07:53:00,BNKREF10000174
SET0000176,MER000005,PAY0001414,ACC000005,47637,Completed,2025-01-14 06:28:00,2025-01-14 23:28:00,BNKREF10000175
SET0000177,MER000013,PAY0001405,ACC000013,8036,Failed,2025-01-11 17:57:00,2025-01-12 17:57:00,BNKREF10000176
SET0000178,MER000051,PAY0000566,ACC000051,86970,Completed,2024-07-13 03:54:00,2024-07-13 10:54:00,BNKREF10000177
SET0000179,MER000028,PAY0001315,ACC000028,43813,Initiated,2025-10-16 19:01:00,,
SET0000180,MER000032,PAY0000258,ACC000032,27252,Completed,2025-08-01 06:04:00,2025-08-02 19:04:00,BNKREF10000179
SET0000181,MER000028,PAY0000478,ACC000028,36442,Completed,2024-12-02 04:50:00,2024-12-02 06:50:00,BNKREF10000180
SET0000182,MER000019,PAY0000267,ACC000019,3479,Completed,2025-07-07 08:51:00,2025-07-09 04:51:00,BNKREF10000181
SET0000183,MER000017,PAY0000031,ACC000017,34882,Completed,2025-01-01 07:37:00,2025-01-01 20:37:00,BNKREF10000182
SET0000184,MER000007,PAY0000260,ACC000007,58856,Completed,2025-03-07 16:07:00,2025-03-09 00:07:00,BNKREF10000183
SET0000185,MER000047,PAY0001052,ACC000047,5783,Completed,2025-08-30 03:28:00,2025-08-31 20:28:00,BNKREF10000184
SET0000186,MER000067,PAY0000618,ACC000067,62881,Initiated,2025-04-14 20:01:00,,
SET0000187,MER000052,PAY0000874,ACC000052,10689,Completed,2024-04-20 15:45:00,2024-04-20 21:45:00,BNKREF10000186
SET0000188,MER000042,PAY0001246,ACC000042,76824,Completed,2024-05-31 02:08:00,2024-06-01 20:08:00,BNKREF10000187
SET0000189,MER000042,PAY0000781,ACC000042,56487,Completed,2025-09-03 16:18:00,2025-09-05 08:18:00,BNKREF10000188
SET0000190,MER000013,PAY0001438,ACC000013,94581,Completed,2024-04-27 20:41:00,2024-04-29 09:41:00,BNKREF10000189
SET0000191,MER000028,PAY0000881,ACC000028,52362,Completed,2025-04-07 07:26:00,2025-04-08 14:26:00,BNKREF10000190
SET0000192,MER000054,PAY0001495,ACC000054,49160,Completed,2024-04-07 10:27:00,2024-04-08 04:27:00,BNKREF10000191
SET0000193,MER000020,PAY0001407,ACC000020,56706,Completed,2025-04-30 02:05:00,2025-04-30 09:05:00,BNKREF10000192
SET0000194,MER000013,PAY0000764,ACC000013,73720,Completed,2024-05-13 17:03:00,2024-05-15 06:03:00,BNKREF10000193
SET0000195,MER000043,PAY0001373,ACC000043,94610,Completed,2024-05-05 13:22:00,2024-05-06 18:22:00,BNKREF10000194
SET0000196,MER000007,PAY0000590,ACC000007,66607,Initiated,2025-09-06 09:22:00,,
SET0000197,MER000028,PAY0000317,ACC000028,73010,Completed,2025-11-03 15:14:00,2025-11-04 15:14:00,BNKREF10000196
SET0000198,MER000048,PAY0000236,ACC000048,81590,Completed,2024-10-12 18:14:00,2024-10-14 07:14:00,BNKREF10000197
SET0000199,MER000004,PAY0001248,ACC000004,35918,Initiated,2025-11-04 22:17:00,,
SET0000200,MER000040,PAY0000696,ACC000040,86259,Completed,2024-12-25 00:11:00,2024-12-26 14:11:00,BNKREF10000199
SET0000201,MER000052,PAY0000143,ACC000052,97894,Failed,2024-05-25 23:40:00,2024-05-26 06:40:00,BNKREF10000200
SET0000202,MER000068,PAY0000441,ACC000068,40946,Completed,2025-01-20 13:29:00,2025-01-21 14:29:00,BNKREF10000201
SET0000203,MER000042,PAY0001163,ACC000042,20732,Initiated,2025-09-02 02:56:00,,
SET0000204,MER000007,PAY0001381,ACC000007,79670,Completed,2024-03-24 08:28:00,2024-03-25 17:28:00,BNKREF10000203
SET0000205,MER000057,PAY0000849,ACC000057,56449,Completed,2024-10-06 06:48:00,2024-10-07 06:48:00,BNKREF10000204
SET0000206,MER000015,PAY0000581,ACC000015,40525,Completed,2025-11-25 21:37:00,2025-11-27 17:37:00,BNKREF10000205
SET0000207,MER000006,PAY0000452,ACC000006,39607,Initiated,2025-02-08 19:03:00,,
SET0000208,MER000028,PAY0000282,ACC000028,65293,Initiated,2024-09-18 09:20:00,,
SET0000209,MER000056,PAY0000360,ACC000056,73333,Completed,2024-05-12 12:34:00,2024-05-13 22:34:00,BNKREF10000208
SET0000210,MER000046,PAY0000148,ACC000046,10305,Completed,2025-02-10 23:02:00,2025-02-12 06:02:00,BNKREF10000209
SET0000211,MER000041,PAY0001180,ACC000041,38047,Completed,2025-03-15 18:25:00,2025-03-16 22:25:00,BNKREF10000210
SET0000212,MER000015,PAY0000830,ACC000015,60405,Completed,2024-01-22 10:10:00,2024-01-24 03:10:00,BNKREF10000211
SET0000213,MER000047,PAY0000181,ACC000047,68776,Completed,2025-03-23 03:15:00,2025-03-24 06:15:00,BNKREF10000212
SET0000214,MER000011,PAY0000811,ACC000011,10111,Completed,2024-11-13 23:21:00,2024-11-14 11:21:00,BNKREF10000213
SET0000215,MER000066,PAY0001297,ACC000066,46119,Completed,2024-04-26 16:32:00,2024-04-27 16:32:00,BNKREF10000214
SET0000216,MER000019,PAY0000484,ACC000019,20136,Completed,2024-04-15 04:16:00,2024-04-16 20:16:00,BNKREF10000215
SET0000217,MER000010,PAY0000363,ACC000010,58938,Completed,2025-10-05 15:29:00,2025-10-07 06:29:00,BNKREF10000216
SET0000218,MER000042,PAY0001285,ACC000042,58061,Initiated,2024-11-19 04:28:00,,
SET0000219,MER000039,PAY0000563,ACC000039,60621,Completed,2025-08-28 01:22:00,2025-08-28 22:22:00,BNKREF10000218
SET0000220,MER000058,PAY0000078,ACC000058,11935,Completed,2024-02-28 11:53:00,2024-03-01 06:53:00,BNKREF10000219
SET0000221,MER000065,PAY0000788,ACC000065,59047,Failed,2025-04-18 18:35:00,2025-04-18 22:35:00,BNKREF10000220
SET0000222,MER000025,PAY0000659,ACC000025,59150,Completed,2025-09-11 15:32:00,2025-09-11 20:32:00,BNKREF10000221
SET0000223,MER000014,PAY0000704,ACC000014,92849,Completed,2024-03-27 16:41:00,2024-03-28 09:41:00,BNKREF10000222
SET0000224,MER000057,PAY0000900,ACC000057,37179,Completed,2025-06-20 16:39:00,2025-06-21 17:39:00,BNKREF10000223
SET0000225,MER000050,PAY0000838,ACC000050,82791,Initiated,2024-12-12 21:38:00,,
SET0000226,MER000043,PAY0000135,ACC000043,33129,Completed,2024-12-03 03:35:00,2024-12-03 23:35:00,BNKREF10000225
SET0000227,MER000020,PAY0000683,ACC000020,45951,Initiated,2024-03-24 18:42:00,,
SET0000228,MER000040,PAY0001344,ACC000040,40677,Completed,2025-11-09 12:08:00,2025-11-09 19:08:00,BNKREF10000227
SET0000229,MER000049,PAY0001318,ACC000049,69095,Completed,2024-12-02 04:42:00,2024-12-04 01:42:00,BNKREF10000228
SET0000230,MER000012,PAY0001324,ACC000012,40583,Completed,2025-11-17 13:32:00,2025-11-18 14:32:00,BNKREF10000229
SET0000231,MER000024,PAY0000439,ACC000024,20408,Completed,2024-12-15 15:12:00,2024-12-16 01:12:00,BNKREF10000230
SET0000232,MER000010,PAY0000606,ACC000010,5047,Completed,2024-04-13 16:49:00,2024-04-15 03:49:00,BNKREF10000231
SET0000233,MER000044,PAY0001266,ACC000044,90912,Completed,2024-05-14 19:24:00,2024-05-15 08:24:00,BNKREF10000232
SET0000234,MER000022,PAY0001477,ACC000022,31233,Completed,2025-03-24 01:26:00,2025-03-26 01:26:00,BNKREF10000233
SET0000235,MER000057,PAY0001251,ACC000057,31448,Completed,2024-10-18 23:50:00,2024-10-20 11:50:00,BNKREF10000234
SET0000236,MER000040,PAY0000961,ACC000040,60613,Completed,2024-07-17 11:43:00,2024-07-18 17:43:00,BNKREF10000235
SET0000237,MER000037,PAY0000783,ACC000037,79354,Failed,2025-05-29 16:26:00,2025-05-30 06:26:00,BNKREF10000236
SET0000238,MER000018,PAY0000513,ACC000018,13546,Completed,2024-02-23 20:30:00,2024-02-25 09:30:00,BNKREF10000237
SET0000239,MER000067,PAY0000256,ACC000067,67386,Completed,2024-10-18 02:48:00,2024-10-19 08:48:00,BNKREF10000238
SET0000240,MER000019,PAY0000896,ACC000019,3595,Completed,2024-04-03 07:52:00,2024-04-04 07:52:00,BNKREF10000239
SET0000241,MER000054,PAY0000110,ACC000054,49240,Completed,2025-02-09 16:23:00,2025-02-09 23:23:00,BNKREF10000240
SET0000242,MER000029,PAY0000058,ACC000029,19242,Completed,2024-11-22 03:53:00,2024-11-23 02:53:00,BNKREF10000241
SET0000243,MER000018,PAY0000079,ACC000018,61587,Completed,2024-10-20 15:44:00,2024-10-22 14:44:00,BNKREF10000242
SET0000244,MER000058,PAY0001261,ACC000058,72032,Completed,2024-01-06 02:01:00,2024-01-06 13:01:00,BNKREF10000243
SET0000245,MER000068,PAY0000867,ACC000068,31352,Completed,2024-04-23 09:15:00,2024-04-23 14:15:00,BNKREF10000244
SET0000246,MER000054,PAY0001309,ACC000054,65613,Initiated,2025-09-29 14:04:00,,
SET0000247,MER000069,PAY0000034,ACC000069,38277,Completed,2025-10-09 16:36:00,2025-10-10 03:36:00,BNKREF10000246
SET0000248,MER000055,PAY0000004,ACC000055,87180,Completed,2025-09-21 11:15:00,2025-09-22 00:15:00,BNKREF10000247
SET0000249,MER000011,PAY0001073,ACC000011,72733,Completed,2025-01-04 02:33:00,2025-01-05 12:33:00,BNKREF10000248
SET0000250,MER000003,PAY0000800,ACC000003,33346,Completed,2025-04-26 01:40:00,2025-04-27 02:40:00,BNKREF10000249
SET0000251,MER000003,PAY0000732,ACC000003,13687,Completed,2024-03-10 11:15:00,2024-03-12 05:15:00,BNKREF10000250
SET0000252,MER000043,PAY0000274,ACC000043,23049,Completed,2024-02-15 11:34:00,2024-02-17 06:34:00,BNKREF10000251
SET0000253,MER000060,PAY0001425,ACC000060,93953,Completed,2025-05-05 20:11:00,2025-05-06 02:11:00,BNKREF10000252
SET0000254,MER000059,PAY0000076,ACC000059,41465,Completed,2024-10-27 06:02:00,2024-10-27 10:02:00,BNKREF10000253
SET0000255,MER000040,PAY0001056,ACC000040,25148,Completed,2025-02-11 17:30:00,2025-02-13 12:30:00,BNKREF10000254
SET0000256,MER000037,PAY0000732,ACC000037,57372,Completed,2024-02-18 20:21:00,2024-02-19 21:21:00,BNKREF10000255
SET0000257,MER000052,PAY0000901,ACC000052,48248,Completed,2025-01-30 10:11:00,2025-01-31 19:11:00,BNKREF10000256
SET0000258,MER000067,PAY0000547,ACC000067,79064,Initiated,2024-03-25 23:27:00,,
SET0000259,MER000024,PAY0001118,ACC000024,86728,Initiated,2024-10-27 10:06:00,,
SET0000260,MER000038,PAY0000628,ACC000038,58283,Completed,2025-04-01 19:45:00,2025-04-03 17:45:00,BNKREF10000259
SET0000261,MER000045,PAY0000916,ACC000045,57108,Completed,2024-02-13 23:55:00,2024-02-15 16:55:00,BNKREF10000260
SET0000262,MER000036,PAY0001310,ACC000036,67351,Completed,2024-02-28 02:42:00,2024-02-29 03:42:00,BNKREF10000261
SET0000263,MER000021,PAY0000064,ACC000021,16645,Completed,2024-05-26 19:43:00,2024-05-26 23:43:00,BNKREF10000262
SET0000264,MER000009,PAY0000484,ACC000009,4344,Completed,2025-10-22 11:23:00,2025-10-24 01:23:00,BNKREF10000263
SET0000265,MER000020,PAY0001391,ACC000020,75325,Completed,2025-04-05 11:23:00,2025-04-05 17:23:00,BNKREF10000264
SET0000266,MER000018,PAY0001085,ACC000018,14969,Completed,2025-01-10 12:20:00,2025-01-11 05:20:00,BNKREF10000265
SET0000267,MER000004,PAY0000382,ACC000004,34411,Completed,2025-05-26 16:24:00,2025-05-27 01:24:00,BNKREF10000266
SET0000268,MER000034,PAY0001442,ACC000034,26337,Completed,2025-04-01 06:39:00,2025-04-02 15:39:00,BNKREF10000267
SET0000269,MER000016,PAY0000278,ACC000016,11606,Completed,2024-03-16 14:11:00,2024-03-17 20:11:00,BNKREF10000268
SET0000270,MER000041,PAY0001368,ACC000041,39415,Completed,2024-12-21 22:04:00,2024-12-22 18:04:00,BNKREF10000269
SET0000271,MER000021,PAY0001458,ACC000021,16007,Completed,2025-10-15 05:50:00,2025-10-15 21:50:00,BNKREF10000270
SET0000272,MER000026,PAY0000285,ACC000026,48453,Completed,2024-08-30 15:01:00,2024-09-01 05:01:00,BNKREF10000271
SET0000273,MER000060,PAY0001130,ACC000060,40639,Initiated,2024-05-12 19:56:00,,
SET0000274,MER000051,PAY0001469,ACC000051,9766,Completed,2025-05-05 16:26:00,2025-05-07 06:26:00,BNKREF10000273
SET0000275,MER000017,PAY0000650,ACC000017,45256,Completed,2025-10-19 02:28:00,2025-10-20 13:28:00,BNKREF10000274
SET0000276,MER000017,PAY0001130,ACC000017,56804,Completed,2025-10-17 18:11:00,2025-10-18 04:11:00,BNKREF10000275
SET0000277,MER000065,PAY0000114,ACC000065,42391,Completed,2024-05-07 16:09:00,2024-05-08 04:09:00,BNKREF10000276
SET0000278,MER000029,PAY0000709,ACC000029,25829,Initiated,2025-06-15 09:54:00,,
SET0000279,MER000036,PAY0000257,ACC000036,84115,Completed,2025-10-02 09:39:00,2025-10-03 19:39:00,BNKREF10000278
SET0000280,MER000022,PAY0001213,ACC000022,79416,Completed,2025-08-17 04:10:00,2025-08-19 04:10:00,BNKREF10000279
SET0000281,MER000044,PAY0001155,ACC000044,84176,Initiated,2024-02-12 00:05:00,,
SET0000282,MER000034,PAY0001334,ACC000034,65378,Completed,2024-08-03 18:26:00,2024-08-03 21:26:00,BNKREF10000281
SET0000283,MER000070,PAY0000594,ACC000070,53327,Completed,2025-10-19 09:30:00,2025-10-21 06:30:00,BNKREF10000282
SET0000284,MER000039,PAY0000929,ACC000039,63571,Completed,2024-03-15 22:03:00,2024-03-17 02:03:00,BNKREF10000283
SET0000285,MER000060,PAY0000418,ACC000060,41953,Completed,2024-12-14 19:09:00,2024-12-16 18:09:00,BNKREF10000284
SET0000286,MER000045,PAY0000817,ACC000045,31785,Completed,2024-05-13 11:32:00,2024-05-14 09:32:00,BNKREF10000285
SET0000287,MER000060,PAY0000251,ACC000060,6732,Initiated,2024-09-30 14:15:00,,
SET0000288,MER000038,PAY0000787,ACC000038,43017,Failed,2025-09-22 13:15:00,2025-09-23 01:15:00,BNKREF10000287
SET0000289,MER000041,PAY0000389,ACC000041,65291,Completed,2024-06-12 15:32:00,2024-06-13 12:32:00,BNKREF10000288
SET0000290,MER000003,PAY0000185,ACC000003,76560,Failed,2025-02-06 16:29:00,2025-02-07 07:29:00,BNKREF10000289
SET0000291,MER000046,PAY0000100,ACC000046,88248,Completed,2024-02-21 09:31:00,2024-02-23 04:31:00,BNKREF10000290
SET0000292,MER000061,PAY0000586,ACC000061,17655,Initiated,2025-07-03 00:54:00,,
SET0000293,MER000034,PAY0001490,ACC000034,6805,Initiated,2025-01-09 12:23:00,,
SET0000294,MER000025,PAY0000743,ACC000025,72170,Completed,2025-07-20 09:04:00,2025-07-21 15:04:00,BNKREF10000293
SET0000295,MER000036,PAY0001277,ACC000036,12772,Initiated,2025-11-27 19:07:00,,
SET0000296,MER000051,PAY0000765,ACC000051,79066,Completed,2024-12-13 17:23:00,2024-12-14 07:23:00,BNKREF10000295
SET0000297,MER000066,PAY0000823,ACC000066,93631,Initiated,2025-05-27 01:02:00,,
SET0000298,MER000043,PAY0000971,ACC000043,18421,Completed,2025-06-15 14:09:00,2025-06-17 00:09:00,BNKREF10000297
SET0000299,MER000042,PAY0001256,ACC000042,77920,Failed,2024-11-22 05:25:00,2024-11-23 02:25:00,BNKREF10000298
SET0000300,MER000044,PAY0001039,ACC000044,62345,Completed,2025-06-05 17:31:00,2025-06-06 14:31:00,BNKREF10000299
SET0000301,MER000003,PAY0000755,ACC000003,40427,Failed,2024-12-05 21:07:00,2024-12-07 12:07:00,BNKREF10000300
SET0000302,MER000004,PAY0001223,ACC000004,75811,Completed,2025-04-30 08:41:00,2025-05-01 23:41:00,BNKREF10000301
SET0000303,MER000030,PAY0001478,ACC000030,94626,Completed,2024-02-22 18:30:00,2024-02-24 12:30:00,BNKREF10000302
SET0000304,MER000049,PAY0000303,ACC000049,14504,Completed,2025-11-28 07:02:00,2025-11-30 05:02:00,BNKREF10000303
SET0000305,MER000025,PAY0000039,ACC000025,26824,Completed,2025-03-27 10:26:00,2025-03-29 08:26:00,BNKREF10000304
SET0000306,MER000053,PAY0001028,ACC000053,8263,Completed,2025-09-18 15:55:00,2025-09-20 15:55:00,BNKREF10000305
SET0000307,MER000018,PAY0001063,ACC000018,68975,Failed,2024-07-31 17:20:00,2024-08-02 01:20:00,BNKREF10000306
SET0000308,MER000049,PAY0000643,ACC000049,46537,Completed,2024-06-26 14:58:00,2024-06-28 02:58:00,BNKREF10000307
SET0000309,MER000034,PAY0001250,ACC000034,29573,Completed,2025-05-10 06:15:00,2025-05-11 03:15:00,BNKREF10000308
SET0000310,MER000039,PAY0000592,ACC000039,45818,Completed,2024-07-31 22:45:00,2024-08-02 06:45:00,BNKREF10000309
SET0000311,MER000036,PAY0000590,ACC000036,45337,Completed,2024-05-04 18:43:00,2024-05-05 21:43:00,BNKREF10000310
SET0000312,MER000019,PAY0000595,ACC000019,58083,Initiated,2024-02-13 09:45:00,,
SET0000313,MER000033,PAY0000982,ACC000033,91348,Completed,2024-08-07 06:52:00,2024-08-08 19:52:00,BNKREF10000312
SET0000314,MER000035,PAY0000282,ACC000035,6753,Completed,2024-04-21 19:47:00,2024-04-22 12:47:00,BNKREF10000313
SET0000315,MER000068,PAY0000463,ACC000068,43392,Initiated,2025-10-15 07:03:00,,
SET0000316,MER000061,PAY0000206,ACC000061,53434,Failed,2025-11-28 04:00:00,2025-11-28 16:00:00,BNKREF10000315
SET0000317,MER000061,PAY0000978,ACC000061,37509,Failed,2025-10-28 06:48:00,2025-10-29 04:48:00,BNKREF10000316
SET0000318,MER000008,PAY0000184,ACC000008,4988,Completed,2025-10-29 18:14:00,2025-10-31 18:14:00,BNKREF10000317
SET0000319,MER000023,PAY0000856,ACC000023,24520,Completed,2024-06-29 01:53:00,2024-06-30 10:53:00,BNKREF10000318
SET0000320,MER000038,PAY0000077,ACC000038,37398,Completed,2024-01-10 09:36:00,2024-01-11 08:36:00,BNKREF10000319
SET0000321,MER000059,PAY0001314,ACC000059,66188,Completed,2025-07-10 16:31:00,2025-07-11 02:31:00,BNKREF10000320
SET0000322,MER000060,PAY0000559,ACC000060,85072,Completed,2024-07-16 03:21:00,2024-07-17 10:21:00,BNKREF10000321
SET0000323,MER000033,PAY0001472,ACC000033,74520,Completed,2024-07-09 00:47:00,2024-07-09 20:47:00,BNKREF10000322
SET0000324,MER000025,PAY0000360,ACC000025,67638,Completed,2025-09-17 20:57:00,2025-09-19 01:57:00,BNKREF10000323
SET0000325,MER000042,PAY0000178,ACC000042,62680,Completed,2025-02-14 21:06:00,2025-02-15 07:06:00,BNKREF10000324
SET0000326,MER000042,PAY0000509,ACC000042,43304,Completed,2024-01-07 08:24:00,2024-01-08 03:24:00,BNKREF10000325
SET0000327,MER000039,PAY0001193,ACC000039,31072,Completed,2025-08-09 00:16:00,2025-08-10 22:16:00,BNKREF10000326
SET0000328,MER000008,PAY0001368,ACC000008,65966,Completed,2024-05-01 14:19:00,2024-05-03 11:19:00,BNKREF10000327
SET0000329,MER000040,PAY0001414,ACC000040,80660,Completed,2024-04-30 20:58:00,2024-05-01 21:58:00,BNKREF10000328
SET0000330,MER000029,PAY0000449,ACC000029,49071,Completed,2024-05-16 15:09:00,2024-05-18 07:09:00,BNKREF10000329
SET0000331,MER000054,PAY0001438,ACC000054,28727,Completed,2025-07-16 15:48:00,2025-07-18 11:48:00,BNKREF10000330
SET0000332,MER000032,PAY0001394,ACC000032,47519,Completed,2025-09-02 02:33:00,2025-09-04 01:33:00,BNKREF10000331
SET0000333,MER000010,PAY0001156,ACC000010,26597,Completed,2024-04-24 01:53:00,2024-04-25 11:53:00,BNKREF10000332
SET0000334,MER000069,PAY0000307,ACC000069,89267,Completed,2024-06-17 10:54:00,2024-06-17 19:54:00,BNKREF10000333
SET0000335,MER000027,PAY0001469,ACC000027,7392,Completed,2025-08-20 15:05:00,2025-08-21 21:05:00,BNKREF10000334
SET0000336,MER000059,PAY0000271,ACC000059,60704,Completed,2025-06-09 13:29:00,2025-06-11 02:29:00,BNKREF10000335
SET0000337,MER000040,PAY0001482,ACC000040,75900,Completed,2024-01-23 12:16:00,2024-01-24 03:16:00,BNKREF10000336
SET0000338,MER000010,PAY0000093,ACC000010,7997,Initiated,2025-03-09 11:44:00,,
SET0000339,MER000009,PAY0000967,ACC000009,84185,Completed,2024-02-02 09:26:00,2024-02-02 19:26:00,BNKREF10000338
SET0000340,MER000054,PAY0000767,ACC000054,49336,Completed,2025-01-26 14:55:00,2025-01-27 16:55:00,BNKREF10000339
SET0000341,MER000011,PAY0001399,ACC000011,15649,Completed,2025-11-08 17:08:00,2025-11-09 17:08:00,BNKREF10000340
SET0000342,MER000023,PAY0001101,ACC000023,555,Completed,2025-02-06 16:08:00,2025-02-07 08:08:00,BNKREF10000341
SET0000343,MER000003,PAY0000612,ACC000003,49812,Completed,2025-04-19 21:46:00,2025-04-21 09:46:00,BNKREF10000342
SET0000344,MER000030,PAY0000507,ACC000030,14890,Completed,2025-04-16 11:09:00,2025-04-18 11:09:00,BNKREF10000343
SET0000345,MER000005,PAY0001353,ACC000005,31644,Completed,2025-03-05 19:49:00,2025-03-05 22:49:00,BNKREF10000344
SET0000346,MER000027,PAY0000138,ACC000027,92281,Completed,2024-04-13 19:02:00,2024-04-15 16:02:00,BNKREF10000345
SET0000347,MER000007,PAY0000502,ACC000007,98978,Completed,2024-02-15 12:28:00,2024-02-16 03:28:00,BNKREF10000346
SET0000348,MER000008,PAY0000287,ACC000008,75611,Completed,2025-05-30 09:14:00,2025-06-01 09:14:00,BNKREF10000347
SET0000349,MER000041,PAY0001183,ACC000041,18877,Completed,2025-09-04 21:52:00,2025-09-05 18:52:00,BNKREF10000348
SET0000350,MER000067,PAY0000453,ACC000067,77650,Initiated,2025-02-27 09:17:00,,
SET0000351,MER000023,PAY0001283,ACC000023,84420,Completed,2025-11-26 13:35:00,2025-11-27 13:35:00,BNKREF10000350
SET0000352,MER000049,PAY0001075,ACC000049,49443,Completed,2024-11-22 22:26:00,2024-11-23 19:26:00,BNKREF10000351
SET0000353,MER000024,PAY0001102,ACC000024,19020,Completed,2025-04-29 07:54:00,2025-05-01 06:54:00,BNKREF10000352
SET0000354,MER000060,PAY0000119,ACC000060,51010,Completed,2025-07-29 13:26:00,2025-07-29 23:26:00,BNKREF10000353
SET0000355,MER000032,PAY0000523,ACC000032,59054,Initiated,2024-07-27 10:41:00,,
SET0000356,MER000048,PAY0000190,ACC000048,49536,Completed,2025-07-02 23:53:00,2025-07-03 18:53:00,BNKREF10000355
SET0000357,MER000006,PAY0000150,ACC000006,62935,Completed,2024-07-11 18:46:00,2024-07-12 09:46:00,BNKREF10000356
SET0000358,MER000027,PAY0000682,ACC000027,97994,Completed,2024-11-06 00:13:00,2024-11-06 09:13:00,BNKREF10000357
SET0000359,MER000062,PAY0000497,ACC000062,72462,Completed,2025-09-10 22:13:00,2025-09-11 15:13:00,BNKREF10000358
SET0000360,MER000042,PAY0000580,ACC000042,34383,Completed,2025-01-24 14:34:00,2025-01-25 11:34:00,BNKREF10000359
SET0000361,MER000047,PAY0001051,ACC000047,61637,Completed,2025-05-24 14:06:00,2025-05-26 14:06:00,BNKREF10000360
SET0000362,MER000041,PAY0000417,ACC000041,29102,Initiated,2025-01-14 10:26:00,,
SET0000363,MER000019,PAY0000034,ACC000019,54832,Completed,2024-09-24 17:59:00,2024-09-26 17:59:00,BNKREF10000362
SET0000364,MER000038,PAY0000313,ACC000038,65544,Completed,2024-07-19 10:14:00,2024-07-20 03:14:00,BNKREF10000363
SET0000365,MER000044,PAY0000528,ACC000044,22150,Completed,2025-05-15 23:41:00,2025-05-17 06:41:00,BNKREF10000364
SET0000366,MER000046,PAY0000347,ACC000046,84223,Completed,2024-05-23 23:34:00,2024-05-25 11:34:00,BNKREF10000365
SET0000367,MER000008,PAY0001074,ACC000008,54153,Completed,2024-02-04 02:52:00,2024-02-04 04:52:00,BNKREF10000366
SET0000368,MER000018,PAY0001292,ACC000018,66387,Completed,2024-08-24 02:45:00,2024-08-24 17:45:00,BNKREF10000367
SET0000369,MER000059,PAY0000765,ACC000059,63434,Completed,2024-03-02 19:40:00,2024-03-04 12:40:00,BNKREF10000368
SET0000370,MER000063,PAY0000033,ACC000063,69491,Completed,2024-01-07 17:35:00,2024-01-07 20:35:00,BNKREF10000369
SET0000371,MER000036,PAY0001098,ACC000036,56536,Completed,2024-10-20 00:32:00,2024-10-21 21:32:00,BNKREF10000370
SET0000372,MER000023,PAY0000220,ACC000023,69103,Completed,2024-04-08 16:09:00,2024-04-10 09:09:00,BNKREF10000371
SET0000373,MER000033,PAY0000726,ACC000033,60261,Completed,2024-09-30 12:05:00,2024-10-01 15:05:00,BNKREF10000372
SET0000374,MER000032,PAY0001428,ACC000032,85786,Completed,2024-08-19 09:43:00,2024-08-19 16:43:00,BNKREF10000373
SET0000375,MER000005,PAY0000192,ACC000005,83559,Completed,2025-02-19 12:24:00,2025-02-19 17:24:00,BNKREF10000374
SET0000376,MER000002,PAY0001440,ACC000002,43520,Completed,2024-06-24 02:31:00,2024-06-25 21:31:00,BNKREF10000375
SET0000377,MER000013,PAY0001082,ACC000013,74389,Completed,2024-02-13 07:13:00,2024-02-15 05:13:00,BNKREF10000376
SET0000378,MER000061,PAY0000556,ACC000061,73960,Completed,2024-02-17 02:43:00,2024-02-18 14:43:00,BNKREF10000377
SET0000379,MER000005,PAY0000368,ACC000005,52305,Completed,2024-11-18 00:13:00,2024-11-19 23:13:00,BNKREF10000378
SET0000380,MER000010,PAY0000613,ACC000010,88840,Completed,2024-06-15 18:15:00,2024-06-16 20:15:00,BNKREF10000379
SET0000381,MER000070,PAY0000680,ACC000070,95017,Completed,2025-01-28 23:08:00,2025-01-30 21:08:00,BNKREF10000380
SET0000382,MER000011,PAY0001026,ACC000011,44742,Completed,2024-12-20 01:06:00,2024-12-20 07:06:00,BNKREF10000381
SET0000383,MER000051,PAY0000669,ACC000051,64404,Completed,2024-01-31 20:17:00,2024-02-02 02:17:00,BNKREF10000382
SET0000384,MER000030,PAY0000729,ACC000030,86695,Completed,2025-07-20 12:27:00,2025-07-22 03:27:00,BNKREF10000383
SET0000385,MER000049,PAY0000176,ACC000049,10852,Completed,2025-09-25 09:51:00,2025-09-25 15:51:00,BNKREF10000384
SET0000386,MER000035,PAY0000316,ACC000035,41607,Completed,2025-01-24 22:50:00,2025-01-26 00:50:00,BNKREF10000385
SET0000387,MER000047,PAY0000219,ACC000047,13499,Completed,2024-04-03 00:19:00,2024-04-03 19:19:00,BNKREF10000386
SET0000388,MER000017,PAY0000179,ACC000017,53583,Completed,2024-07-10 13:28:00,2024-07-11 23:28:00,BNKREF10000387
SET0000389,MER000014,PAY0000054,ACC000014,78486,Initiated,2024-04-01 11:35:00,,
SET0000390,MER000042,PAY0000789,ACC000042,95106,Completed,2024-01-13 09:26:00,2024-01-13 16:26:00,BNKREF10000389
SET0000391,MER000032,PAY0001172,ACC000032,35347,Completed,2025-06-17 05:43:00,2025-06-17 15:43:00,BNKREF10000390
SET0000392,MER000039,PAY0000550,ACC000039,55294,Completed,2025-05-19 04:04:00,2025-05-19 23:04:00,BNKREF10000391
SET0000393,MER000039,PAY0000992,ACC000039,82024,Completed,2024-03-19 11:16:00,2024-03-21 11:16:00,BNKREF10000392
SET0000394,MER000064,PAY0001217,ACC000064,40032,Initiated,2025-09-23 06:29:00,,
SET0000395,MER000001,PAY0000811,ACC000001,57800,Completed,2024-12-06 19:24:00,2024-12-07 18:24:00,BNKREF10000394
SET0000396,MER000043,PAY0000882,ACC000043,91233,Completed,2025-10-28 19:08:00,2025-10-30 11:08:00,BNKREF10000395
SET0000397,MER000026,PAY0000982,ACC000026,96421,Failed,2024-11-17 05:25:00,2024-11-18 01:25:00,BNKREF10000396
SET0000398,MER000063,PAY0001180,ACC000063,47943,Completed,2024-09-05 10:24:00,2024-09-06 13:24:00,BNKREF10000397
SET0000399,MER000015,PAY0001155,ACC000015,3627,Completed,2024-07-23 18:34:00,2024-07-25 07:34:00,BNKREF10000398
SET0000400,MER000060,PAY0001451,ACC000060,9164,Completed,2024-08-02 14:51:00,2024-08-04 12:51:00,BNKREF10000399
SET0000401,MER000053,PAY0001379,ACC000053,86432,Completed,2025-05-26 04:40:00,2025-05-26 22:40:00,BNKREF10000400
SET0000402,MER000020,PAY0001465,ACC000020,62914,Completed,2025-03-09 12:04:00,2025-03-11 04:04:00,BNKREF10000401
SET0000403,MER000052,PAY0001095,ACC000052,92064,Completed,2025-06-02 22:26:00,2025-06-03 23:26:00,BNKREF10000402
SET0000404,MER000069,PAY0001217,ACC000069,87222,Completed,2025-10-15 02:06:00,2025-10-16 22:06:00,BNKREF10000403
SET0000405,MER000046,PAY0000341,ACC000046,88897,Completed,2025-10-24 19:02:00,2025-10-26 14:02:00,BNKREF10000404
SET0000406,MER000052,PAY0000680,ACC000052,29198,Initiated,2025-03-16 03:00:00,,
SET0000407,MER000066,PAY0001063,ACC000066,49136,Completed,2025-07-25 18:44:00,2025-07-27 00:44:00,BNKREF10000406
SET0000408,MER000051,PAY0000949,ACC000051,3319,Completed,2025-11-26 18:44:00,2025-11-27 18:44:00,BNKREF10000407
SET0000409,MER000062,PAY0000215,ACC000062,95802,Failed,2024-10-29 13:58:00,2024-10-29 22:58:00,BNKREF10000408
SET0000410,MER000019,PAY0000714,ACC000019,63398,Completed,2024-11-15 10:29:00,2024-11-16 21:29:00,BNKREF10000409
SET0000411,MER000045,PAY0000976,ACC000045,8904,Completed,2024-04-09 14:46:00,2024-04-10 12:46:00,BNKREF10000410
SET0000412,MER000039,PAY0000092,ACC000039,88854,Completed,2024-04-27 00:54:00,2024-04-27 08:54:00,BNKREF10000411
SET0000413,MER000022,PAY0000500,ACC000022,55985,Completed,2025-06-12 05:35:00,2025-06-13 18:35:00,BNKREF10000412
SET0000414,MER000060,PAY0000475,ACC000060,56740,Completed,2025-02-18 20:11:00,2025-02-20 16:11:00,BNKREF10000413
SET0000415,MER000051,PAY0000060,ACC000051,683,Completed,2025-09-20 06:28:00,2025-09-21 08:28:00,BNKREF10000414
SET0000416,MER000028,PAY0000422,ACC000028,13436,Completed,2024-10-12 22:51:00,2024-10-14 12:51:00,BNKREF10000415
SET0000417,MER000069,PAY0000383,ACC000069,88010,Completed,2025-01-09 10:12:00,2025-01-10 04:12:00,BNKREF10000416
SET0000418,MER000063,PAY0001081,ACC000063,77039,Completed,2025-10-16 10:38:00,2025-10-17 13:38:00,BNKREF10000417
SET0000419,MER000015,PAY0000713,ACC000015,92635,Completed,2024-12-26 14:39:00,2024-12-28 11:39:00,BNKREF10000418
SET0000420,MER000039,PAY0001259,ACC000039,15548,Initiated,2025-08-27 02:43:00,,
SET0000421,MER000031,PAY0000626,ACC000031,51016,Completed,2024-04-29 05:23:00,2024-04-30 15:23:00,BNKREF10000420
SET0000422,MER000054,PAY0001222,ACC000054,83396,Completed,2024-05-21 18:24:00,2024-05-23 03:24:00,BNKREF10000421
SET0000423,MER000069,PAY0001421,ACC000069,18488,Completed,2025-10-22 05:35:00,2025-10-23 01:35:00,BNKREF10000422
SET0000424,MER000024,PAY0000645,ACC000024,63618,Completed,2025-04-06 19:03:00,2025-04-06 21:03:00,BNKREF10000423
SET0000425,MER000018,PAY0000400,ACC000018,89844,Completed,2025-01-28 17:32:00,2025-01-29 21:32:00,BNKREF10000424
SET0000426,MER000063,PAY0000852,ACC000063,4144,Initiated,2025-03-30 15:10:00,,
SET0000427,MER000029,PAY0000599,ACC000029,60042,Completed,2024-02-03 08:14:00,2024-02-03 20:14:00,BNKREF10000426
SET0000428,MER000064,PAY0001126,ACC000064,71286,Initiated,2025-06-07 03:36:00,,
SET0000429,MER000047,PAY0001111,ACC000047,13523,Completed,2024-02-12 23:28:00,2024-02-14 04:28:00,BNKREF10000428
SET0000430,MER000032,PAY0000610,ACC000032,57649,Completed,2024-02-03 14:16:00,2024-02-03 21:16:00,BNKREF10000429
SET0000431,MER000016,PAY0000486,ACC000016,80088,Completed,2024-08-02 23:37:00,2024-08-04 22:37:00,BNKREF10000430
SET0000432,MER000055,PAY0000340,ACC000055,7880,Completed,2025-09-22 04:50:00,2025-09-22 19:50:00,BNKREF10000431
SET0000433,MER000045,PAY0001091,ACC000045,38456,Completed,2024-10-14 19:34:00,2024-10-16 18:34:00,BNKREF10000432
SET0000434,MER000038,PAY0001173,ACC000038,17871,Completed,2024-09-30 16:57:00,2024-10-01 00:57:00,BNKREF10000433
SET0000435,MER000053,PAY0000122,ACC000053,32825,Completed,2024-10-10 20:08:00,2024-10-11 06:08:00,BNKREF10000434
SET0000436,MER000019,PAY0001457,ACC000019,64254,Completed,2024-11-25 07:48:00,2024-11-26 10:48:00,BNKREF10000435
SET0000437,MER000019,PAY0001183,ACC000019,9998,Completed,2025-10-09 08:40:00,2025-10-10 14:40:00,BNKREF10000436
SET0000438,MER000012,PAY0000826,ACC000012,59697,Completed,2025-06-11 23:17:00,2025-06-13 00:17:00,BNKREF10000437
SET0000439,MER000063,PAY0000671,ACC000063,12308,Completed,2025-08-18 00:55:00,2025-08-20 00:55:00,BNKREF10000438
SET0000440,MER000059,PAY0001301,ACC000059,52229,Completed,2025-11-11 22:22:00,2025-11-13 10:22:00,BNKREF10000439
SET0000441,MER000028,PAY0000880,ACC000028,44370,Completed,2024-08-04 15:17:00,2024-08-05 11:17:00,BNKREF10000440
SET0000442,MER000017,PAY0001160,ACC000017,6121,Completed,2025-05-11 10:57:00,2025-05-11 15:57:00,BNKREF10000441
SET0000443,MER000013,PAY0001283,ACC000013,57940,Completed,2025-04-15 00:07:00,2025-04-15 12:07:00,BNKREF10000442
SET0000444,MER000059,PAY0000002,ACC000059,39666,Completed,2025-03-14 06:44:00,2025-03-16 01:44:00,BNKREF10000443
SET0000445,MER000021,PAY0000562,ACC000021,87198,Completed,2024-04-05 20:23:00,2024-04-06 21:23:00,BNKREF10000444
SET0000446,MER000022,PAY0000107,ACC000022,56360,Completed,2025-02-09 20:19:00,2025-02-10 12:19:00,BNKREF10000445
SET0000447,MER000012,PAY0001442,ACC000012,77914,Completed,2024-04-07 00:13:00,2024-04-07 10:13:00,BNKREF10000446
SET0000448,MER000029,PAY0001064,ACC000029,45132,Initiated,2025-11-27 14:00:00,,
SET0000449,MER000016,PAY0000865,ACC000016,95882,Completed,2024-05-15 15:04:00,2024-05-15 22:04:00,BNKREF10000448
SET0000450,MER000014,PAY0000212,ACC000014,98817,Completed,2024-11-16 11:56:00,2024-11-17 13:56:00,BNKREF10000449
SET0000451,MER000018,PAY0001314,ACC000018,80095,Completed,2025-11-24 04:04:00,2025-11-24 06:04:00,BNKREF10000450
SET0000452,MER000022,PAY0000902,ACC000022,54063,Completed,2024-12-25 23:13:00,2024-12-26 10:13:00,BNKREF10000451
SET0000453,MER000057,PAY0000445,ACC000057,95783,Completed,2024-03-29 03:08:00,2024-03-30 18:08:00,BNKREF10000452
SET0000454,MER000050,PAY0000720,ACC000050,36402,Initiated,2025-03-15 10:50:00,,
SET0000455,MER000011,PAY0000509,ACC000011,90602,Completed,2025-07-20 19:38:00,2025-07-21 15:38:00,BNKREF10000454
SET0000456,MER000004,PAY0001349,ACC000004,98121,Completed,2024-11-04 06:33:00,2024-11-04 20:33:00,BNKREF10000455
SET0000457,MER000051,PAY0000606,ACC000051,64965,Completed,2025-10-23 01:50:00,2025-10-23 18:50:00,BNKREF10000456
SET0000458,MER000050,PAY0000231,ACC000050,1681,Completed,2024-09-03 15:40:00,2024-09-05 02:40:00,BNKREF10000457
SET0000459,MER000047,PAY0000649,ACC000047,47995,Completed,2024-05-15 12:55:00,2024-05-16 16:55:00,BNKREF10000458
SET0000460,MER000070,PAY0001399,ACC000070,77086,Initiated,2024-06-25 15:49:00,,
SET0000461,MER000009,PAY0000029,ACC000009,66502,Completed,2024-09-25 06:02:00,2024-09-26 09:02:00,BNKREF10000460
SET0000462,MER000037,PAY0001288,ACC000037,84056,Completed,2025-05-28 13:27:00,2025-05-28 20:27:00,BNKREF10000461
SET0000463,MER000069,PAY0001102,ACC000069,10457,Initiated,2025-09-22 04:17:00,,
SET0000464,MER000066,PAY0000417,ACC000066,85275,Completed,2024-06-08 17:20:00,2024-06-10 11:20:00,BNKREF10000463
SET0000465,MER000009,PAY0000636,ACC000009,11400,Completed,2025-03-23 23:54:00,2025-03-24 16:54:00,BNKREF10000464
SET0000466,MER000056,PAY0000238,ACC000056,87404,Initiated,2025-04-09 19:38:00,,
SET0000467,MER000023,PAY0000245,ACC000023,65165,Completed,2024-01-13 22:08:00,2024-01-14 10:08:00,BNKREF10000466
SET0000468,MER000045,PAY0001072,ACC000045,98374,Completed,2025-06-13 23:16:00,2025-06-14 09:16:00,BNKREF10000467
SET0000469,MER000035,PAY0000242,ACC000035,8471,Completed,2024-01-31 10:51:00,2024-02-01 21:51:00,BNKREF10000468
SET0000470,MER000034,PAY0001459,ACC000034,47302,Completed,2025-08-13 20:04:00,2025-08-15 06:04:00,BNKREF10000469
SET0000471,MER000008,PAY0001024,ACC000008,75323,Completed,2025-08-03 05:23:00,2025-08-03 13:23:00,BNKREF10000470
SET0000472,MER000015,PAY0000468,ACC000015,32153,Completed,2025-06-05 00:02:00,2025-06-05 02:02:00,BNKREF10000471
SET0000473,MER000006,PAY0000967,ACC000006,72565,Completed,2025-01-07 12:58:00,2025-01-07 16:58:00,BNKREF10000472
SET0000474,MER000054,PAY0000460,ACC000054,35654,Completed,2024-11-25 07:26:00,2024-11-26 05:26:00,BNKREF10000473
SET0000475,MER000010,PAY0001171,ACC000010,23607,Completed,2025-01-16 03:32:00,2025-01-16 08:32:00,BNKREF10000474
SET0000476,MER000029,PAY0001057,ACC000029,40823,Completed,2024-02-17 12:04:00,2024-02-18 08:04:00,BNKREF10000475
SET0000477,MER000042,PAY0000177,ACC000042,73999,Completed,2025-07-20 14:00:00,2025-07-21 10:00:00,BNKREF10000476
SET0000478,MER000039,PAY0001276,ACC000039,25714,Completed,2024-09-05 14:23:00,2024-09-06 23:23:00,BNKREF10000477
SET0000479,MER000070,PAY0000503,ACC000070,71081,Completed,2024-06-03 00:59:00,2024-06-03 16:59:00,BNKREF10000478
SET0000480,MER000045,PAY0001303,ACC000045,96841,Completed,2024-01-10 10:00:00,2024-01-11 12:00:00,BNKREF10000479
SET0000481,MER000040,PAY0000213,ACC000040,18761,Completed,2024-07-29 16:15:00,2024-07-29 21:15:00,BNKREF10000480
SET0000482,MER000036,PAY0000191,ACC000036,91961,Completed,2024-02-14 07:57:00,2024-02-15 11:57:00,BNKREF10000481
SET0000483,MER000048,PAY0000939,ACC000048,51788,Completed,2024-03-27 18:06:00,2024-03-29 12:06:00,BNKREF10000482
SET0000484,MER000010,PAY0001213,ACC000010,31134,Completed,2025-08-04 01:27:00,2025-08-04 11:27:00,BNKREF10000483
SET0000485,MER000038,PAY0000535,ACC000038,41788,Completed,2024-11-18 12:44:00,2024-11-19 10:44:00,BNKREF10000484
SET0000486,MER000058,PAY0000557,ACC000058,76738,Initiated,2024-08-27 02:12:00,,
SET0000487,MER000014,PAY0000319,ACC000014,15925,Completed,2024-04-18 05:28:00,2024-04-19 09:28:00,BNKREF10000486
SET0000488,MER000069,PAY0000734,ACC000069,11951,Completed,2024-07-31 14:19:00,2024-07-31 23:19:00,BNKREF10000487
SET0000489,MER000021,PAY0001406,ACC000021,43064,Completed,2024-11-07 22:44:00,2024-11-08 13:44:00,BNKREF10000488
SET0000490,MER000019,PAY0000187,ACC000019,39269,Completed,2024-09-11 11:25:00,2024-09-13 08:25:00,BNKREF10000489
SET0000491,MER000034,PAY0000357,ACC000034,32848,Completed,2024-02-01 12:54:00,2024-02-03 01:54:00,BNKREF10000490
SET0000492,MER000013,PAY0000947,ACC000013,29235,Initiated,2024-04-14 04:07:00,,
SET0000493,MER000017,PAY0000406,ACC000017,11115,Completed,2025-02-14 11:43:00,2025-02-16 06:43:00,BNKREF10000492
SET0000494,MER000034,PAY0000154,ACC000034,16980,Completed,2024-01-23 02:12:00,2024-01-24 08:12:00,BNKREF10000493
SET0000495,MER000012,PAY0000680,ACC000012,75320,Initiated,2024-05-05 01:29:00,,
SET0000496,MER000056,PAY0001484,ACC000056,22750,Completed,2025-02-08 15:01:00,2025-02-09 20:01:00,BNKREF10000495
SET0000497,MER000046,PAY0000440,ACC000046,4641,Completed,2024-07-10 08:17:00,2024-07-10 19:17:00,BNKREF10000496
SET0000498,MER000032,PAY0001326,ACC000032,8092,Completed,2024-10-29 15:26:00,2024-10-30 23:26:00,BNKREF10000497
SET0000499,MER000012,PAY0000573,ACC000012,32756,Completed,2025-01-27 04:26:00,2025-01-28 15:26:00,BNKREF10000498
SET0000500,MER000070,PAY0000040,ACC000070,45193,Completed,2025-01-26 22:22:00,2025-01-28 07:22:00,BNKREF10000499
SET0000501,MER000065,PAY0000659,ACC000065,78365,Initiated,2025-02-01 08:11:00,,
SET0000502,MER000029,PAY0000061,ACC000029,46949,Failed,2024-10-14 01:51:00,2024-10-15 12:51:00,BNKREF10000501
SET0000503,MER000030,PAY0000327,ACC000030,96707,Completed,2024-04-12 07:42:00,2024-04-13 19:42:00,BNKREF10000502
SET0000504,MER000008,PAY0000450,ACC000008,23181,Completed,2025-08-12 12:22:00,2025-08-13 01:22:00,BNKREF10000503
SET0000505,MER000031,PAY0001214,ACC000031,3797,Completed,2024-11-21 23:44:00,2024-11-23 14:44:00,BNKREF10000504
SET0000506,MER000046,PAY0001163,ACC000046,71157,Completed,2025-07-31 04:36:00,2025-08-01 13:36:00,BNKREF10000505
SET0000507,MER000040,PAY0000360,ACC000040,78961,Initiated,2025-05-17 01:05:00,,
SET0000508,MER000029,PAY0000041,ACC000029,26506,Completed,2025-06-23 15:00:00,2025-06-25 08:00:00,BNKREF10000507
SET0000509,MER000017,PAY0000698,ACC000017,76988,Initiated,2024-06-30 10:03:00,,
SET0000510,MER000019,PAY0000228,ACC000019,51951,Completed,2025-06-22 11:04:00,2025-06-24 07:04:00,BNKREF10000509
SET0000511,MER000013,PAY0000690,ACC000013,57361,Failed,2024-11-05 10:08:00,2024-11-07 10:08:00,BNKREF10000510
SET0000512,MER000063,PAY0001330,ACC000063,80540,Failed,2024-11-20 05:45:00,2024-11-22 03:45:00,BNKREF10000511
SET0000513,MER000046,PAY0000458,ACC000046,96306,Completed,2025-11-12 18:52:00,2025-11-13 15:52:00,BNKREF10000512
SET0000514,MER000038,PAY0000261,ACC000038,51427,Completed,2024-06-30 23:00:00,2024-07-02 13:00:00,BNKREF10000513
SET0000515,MER000005,PAY0000373,ACC000005,29053,Completed,2025-09-08 10:58:00,2025-09-10 03:58:00,BNKREF10000514
SET0000516,MER000014,PAY0001017,ACC000014,45557,Initiated,2024-05-24 10:47:00,,
SET0000517,MER000041,PAY0000344,ACC000041,95688,Completed,2025-10-13 02:52:00,2025-10-14 20:52:00,BNKREF10000516
SET0000518,MER000043,PAY0000915,ACC000043,46038,Completed,2024-01-12 08:13:00,2024-01-12 14:13:00,BNKREF10000517
SET0000519,MER000033,PAY0000222,ACC000033,21902,Completed,2024-01-02 01:24:00,2024-01-03 05:24:00,BNKREF10000518
SET0000520,MER000053,PAY0001010,ACC000053,75866,Completed,2025-01-22 11:34:00,2025-01-23 19:34:00,BNKREF10000519
SET0000521,MER000029,PAY0000334,ACC000029,2731,Completed,2025-04-07 02:51:00,2025-04-07 22:51:00,BNKREF10000520
SET0000522,MER000041,PAY0000535,ACC000041,21190,Completed,2024-04-17 02:21:00,2024-04-18 04:21:00,BNKREF10000521
SET0000523,MER000010,PAY0001121,ACC000010,92440,Failed,2024-04-05 10:38:00,2024-04-06 18:38:00,BNKREF10000522
SET0000524,MER000004,PAY0000884,ACC000004,7119,Completed,2025-10-31 05:38:00,2025-10-31 17:38:00,BNKREF10000523
SET0000525,MER000013,PAY0000679,ACC000013,95779,Completed,2024-07-29 06:26:00,2024-07-31 06:26:00,BNKREF10000524
SET0000526,MER000070,PAY0000544,ACC000070,51598,Completed,2025-11-07 09:19:00,2025-11-07 14:19:00,BNKREF10000525
SET0000527,MER000063,PAY0000315,ACC000063,86872,Completed,2024-02-25 11:00:00,2024-02-26 07:00:00,BNKREF10000526
SET0000528,MER000062,PAY0000409,ACC000062,10839,Completed,2024-04-09 00:13:00,2024-04-09 20:13:00,BNKREF10000527
SET0000529,MER000061,PAY0000237,ACC000061,34834,Completed,2024-11-11 12:30:00,2024-11-13 08:30:00,BNKREF10000528
SET0000530,MER000012,PAY0001315,ACC000012,48518,Completed,2025-07-11 12:11:00,2025-07-12 14:11:00,BNKREF10000529
SET0000531,MER000024,PAY0000913,ACC000024,35300,Completed,2024-02-15 08:28:00,2024-02-16 00:28:00,BNKREF10000530
SET0000532,MER000008,PAY0000310,ACC000008,54362,Completed,2025-11-14 03:05:00,2025-11-15 15:05:00,BNKREF10000531
SET0000533,MER000030,PAY0001134,ACC000030,90155,Completed,2024-03-03 12:52:00,2024-03-05 00:52:00,BNKREF10000532
SET0000534,MER000061,PAY0001173,ACC000061,93725,Initiated,2024-08-29 15:19:00,,
SET0000535,MER000005,PAY0001029,ACC000005,19426,Completed,2025-08-07 16:51:00,2025-08-09 09:51:00,BNKREF10000534
SET0000536,MER000016,PAY0000920,ACC000016,5693,Completed,2024-06-26 05:13:00,2024-06-26 15:13:00,BNKREF10000535
SET0000537,MER000055,PAY0000161,ACC000055,19482,Failed,2025-11-30 13:12:00,2025-12-02 07:12:00,BNKREF10000536
SET0000538,MER000034,PAY0000655,ACC000034,42846,Completed,2024-03-09 02:24:00,2024-03-10 15:24:00,BNKREF10000537
SET0000539,MER000036,PAY0001065,ACC000036,68593,Completed,2025-04-14 00:50:00,2025-04-15 15:50:00,BNKREF10000538
SET0000540,MER000054,PAY0000231,ACC000054,99502,Completed,2025-02-28 04:09:00,2025-03-01 19:09:00,BNKREF10000539
SET0000541,MER000013,PAY0000217,ACC000013,45171,Completed,2025-07-30 03:50:00,2025-07-31 15:50:00,BNKREF10000540
SET0000542,MER000053,PAY0000541,ACC000053,5010,Completed,2025-01-27 20:31:00,2025-01-29 04:31:00,BNKREF10000541
SET0000543,MER000023,PAY0000565,ACC000023,52754,Completed,2025-02-16 04:39:00,2025-02-18 02:39:00,BNKREF10000542
SET0000544,MER000005,PAY0000811,ACC000005,62387,Initiated,2024-12-05 22:15:00,,
SET0000545,MER000035,PAY0000763,ACC000035,36845,Completed,2024-01-21 10:52:00,2024-01-22 07:52:00,BNKREF10000544
SET0000546,MER000063,PAY0001426,ACC000063,42156,Completed,2024-04-10 07:08:00,2024-04-11 13:08:00,BNKREF10000545
SET0000547,MER000035,PAY0001493,ACC000035,57996,Initiated,2025-03-02 19:41:00,,
SET0000548,MER000028,PAY0000834,ACC000028,67637,Completed,2025-05-11 16:55:00,2025-05-11 21:55:00,BNKREF10000547
SET0000549,MER000021,PAY0000135,ACC000021,74637,Completed,2024-11-14 22:32:00,2024-11-16 09:32:00,BNKREF10000548
SET0000550,MER000004,PAY0000356,ACC000004,4434,Initiated,2024-07-16 06:53:00,,
SET0000551,MER000059,PAY0000104,ACC000059,66307,Completed,2025-01-04 22:12:00,2025-01-06 05:12:00,BNKREF10000550
SET0000552,MER000051,PAY0001302,ACC000051,77962,Completed,2024-05-06 21:01:00,2024-05-08 06:01:00,BNKREF10000551
SET0000553,MER000058,PAY0000364,ACC000058,34003,Completed,2025-04-30 18:35:00,2025-05-01 06:35:00,BNKREF10000552
SET0000554,MER000012,PAY0000584,ACC000012,28191,Completed,2024-01-29 12:03:00,2024-01-31 02:03:00,BNKREF10000553
SET0000555,MER000029,PAY0001326,ACC000029,67376,Completed,2024-08-18 21:13:00,2024-08-20 01:13:00,BNKREF10000554
SET0000556,MER000003,PAY0001398,ACC000003,22801,Initiated,2024-01-10 15:58:00,,
SET0000557,MER000002,PAY0000459,ACC000002,93078,Completed,2024-09-15 19:51:00,2024-09-17 18:51:00,BNKREF10000556
SET0000558,MER000036,PAY0000868,ACC000036,39702,Completed,2025-01-20 11:29:00,2025-01-21 18:29:00,BNKREF10000557
SET0000559,MER000067,PAY0001278,ACC000067,86916,Initiated,2025-02-10 18:06:00,,
SET0000560,MER000048,PAY0001150,ACC000048,14269,Completed,2025-10-24 19:38:00,2025-10-26 16:38:00,BNKREF10000559
SET0000561,MER000062,PAY0000131,ACC000062,34329,Completed,2024-12-10 08:40:00,2024-12-11 03:40:00,BNKREF10000560
SET0000562,MER000039,PAY0000386,ACC000039,78747,Completed,2024-06-02 16:48:00,2024-06-02 21:48:00,BNKREF10000561
SET0000563,MER000052,PAY0001353,ACC000052,65291,Completed,2024-11-23 21:08:00,2024-11-25 16:08:00,BNKREF10000562
SET0000564,MER000038,PAY0000532,ACC000038,92908,Completed,2025-03-04 12:24:00,2025-03-06 03:24:00,BNKREF10000563
SET0000565,MER000025,PAY0000703,ACC000025,88163,Completed,2024-08-15 21:34:00,2024-08-17 05:34:00,BNKREF10000564
SET0000566,MER000046,PAY0001039,ACC000046,23841,Completed,2024-11-03 05:53:00,2024-11-04 18:53:00,BNKREF10000565
SET0000567,MER000038,PAY0000200,ACC000038,24095,Completed,2025-04-27 04:47:00,2025-04-28 17:47:00,BNKREF10000566
SET0000568,MER000043,PAY0001341,ACC000043,55212,Completed,2024-04-01 07:22:00,2024-04-02 04:22:00,BNKREF10000567
SET0000569,MER000043,PAY0000762,ACC000043,61774,Completed,2024-09-23 18:18:00,2024-09-24 03:18:00,BNKREF10000568
SET0000570,MER000007,PAY0001300,ACC000007,25599,Initiated,2025-08-20 18:39:00,,
SET0000571,MER000065,PAY0000246,ACC000065,19862,Completed,2025-11-28 12:33:00,2025-11-28 17:33:00,BNKREF10000570
SET0000572,MER000018,PAY0000411,ACC000018,18872,Completed,2024-12-16 13:36:00,2024-12-17 20:36:00,BNKREF10000571
SET0000573,MER000041,PAY0001466,ACC000041,41179,Completed,2024-07-03 02:31:00,2024-07-03 15:31:00,BNKREF10000572
SET0000574,MER000008,PAY0000010,ACC000008,75634,Completed,2025-04-07 08:13:00,2025-04-07 20:13:00,BNKREF10000573
SET0000575,MER000021,PAY0001003,ACC000021,52973,Completed,2024-03-31 04:39:00,2024-04-01 09:39:00,BNKREF10000574
SET0000576,MER000055,PAY0000978,ACC000055,49003,Completed,2025-01-27 00:02:00,2025-01-29 00:02:00,BNKREF10000575
SET0000577,MER000002,PAY0000660,ACC000002,96254,Completed,2025-06-27 06:01:00,2025-06-29 00:01:00,BNKREF10000576
SET0000578,MER000032,PAY0000464,ACC000032,66073,Initiated,2024-12-18 09:08:00,,
SET0000579,MER000040,PAY0000343,ACC000040,95498,Completed,2024-03-07 01:19:00,2024-03-08 08:19:00,BNKREF10000578
SET0000580,MER000067,PAY0001222,ACC000067,45022,Completed,2025-06-20 10:27:00,2025-06-20 20:27:00,BNKREF10000579
SET0000581,MER000063,PAY0000736,ACC000063,2606,Completed,2024-07-11 05:58:00,2024-07-12 08:58:00,BNKREF10000580
SET0000582,MER000030,PAY0000460,ACC000030,66243,Initiated,2024-05-14 06:46:00,,
SET0000583,MER000022,PAY0000253,ACC000022,84028,Completed,2025-01-10 22:41:00,2025-01-12 00:41:00,BNKREF10000582
SET0000584,MER000033,PAY0001096,ACC000033,14270,Failed,2025-09-30 01:38:00,2025-10-01 21:38:00,BNKREF10000583
SET0000585,MER000003,PAY0000099,ACC000003,33226,Completed,2024-04-28 13:28:00,2024-04-30 02:28:00,BNKREF10000584
SET0000586,MER000061,PAY0001438,ACC000061,39567,Completed,2024-06-05 06:44:00,2024-06-05 08:44:00,BNKREF10000585
SET0000587,MER000054,PAY0001356,ACC000054,91945,Completed,2024-04-13 21:33:00,2024-04-15 13:33:00,BNKREF10000586
SET0000588,MER000018,PAY0000858,ACC000018,15043,Completed,2024-04-17 16:46:00,2024-04-18 12:46:00,BNKREF10000587
SET0000589,MER000014,PAY0001020,ACC000014,26533,Completed,2024-07-22 19:12:00,2024-07-24 06:12:00,BNKREF10000588
SET0000590,MER000046,PAY0001441,ACC000046,65158,Initiated,2025-02-23 09:10:00,,
SET0000591,MER000027,PAY0001410,ACC000027,88132,Initiated,2025-05-07 10:15:00,,
SET0000592,MER000012,PAY0000227,ACC000012,11907,Initiated,2025-08-10 21:31:00,,
SET0000593,MER000066,PAY0000154,ACC000066,34719,Completed,2024-04-13 08:41:00,2024-04-14 04:41:00,BNKREF10000592
SET0000594,MER000060,PAY0000103,ACC000060,38185,Initiated,2024-04-12 05:55:00,,
SET0000595,MER000047,PAY0001387,ACC000047,99479,Initiated,2024-11-16 13:47:00,,
SET0000596,MER000006,PAY0000020,ACC000006,57472,Completed,2024-05-21 21:41:00,2024-05-22 21:41:00,BNKREF10000595
SET0000597,MER000035,PAY0000191,ACC000035,52561,Initiated,2025-01-16 10:11:00,,
SET0000598,MER000059,PAY0000557,ACC000059,85145,Completed,2025-01-29 22:54:00,2025-01-31 02:54:00,BNKREF10000597
SET0000599,MER000022,PAY0000232,ACC000022,20992,Initiated,2024-05-15 22:46:00,,
SET0000600,MER000014,PAY0000853,ACC000014,23858,Completed,2025-08-27 15:51:00,2025-08-28 21:51:00,BNKREF10000599
SET0000601,MER000049,PAY0000735,ACC000049,17225,Completed,2025-09-18 00:55:00,2025-09-20 00:55:00,BNKREF10000600
SET0000602,MER000062,PAY0001000,ACC000062,34390,Initiated,2024-04-25 13:28:00,,
SET0000603,MER000041,PAY0000026,ACC000041,74157,Completed,2025-11-25 16:49:00,2025-11-27 16:49:00,BNKREF10000602
SET0000604,MER000029,PAY0001372,ACC000029,12583,Completed,2024-12-12 16:33:00,2024-12-14 09:33:00,BNKREF10000603
SET0000605,MER000056,PAY0001356,ACC000056,50546,Completed,2024-09-11 15:22:00,2024-09-13 10:22:00,BNKREF10000604
SET0000606,MER000020,PAY0001144,ACC000020,66365,Completed,2025-09-19 01:00:00,2025-09-19 13:00:00,BNKREF10000605
SET0000607,MER000061,PAY0001016,ACC000061,43471,Completed,2024-06-18 02:48:00,2024-06-18 19:48:00,BNKREF10000606
SET0000608,MER000036,PAY0000104,ACC000036,30901,Completed,2025-06-03 07:35:00,2025-06-04 10:35:00,BNKREF10000607
SET0000609,MER000011,PAY0000941,ACC000011,65433,Initiated,2025-03-30 18:28:00,,
SET0000610,MER000058,PAY0000648,ACC000058,52979,Completed,2024-05-01 15:47:00,2024-05-01 23:47:00,BNKREF10000609
SET0000611,MER000053,PAY0000074,ACC000053,81242,Completed,2025-07-24 17:00:00,2025-07-26 09:00:00,BNKREF10000610
SET0000612,MER000039,PAY0001042,ACC000039,47724,Completed,2025-07-29 06:41:00,2025-07-30 05:41:00,BNKREF10000611
SET0000613,MER000007,PAY0000457,ACC000007,62114,Completed,2025-04-10 10:35:00,2025-04-12 02:35:00,BNKREF10000612
SET0000614,MER000047,PAY0001467,ACC000047,387,Completed,2025-04-08 03:06:00,2025-04-08 19:06:00,BNKREF10000613
SET0000615,MER000044,PAY0000728,ACC000044,14035,Completed,2025-10-10 09:35:00,2025-10-12 07:35:00,BNKREF10000614
SET0000616,MER000006,PAY0000337,ACC000006,53736,Completed,2025-05-19 04:52:00,2025-05-21 04:52:00,BNKREF10000615
SET0000617,MER000014,PAY0000521,ACC000014,51597,Initiated,2025-09-17 06:12:00,,
SET0000618,MER000028,PAY0000937,ACC000028,54425,Initiated,2024-07-14 22:21:00,,
SET0000619,MER000006,PAY0001297,ACC000006,60050,Completed,2025-11-19 18:07:00,2025-11-21 00:07:00,BNKREF10000618
SET0000620,MER000065,PAY0000276,ACC000065,56829,Completed,2025-05-25 00:33:00,2025-05-26 13:33:00,BNKREF10000619
SET0000621,MER000062,PAY0001042,ACC000062,13673,Completed,2024-06-30 22:37:00,2024-07-01 08:37:00,BNKREF10000620
SET0000622,MER000050,PAY0001347,ACC000050,54975,Completed,2025-09-06 19:56:00,2025-09-07 21:56:00,BNKREF10000621
SET0000623,MER000032,PAY0000561,ACC000032,18211,Completed,2025-02-11 10:18:00,2025-02-11 20:18:00,BNKREF10000622
SET0000624,MER000053,PAY0001234,ACC000053,93406,Completed,2025-06-08 09:53:00,2025-06-09 07:53:00,BNKREF10000623
SET0000625,MER000028,PAY0000412,ACC000028,88229,Completed,2024-08-02 19:45:00,2024-08-03 19:45:00,BNKREF10000624
SET0000626,MER000017,PAY0001455,ACC000017,42355,Completed,2025-10-27 05:32:00,2025-10-28 23:32:00,BNKREF10000625
SET0000627,MER000015,PAY0000722,ACC000015,93177,Completed,2025-07-29 15:37:00,2025-07-31 11:37:00,BNKREF10000626
SET0000628,MER000054,PAY0001381,ACC000054,68615,Completed,2025-06-30 09:56:00,2025-06-30 11:56:00,BNKREF10000627
SET0000629,MER000014,PAY0000052,ACC000014,35093,Completed,2025-01-25 04:03:00,2025-01-25 18:03:00,BNKREF10000628
SET0000630,MER000021,PAY0000587,ACC000021,38784,Completed,2025-11-30 08:09:00,2025-12-02 06:09:00,BNKREF10000629
SET0000631,MER000027,PAY0001109,ACC000027,88642,Completed,2024-02-03 11:52:00,2024-02-05 04:52:00,BNKREF10000630
SET0000632,MER000029,PAY0001326,ACC000029,37801,Completed,2025-07-28 12:15:00,2025-07-30 10:15:00,BNKREF10000631
SET0000633,MER000007,PAY0000782,ACC000007,72468,Failed,2025-01-31 13:50:00,2025-02-01 11:50:00,BNKREF10000632
SET0000634,MER000007,PAY0000027,ACC000007,29663,Completed,2024-09-14 06:39:00,2024-09-15 12:39:00,BNKREF10000633
SET0000635,MER000048,PAY0001206,ACC000048,25462,Completed,2025-07-13 23:38:00,2025-07-15 23:38:00,BNKREF10000634
SET0000636,MER000038,PAY0000920,ACC000038,96448,Completed,2024-06-30 21:04:00,2024-07-01 10:04:00,BNKREF10000635
SET0000637,MER000066,PAY0000245,ACC000066,17148,Completed,2025-01-21 01:27:00,2025-01-21 19:27:00,BNKREF10000636
SET0000638,MER000021,PAY0001197,ACC000021,5335,Completed,2024-09-18 00:21:00,2024-09-18 11:21:00,BNKREF10000637
SET0000639,MER000020,PAY0000661,ACC000020,86855,Completed,2025-09-03 01:49:00,2025-09-04 18:49:00,BNKREF10000638
SET0000640,MER000039,PAY0001005,ACC000039,92857,Initiated,2025-08-09 17:22:00,,
SET0000641,MER000041,PAY0001077,ACC000041,66309,Initiated,2024-08-13 05:33:00,,
SET0000642,MER000021,PAY0000852,ACC000021,29092,Initiated,2025-07-10 17:25:00,,
SET0000643,MER000028,PAY0001359,ACC000028,69633,Completed,2024-12-05 10:23:00,2024-12-07 03:23:00,BNKREF10000642
SET0000644,MER000061,PAY0001150,ACC000061,31602,Completed,2025-10-26 00:07:00,2025-10-27 06:07:00,BNKREF10000643
SET0000645,MER000032,PAY0000082,ACC000032,50677,Completed,2025-11-29 10:24:00,2025-11-29 19:24:00,BNKREF10000644
SET0000646,MER000033,PAY0001107,ACC000033,67511,Completed,2024-10-16 00:58:00,2024-10-17 01:58:00,BNKREF10000645
SET0000647,MER000066,PAY0000913,ACC000066,42084,Completed,2025-05-13 01:18:00,2025-05-13 15:18:00,BNKREF10000646
SET0000648,MER000066,PAY0000169,ACC000066,82273,Completed,2024-04-08 05:49:00,2024-04-08 07:49:00,BNKREF10000647
SET0000649,MER000009,PAY0000432,ACC000009,55701,Completed,2025-11-17 20:49:00,2025-11-19 17:49:00,BNKREF10000648
SET0000650,MER000014,PAY0000422,ACC000014,84846,Failed,2025-07-04 22:56:00,2025-07-06 03:56:00,BNKREF10000649
SET0000651,MER000010,PAY0001406,ACC000010,11571,Completed,2024-06-06 00:29:00,2024-06-06 04:29:00,BNKREF10000650
SET0000652,MER000010,PAY0000112,ACC000010,29937,Initiated,2024-07-01 08:35:00,,
SET0000653,MER000034,PAY0000835,ACC000034,2313,Completed,2025-02-01 14:40:00,2025-02-02 12:40:00,BNKREF10000652
SET0000654,MER000050,PAY0001379,ACC000050,8388,Completed,2024-05-01 17:00:00,2024-05-03 10:00:00,BNKREF10000653
SET0000655,MER000006,PAY0001436,ACC000006,89999,Completed,2024-03-15 11:59:00,2024-03-16 07:59:00,BNKREF10000654
SET0000656,MER000039,PAY0001243,ACC000039,51888,Completed,2024-03-29 09:48:00,2024-03-30 11:48:00,BNKREF10000655
SET0000657,MER000004,PAY0000971,ACC000004,51348,Initiated,2024-06-09 17:14:00,,
SET0000658,MER000070,PAY0000605,ACC000070,85026,Completed,2025-10-11 04:19:00,2025-10-13 04:19:00,BNKREF10000657
SET0000659,MER000048,PAY0000023,ACC000048,759,Initiated,2025-07-20 17:09:00,,
SET0000660,MER000051,PAY0001101,ACC000051,45169,Completed,2025-07-14 02:19:00,2025-07-16 02:19:00,BNKREF10000659
SET0000661,MER000028,PAY0000846,ACC000028,80956,Completed,2025-10-23 16:09:00,2025-10-24 08:09:00,BNKREF10000660
SET0000662,MER000033,PAY0000398,ACC000033,98540,Completed,2024-04-27 05:42:00,2024-04-27 10:42:00,BNKREF10000661
SET0000663,MER000060,PAY0001321,ACC000060,12971,Completed,2025-07-16 02:18:00,2025-07-16 20:18:00,BNKREF10000662
SET0000664,MER000026,PAY0001487,ACC000026,86014,Completed,2025-08-17 15:21:00,2025-08-19 11:21:00,BNKREF10000663
SET0000665,MER000031,PAY0000205,ACC000031,63782,Completed,2024-10-18 19:04:00,2024-10-19 17:04:00,BNKREF10000664
SET0000666,MER000058,PAY0000673,ACC000058,74228,Completed,2025-09-23 21:19:00,2025-09-24 08:19:00,BNKREF10000665
SET0000667,MER000047,PAY0000648,ACC000047,93449,Completed,2025-03-14 05:00:00,2025-03-14 21:00:00,BNKREF10000666
SET0000668,MER000056,PAY0000567,ACC000056,60766,Completed,2025-01-03 04:43:00,2025-01-04 12:43:00,BNKREF10000667
SET0000669,MER000058,PAY0000735,ACC000058,84713,Initiated,2024-11-08 15:35:00,,
SET0000670,MER000011,PAY0000575,ACC000011,10122,Completed,2024-05-23 17:12:00,2024-05-25 11:12:00,BNKREF10000669
SET0000671,MER000010,PAY0000039,ACC000010,53201,Completed,2025-06-03 20:01:00,2025-06-05 11:01:00,BNKREF10000670
SET0000672,MER000028,PAY0000076,ACC000028,61979,Completed,2025-07-18 08:34:00,2025-07-19 20:34:00,BNKREF10000671
SET0000673,MER000020,PAY0000750,ACC000020,38241,Completed,2025-02-05 07:57:00,2025-02-07 07:57:00,BNKREF10000672
SET0000674,MER000018,PAY0000952,ACC000018,1488,Completed,2025-05-28 16:05:00,2025-05-30 02:05:00,BNKREF10000673
SET0000675,MER000031,PAY0001258,ACC000031,20969,Completed,2025-12-01 05:48:00,2025-12-02 11:48:00,BNKREF10000674
SET0000676,MER000023,PAY0001160,ACC000023,63473,Failed,2025-08-02 21:55:00,2025-08-04 21:55:00,BNKREF10000675
SET0000677,MER000046,PAY0000083,ACC000046,48522,Initiated,2024-08-12 15:14:00,,
SET0000678,MER000030,PAY0000088,ACC000030,50968,Completed,2025-11-15 06:33:00,2025-11-16 07:33:00,BNKREF10000677
SET0000679,MER000061,PAY0000932,ACC000061,68437,Completed,2024-02-17 01:41:00,2024-02-19 00:41:00,BNKREF10000678
SET0000680,MER000036,PAY0000540,ACC000036,49713,Completed,2025-08-15 17:36:00,2025-08-17 12:36:00,BNKREF10000679
SET0000681,MER000047,PAY0001204,ACC000047,67781,Completed,2025-10-31 02:33:00,2025-10-31 18:33:00,BNKREF10000680
SET0000682,MER000052,PAY0000723,ACC000052,964,Completed,2024-12-19 15:50:00,2024-12-21 07:50:00,BNKREF10000681
SET0000683,MER000065,PAY0000285,ACC000065,84441,Initiated,2025-03-26 05:14:00,,
SET0000684,MER000036,PAY0000434,ACC000036,15609,Completed,2024-06-02 05:10:00,2024-06-04 04:10:00,BNKREF10000683
SET0000685,MER000030,PAY0000850,ACC000030,62886,Completed,2024-12-04 23:07:00,2024-12-06 07:07:00,BNKREF10000684
SET0000686,MER000027,PAY0001210,ACC000027,5755,Completed,2024-06-14 20:53:00,2024-06-15 13:53:00,BNKREF10000685
SET0000687,MER000017,PAY0001175,ACC000017,75108,Completed,2025-08-29 05:08:00,2025-08-29 09:08:00,BNKREF10000686
SET0000688,MER000019,PAY0000115,ACC000019,78658,Completed,2024-06-19 08:59:00,2024-06-20 11:59:00,BNKREF10000687
SET0000689,MER000003,PAY0001474,ACC000003,61889,Completed,2025-11-08 09:05:00,2025-11-10 01:05:00,BNKREF10000688
SET0000690,MER000062,PAY0000350,ACC000062,76468,Initiated,2024-08-12 13:38:00,,
SET0000691,MER000024,PAY0001277,ACC000024,45014,Completed,2025-11-06 16:16:00,2025-11-08 13:16:00,BNKREF10000690
SET0000692,MER000059,PAY0001222,ACC000059,14330,Completed,2025-08-27 02:14:00,2025-08-27 12:14:00,BNKREF10000691
SET0000693,MER000003,PAY0000415,ACC000003,79465,Completed,2025-06-19 16:43:00,2025-06-20 03:43:00,BNKREF10000692
SET0000694,MER000013,PAY0000364,ACC000013,69755,Initiated,2025-05-02 19:38:00,,
SET0000695,MER000065,PAY0000241,ACC000065,79198,Initiated,2024-04-05 15:42:00,,
SET0000696,MER000070,PAY0000003,ACC000070,5793,Completed,2025-11-25 20:27:00,2025-11-26 21:27:00,BNKREF10000695
SET0000697,MER000068,PAY0000879,ACC000068,77307,Completed,2024-08-22 15:50:00,2024-08-23 15:50:00,BNKREF10000696
SET0000698,MER000013,PAY0000872,ACC000013,37228,Completed,2024-05-17 08:30:00,2024-05-17 15:30:00,BNKREF10000697
SET0000699,MER000070,PAY0000837,ACC000070,75857,Completed,2024-09-20 06:00:00,2024-09-20 08:00:00,BNKREF10000698
SET0000700,MER000067,PAY0000242,ACC000067,41505,Completed,2025-06-16 00:24:00,2025-06-17 22:24:00,BNKREF10000699
SET0000701,MER000053,PAY0000742,ACC000053,34349,Completed,2024-04-19 04:27:00,2024-04-19 22:27:00,BNKREF10000700
SET0000702,MER000069,PAY0000868,ACC000069,52195,Completed,2025-08-01 11:39:00,2025-08-03 08:39:00,BNKREF10000701
SET0000703,MER000027,PAY0000847,ACC000027,72833,Completed,2025-07-19 17:30:00,2025-07-21 06:30:00,BNKREF10000702
SET0000704,MER000062,PAY0000520,ACC000062,96540,Completed,2024-11-10 18:22:00,2024-11-11 21:22:00,BNKREF10000703
SET0000705,MER000018,PAY0001351,ACC000018,21306,Completed,2024-05-01 23:14:00,2024-05-03 21:14:00,BNKREF10000704
SET0000706,MER000013,PAY0000440,ACC000013,80581,Completed,2025-06-04 12:50:00,2025-06-06 01:50:00,BNKREF10000705
SET0000707,MER000007,PAY0000330,ACC000007,61922,Completed,2025-02-02 20:00:00,2025-02-03 07:00:00,BNKREF10000706
SET0000708,MER000056,PAY0000181,ACC000056,5048,Completed,2024-03-06 08:14:00,2024-03-08 00:14:00,BNKREF10000707
SET0000709,MER000050,PAY0000821,ACC000050,7631,Completed,2025-09-20 20:33:00,2025-09-22 12:33:00,BNKREF10000708
SET0000710,MER000023,PAY0001312,ACC000023,68015,Completed,2025-05-21 14:00:00,2025-05-23 10:00:00,BNKREF10000709
SET0000711,MER000037,PAY0000399,ACC000037,80734,Completed,2024-02-04 19:32:00,2024-02-05 11:32:00,BNKREF10000710
SET0000712,MER000022,PAY0001381,ACC000022,11482,Completed,2024-02-06 11:15:00,2024-02-06 23:15:00,BNKREF10000711
SET0000713,MER000036,PAY0000819,ACC000036,67961,Completed,2024-12-27 21:25:00,2024-12-28 11:25:00,BNKREF10000712
SET0000714,MER000002,PAY0001442,ACC000002,76506,Completed,2024-03-11 02:35:00,2024-03-12 15:35:00,BNKREF10000713
SET0000715,MER000045,PAY0000712,ACC000045,53047,Failed,2024-10-10 07:38:00,2024-10-11 14:38:00,BNKREF10000714
SET0000716,MER000001,PAY0000535,ACC000001,9587,Initiated,2024-06-28 13:32:00,,
SET0000717,MER000065,PAY0000603,ACC000065,70604,Completed,2024-12-14 03:51:00,2024-12-14 21:51:00,BNKREF10000716
SET0000718,MER000033,PAY0001422,ACC000033,99383,Completed,2025-03-29 12:36:00,2025-03-30 05:36:00,BNKREF10000717
SET0000719,MER000044,PAY0000940,ACC000044,63272,Completed,2025-11-28 14:57:00,2025-11-28 17:57:00,BNKREF10000718
SET0000720,MER000015,PAY0000529,ACC000015,88824,Completed,2024-03-10 12:40:00,2024-03-11 04:40:00,BNKREF10000719
SET0000721,MER000030,PAY0000647,ACC000030,34617,Completed,2025-02-26 11:33:00,2025-02-28 09:33:00,BNKREF10000720
SET0000722,MER000032,PAY0000589,ACC000032,10065,Completed,2024-04-05 12:43:00,2024-04-06 11:43:00,BNKREF10000721
SET0000723,MER000023,PAY0000976,ACC000023,24057,Completed,2024-11-17 11:13:00,2024-11-18 06:13:00,BNKREF10000722
SET0000724,MER000025,PAY0001022,ACC000025,27202,Completed,2024-07-23 07:47:00,2024-07-24 01:47:00,BNKREF10000723
SET0000725,MER000030,PAY0000416,ACC000030,15812,Completed,2024-09-12 19:22:00,2024-09-13 03:22:00,BNKREF10000724
SET0000726,MER000011,PAY0001385,ACC000011,71072,Initiated,2025-11-10 15:39:00,,
SET0000727,MER000006,PAY0000988,ACC000006,36109,Completed,2025-01-15 19:20:00,2025-01-17 09:20:00,BNKREF10000726
SET0000728,MER000063,PAY0000375,ACC000063,16909,Completed,2025-06-07 08:25:00,2025-06-08 22:25:00,BNKREF10000727
SET0000729,MER000007,PAY0001077,ACC000007,45619,Initiated,2025-03-09 15:34:00,,
SET0000730,MER000051,PAY0001406,ACC000051,41473,Completed,2024-06-27 14:07:00,2024-06-28 21:07:00,BNKREF10000729
SET0000731,MER000002,PAY0000025,ACC000002,47495,Completed,2025-11-21 06:24:00,2025-11-22 04:24:00,BNKREF10000730
SET0000732,MER000034,PAY0000384,ACC000034,45070,Completed,2025-07-15 08:15:00,2025-07-17 01:15:00,BNKREF10000731
SET0000733,MER000047,PAY0000377,ACC000047,47951,Completed,2025-05-25 13:13:00,2025-05-26 14:13:00,BNKREF10000732
SET0000734,MER000052,PAY0000573,ACC000052,75583,Initiated,2025-04-06 05:36:00,,
SET0000735,MER000030,PAY0000205,ACC000030,25798,Completed,2024-10-03 07:35:00,2024-10-04 09:35:00,BNKREF10000734
SET0000736,MER000019,PAY0000307,ACC000019,82760,Completed,2025-04-29 00:11:00,2025-04-29 10:11:00,BNKREF10000735
SET0000737,MER000067,PAY0001094,ACC000067,6353,Completed,2024-11-19 15:19:00,2024-11-21 05:19:00,BNKREF10000736
SET0000738,MER000051,PAY0000203,ACC000051,82657,Completed,2024-06-16 01:13:00,2024-06-17 09:13:00,BNKREF10000737
SET0000739,MER000013,PAY0000922,ACC000013,33879,Completed,2024-12-08 08:23:00,2024-12-09 21:23:00,BNKREF10000738
SET0000740,MER000045,PAY0000041,ACC000045,26177,Completed,2025-02-25 03:22:00,2025-02-26 19:22:00,BNKREF10000739
SET0000741,MER000069,PAY0000358,ACC000069,96637,Completed,2024-10-18 11:20:00,2024-10-19 20:20:00,BNKREF10000740
SET0000742,MER000058,PAY0000161,ACC000058,22064,Completed,2025-01-25 19:18:00,2025-01-26 06:18:00,BNKREF10000741
SET0000743,MER000044,PAY0000864,ACC000044,10469,Completed,2025-10-08 19:36:00,2025-10-09 01:36:00,BNKREF10000742
SET0000744,MER000021,PAY0000704,ACC000021,35158,Completed,2024-08-21 10:20:00,2024-08-23 09:20:00,BNKREF10000743
SET0000745,MER000051,PAY0000556,ACC000051,54362,Completed,2025-03-31 11:47:00,2025-04-01 17:47:00,BNKREF10000744
SET0000746,MER000022,PAY0000377,ACC000022,97601,Completed,2024-01-24 04:46:00,2024-01-24 22:46:00,BNKREF10000745
SET0000747,MER000011,PAY0000432,ACC000011,62121,Initiated,2024-06-19 12:06:00,,
SET0000748,MER000007,PAY0000054,ACC000007,34500,Failed,2025-02-10 16:48:00,2025-02-11 00:48:00,BNKREF10000747
SET0000749,MER000020,PAY0000173,ACC000020,58185,Completed,2025-11-01 12:19:00,2025-11-02 08:19:00,BNKREF10000748
SET0000750,MER000017,PAY0000269,ACC000017,46871,Initiated,2025-06-23 05:01:00,,
SET0000751,MER000042,PAY0000976,ACC000042,17809,Completed,2025-04-23 17:59:00,2025-04-24 23:59:00,BNKREF10000750
SET0000752,MER000070,PAY0000363,ACC000070,74022,Completed,2025-08-28 19:29:00,2025-08-30 13:29:00,BNKREF10000751
SET0000753,MER000056,PAY0001073,ACC000056,63231,Completed,2025-10-17 20:34:00,2025-10-18 20:34:00,BNKREF10000752
SET0000754,MER000070,PAY0000466,ACC000070,20510,Completed,2024-04-01 14:19:00,2024-04-02 08:19:00,BNKREF10000753
SET0000755,MER000039,PAY0000022,ACC000039,45173,Completed,2024-01-01 16:52:00,2024-01-02 02:52:00,BNKREF10000754
SET0000756,MER000037,PAY0000961,ACC000037,39370,Completed,2025-07-01 00:44:00,2025-07-02 08:44:00,BNKREF10000755
SET0000757,MER000002,PAY0000882,ACC000002,49074,Completed,2024-10-26 19:14:00,2024-10-28 08:14:00,BNKREF10000756
SET0000758,MER000025,PAY0000844,ACC000025,96715,Completed,2025-07-28 13:25:00,2025-07-30 12:25:00,BNKREF10000757
SET0000759,MER000050,PAY0000775,ACC000050,67813,Completed,2024-08-13 08:05:00,2024-08-14 01:05:00,BNKREF10000758
SET0000760,MER000035,PAY0000584,ACC000035,24741,Completed,2025-10-26 23:34:00,2025-10-28 03:34:00,BNKREF10000759
SET0000761,MER000009,PAY0000374,ACC000009,59445,Completed,2024-05-19 09:07:00,2024-05-21 02:07:00,BNKREF10000760
SET0000762,MER000035,PAY0001435,ACC000035,6605,Completed,2025-09-29 15:12:00,2025-09-30 02:12:00,BNKREF10000761
SET0000763,MER000069,PAY0000046,ACC000069,57564,Completed,2024-07-09 03:18:00,2024-07-11 02:18:00,BNKREF10000762
SET0000764,MER000002,PAY0000477,ACC000002,55182,Completed,2024-04-02 04:00:00,2024-04-03 03:00:00,BNKREF10000763
SET0000765,MER000040,PAY0001021,ACC000040,10615,Completed,2025-01-15 14:44:00,2025-01-16 13:44:00,BNKREF10000764
SET0000766,MER000019,PAY0000115,ACC000019,25291,Completed,2024-09-29 12:04:00,2024-09-30 01:04:00,BNKREF10000765
SET0000767,MER000033,PAY0000782,ACC000033,58159,Completed,2024-01-13 03:49:00,2024-01-14 05:49:00,BNKREF10000766
SET0000768,MER000032,PAY0000069,ACC000032,87394,Completed,2024-07-22 14:47:00,2024-07-24 01:47:00,BNKREF10000767
SET0000769,MER000027,PAY0000969,ACC000027,82565,Completed,2025-02-02 21:19:00,2025-02-03 09:19:00,BNKREF10000768
SET0000770,MER000006,PAY0001126,ACC000006,26147,Completed,2025-06-17 03:16:00,2025-06-18 00:16:00,BNKREF10000769
SET0000771,MER000047,PAY0000107,ACC000047,42634,Completed,2025-11-13 06:07:00,2025-11-14 11:07:00,BNKREF10000770
SET0000772,MER000002,PAY0000343,ACC000002,1270,Completed,2024-10-09 18:07:00,2024-10-10 11:07:00,BNKREF10000771
SET0000773,MER000006,PAY0001191,ACC000006,32700,Completed,2025-05-01 22:38:00,2025-05-02 05:38:00,BNKREF10000772
SET0000774,MER000021,PAY0001024,ACC000021,7971,Completed,2024-04-03 21:39:00,2024-04-05 15:39:00,BNKREF10000773
SET0000775,MER000008,PAY0000729,ACC000008,16592,Completed,2025-10-22 04:44:00,2025-10-22 12:44:00,BNKREF10000774
SET0000776,MER000063,PAY0000477,ACC000063,57603,Completed,2024-11-20 17:50:00,2024-11-21 17:50:00,BNKREF10000775
SET0000777,MER000025,PAY0000044,ACC000025,5275,Initiated,2025-01-21 11:46:00,,
SET0000778,MER000063,PAY0001448,ACC000063,24974,Completed,2025-03-24 17:18:00,2025-03-26 02:18:00,BNKREF10000777
SET0000779,MER000024,PAY0001114,ACC000024,72782,Completed,2024-12-22 10:46:00,2024-12-24 02:46:00,BNKREF10000778
SET0000780,MER000021,PAY0000142,ACC000021,71089,Completed,2025-06-27 04:28:00,2025-06-27 22:28:00,BNKREF10000779
SET0000781,MER000047,PAY0000930,ACC000047,2553,Completed,2024-01-01 20:32:00,2024-01-02 09:32:00,BNKREF10000780
SET0000782,MER000047,PAY0001271,ACC000047,70742,Initiated,2024-09-01 10:46:00,,
SET0000783,MER000050,PAY0000389,ACC000050,80452,Completed,2025-06-20 21:31:00,2025-06-21 08:31:00,BNKREF10000782
SET0000784,MER000037,PAY0000661,ACC000037,68676,Initiated,2025-02-23 20:20:00,,
SET0000785,MER000009,PAY0000090,ACC000009,14131,Initiated,2024-05-12 05:55:00,,
SET0000786,MER000063,PAY0000393,ACC000063,86335,Completed,2024-04-11 01:36:00,2024-04-12 03:36:00,BNKREF10000785
SET0000787,MER000063,PAY0001077,ACC000063,29030,Completed,2025-09-30 22:37:00,2025-10-01 23:37:00,BNKREF10000786
SET0000788,MER000010,PAY0000027,ACC000010,61449,Completed,2024-08-01 20:31:00,2024-08-02 03:31:00,BNKREF10000787
SET0000789,MER000008,PAY0000740,ACC000008,92955,Completed,2025-07-25 23:56:00,2025-07-27 00:56:00,BNKREF10000788
SET0000790,MER000008,PAY0001264,ACC000008,10315,Completed,2024-09-29 16:02:00,2024-09-30 13:02:00,BNKREF10000789
SET0000791,MER000028,PAY0001064,ACC000028,24932,Completed,2024-04-09 03:46:00,2024-04-10 05:46:00,BNKREF10000790
SET0000792,MER000025,PAY0001078,ACC000025,73293,Completed,2025-11-03 07:36:00,2025-11-03 20:36:00,BNKREF10000791
SET0000793,MER000054,PAY0000217,ACC000054,87294,Completed,2025-10-15 18:22:00,2025-10-17 16:22:00,BNKREF10000792
SET0000794,MER000055,PAY0000214,ACC000055,86284,Completed,2024-06-19 05:35:00,2024-06-20 04:35:00,BNKREF10000793
SET0000795,MER000021,PAY0001094,ACC000021,72200,Completed,2025-09-06 14:59:00,2025-09-07 12:59:00,BNKREF10000794
SET0000796,MER000042,PAY0000762,ACC000042,79845,Completed,2025-02-26 20:27:00,2025-02-27 18:27:00,BNKREF10000795
SET0000797,MER000031,PAY0001154,ACC000031,47287,Completed,2025-07-12 06:24:00,2025-07-13 00:24:00,BNKREF10000796
SET0000798,MER000058,PAY0000917,ACC000058,37387,Initiated,2025-02-10 00:46:00,,
SET0000799,MER000003,PAY0001061,ACC000003,28257,Completed,2024-05-18 09:00:00,2024-05-19 01:00:00,BNKREF10000798
SET0000800,MER000041,PAY0000045,ACC000041,20378,Completed,2024-10-09 17:32:00,2024-10-11 07:32:00,BNKREF10000799
SET0000801,MER000013,PAY0000078,ACC000013,48214,Initiated,2025-04-16 11:09:00,,
SET0000802,MER000032,PAY0000478,ACC000032,28599,Completed,2024-09-19 09:05:00,2024-09-20 23:05:00,BNKREF10000801
SET0000803,MER000010,PAY0001482,ACC000010,92223,Completed,2024-11-28 15:11:00,2024-11-30 13:11:00,BNKREF10000802
SET0000804,MER000013,PAY0001220,ACC000013,50110,Completed,2025-10-19 09:02:00,2025-10-20 23:02:00,BNKREF10000803
SET0000805,MER000011,PAY0000115,ACC000011,15899,Completed,2024-12-08 11:56:00,2024-12-09 15:56:00,BNKREF10000804
SET0000806,MER000030,PAY0001337,ACC000030,7194,Completed,2025-09-08 00:40:00,2025-09-09 02:40:00,BNKREF10000805
SET0000807,MER000040,PAY0001074,ACC000040,65950,Completed,2024-02-12 10:34:00,2024-02-13 08:34:00,BNKREF10000806
SET0000808,MER000029,PAY0000314,ACC000029,98776,Failed,2024-02-21 21:46:00,2024-02-23 03:46:00,BNKREF10000807
SET0000809,MER000065,PAY0000185,ACC000065,17426,Completed,2024-08-15 13:18:00,2024-08-16 00:18:00,BNKREF10000808
SET0000810,MER000044,PAY0000170,ACC000044,52422,Initiated,2025-05-02 18:47:00,,
SET0000811,MER000034,PAY0000175,ACC000034,99981,Completed,2025-02-12 16:27:00,2025-02-13 02:27:00,BNKREF10000810
SET0000812,MER000018,PAY0000985,ACC000018,25803,Completed,2025-07-26 06:31:00,2025-07-27 20:31:00,BNKREF10000811
SET0000813,MER000068,PAY0000505,ACC000068,89849,Completed,2024-09-05 02:17:00,2024-09-06 00:17:00,BNKREF10000812
SET0000814,MER000012,PAY0000231,ACC000012,42139,Completed,2025-11-18 13:27:00,2025-11-19 03:27:00,BNKREF10000813
SET0000815,MER000045,PAY0001217,ACC000045,80869,Completed,2025-11-02 00:49:00,2025-11-03 00:49:00,BNKREF10000814
SET0000816,MER000057,PAY0001277,ACC000057,26273,Completed,2024-05-29 14:02:00,2024-05-30 06:02:00,BNKREF10000815
SET0000817,MER000048,PAY0000320,ACC000048,81496,Initiated,2024-03-28 03:47:00,,
SET0000818,MER000019,PAY0000590,ACC000019,59090,Completed,2024-01-15 10:44:00,2024-01-16 07:44:00,BNKREF10000817
SET0000819,MER000061,PAY0000047,ACC000061,71720,Completed,2024-12-05 06:47:00,2024-12-05 21:47:00,BNKREF10000818
SET0000820,MER000067,PAY0000530,ACC000067,91204,Completed,2025-07-15 15:39:00,2025-07-16 02:39:00,BNKREF10000819
SET0000821,MER000003,PAY0000772,ACC000003,22424,Initiated,2025-08-19 21:33:00,,
SET0000822,MER000008,PAY0000582,ACC000008,85920,Completed,2024-07-24 22:39:00,2024-07-26 05:39:00,BNKREF10000821
SET0000823,MER000002,PAY0000137,ACC000002,47314,Completed,2025-02-01 21:17:00,2025-02-03 17:17:00,BNKREF10000822
SET0000824,MER000014,PAY0000040,ACC000014,66755,Completed,2024-10-26 20:24:00,2024-10-27 22:24:00,BNKREF10000823
SET0000825,MER000013,PAY0000647,ACC000013,26166,Initiated,2025-05-11 19:34:00,,
SET0000826,MER000065,PAY0000938,ACC000065,69491,Initiated,2025-07-28 22:01:00,,
SET0000827,MER000040,PAY0000684,ACC000040,89794,Completed,2025-05-16 12:47:00,2025-05-17 12:47:00,BNKREF10000826
SET0000828,MER000046,PAY0000728,ACC000046,36259,Failed,2025-10-02 09:15:00,2025-10-03 19:15:00,BNKREF10000827
SET0000829,MER000008,PAY0001282,ACC000008,72837,Failed,2024-09-20 12:56:00,2024-09-20 15:56:00,BNKREF10000828
SET0000830,MER000036,PAY0000462,ACC000036,11607,Completed,2024-06-04 10:57:00,2024-06-04 20:57:00,BNKREF10000829
SET0000831,MER000049,PAY0001067,ACC000049,54800,Completed,2025-11-25 19:55:00,2025-11-26 11:55:00,BNKREF10000830
SET0000832,MER000031,PAY0001174,ACC000031,58973,Completed,2024-06-05 13:19:00,2024-06-06 12:19:00,BNKREF10000831
SET0000833,MER000070,PAY0000270,ACC000070,26617,Completed,2024-07-30 20:08:00,2024-08-01 17:08:00,BNKREF10000832
SET0000834,MER000018,PAY0000633,ACC000018,86113,Failed,2025-06-20 04:27:00,2025-06-20 15:27:00,BNKREF10000833
SET0000835,MER000021,PAY0000651,ACC000021,24234,Completed,2024-03-10 17:34:00,2024-03-11 02:34:00,BNKREF10000834
SET0000836,MER000041,PAY0000299,ACC000041,39860,Failed,2024-01-31 10:56:00,2024-02-01 14:56:00,BNKREF10000835
SET0000837,MER000057,PAY0001305,ACC000057,24315,Completed,2024-10-07 04:49:00,2024-10-07 14:49:00,BNKREF10000836
SET0000838,MER000004,PAY0001254,ACC000004,78266,Completed,2025-09-23 08:38:00,2025-09-24 00:38:00,BNKREF10000837
SET0000839,MER000030,PAY0000473,ACC000030,17675,Completed,2024-01-27 11:05:00,2024-01-28 19:05:00,BNKREF10000838
SET0000840,MER000065,PAY0001239,ACC000065,64514,Completed,2025-04-25 22:41:00,2025-04-27 00:41:00,BNKREF10000839
SET0000841,MER000061,PAY0000282,ACC000061,2067,Initiated,2024-06-16 06:14:00,,
SET0000842,MER000035,PAY0000846,ACC000035,8768,Failed,2024-08-15 23:42:00,2024-08-16 14:42:00,BNKREF10000841
SET0000843,MER000023,PAY0000900,ACC000023,32446,Completed,2025-09-23 15:44:00,2025-09-24 22:44:00,BNKREF10000842
SET0000844,MER000055,PAY0000830,ACC000055,41112,Completed,2024-02-12 19:47:00,2024-02-14 19:47:00,BNKREF10000843
SET0000845,MER000051,PAY0001253,ACC000051,5147,Completed,2025-08-08 19:34:00,2025-08-10 18:34:00,BNKREF10000844
SET0000846,MER000067,PAY0000224,ACC000067,68087,Completed,2025-04-07 14:52:00,2025-04-08 07:52:00,BNKREF10000845
SET0000847,MER000069,PAY0000811,ACC000069,6561,Completed,2024-02-10 17:24:00,2024-02-12 11:24:00,BNKREF10000846
SET0000848,MER000025,PAY0000597,ACC000025,60569,Completed,2025-03-26 12:56:00,2025-03-27 08:56:00,BNKREF10000847
SET0000849,MER000022,PAY0000866,ACC000022,67860,Initiated,2024-10-28 19:58:00,,
SET0000850,MER000019,PAY0000950,ACC000019,23662,Completed,2025-10-23 14:05:00,2025-10-23 23:05:00,BNKREF10000849
SET0000851,MER000070,PAY0000278,ACC000070,59564,Completed,2025-02-06 13:20:00,2025-02-07 02:20:00,BNKREF10000850
SET0000852,MER000026,PAY0000932,ACC000026,21595,Completed,2024-04-02 08:20:00,2024-04-04 07:20:00,BNKREF10000851
SET0000853,MER000016,PAY0000187,ACC000016,68757,Completed,2024-04-26 22:28:00,2024-04-27 05:28:00,BNKREF10000852
SET0000854,MER000050,PAY0001489,ACC000050,5854,Completed,2025-06-07 19:10:00,2025-06-08 21:10:00,BNKREF10000853
SET0000855,MER000022,PAY0000687,ACC000022,23544,Completed,2025-08-02 21:55:00,2025-08-03 08:55:00,BNKREF10000854
SET0000856,MER000007,PAY0000860,ACC000007,37951,Completed,2024-11-11 09:46:00,2024-11-12 15:46:00,BNKREF10000855
SET0000857,MER000024,PAY0000241,ACC000024,1700,Completed,2024-05-14 06:00:00,2024-05-15 00:00:00,BNKREF10000856
SET0000858,MER000059,PAY0001020,ACC000059,64779,Initiated,2025-05-25 17:51:00,,
SET0000859,MER000031,PAY0000445,ACC000031,10507,Completed,2025-08-25 21:30:00,2025-08-27 03:30:00,BNKREF10000858
SET0000860,MER000001,PAY0000502,ACC000001,6511,Completed,2025-07-14 08:39:00,2025-07-14 23:39:00,BNKREF10000859
SET0000861,MER000024,PAY0000304,ACC000024,4350,Initiated,2024-02-26 20:22:00,,
SET0000862,MER000039,PAY0000679,ACC000039,21246,Completed,2024-03-30 01:06:00,2024-03-30 14:06:00,BNKREF10000861
SET0000863,MER000037,PAY0001252,ACC000037,23354,Completed,2025-11-07 22:44:00,2025-11-09 11:44:00,BNKREF10000862
SET0000864,MER000059,PAY0001186,ACC000059,48409,Completed,2025-01-03 01:05:00,2025-01-03 23:05:00,BNKREF10000863
SET0000865,MER000049,PAY0000139,ACC000049,16093,Completed,2025-03-13 17:04:00,2025-03-14 03:04:00,BNKREF10000864
SET0000866,MER000036,PAY0000675,ACC000036,80323,Completed,2025-06-23 13:33:00,2025-06-24 04:33:00,BNKREF10000865
SET0000867,MER000008,PAY0000224,ACC000008,63494,Completed,2025-08-08 23:40:00,2025-08-09 06:40:00,BNKREF10000866
SET0000868,MER000037,PAY0000875,ACC000037,46480,Completed,2025-09-15 10:16:00,2025-09-17 03:16:00,BNKREF10000867
SET0000869,MER000017,PAY0001259,ACC000017,64653,Completed,2025-07-30 15:33:00,2025-08-01 00:33:00,BNKREF10000868
SET0000870,MER000024,PAY0001249,ACC000024,15593,Failed,2024-08-26 22:18:00,2024-08-27 00:18:00,BNKREF10000869
SET0000871,MER000004,PAY0000953,ACC000004,54446,Completed,2025-10-02 03:47:00,2025-10-03 20:47:00,BNKREF10000870
SET0000872,MER000053,PAY0000094,ACC000053,1580,Completed,2024-12-07 11:35:00,2024-12-08 02:35:00,BNKREF10000871
SET0000873,MER000026,PAY0001414,ACC000026,39458,Initiated,2024-10-15 08:50:00,,
SET0000874,MER000065,PAY0001127,ACC000065,52010,Completed,2024-11-27 00:07:00,2024-11-27 23:07:00,BNKREF10000873
SET0000875,MER000004,PAY0000360,ACC000004,62897,Completed,2024-07-17 10:53:00,2024-07-19 07:53:00,BNKREF10000874
SET0000876,MER000061,PAY0000073,ACC000061,70481,Completed,2025-10-23 04:30:00,2025-10-24 11:30:00,BNKREF10000875
SET0000877,MER000043,PAY0000948,ACC000043,74148,Completed,2025-02-27 23:03:00,2025-02-28 20:03:00,BNKREF10000876
SET0000878,MER000041,PAY0001138,ACC000041,46446,Completed,2025-07-02 00:13:00,2025-07-02 23:13:00,BNKREF10000877
SET0000879,MER000009,PAY0000306,ACC000009,70128,Failed,2024-10-14 00:21:00,2024-10-15 18:21:00,BNKREF10000878
SET0000880,MER000022,PAY0001170,ACC000022,92540,Completed,2025-09-12 12:11:00,2025-09-13 09:11:00,BNKREF10000879
SET0000881,MER000041,PAY0001454,ACC000041,31248,Initiated,2024-02-02 08:26:00,,
SET0000882,MER000048,PAY0000926,ACC000048,49149,Completed,2024-11-05 06:33:00,2024-11-05 15:33:00,BNKREF10000881
SET0000883,MER000005,PAY0000414,ACC000005,63363,Initiated,2024-04-04 14:32:00,,
SET0000884,MER000065,PAY0000316,ACC000065,40779,Completed,2024-07-13 10:59:00,2024-07-14 21:59:00,BNKREF10000883
SET0000885,MER000042,PAY0000294,ACC000042,95070,Failed,2024-04-10 16:43:00,2024-04-11 07:43:00,BNKREF10000884
SET0000886,MER000005,PAY0000941,ACC000005,40860,Completed,2025-01-31 22:55:00,2025-02-01 00:55:00,BNKREF10000885
SET0000887,MER000006,PAY0001408,ACC000006,13613,Completed,2025-08-31 02:21:00,2025-08-31 06:21:00,BNKREF10000886
SET0000888,MER000067,PAY0001350,ACC000067,27604,Completed,2024-11-15 00:36:00,2024-11-16 18:36:00,BNKREF10000887
SET0000889,MER000042,PAY0000411,ACC000042,88065,Completed,2024-07-16 09:17:00,2024-07-17 15:17:00,BNKREF10000888
SET0000890,MER000016,PAY0000559,ACC000016,81750,Initiated,2024-06-01 05:17:00,,
SET0000891,MER000066,PAY0000210,ACC000066,18654,Completed,2024-07-30 17:22:00,2024-07-31 12:22:00,BNKREF10000890
SET0000892,MER000037,PAY0001176,ACC000037,70954,Completed,2024-09-07 05:04:00,2024-09-08 04:04:00,BNKREF10000891
SET0000893,MER000057,PAY0000104,ACC000057,13984,Completed,2024-05-13 00:30:00,2024-05-13 05:30:00,BNKREF10000892
SET0000894,MER000050,PAY0000111,ACC000050,77793,Completed,2024-03-29 13:25:00,2024-03-31 05:25:00,BNKREF10000893
SET0000895,MER000058,PAY0001263,ACC000058,99505,Completed,2024-12-30 09:21:00,2025-01-01 08:21:00,BNKREF10000894
SET0000896,MER000069,PAY0000161,ACC000069,91666,Initiated,2025-04-21 18:08:00,,
SET0000897,MER000060,PAY0000200,ACC000060,61775,Completed,2025-04-11 09:43:00,2025-04-12 16:43:00,BNKREF10000896
SET0000898,MER000030,PAY0000459,ACC000030,24132,Completed,2024-05-27 19:16:00,2024-05-28 22:16:00,BNKREF10000897
SET0000899,MER000043,PAY0000666,ACC000043,14896,Initiated,2025-04-09 15:01:00,,
SET0000900,MER000045,PAY0000981,ACC000045,75424,Completed,2025-04-17 05:18:00,2025-04-18 21:18:00,BNKREF10000899
SET0000901,MER000017,PAY0001041,ACC000017,42812,Completed,2024-04-15 12:52:00,2024-04-15 20:52:00,BNKREF10000900
SET0000902,MER000010,PAY0000619,ACC000010,81479,Completed,2025-06-29 14:25:00,2025-06-30 07:25:00,BNKREF10000901
SET0000903,MER000032,PAY0001123,ACC000032,27394,Initiated,2024-06-11 15:24:00,,
SET0000904,MER000056,PAY0000892,ACC000056,86949,Completed,2025-08-03 10:34:00,2025-08-03 23:34:00,BNKREF10000903
SET0000905,MER000010,PAY0001458,ACC000010,42747,Completed,2025-08-10 15:07:00,2025-08-11 22:07:00,BNKREF10000904
SET0000906,MER000013,PAY0000912,ACC000013,14353,Initiated,2024-06-29 09:25:00,,
SET0000907,MER000049,PAY0000671,ACC000049,28622,Initiated,2025-05-21 20:42:00,,
SET0000908,MER000018,PAY0001190,ACC000018,19658,Initiated,2025-10-13 00:48:00,,
SET0000909,MER000058,PAY0001089,ACC000058,27056,Completed,2024-10-25 12:39:00,2024-10-26 02:39:00,BNKREF10000908
SET0000910,MER000041,PAY0000614,ACC000041,94182,Completed,2025-08-06 21:19:00,2025-08-08 02:19:00,BNKREF10000909
SET0000911,MER000045,PAY0000183,ACC000045,16818,Failed,2025-08-19 00:39:00,2025-08-20 03:39:00,BNKREF10000910
SET0000912,MER000038,PAY0000128,ACC000038,73504,Initiated,2025-01-13 17:03:00,,
SET0000913,MER000046,PAY0000225,ACC000046,51777,Completed,2024-10-15 00:15:00,2024-10-16 15:15:00,BNKREF10000912
SET0000914,MER000041,PAY0001458,ACC000041,86933,Completed,2025-01-26 12:24:00,2025-01-27 03:24:00,BNKREF10000913
SET0000915,MER000023,PAY0000973,ACC000023,54787,Completed,2024-05-22 06:35:00,2024-05-23 07:35:00,BNKREF10000914
SET0000916,MER000020,PAY0000591,ACC000020,85085,Initiated,2025-11-17 04:08:00,,
SET0000917,MER000003,PAY0000295,ACC000003,11197,Failed,2025-05-13 21:27:00,2025-05-14 07:27:00,BNKREF10000916
SET0000918,MER000018,PAY0001316,ACC000018,55897,Completed,2025-03-01 14:57:00,2025-03-03 06:57:00,BNKREF10000917
SET0000919,MER000024,PAY0000931,ACC000024,46670,Completed,2025-06-05 13:35:00,2025-06-06 15:35:00,BNKREF10000918
SET0000920,MER000029,PAY0000381,ACC000029,31131,Completed,2025-03-10 19:00:00,2025-03-12 19:00:00,BNKREF10000919
SET0000921,MER000065,PAY0000552,ACC000065,74568,Completed,2025-02-24 17:36:00,2025-02-24 21:36:00,BNKREF10000920
SET0000922,MER000062,PAY0001444,ACC000062,10594,Completed,2025-01-12 03:37:00,2025-01-14 01:37:00,BNKREF10000921
SET0000923,MER000019,PAY0001496,ACC000019,80063,Completed,2025-06-23 08:29:00,2025-06-24 19:29:00,BNKREF10000922
SET0000924,MER000012,PAY0000503,ACC000012,10334,Completed,2025-04-28 20:47:00,2025-04-30 16:47:00,BNKREF10000923
SET0000925,MER000070,PAY0001188,ACC000070,1513,Completed,2024-11-15 19:03:00,2024-11-17 07:03:00,BNKREF10000924
SET0000926,MER000061,PAY0000930,ACC000061,46357,Completed,2025-06-08 15:36:00,2025-06-09 19:36:00,BNKREF10000925
SET0000927,MER000038,PAY0000593,ACC000038,95385,Completed,2024-06-20 01:44:00,2024-06-20 22:44:00,BNKREF10000926
SET0000928,MER000034,PAY0000126,ACC000034,86125,Completed,2025-10-06 15:37:00,2025-10-06 20:37:00,BNKREF10000927
SET0000929,MER000038,PAY0001279,ACC000038,66369,Initiated,2024-01-28 09:31:00,,
SET0000930,MER000010,PAY0000570,ACC000010,1961,Completed,2024-09-15 04:39:00,2024-09-15 22:39:00,BNKREF10000929
SET0000931,MER000015,PAY0001237,ACC000015,48566,Completed,2024-06-27 18:47:00,2024-06-29 00:47:00,BNKREF10000930
SET0000932,MER000023,PAY0000536,ACC000023,45037,Completed,2024-08-29 15:11:00,2024-08-29 19:11:00,BNKREF10000931
SET0000933,MER000011,PAY0000298,ACC000011,50322,Completed,2025-09-01 04:53:00,2025-09-02 08:53:00,BNKREF10000932
SET0000934,MER000031,PAY0001354,ACC000031,96354,Completed,2025-03-26 23:40:00,2025-03-28 13:40:00,BNKREF10000933
SET0000935,MER000045,PAY0000112,ACC000045,22067,Completed,2025-10-19 08:48:00,2025-10-19 13:48:00,BNKREF10000934
SET0000936,MER000060,PAY0000817,ACC000060,30726,Completed,2025-05-02 09:30:00,2025-05-03 21:30:00,BNKREF10000935
SET0000937,MER000049,PAY0001400,ACC000049,57081,Initiated,2025-02-03 15:16:00,,
SET0000938,MER000002,PAY0000592,ACC000002,89605,Completed,2025-04-04 12:43:00,2025-04-05 23:43:00,BNKREF10000937
SET0000939,MER000006,PAY0000200,ACC000006,80117,Failed,2025-06-28 20:22:00,2025-06-30 01:22:00,BNKREF10000938
SET0000940,MER000035,PAY0000687,ACC000035,85866,Initiated,2024-10-03 08:51:00,,
SET0000941,MER000051,PAY0000945,ACC000051,25649,Completed,2025-11-22 23:15:00,2025-11-24 14:15:00,BNKREF10000940
SET0000942,MER000067,PAY0000692,ACC000067,88285,Completed,2025-11-24 22:11:00,2025-11-25 00:11:00,BNKREF10000941
SET0000943,MER000002,PAY0000140,ACC000002,58550,Completed,2024-01-13 13:06:00,2024-01-15 10:06:00,BNKREF10000942
SET0000944,MER000045,PAY0000450,ACC000045,81285,Initiated,2024-10-17 08:12:00,,
SET0000945,MER000012,PAY0000117,ACC000012,83734,Completed,2025-08-31 21:57:00,2025-09-02 13:57:00,BNKREF10000944
SET0000946,MER000016,PAY0001451,ACC000016,86134,Completed,2024-05-02 02:54:00,2024-05-03 04:54:00,BNKREF10000945
SET0000947,MER000024,PAY0000228,ACC000024,83826,Completed,2024-07-07 08:18:00,2024-07-07 14:18:00,BNKREF10000946
SET0000948,MER000059,PAY0000567,ACC000059,33829,Completed,2025-03-13 22:57:00,2025-03-14 20:57:00,BNKREF10000947
SET0000949,MER000021,PAY0000152,ACC000021,33947,Completed,2024-10-10 01:24:00,2024-10-10 06:24:00,BNKREF10000948
SET0000950,MER000034,PAY0000365,ACC000034,80093,Failed,2025-03-27 02:31:00,2025-03-27 16:31:00,BNKREF10000949
SET0000951,MER000051,PAY0000366,ACC000051,56625,Initiated,2025-10-22 15:06:00,,
SET0000952,MER000028,PAY0001258,ACC000028,13638,Completed,2025-10-20 03:58:00,2025-10-20 21:58:00,BNKREF10000951
SET0000953,MER000005,PAY0000150,ACC000005,2559,Completed,2024-03-13 18:46:00,2024-03-15 00:46:00,BNKREF10000952
SET0000954,MER000064,PAY0000305,ACC000064,51281,Completed,2025-10-30 20:00:00,2025-11-01 16:00:00,BNKREF10000953
SET0000955,MER000035,PAY0000311,ACC000035,92847,Initiated,2024-12-03 12:36:00,,
SET0000956,MER000063,PAY0000980,ACC000063,70895,Completed,2025-03-22 12:54:00,2025-03-22 18:54:00,BNKREF10000955
SET0000957,MER000029,PAY0000007,ACC000029,74449,Completed,2025-01-28 22:52:00,2025-01-29 07:52:00,BNKREF10000956
SET0000958,MER000069,PAY0000736,ACC000069,84913,Completed,2024-12-07 21:19:00,2024-12-09 15:19:00,BNKREF10000957
SET0000959,MER000012,PAY0000749,ACC000012,85007,Completed,2025-07-01 10:05:00,2025-07-02 06:05:00,BNKREF10000958
SET0000960,MER000026,PAY0000362,ACC000026,91310,Completed,2025-07-21 01:24:00,2025-07-21 22:24:00,BNKREF10000959
SET0000961,MER000050,PAY0000219,ACC000050,57507,Completed,2025-10-07 22:22:00,2025-10-09 16:22:00,BNKREF10000960
SET0000962,MER000025,PAY0000287,ACC000025,31358,Completed,2024-02-06 06:01:00,2024-02-07 21:01:00,BNKREF10000961
SET0000963,MER000063,PAY0000797,ACC000063,58991,Completed,2024-03-05 17:41:00,2024-03-07 05:41:00,BNKREF10000962
SET0000964,MER000003,PAY0000076,ACC000003,53250,Completed,2024-12-13 01:21:00,2024-12-13 05:21:00,BNKREF10000963
SET0000965,MER000016,PAY0000434,ACC000016,70428,Completed,2025-10-31 21:33:00,2025-11-02 18:33:00,BNKREF10000964
SET0000966,MER000020,PAY0001187,ACC000020,85799,Completed,2024-08-26 02:02:00,2024-08-27 11:02:00,BNKREF10000965
SET0000967,MER000003,PAY0000966,ACC000003,1982,Completed,2025-09-25 01:15:00,2025-09-25 11:15:00,BNKREF10000966
SET0000968,MER000023,PAY0001296,ACC000023,80214,Completed,2024-02-21 09:52:00,2024-02-22 16:52:00,BNKREF10000967
SET0000969,MER000022,PAY0001211,ACC000022,29010,Completed,2024-03-06 03:07:00,2024-03-07 20:07:00,BNKREF10000968
SET0000970,MER000009,PAY0000416,ACC000009,52792,Completed,2025-03-12 10:51:00,2025-03-14 07:51:00,BNKREF10000969
SET0000971,MER000042,PAY0000248,ACC000042,28048,Initiated,2025-12-01 18:34:00,,
SET0000972,MER000006,PAY0001215,ACC000006,18612,Initiated,2024-06-26 10:04:00,,
SET0000973,MER000054,PAY0000345,ACC000054,5434,Completed,2025-01-13 17:10:00,2025-01-15 08:10:00,BNKREF10000972
SET0000974,MER000018,PAY0000205,ACC000018,63927,Completed,2025-10-09 19:24:00,2025-10-09 22:24:00,BNKREF10000973
SET0000975,MER000011,PAY0000014,ACC000011,85526,Initiated,2024-01-08 05:59:00,,
SET0000976,MER000037,PAY0000853,ACC000037,35613,Completed,2025-05-02 22:08:00,2025-05-04 16:08:00,BNKREF10000975
SET0000977,MER000067,PAY0000923,ACC000067,78254,Completed,2025-02-25 07:11:00,2025-02-25 11:11:00,BNKREF10000976
SET0000978,MER000024,PAY0001469,ACC000024,45693,Completed,2025-05-26 19:05:00,2025-05-27 16:05:00,BNKREF10000977
SET0000979,MER000054,PAY0000010,ACC000054,69594,Initiated,2025-07-25 07:12:00,,
SET0000980,MER000013,PAY0001268,ACC000013,86519,Completed,2025-01-05 17:32:00,2025-01-07 11:32:00,BNKREF10000979
SET0000981,MER000027,PAY0000567,ACC000027,62282,Completed,2024-02-24 06:07:00,2024-02-26 03:07:00,BNKREF10000980
SET0000982,MER000064,PAY0000362,ACC000064,84623,Initiated,2024-06-12 21:59:00,,
SET0000983,MER000047,PAY0000584,ACC000047,5777,Completed,2024-08-02 13:16:00,2024-08-03 20:16:00,BNKREF10000982
SET0000984,MER000014,PAY0000108,ACC000014,67589,Completed,2025-07-04 05:10:00,2025-07-05 14:10:00,BNKREF10000983
SET0000985,MER000015,PAY0000146,ACC000015,55027,Completed,2024-08-28 23:28:00,2024-08-29 21:28:00,BNKREF10000984
SET0000986,MER000026,PAY0001387,ACC000026,29955,Initiated,2024-11-29 07:49:00,,
SET0000987,MER000013,PAY0000486,ACC000013,61833,Completed,2025-02-26 06:24:00,2025-02-26 12:24:00,BNKREF10000986
SET0000988,MER000063,PAY0000112,ACC000063,23438,Completed,2025-03-22 04:13:00,2025-03-23 11:13:00,BNKREF10000987
SET0000989,MER000050,PAY0000765,ACC000050,35449,Completed,2024-05-19 14:46:00,2024-05-20 14:46:00,BNKREF10000988
SET0000990,MER000026,PAY0000688,ACC000026,17991,Completed,2024-05-10 01:44:00,2024-05-10 20:44:00,BNKREF10000989
SET0000991,MER000015,PAY0000954,ACC000015,38787,Completed,2025-04-14 13:10:00,2025-04-15 05:10:00,BNKREF10000990
SET0000992,MER000021,PAY0001307,ACC000021,11434,Failed,2025-09-18 05:36:00,2025-09-18 21:36:00,BNKREF10000991
SET0000993,MER000053,PAY0001069,ACC000053,36691,Completed,2025-05-15 06:37:00,2025-05-16 13:37:00,BNKREF10000992
SET0000994,MER000002,PAY0001496,ACC000002,57017,Completed,2025-03-14 23:55:00,2025-03-15 21:55:00,BNKREF10000993
SET0000995,MER000029,PAY0001212,ACC000029,5896,Initiated,2024-06-01 18:57:00,,
SET0000996,MER000006,PAY0000964,ACC000006,91411,Completed,2025-05-31 01:27:00,2025-06-01 09:27:00,BNKREF10000995
SET0000997,MER000013,PAY0000927,ACC000013,90953,Completed,2025-05-22 07:05:00,2025-05-22 09:05:00,BNKREF10000996
SET0000998,MER000053,PAY0000447,ACC000053,2187,Completed,2024-05-15 11:18:00,2024-05-15 18:18:00,BNKREF10000997
SET0000999,MER000062,PAY0001371,ACC000062,98048,Completed,2024-11-08 05:45:00,2024-11-09 19:45:00,BNKREF10000998
SET0001000,MER000004,PAY0000932,ACC000004,48651,Completed,2025-04-19 04:55:00,2025-04-19 17:55:00,BNKREF10000999
SET0001001,MER000060,PAY0001442,ACC000060,90638,Completed,2025-10-10 00:55:00,2025-10-11 02:55:00,BNKREF10001000
SET0001002,MER000043,PAY0001088,ACC000043,80381,Completed,2024-02-03 09:27:00,2024-02-05 07:27:00,BNKREF10001001
SET0001003,MER000070,PAY0001179,ACC000070,96537,Completed,2024-07-31 21:05:00,2024-08-01 20:05:00,BNKREF10001002
SET0001004,MER000008,PAY0001055,ACC000008,50294,Initiated,2025-11-21 11:56:00,,
SET0001005,MER000047,PAY0000954,ACC000047,73341,Completed,2025-09-25 01:23:00,2025-09-26 20:23:00,BNKREF10001004
SET0001006,MER000009,PAY0001149,ACC000009,85170,Completed,2024-07-28 04:21:00,2024-07-28 13:21:00,BNKREF10001005
SET0001007,MER000062,PAY0001189,ACC000062,35143,Completed,2024-08-02 23:48:00,2024-08-03 23:48:00,BNKREF10001006
SET0001008,MER000065,PAY0001394,ACC000065,45349,Initiated,2025-03-09 08:03:00,,
SET0001009,MER000058,PAY0000996,ACC000058,93138,Initiated,2025-05-28 16:53:00,,
SET0001010,MER000069,PAY0001390,ACC000069,90962,Completed,2025-06-29 09:28:00,2025-07-01 06:28:00,BNKREF10001009
SET0001011,MER000009,PAY0000386,ACC000009,37897,Completed,2025-04-13 02:05:00,2025-04-13 15:05:00,BNKREF10001010
SET0001012,MER000010,PAY0000224,ACC000010,19826,Completed,2024-06-17 08:07:00,2024-06-18 17:07:00,BNKREF10001011
SET0001013,MER000027,PAY0001067,ACC000027,71066,Completed,2025-10-04 00:18:00,2025-10-05 21:18:00,BNKREF10001012
SET0001014,MER000017,PAY0000971,ACC000017,38309,Completed,2024-12-21 13:28:00,2024-12-21 16:28:00,BNKREF10001013
SET0001015,MER000025,PAY0000129,ACC000025,44124,Completed,2024-01-23 07:53:00,2024-01-25 02:53:00,BNKREF10001014
SET0001016,MER000053,PAY0001186,ACC000053,77872,Completed,2024-12-17 20:41:00,2024-12-19 05:41:00,BNKREF10001015
SET0001017,MER000068,PAY0001124,ACC000068,22609,Completed,2025-03-31 14:19:00,2025-04-01 11:19:00,BNKREF10001016
SET0001018,MER000034,PAY0000465,ACC000034,19543,Completed,2025-05-10 11:18:00,2025-05-10 16:18:00,BNKREF10001017
SET0001019,MER000046,PAY0000583,ACC000046,70265,Completed,2025-04-11 05:39:00,2025-04-13 04:39:00,BNKREF10001018
SET0001020,MER000037,PAY0000374,ACC000037,21235,Completed,2024-06-28 22:44:00,2024-06-29 09:44:00,BNKREF10001019
SET0001021,MER000031,PAY0000240,ACC000031,34232,Initiated,2024-02-12 10:36:00,,
SET0001022,MER000048,PAY0000378,ACC000048,41642,Initiated,2024-07-29 17:45:00,,
SET0001023,MER000045,PAY0000303,ACC000045,39626,Failed,2025-01-16 14:34:00,2025-01-18 02:34:00,BNKREF10001022
SET0001024,MER000016,PAY0000052,ACC000016,60136,Initiated,2025-02-18 15:49:00,,
SET0001025,MER000041,PAY0000320,ACC000041,84935,Failed,2024-01-05 23:34:00,2024-01-06 22:34:00,BNKREF10001024
SET0001026,MER000038,PAY0000971,ACC000038,74186,Initiated,2024-10-23 18:42:00,,
SET0001027,MER000057,PAY0000694,ACC000057,88967,Completed,2024-04-25 23:30:00,2024-04-26 09:30:00,BNKREF10001026
SET0001028,MER000015,PAY0000631,ACC000015,46944,Completed,2024-01-26 12:39:00,2024-01-27 18:39:00,BNKREF10001027
SET0001029,MER000012,PAY0000669,ACC000012,29216,Completed,2024-02-26 19:41:00,2024-02-28 06:41:00,BNKREF10001028
SET0001030,MER000036,PAY0000401,ACC000036,88122,Completed,2024-01-24 02:34:00,2024-01-25 23:34:00,BNKREF10001029
SET0001031,MER000012,PAY0001049,ACC000012,67150,Completed,2025-02-07 06:31:00,2025-02-08 22:31:00,BNKREF10001030
SET0001032,MER000008,PAY0001366,ACC000008,48548,Completed,2025-01-04 12:09:00,2025-01-05 17:09:00,BNKREF10001031
SET0001033,MER000050,PAY0000764,ACC000050,73635,Completed,2024-01-13 09:22:00,2024-01-14 15:22:00,BNKREF10001032
SET0001034,MER000012,PAY0000442,ACC000012,21568,Completed,2025-03-30 23:26:00,2025-03-31 19:26:00,BNKREF10001033
SET0001035,MER000055,PAY0001493,ACC000055,18927,Completed,2025-02-28 04:53:00,2025-02-28 11:53:00,BNKREF10001034
SET0001036,MER000027,PAY0000622,ACC000027,77521,Initiated,2025-05-01 16:21:00,,
SET0001037,MER000049,PAY0000182,ACC000049,23023,Completed,2024-01-07 13:40:00,2024-01-08 17:40:00,BNKREF10001036
SET0001038,MER000060,PAY0001455,ACC000060,38040,Completed,2025-08-04 04:12:00,2025-08-05 06:12:00,BNKREF10001037
SET0001039,MER000063,PAY0000087,ACC000063,29528,Completed,2024-11-05 18:19:00,2024-11-07 01:19:00,BNKREF10001038
SET0001040,MER000004,PAY0000006,ACC000004,62036,Failed,2024-06-06 08:19:00,2024-06-08 02:19:00,BNKREF10001039
SET0001041,MER000016,PAY0001340,ACC000016,84613,Completed,2025-11-12 09:26:00,2025-11-14 07:26:00,BNKREF10001040
SET0001042,MER000032,PAY0000059,ACC000032,78597,Failed,2024-05-02 08:31:00,2024-05-02 14:31:00,BNKREF10001041
SET0001043,MER000047,PAY0001191,ACC000047,90003,Completed,2025-05-07 18:27:00,2025-05-09 12:27:00,BNKREF10001042
SET0001044,MER000061,PAY0001422,ACC000061,34118,Completed,2024-05-02 11:32:00,2024-05-02 14:32:00,BNKREF10001043
SET0001045,MER000021,PAY0001192,ACC000021,17859,Completed,2024-02-29 04:20:00,2024-03-02 02:20:00,BNKREF10001044
SET0001046,MER000046,PAY0000335,ACC000046,6485,Completed,2024-02-24 08:23:00,2024-02-25 08:23:00,BNKREF10001045
SET0001047,MER000038,PAY0000598,ACC000038,25503,Initiated,2025-06-26 20:59:00,,
SET0001048,MER000024,PAY0000194,ACC000024,89880,Completed,2025-09-05 05:34:00,2025-09-06 03:34:00,BNKREF10001047
SET0001049,MER000039,PAY0000556,ACC000039,1790,Completed,2025-01-06 03:34:00,2025-01-06 14:34:00,BNKREF10001048
SET0001050,MER000018,PAY0001062,ACC000018,21468,Completed,2024-10-15 11:49:00,2024-10-16 10:49:00,BNKREF10001049
SET0001051,MER000014,PAY0000447,ACC000014,80503,Completed,2024-06-07 16:14:00,2024-06-09 05:14:00,BNKREF10001050
SET0001052,MER000068,PAY0001090,ACC000068,60457,Completed,2025-07-18 22:48:00,2025-07-20 02:48:00,BNKREF10001051
SET0001053,MER000010,PAY0000239,ACC000010,47622,Completed,2024-05-14 00:30:00,2024-05-15 22:30:00,BNKREF10001052
SET0001054,MER000018,PAY0000906,ACC000018,93147,Failed,2025-09-03 16:48:00,2025-09-04 05:48:00,BNKREF10001053
SET0001055,MER000039,PAY0000059,ACC000039,90283,Completed,2024-05-01 07:08:00,2024-05-01 18:08:00,BNKREF10001054
SET0001056,MER000030,PAY0000630,ACC000030,90646,Failed,2024-05-08 06:08:00,2024-05-09 11:08:00,BNKREF10001055
SET0001057,MER000015,PAY0000160,ACC000015,14231,Completed,2024-01-20 15:48:00,2024-01-21 05:48:00,BNKREF10001056
SET0001058,MER000005,PAY0001352,ACC000005,5772,Completed,2025-06-09 18:03:00,2025-06-10 12:03:00,BNKREF10001057
SET0001059,MER000009,PAY0000618,ACC000009,16325,Initiated,2025-11-14 00:48:00,,
SET0001060,MER000027,PAY0001204,ACC000027,19178,Completed,2024-07-23 05:42:00,2024-07-23 12:42:00,BNKREF10001059
SET0001061,MER000036,PAY0001188,ACC000036,80441,Completed,2024-12-22 11:10:00,2024-12-24 11:10:00,BNKREF10001060
SET0001062,MER000031,PAY0001035,ACC000031,69415,Completed,2025-08-06 02:06:00,2025-08-06 04:06:00,BNKREF10001061
SET0001063,MER000028,PAY0001466,ACC000028,667,Completed,2024-07-15 09:10:00,2024-07-16 21:10:00,BNKREF10001062
SET0001064,MER000013,PAY0000439,ACC000013,24364,Completed,2025-05-31 22:30:00,2025-06-02 13:30:00,BNKREF10001063
SET0001065,MER000057,PAY0001380,ACC000057,55686,Completed,2024-04-19 05:53:00,2024-04-20 07:53:00,BNKREF10001064
SET0001066,MER000028,PAY0001054,ACC000028,16302,Completed,2024-08-21 13:07:00,2024-08-22 11:07:00,BNKREF10001065
SET0001067,MER000060,PAY0000226,ACC000060,37884,Completed,2025-06-16 04:31:00,2025-06-18 03:31:00,BNKREF10001066
SET0001068,MER000006,PAY0000169,ACC000006,78794,Completed,2024-12-01 15:07:00,2024-12-02 22:07:00,BNKREF10001067
SET0001069,MER000040,PAY0001408,ACC000040,24844,Completed,2025-03-30 07:35:00,2025-03-31 12:35:00,BNKREF10001068
SET0001070,MER000009,PAY0000975,ACC000009,88463,Initiated,2025-11-26 11:11:00,,
SET0001071,MER000063,PAY0001377,ACC000063,11241,Completed,2024-04-17 12:28:00,2024-04-19 09:28:00,BNKREF10001070
SET0001072,MER000016,PAY0000294,ACC000016,97280,Completed,2025-02-08 12:44:00,2025-02-08 20:44:00,BNKREF10001071
SET0001073,MER000022,PAY0000133,ACC000022,16190,Completed,2025-01-07 06:21:00,2025-01-08 09:21:00,BNKREF10001072
SET0001074,MER000030,PAY0000870,ACC000030,77910,Completed,2025-05-26 08:48:00,2025-05-27 23:48:00,BNKREF10001073
SET0001075,MER000035,PAY0001319,ACC000035,63608,Completed,2025-02-13 11:30:00,2025-02-14 14:30:00,BNKREF10001074
SET0001076,MER000066,PAY0000572,ACC000066,64238,Initiated,2024-05-30 14:06:00,,
SET0001077,MER000064,PAY0000473,ACC000064,7027,Initiated,2025-10-05 04:01:00,,
SET0001078,MER000009,PAY0001021,ACC000009,42954,Completed,2025-11-25 00:11:00,2025-11-26 21:11:00,BNKREF10001077
SET0001079,MER000020,PAY0000621,ACC000020,98614,Completed,2025-09-28 19:06:00,2025-09-30 15:06:00,BNKREF10001078
SET0001080,MER000067,PAY0001009,ACC000067,66264,Completed,2025-04-22 06:18:00,2025-04-23 15:18:00,BNKREF10001079
SET0001081,MER000034,PAY0001111,ACC000034,4241,Initiated,2024-12-17 17:34:00,,
SET0001082,MER000056,PAY0000244,ACC000056,60348,Completed,2025-01-27 14:20:00,2025-01-28 20:20:00,BNKREF10001081
SET0001083,MER000005,PAY0000068,ACC000005,92644,Completed,2024-06-30 17:42:00,2024-07-01 14:42:00,BNKREF10001082
SET0001084,MER000022,PAY0001007,ACC000022,14436,Completed,2025-03-17 04:19:00,2025-03-18 13:19:00,BNKREF10001083
SET0001085,MER000063,PAY0001352,ACC000063,73795,Completed,2025-07-21 21:34:00,2025-07-23 05:34:00,BNKREF10001084
SET0001086,MER000021,PAY0001038,ACC000021,80963,Completed,2024-02-27 12:16:00,2024-02-28 14:16:00,BNKREF10001085
SET0001087,MER000046,PAY0000583,ACC000046,48126,Completed,2024-11-24 01:01:00,2024-11-24 11:01:00,BNKREF10001086
SET0001088,MER000045,PAY0001196,ACC000045,45338,Completed,2024-01-28 20:21:00,2024-01-30 01:21:00,BNKREF10001087
SET0001089,MER000046,PAY0000844,ACC000046,85045,Completed,2024-12-25 01:42:00,2024-12-25 18:42:00,BNKREF10001088
SET0001090,MER000040,PAY0001214,ACC000040,44349,Completed,2024-03-27 22:04:00,2024-03-28 07:04:00,BNKREF10001089
SET0001091,MER000022,PAY0000041,ACC000022,74555,Completed,2025-07-05 10:02:00,2025-07-06 15:02:00,BNKREF10001090
SET0001092,MER000066,PAY0000863,ACC000066,41586,Completed,2024-09-30 00:44:00,2024-09-30 03:44:00,BNKREF10001091
SET0001093,MER000049,PAY0001169,ACC000049,64110,Initiated,2025-02-03 10:36:00,,
SET0001094,MER000013,PAY0001415,ACC000013,44604,Completed,2025-11-22 06:21:00,2025-11-24 02:21:00,BNKREF10001093
SET0001095,MER000022,PAY0001260,ACC000022,9972,Completed,2024-11-02 11:27:00,2024-11-04 05:27:00,BNKREF10001094
SET0001096,MER000069,PAY0000439,ACC000069,52794,Completed,2024-10-21 08:03:00,2024-10-22 22:03:00,BNKREF10001095
SET0001097,MER000029,PAY0001280,ACC000029,44250,Completed,2024-04-04 22:54:00,2024-04-06 13:54:00,BNKREF10001096
SET0001098,MER000035,PAY0000138,ACC000035,10148,Completed,2025-08-03 16:30:00,2025-08-04 16:30:00,BNKREF10001097
SET0001099,MER000039,PAY0001034,ACC000039,54404,Completed,2024-11-03 13:42:00,2024-11-04 03:42:00,BNKREF10001098
SET0001100,MER000052,PAY0000515,ACC000052,23771,Completed,2025-10-01 16:29:00,2025-10-03 05:29:00,BNKREF10001099
SET0001101,MER000003,PAY0001286,ACC000003,97382,Completed,2025-06-12 05:36:00,2025-06-14 01:36:00,BNKREF10001100
SET0001102,MER000060,PAY0000549,ACC000060,74302,Completed,2025-10-15 17:51:00,2025-10-16 22:51:00,BNKREF10001101
SET0001103,MER000008,PAY0001070,ACC000008,19822,Initiated,2024-07-24 11:29:00,,
SET0001104,MER000039,PAY0000892,ACC000039,83190,Completed,2025-02-24 10:55:00,2025-02-24 16:55:00,BNKREF10001103
SET0001105,MER000027,PAY0000845,ACC000027,78904,Completed,2024-09-30 09:41:00,2024-10-02 06:41:00,BNKREF10001104
SET0001106,MER000031,PAY0000832,ACC000031,40803,Completed,2024-09-01 03:09:00,2024-09-01 20:09:00,BNKREF10001105
SET0001107,MER000060,PAY0000995,ACC000060,26575,Completed,2025-07-27 13:27:00,2025-07-27 17:27:00,BNKREF10001106
SET0001108,MER000021,PAY0000559,ACC000021,86433,Completed,2024-05-19 00:16:00,2024-05-19 19:16:00,BNKREF10001107
SET0001109,MER000023,PAY0001320,ACC000023,11100,Completed,2024-02-13 23:31:00,2024-02-14 04:31:00,BNKREF10001108
SET0001110,MER000041,PAY0001233,ACC000041,88137,Failed,2024-11-01 02:57:00,2024-11-02 03:57:00,BNKREF10001109
SET0001111,MER000012,PAY0000813,ACC000012,15912,Completed,2024-05-23 07:07:00,2024-05-24 17:07:00,BNKREF10001110
SET0001112,MER000067,PAY0001361,ACC000067,31305,Completed,2025-08-17 16:16:00,2025-08-17 23:16:00,BNKREF10001111
SET0001113,MER000016,PAY0000642,ACC000016,55526,Completed,2024-12-03 18:47:00,2024-12-04 11:47:00,BNKREF10001112
SET0001114,MER000028,PAY0000296,ACC000028,53626,Failed,2024-04-19 05:13:00,2024-04-20 11:13:00,BNKREF10001113
SET0001115,MER000033,PAY0001208,ACC000033,41582,Completed,2024-02-27 15:34:00,2024-02-28 00:34:00,BNKREF10001114
SET0001116,MER000070,PAY0000868,ACC000070,47678,Failed,2025-05-01 21:15:00,2025-05-02 08:15:00,BNKREF10001115
SET0001117,MER000061,PAY0001466,ACC000061,4662,Completed,2025-01-11 09:01:00,2025-01-13 01:01:00,BNKREF10001116
SET0001118,MER000007,PAY0001415,ACC000007,83848,Completed,2025-11-18 07:16:00,2025-11-19 04:16:00,BNKREF10001117
SET0001119,MER000047,PAY0001404,ACC000047,51017,Completed,2024-05-04 17:55:00,2024-05-05 23:55:00,BNKREF10001118
SET0001120,MER000002,PAY0000805,ACC000002,39083,Completed,2024-09-18 09:05:00,2024-09-19 02:05:00,BNKREF10001119
SET0001121,MER000027,PAY0000329,ACC000027,53353,Completed,2025-03-25 20:20:00,2025-03-27 15:20:00,BNKREF10001120
SET0001122,MER000005,PAY0000562,ACC000005,94129,Completed,2024-03-23 15:30:00,2024-03-24 14:30:00,BNKREF10001121
SET0001123,MER000055,PAY0000206,ACC000055,55264,Completed,2024-06-13 22:16:00,2024-06-14 22:16:00,BNKREF10001122
SET0001124,MER000042,PAY0000929,ACC000042,58217,Completed,2024-01-29 01:41:00,2024-01-30 19:41:00,BNKREF10001123
SET0001125,MER000018,PAY0000007,ACC000018,10878,Completed,2025-02-14 06:40:00,2025-02-15 20:40:00,BNKREF10001124
SET0001126,MER000015,PAY0000324,ACC000015,17151,Failed,2024-09-12 16:45:00,2024-09-14 11:45:00,BNKREF10001125
SET0001127,MER000053,PAY0000655,ACC000053,22838,Completed,2025-04-07 15:55:00,2025-04-08 09:55:00,BNKREF10001126
SET0001128,MER000042,PAY0000578,ACC000042,49556,Completed,2024-07-22 02:26:00,2024-07-23 05:26:00,BNKREF10001127
SET0001129,MER000029,PAY0000043,ACC000029,11762,Completed,2024-01-24 17:41:00,2024-01-25 09:41:00,BNKREF10001128
SET0001130,MER000060,PAY0000407,ACC000060,81103,Completed,2024-09-25 22:54:00,2024-09-27 01:54:00,BNKREF10001129
SET0001131,MER000055,PAY0001230,ACC000055,74449,Failed,2024-09-23 04:05:00,2024-09-23 16:05:00,BNKREF10001130
SET0001132,MER000016,PAY0000029,ACC000016,88391,Completed,2025-06-22 13:49:00,2025-06-23 20:49:00,BNKREF10001131
SET0001133,MER000064,PAY0000243,ACC000064,37843,Completed,2024-08-17 22:13:00,2024-08-18 17:13:00,BNKREF10001132
SET0001134,MER000064,PAY0000783,ACC000064,37189,Completed,2024-05-13 13:54:00,2024-05-14 04:54:00,BNKREF10001133
SET0001135,MER000025,PAY0000857,ACC000025,38136,Initiated,2024-07-03 13:50:00,,
SET0001136,MER000034,PAY0000483,ACC000034,89788,Completed,2025-09-24 14:58:00,2025-09-26 05:58:00,BNKREF10001135
SET0001137,MER000059,PAY0000176,ACC000059,52208,Completed,2024-01-11 15:08:00,2024-01-13 13:08:00,BNKREF10001136
SET0001138,MER000028,PAY0001461,ACC000028,9675,Completed,2025-01-27 22:27:00,2025-01-28 16:27:00,BNKREF10001137
SET0001139,MER000013,PAY0001141,ACC000013,46539,Completed,2024-03-01 01:21:00,2024-03-02 09:21:00,BNKREF10001138
SET0001140,MER000006,PAY0000011,ACC000006,88083,Completed,2024-09-16 16:39:00,2024-09-17 19:39:00,BNKREF10001139
SET0001141,MER000048,PAY0000271,ACC000048,66127,Completed,2025-07-26 01:37:00,2025-07-26 13:37:00,BNKREF10001140
SET0001142,MER000064,PAY0000695,ACC000064,56844,Completed,2025-04-24 04:05:00,2025-04-25 15:05:00,BNKREF10001141
SET0001143,MER000019,PAY0000534,ACC000019,36931,Failed,2024-04-29 10:02:00,2024-04-30 19:02:00,BNKREF10001142
SET0001144,MER000047,PAY0000881,ACC000047,67860,Completed,2024-10-16 08:39:00,2024-10-17 02:39:00,BNKREF10001143
SET0001145,MER000041,PAY0000893,ACC000041,72933,Failed,2024-06-17 10:47:00,2024-06-17 21:47:00,BNKREF10001144
SET0001146,MER000057,PAY0000109,ACC000057,61736,Completed,2024-07-12 04:03:00,2024-07-12 08:03:00,BNKREF10001145
SET0001147,MER000034,PAY0000335,ACC000034,5446,Failed,2025-04-23 13:07:00,2025-04-24 22:07:00,BNKREF10001146
SET0001148,MER000057,PAY0000731,ACC000057,19505,Completed,2025-07-28 15:29:00,2025-07-30 15:29:00,BNKREF10001147
SET0001149,MER000016,PAY0000716,ACC000016,98395,Completed,2024-04-05 06:55:00,2024-04-05 18:55:00,BNKREF10001148
SET0001150,MER000066,PAY0000559,ACC000066,69045,Completed,2025-07-30 21:37:00,2025-07-30 23:37:00,BNKREF10001149
SET0001151,MER000024,PAY0000853,ACC000024,43177,Completed,2024-03-19 07:49:00,2024-03-19 15:49:00,BNKREF10001150
SET0001152,MER000004,PAY0000583,ACC000004,14002,Completed,2025-11-28 21:07:00,2025-11-30 12:07:00,BNKREF10001151
SET0001153,MER000042,PAY0000315,ACC000042,62995,Completed,2024-01-30 02:29:00,2024-01-31 22:29:00,BNKREF10001152
SET0001154,MER000059,PAY0001287,ACC000059,5847,Initiated,2024-10-02 19:42:00,,
SET0001155,MER000058,PAY0000666,ACC000058,37187,Completed,2025-08-05 04:13:00,2025-08-06 23:13:00,BNKREF10001154
SET0001156,MER000042,PAY0000114,ACC000042,33544,Completed,2024-03-13 17:38:00,2024-03-14 20:38:00,BNKREF10001155
SET0001157,MER000023,PAY0000492,ACC000023,51021,Completed,2025-02-12 02:01:00,2025-02-12 14:01:00,BNKREF10001156
SET0001158,MER000052,PAY0000584,ACC000052,64436,Initiated,2025-10-24 20:09:00,,
SET0001159,MER000056,PAY0000636,ACC000056,67294,Completed,2025-09-09 04:22:00,2025-09-10 05:22:00,BNKREF10001158
SET0001160,MER000026,PAY0001003,ACC000026,55552,Completed,2025-04-01 12:30:00,2025-04-03 04:30:00,BNKREF10001159
SET0001161,MER000012,PAY0000866,ACC000012,12282,Completed,2025-01-12 19:11:00,2025-01-14 00:11:00,BNKREF10001160
SET0001162,MER000006,PAY0001052,ACC000006,93637,Completed,2024-12-15 14:43:00,2024-12-17 11:43:00,BNKREF10001161
SET0001163,MER000020,PAY0001015,ACC000020,61470,Completed,2025-06-23 20:41:00,2025-06-24 16:41:00,BNKREF10001162
SET0001164,MER000056,PAY0000163,ACC000056,39475,Failed,2025-05-04 09:09:00,2025-05-06 06:09:00,BNKREF10001163
SET0001165,MER000032,PAY0001072,ACC000032,10131,Initiated,2025-03-13 09:36:00,,
SET0001166,MER000006,PAY0001052,ACC000006,86719,Completed,2024-04-20 16:27:00,2024-04-21 23:27:00,BNKREF10001165
SET0001167,MER000033,PAY0000728,ACC000033,15033,Completed,2024-09-17 18:05:00,2024-09-17 21:05:00,BNKREF10001166
SET0001168,MER000060,PAY0000368,ACC000060,92424,Initiated,2024-07-05 12:02:00,,
SET0001169,MER000039,PAY0000643,ACC000039,81864,Completed,2025-08-24 23:29:00,2025-08-26 05:29:00,BNKREF10001168
SET0001170,MER000034,PAY0000700,ACC000034,79274,Initiated,2024-07-10 06:11:00,,
SET0001171,MER000034,PAY0001380,ACC000034,51864,Initiated,2024-04-18 13:34:00,,
SET0001172,MER000015,PAY0000028,ACC000015,86308,Completed,2024-06-24 20:30:00,2024-06-25 23:30:00,BNKREF10001171
SET0001173,MER000063,PAY0000621,ACC000063,88587,Completed,2025-09-25 19:23:00,2025-09-27 17:23:00,BNKREF10001172
SET0001174,MER000051,PAY0000620,ACC000051,14768,Initiated,2024-03-30 04:08:00,,
SET0001175,MER000003,PAY0001426,ACC000003,85262,Completed,2024-07-11 00:13:00,2024-07-11 11:13:00,BNKREF10001174
SET0001176,MER000031,PAY0000893,ACC000031,60842,Initiated,2025-10-03 17:12:00,,
SET0001177,MER000019,PAY0000971,ACC000019,96933,Completed,2025-03-08 00:07:00,2025-03-08 11:07:00,BNKREF10001176
SET0001178,MER000057,PAY0000994,ACC000057,26489,Completed,2025-04-27 00:55:00,2025-04-27 17:55:00,BNKREF10001177
SET0001179,MER000038,PAY0001167,ACC000038,82729,Initiated,2025-02-05 01:21:00,,
SET0001180,MER000056,PAY0000852,ACC000056,38212,Completed,2025-05-22 23:37:00,2025-05-24 12:37:00,BNKREF10001179
SET0001181,MER000005,PAY0000999,ACC000005,89054,Completed,2025-02-13 15:32:00,2025-02-15 08:32:00,BNKREF10001180
SET0001182,MER000063,PAY0000475,ACC000063,72616,Completed,2024-03-03 16:01:00,2024-03-04 14:01:00,BNKREF10001181
SET0001183,MER000009,PAY0000549,ACC000009,81718,Completed,2025-10-25 13:56:00,2025-10-26 22:56:00,BNKREF10001182
SET0001184,MER000045,PAY0000919,ACC000045,61604,Completed,2025-03-22 00:10:00,2025-03-22 14:10:00,BNKREF10001183
SET0001185,MER000045,PAY0000898,ACC000045,44553,Completed,2024-08-25 16:14:00,2024-08-27 13:14:00,BNKREF10001184
SET0001186,MER000060,PAY0000269,ACC000060,88325,Completed,2024-10-27 23:45:00,2024-10-29 03:45:00,BNKREF10001185
SET0001187,MER000047,PAY0000968,ACC000047,87532,Completed,2024-06-14 19:13:00,2024-06-15 02:13:00,BNKREF10001186
SET0001188,MER000062,PAY0000265,ACC000062,54623,Completed,2024-06-26 06:10:00,2024-06-26 14:10:00,BNKREF10001187
SET0001189,MER000064,PAY0000622,ACC000064,2476,Initiated,2024-08-28 06:35:00,,
SET0001190,MER000046,PAY0000535,ACC000046,4290,Completed,2024-12-31 21:10:00,2025-01-02 07:10:00,BNKREF10001189
SET0001191,MER000009,PAY0000692,ACC000009,29472,Completed,2025-03-16 03:39:00,2025-03-17 16:39:00,BNKREF10001190
SET0001192,MER000063,PAY0000529,ACC000063,73110,Initiated,2024-12-14 11:49:00,,
SET0001193,MER000035,PAY0000310,ACC000035,6708,Initiated,2025-06-11 19:42:00,,
SET0001194,MER000057,PAY0000937,ACC000057,73824,Completed,2024-04-23 03:50:00,2024-04-23 11:50:00,BNKREF10001193
SET0001195,MER000006,PAY0001039,ACC000006,27020,Initiated,2024-04-17 05:40:00,,
SET0001196,MER000047,PAY0000322,ACC000047,96117,Completed,2024-10-26 22:28:00,2024-10-28 07:28:00,BNKREF10001195
SET0001197,MER000013,PAY0000316,ACC000013,26562,Completed,2025-10-24 11:21:00,2025-10-24 20:21:00,BNKREF10001196
SET0001198,MER000057,PAY0000852,ACC000057,37685,Completed,2024-01-07 07:53:00,2024-01-08 06:53:00,BNKREF10001197
SET0001199,MER000065,PAY0000351,ACC000065,47370,Completed,2024-03-28 08:23:00,2024-03-29 12:23:00,BNKREF10001198
SET0001200,MER000032,PAY0000311,ACC000032,54286,Completed,2025-06-26 13:50:00,2025-06-27 18:50:00,BNKREF10001199
